seed,sample,ranking_score
1,0,0.5512299205557362
1,1,0.5525751508032309
1,2,0.5526405910204996
1,3,0.5556901633406701
1,4,0.5445628113880158
