seed,sample,ranking_score
1,0,0.4160066159452289
1,1,0.42006814442142076
1,2,0.42970882746984457
1,3,0.4290271754156041
1,4,0.4502011657393127
