seed,sample,ranking_score
1,0,0.8925748745620938
1,1,0.8978454851354845
1,2,0.8977712604525877
1,3,0.9016999264427059
1,4,0.8932222118243229
