seed,sample,ranking_score
1,0,0.6425157254816789
1,1,0.632726933601402
1,2,0.6658983243451019
1,3,0.6652885608764519
1,4,0.6264571757951181
