seed,sample,ranking_score
1,0,0.6916219793438583
1,1,0.7025621355237062
1,2,0.6875994818065935
1,3,0.693797469769139
1,4,0.6878501332460694
