seed,sample,ranking_score
1,0,0.4818770230385642
1,1,0.7042985264719981
1,2,0.6901021560228079
1,3,0.6870591124348645
1,4,0.6831515812722536
