seed,sample,ranking_score
1,0,0.577040048217541
1,1,0.49260047532410145
1,2,0.6278576105773689
1,3,0.6126142892290691
1,4,0.6001408417559454
