seed,sample,ranking_score
1,0,0.73334220582153
1,1,0.7737292906624951
1,2,0.7856951121176627
1,3,0.7761395988719728
1,4,0.7588536486082926
