seed,sample,ranking_score
1,0,0.7793660615880088
1,1,0.7956201798549606
1,2,0.783442639013216
1,3,0.7798500890951501
1,4,0.7728651358980523
