seed,sample,ranking_score
1,0,0.9583251551737054
1,1,0.9486822058614237
1,2,0.962121494854203
1,3,0.9619390004640942
1,4,0.9606814746028038
