seed,sample,ranking_score
5,0,0.5796791335361615
5,1,0.5853124133070118
5,2,0.5812601739489012
5,3,0.5957374380913846
5,4,0.6046575600159041
