seed,sample,ranking_score
1,0,0.6998260971927464
1,1,0.7249003338342607
1,2,0.7085984999891946
1,3,0.6856380675846662
1,4,0.7497025432761966
