seed,sample,ranking_score
1,0,0.8591917827316761
1,1,0.8594957300154678
1,2,0.8618052423887366
1,3,0.8568295711642252
1,4,0.8548567214366284
