seed,sample,ranking_score
1,0,0.6521681133572379
1,1,0.6631721220131794
1,2,0.6487187732378653
1,3,0.6441202251002635
1,4,0.6331339988690269
