seed,sample,ranking_score
1,0,0.6501350152451907
1,1,0.667431899157579
1,2,0.6618052893537204
1,3,0.7221748382670017
1,4,0.6949966456442495
