seed,sample,ranking_score
3,0,0.8029680921464438
3,1,0.8243862729047892
3,2,0.813825379134088
3,3,0.8173278542704923
3,4,0.8175095796141716
