seed,sample,ranking_score
2,0,0.8770208992473347
2,1,0.8916353524905011
2,2,0.8777555404538876
2,3,0.8762381679912516
2,4,0.8889830461105591
