seed,sample,ranking_score
3,0,0.9253558017836715
3,1,0.9110403676543328
3,2,0.9254381581982848
3,3,0.9093330591423554
3,4,0.9199656163565625
