seed,sample,ranking_score
1,0,0.5377671298786642
1,1,0.5640263191134146
1,2,0.5536678116352554
1,3,0.5618504818597847
1,4,0.5594473437909594
