seed,sample,ranking_score
1,0,0.6839110379476876
1,1,0.7293887405879753
1,2,0.7681822876743846
1,3,0.7659106538435851
1,4,0.7380012315538421
