{
    "features": 0.10127806663513184,
    "process_features_model_1_multimer_v3_pred_0": 4.76837158203125e-06,
    "predict_and_compile_model_1_multimer_v3_pred_0": 282.44542837142944,
    "predict_benchmark_model_1_multimer_v3_pred_0": 205.84132432937622,
    "process_features_model_2_multimer_v3_pred_0": 1.430511474609375e-05,
    "predict_and_compile_model_2_multimer_v3_pred_0": 283.8429310321808,
    "predict_benchmark_model_2_multimer_v3_pred_0": 204.49091219902039,
    "process_features_model_3_multimer_v3_pred_0": 3.600120544433594e-05,
    "predict_and_compile_model_3_multimer_v3_pred_0": 278.368399143219,
    "predict_benchmark_model_3_multimer_v3_pred_0": 204.86050605773926,
    "process_features_model_4_multimer_v3_pred_0": 3.0517578125e-05,
    "predict_and_compile_model_4_multimer_v3_pred_0": 275.50524497032166,
    "predict_benchmark_model_4_multimer_v3_pred_0": 198.20135164260864,
    "process_features_model_5_multimer_v3_pred_0": 8.821487426757812e-06,
    "predict_and_compile_model_5_multimer_v3_pred_0": 270.4943344593048,
    "predict_benchmark_model_5_multimer_v3_pred_0": 198.40378403663635
}