{
    "features": 0.008104324340820312,
    "process_features_model_1_multimer_v3_pred_0": 3.5762786865234375e-06,
    "predict_and_compile_model_1_multimer_v3_pred_0": 380.91063714027405,
    "relax_model_1_multimer_v3_pred_0": 55.340984582901,
    "process_features_model_1_multimer_v3_pred_1": 3.5762786865234375e-06,
    "predict_and_compile_model_1_multimer_v3_pred_1": 261.9312436580658,
    "relax_model_1_multimer_v3_pred_1": 53.00699210166931,
    "process_features_model_1_multimer_v3_pred_2": 2.1457672119140625e-06,
    "predict_and_compile_model_1_multimer_v3_pred_2": 261.32327938079834,
    "relax_model_1_multimer_v3_pred_2": 53.31003999710083,
    "process_features_model_1_multimer_v3_pred_3": 1.9073486328125e-06,
    "predict_and_compile_model_1_multimer_v3_pred_3": 261.44252133369446,
    "relax_model_1_multimer_v3_pred_3": 52.711076498031616,
    "process_features_model_1_multimer_v3_pred_4": 2.384185791015625e-06,
    "predict_and_compile_model_1_multimer_v3_pred_4": 112.90053796768188,
    "relax_model_1_multimer_v3_pred_4": 52.31280064582825,
    "process_features_model_2_multimer_v3_pred_0": 2.6226043701171875e-06,
    "predict_and_compile_model_2_multimer_v3_pred_0": 376.0173101425171,
    "relax_model_2_multimer_v3_pred_0": 54.66171097755432,
    "process_features_model_2_multimer_v3_pred_1": 2.6226043701171875e-06,
    "predict_and_compile_model_2_multimer_v3_pred_1": 261.90671467781067,
    "relax_model_2_multimer_v3_pred_1": 63.70366358757019,
    "process_features_model_2_multimer_v3_pred_2": 2.6226043701171875e-06,
    "predict_and_compile_model_2_multimer_v3_pred_2": 261.8331685066223,
    "relax_model_2_multimer_v3_pred_2": 56.626195430755615,
    "process_features_model_2_multimer_v3_pred_3": 2.6226043701171875e-06,
    "predict_and_compile_model_2_multimer_v3_pred_3": 261.83356833457947,
    "relax_model_2_multimer_v3_pred_3": 55.189449310302734,
    "process_features_model_2_multimer_v3_pred_4": 2.6226043701171875e-06,
    "predict_and_compile_model_2_multimer_v3_pred_4": 261.74542450904846,
    "relax_model_2_multimer_v3_pred_4": 53.131819009780884,
    "process_features_model_3_multimer_v3_pred_0": 2.384185791015625e-06,
    "predict_and_compile_model_3_multimer_v3_pred_0": 378.2800576686859,
    "relax_model_3_multimer_v3_pred_0": 58.62129044532776,
    "process_features_model_3_multimer_v3_pred_1": 3.0994415283203125e-06,
    "predict_and_compile_model_3_multimer_v3_pred_1": 261.8133792877197,
    "relax_model_3_multimer_v3_pred_1": 54.903483629226685,
    "process_features_model_3_multimer_v3_pred_2": 3.0994415283203125e-06,
    "predict_and_compile_model_3_multimer_v3_pred_2": 261.7354927062988,
    "relax_model_3_multimer_v3_pred_2": 58.87431287765503,
    "process_features_model_3_multimer_v3_pred_3": 2.384185791015625e-06,
    "predict_and_compile_model_3_multimer_v3_pred_3": 261.9936010837555,
    "relax_model_3_multimer_v3_pred_3": 53.51113700866699,
    "process_features_model_3_multimer_v3_pred_4": 2.384185791015625e-06,
    "predict_and_compile_model_3_multimer_v3_pred_4": 187.3485906124115,
    "relax_model_3_multimer_v3_pred_4": 65.11383008956909,
    "process_features_model_4_multimer_v3_pred_0": 2.6226043701171875e-06,
    "predict_and_compile_model_4_multimer_v3_pred_0": 378.3340730667114,
    "relax_model_4_multimer_v3_pred_0": 54.71060132980347,
    "process_features_model_4_multimer_v3_pred_1": 3.0994415283203125e-06,
    "predict_and_compile_model_4_multimer_v3_pred_1": 257.5725464820862,
    "relax_model_4_multimer_v3_pred_1": 53.40266489982605,
    "process_features_model_4_multimer_v3_pred_2": 3.0994415283203125e-06,
    "predict_and_compile_model_4_multimer_v3_pred_2": 257.178377866745,
    "relax_model_4_multimer_v3_pred_2": 54.94138813018799,
    "process_features_model_4_multimer_v3_pred_3": 3.0994415283203125e-06,
    "predict_and_compile_model_4_multimer_v3_pred_3": 257.34033250808716,
    "relax_model_4_multimer_v3_pred_3": 63.37240743637085,
    "process_features_model_4_multimer_v3_pred_4": 2.86102294921875e-06,
    "predict_and_compile_model_4_multimer_v3_pred_4": 257.57914757728577,
    "relax_model_4_multimer_v3_pred_4": 47.82445979118347,
    "process_features_model_5_multimer_v3_pred_0": 2.384185791015625e-06,
    "predict_and_compile_model_5_multimer_v3_pred_0": 374.37772941589355,
    "relax_model_5_multimer_v3_pred_0": 42.56835055351257,
    "process_features_model_5_multimer_v3_pred_1": 3.337860107421875e-06,
    "predict_and_compile_model_5_multimer_v3_pred_1": 257.1268093585968,
    "relax_model_5_multimer_v3_pred_1": 61.04859209060669,
    "process_features_model_5_multimer_v3_pred_2": 2.6226043701171875e-06,
    "predict_and_compile_model_5_multimer_v3_pred_2": 257.3125150203705,
    "relax_model_5_multimer_v3_pred_2": 56.88689613342285,
    "process_features_model_5_multimer_v3_pred_3": 2.6226043701171875e-06,
    "predict_and_compile_model_5_multimer_v3_pred_3": 257.11739587783813,
    "relax_model_5_multimer_v3_pred_3": 77.47277569770813,
    "process_features_model_5_multimer_v3_pred_4": 2.6226043701171875e-06,
    "predict_and_compile_model_5_multimer_v3_pred_4": 256.97364830970764,
    "relax_model_5_multimer_v3_pred_4": 32.36803102493286
}