seed,sample,ranking_score
1,0,0.8774022041090804
1,1,0.8718522121685678
1,2,0.8873354146695769
1,3,0.8820560676328344
1,4,0.862069865071797
