seed,sample,ranking_score
2,0,0.9209455632114913
2,1,0.919258743231915
2,2,0.9177474229763884
2,3,0.9179099890571011
2,4,0.9243559940712077
