seed,sample,ranking_score
1,0,0.588746365758841
1,1,0.635032565645226
1,2,0.5811494947518407
1,3,0.6180724023190651
1,4,0.6224662467757868
