seed,sample,ranking_score
5,0,0.9680594013579277
5,1,0.9524507181299087
5,2,0.9711671971196215
5,3,0.9683970209448326
5,4,0.9597606570063106
