seed,sample,ranking_score
1,0,0.6612869693396626
1,1,0.654885141727285
1,2,0.6546621747891341
1,3,0.6703295116277477
1,4,0.6636492362122252
