seed,sample,ranking_score
1,0,0.8137694584114699
1,1,0.8086429737131788
1,2,0.8107705982091409
1,3,0.8182443668304542
1,4,0.8099105097704792
