seed,sample,ranking_score
3,0,1.0130591117620344
3,1,1.0061526089344222
3,2,1.0126597275619813
3,3,1.0146124244772547
3,4,1.0096431043762575
