seed,sample,ranking_score
1,0,0.9740579991913023
1,1,0.9727659683168297
1,2,0.9620271704593572
1,3,0.9724179532379689
1,4,0.9691095480911507
