seed,sample,ranking_score
1,0,1.0108745783022004
1,1,1.0044390270114532
1,2,1.0010722584422864
1,3,1.0073915886846758
1,4,1.0033220060051933
