seed,sample,ranking_score
1,0,0.46405976003476823
1,1,0.46457610161658724
1,2,0.48708228720992863
1,3,0.48046233618688744
1,4,0.30990628992597785
