seed,sample,ranking_score
1,0,0.3932825235681744
1,1,0.3687354030591747
1,2,0.3993928267439333
1,3,0.3627795467449326
1,4,0.3576743302669992
