{
    "features": 0.01580977439880371,
    "process_features_model_1_multimer_v3_pred_0": 4.5299530029296875e-06,
    "predict_and_compile_model_1_multimer_v3_pred_0": 207.6274151802063,
    "predict_benchmark_model_1_multimer_v3_pred_0": 123.94951915740967,
    "process_features_model_2_multimer_v3_pred_0": 2.86102294921875e-05,
    "predict_and_compile_model_2_multimer_v3_pred_0": 205.13607215881348,
    "predict_benchmark_model_2_multimer_v3_pred_0": 123.95928764343262,
    "process_features_model_3_multimer_v3_pred_0": 1.33514404296875e-05,
    "predict_and_compile_model_3_multimer_v3_pred_0": 210.68714833259583,
    "predict_benchmark_model_3_multimer_v3_pred_0": 124.11125493049622,
    "process_features_model_4_multimer_v3_pred_0": 2.3603439331054688e-05,
    "predict_and_compile_model_4_multimer_v3_pred_0": 206.9937448501587,
    "predict_benchmark_model_4_multimer_v3_pred_0": 121.58375549316406,
    "process_features_model_5_multimer_v3_pred_0": 1.621246337890625e-05,
    "predict_and_compile_model_5_multimer_v3_pred_0": 208.12579107284546,
    "predict_benchmark_model_5_multimer_v3_pred_0": 121.54853296279907
}