seed,sample,ranking_score
1,0,0.4327240451849468
1,1,0.3710125646539608
1,2,0.27407527763093387
1,3,0.3553967139601303
1,4,0.42326127819716924
