{
    "features": 0.022525310516357422,
    "process_features_model_1_multimer_v3_pred_0": 3.5762786865234375e-06,
    "predict_and_compile_model_1_multimer_v3_pred_0": 183.07695841789246,
    "predict_benchmark_model_1_multimer_v3_pred_0": 104.93125319480896,
    "process_features_model_2_multimer_v3_pred_0": 8.821487426757812e-06,
    "predict_and_compile_model_2_multimer_v3_pred_0": 127.75530314445496,
    "predict_benchmark_model_2_multimer_v3_pred_0": 43.23761487007141,
    "process_features_model_3_multimer_v3_pred_0": 1.9311904907226562e-05,
    "predict_and_compile_model_3_multimer_v3_pred_0": 210.44034004211426,
    "predict_benchmark_model_3_multimer_v3_pred_0": 129.91964483261108,
    "process_features_model_4_multimer_v3_pred_0": 1.0013580322265625e-05,
    "predict_and_compile_model_4_multimer_v3_pred_0": 127.24684381484985,
    "predict_benchmark_model_4_multimer_v3_pred_0": 47.72209334373474,
    "process_features_model_5_multimer_v3_pred_0": 7.62939453125e-06,
    "predict_and_compile_model_5_multimer_v3_pred_0": 139.3551197052002,
    "predict_benchmark_model_5_multimer_v3_pred_0": 59.60100269317627
}