seed,sample,ranking_score
1,0,0.605488195866032
1,1,0.598165579666001
1,2,0.6058251247077906
1,3,0.6224276805262434
1,4,0.6103046701732683
