seed,sample,ranking_score
1,0,0.6480221989856109
1,1,0.6825326520312701
1,2,0.6579083308403411
1,3,0.6752029899455518
1,4,0.6662823288191633
