seed,sample,ranking_score
1,0,0.6264184798806738
1,1,0.644711693604365
1,2,0.6339825723115154
1,3,0.6288478397316237
1,4,0.6577421612376312
