seed,sample,ranking_score
1,0,0.5592188450261764
1,1,0.5597449627040614
1,2,0.5666050437386546
1,3,0.5588191429950069
1,4,0.5861998413305705
