seed,sample,ranking_score
2,0,0.5519982930709673
2,1,0.5384297589205943
2,2,0.5456863394297782
2,3,0.6496288059593324
2,4,0.6274359493872743
