seed,sample,ranking_score
1,0,0.39912584511749666
1,1,0.3990520132194518
1,2,0.399815118389049
1,3,0.43285647469012256
1,4,0.39770082170424725
