seed,sample,ranking_score
1,0,0.6473304263353403
1,1,0.6335783624532451
1,2,0.6365317835205417
1,3,0.6171263366891422
1,4,0.6598405665347209
