seed,sample,ranking_score
1,0,0.47267614297510496
1,1,0.48524514636364846
1,2,0.4595320739862811
1,3,0.4683702764063553
1,4,0.4725509286083388
