seed,sample,ranking_score
1,0,0.8806253550026671
1,1,0.8704067101757342
1,2,0.8767152820845541
1,3,0.8788881874579937
1,4,0.8886104387726154
