{
    "features": 0.007269382476806641,
    "process_features_model_1_multimer_v3_pred_0": 3.814697265625e-06,
    "predict_and_compile_model_1_multimer_v3_pred_0": 141.82493829727173,
    "relax_model_1_multimer_v3_pred_0": 24.708804607391357,
    "process_features_model_1_multimer_v3_pred_1": 2.384185791015625e-06,
    "predict_and_compile_model_1_multimer_v3_pred_1": 30.45444393157959,
    "relax_model_1_multimer_v3_pred_1": 23.344340801239014,
    "process_features_model_1_multimer_v3_pred_2": 2.384185791015625e-06,
    "predict_and_compile_model_1_multimer_v3_pred_2": 24.39030933380127,
    "relax_model_1_multimer_v3_pred_2": 21.91727876663208,
    "process_features_model_1_multimer_v3_pred_3": 2.1457672119140625e-06,
    "predict_and_compile_model_1_multimer_v3_pred_3": 30.436835050582886,
    "relax_model_1_multimer_v3_pred_3": 21.617658853530884,
    "process_features_model_1_multimer_v3_pred_4": 2.6226043701171875e-06,
    "predict_and_compile_model_1_multimer_v3_pred_4": 30.442897081375122,
    "relax_model_1_multimer_v3_pred_4": 21.6798677444458,
    "process_features_model_2_multimer_v3_pred_0": 2.6226043701171875e-06,
    "predict_and_compile_model_2_multimer_v3_pred_0": 145.20611310005188,
    "relax_model_2_multimer_v3_pred_0": 23.50788950920105,
    "process_features_model_2_multimer_v3_pred_1": 1.9073486328125e-06,
    "predict_and_compile_model_2_multimer_v3_pred_1": 24.58749032020569,
    "relax_model_2_multimer_v3_pred_1": 22.196754217147827,
    "process_features_model_2_multimer_v3_pred_2": 2.86102294921875e-06,
    "predict_and_compile_model_2_multimer_v3_pred_2": 30.354090929031372,
    "relax_model_2_multimer_v3_pred_2": 25.26826500892639,
    "process_features_model_2_multimer_v3_pred_3": 2.1457672119140625e-06,
    "predict_and_compile_model_2_multimer_v3_pred_3": 24.398749113082886,
    "relax_model_2_multimer_v3_pred_3": 22.35119318962097,
    "process_features_model_2_multimer_v3_pred_4": 2.384185791015625e-06,
    "predict_and_compile_model_2_multimer_v3_pred_4": 30.432494163513184,
    "relax_model_2_multimer_v3_pred_4": 21.727392196655273,
    "process_features_model_3_multimer_v3_pred_0": 1.9073486328125e-06,
    "predict_and_compile_model_3_multimer_v3_pred_0": 147.19610381126404,
    "relax_model_3_multimer_v3_pred_0": 22.527402639389038,
    "process_features_model_3_multimer_v3_pred_1": 2.6226043701171875e-06,
    "predict_and_compile_model_3_multimer_v3_pred_1": 30.432366609573364,
    "relax_model_3_multimer_v3_pred_1": 22.383134603500366,
    "process_features_model_3_multimer_v3_pred_2": 2.1457672119140625e-06,
    "predict_and_compile_model_3_multimer_v3_pred_2": 24.425679683685303,
    "relax_model_3_multimer_v3_pred_2": 22.556536436080933,
    "process_features_model_3_multimer_v3_pred_3": 2.6226043701171875e-06,
    "predict_and_compile_model_3_multimer_v3_pred_3": 30.432572841644287,
    "relax_model_3_multimer_v3_pred_3": 30.04437565803528,
    "process_features_model_3_multimer_v3_pred_4": 2.86102294921875e-06,
    "predict_and_compile_model_3_multimer_v3_pred_4": 24.432698965072632,
    "relax_model_3_multimer_v3_pred_4": 22.219160318374634,
    "process_features_model_4_multimer_v3_pred_0": 2.6226043701171875e-06,
    "predict_and_compile_model_4_multimer_v3_pred_0": 161.1411633491516,
    "relax_model_4_multimer_v3_pred_0": 22.257341146469116,
    "process_features_model_4_multimer_v3_pred_1": 2.6226043701171875e-06,
    "predict_and_compile_model_4_multimer_v3_pred_1": 23.61037564277649,
    "relax_model_4_multimer_v3_pred_1": 24.41603946685791,
    "process_features_model_4_multimer_v3_pred_2": 2.1457672119140625e-06,
    "predict_and_compile_model_4_multimer_v3_pred_2": 29.4415340423584,
    "relax_model_4_multimer_v3_pred_2": 21.631545305252075,
    "process_features_model_4_multimer_v3_pred_3": 2.6226043701171875e-06,
    "predict_and_compile_model_4_multimer_v3_pred_3": 29.420456647872925,
    "relax_model_4_multimer_v3_pred_3": 22.06232476234436,
    "process_features_model_4_multimer_v3_pred_4": 2.6226043701171875e-06,
    "predict_and_compile_model_4_multimer_v3_pred_4": 29.43781089782715,
    "relax_model_4_multimer_v3_pred_4": 23.056463956832886,
    "process_features_model_5_multimer_v3_pred_0": 2.1457672119140625e-06,
    "predict_and_compile_model_5_multimer_v3_pred_0": 146.94210696220398,
    "relax_model_5_multimer_v3_pred_0": 43.06077480316162,
    "process_features_model_5_multimer_v3_pred_1": 2.384185791015625e-06,
    "predict_and_compile_model_5_multimer_v3_pred_1": 29.399581909179688,
    "relax_model_5_multimer_v3_pred_1": 47.40191960334778,
    "process_features_model_5_multimer_v3_pred_2": 2.1457672119140625e-06,
    "predict_and_compile_model_5_multimer_v3_pred_2": 23.611783742904663,
    "relax_model_5_multimer_v3_pred_2": 23.363524913787842,
    "process_features_model_5_multimer_v3_pred_3": 2.86102294921875e-06,
    "predict_and_compile_model_5_multimer_v3_pred_3": 29.397563934326172,
    "relax_model_5_multimer_v3_pred_3": 22.611790657043457,
    "process_features_model_5_multimer_v3_pred_4": 2.384185791015625e-06,
    "predict_and_compile_model_5_multimer_v3_pred_4": 29.3719220161438,
    "relax_model_5_multimer_v3_pred_4": 24.869841814041138
}