seed,sample,ranking_score
1,0,0.7145155993332004
1,1,0.7101158824627198
1,2,0.7282927296891093
1,3,0.7166498923261304
1,4,0.7126026287228047
