{
    "features": 0.0042934417724609375,
    "process_features_model_1_multimer_v3_pred_0": 3.337860107421875e-06,
    "predict_and_compile_model_1_multimer_v3_pred_0": 143.74814343452454,
    "relax_model_1_multimer_v3_pred_0": 16.94132947921753,
    "process_features_model_1_multimer_v3_pred_1": 2.1457672119140625e-06,
    "predict_and_compile_model_1_multimer_v3_pred_1": 36.96045136451721,
    "relax_model_1_multimer_v3_pred_1": 14.633631944656372,
    "process_features_model_1_multimer_v3_pred_2": 2.6226043701171875e-06,
    "predict_and_compile_model_1_multimer_v3_pred_2": 28.236916303634644,
    "relax_model_1_multimer_v3_pred_2": 14.853070497512817,
    "process_features_model_1_multimer_v3_pred_3": 2.384185791015625e-06,
    "predict_and_compile_model_1_multimer_v3_pred_3": 27.851686000823975,
    "relax_model_1_multimer_v3_pred_3": 14.68248462677002,
    "process_features_model_1_multimer_v3_pred_4": 2.86102294921875e-06,
    "predict_and_compile_model_1_multimer_v3_pred_4": 41.58794140815735,
    "relax_model_1_multimer_v3_pred_4": 15.015323400497437,
    "process_features_model_2_multimer_v3_pred_0": 2.384185791015625e-06,
    "predict_and_compile_model_2_multimer_v3_pred_0": 149.59242868423462,
    "relax_model_2_multimer_v3_pred_0": 14.698230743408203,
    "process_features_model_2_multimer_v3_pred_1": 2.6226043701171875e-06,
    "predict_and_compile_model_2_multimer_v3_pred_1": 37.0179500579834,
    "relax_model_2_multimer_v3_pred_1": 14.835515260696411,
    "process_features_model_2_multimer_v3_pred_2": 2.6226043701171875e-06,
    "predict_and_compile_model_2_multimer_v3_pred_2": 37.08149743080139,
    "relax_model_2_multimer_v3_pred_2": 15.720702409744263,
    "process_features_model_2_multimer_v3_pred_3": 2.6226043701171875e-06,
    "predict_and_compile_model_2_multimer_v3_pred_3": 27.83306312561035,
    "relax_model_2_multimer_v3_pred_3": 14.786301851272583,
    "process_features_model_2_multimer_v3_pred_4": 2.6226043701171875e-06,
    "predict_and_compile_model_2_multimer_v3_pred_4": 27.789188861846924,
    "relax_model_2_multimer_v3_pred_4": 15.289156436920166,
    "process_features_model_3_multimer_v3_pred_0": 2.1457672119140625e-06,
    "predict_and_compile_model_3_multimer_v3_pred_0": 151.0145242214203,
    "relax_model_3_multimer_v3_pred_0": 17.923197746276855,
    "process_features_model_3_multimer_v3_pred_1": 3.337860107421875e-06,
    "predict_and_compile_model_3_multimer_v3_pred_1": 36.97319936752319,
    "relax_model_3_multimer_v3_pred_1": 20.421130657196045,
    "process_features_model_3_multimer_v3_pred_2": 2.384185791015625e-06,
    "predict_and_compile_model_3_multimer_v3_pred_2": 27.830034017562866,
    "relax_model_3_multimer_v3_pred_2": 16.745622158050537,
    "process_features_model_3_multimer_v3_pred_3": 3.0994415283203125e-06,
    "predict_and_compile_model_3_multimer_v3_pred_3": 37.03397536277771,
    "relax_model_3_multimer_v3_pred_3": 17.883750915527344,
    "process_features_model_3_multimer_v3_pred_4": 2.384185791015625e-06,
    "predict_and_compile_model_3_multimer_v3_pred_4": 37.00624632835388,
    "relax_model_3_multimer_v3_pred_4": 16.97351574897766,
    "process_features_model_4_multimer_v3_pred_0": 2.6226043701171875e-06,
    "predict_and_compile_model_4_multimer_v3_pred_0": 173.41247701644897,
    "relax_model_4_multimer_v3_pred_0": 16.23759436607361,
    "process_features_model_4_multimer_v3_pred_1": 2.1457672119140625e-06,
    "predict_and_compile_model_4_multimer_v3_pred_1": 27.696361541748047,
    "relax_model_4_multimer_v3_pred_1": 15.108556985855103,
    "process_features_model_4_multimer_v3_pred_2": 2.1457672119140625e-06,
    "predict_and_compile_model_4_multimer_v3_pred_2": 36.338536977767944,
    "relax_model_4_multimer_v3_pred_2": 14.256942510604858,
    "process_features_model_4_multimer_v3_pred_3": 1.9073486328125e-06,
    "predict_and_compile_model_4_multimer_v3_pred_3": 36.325801849365234,
    "relax_model_4_multimer_v3_pred_3": 14.35294795036316,
    "process_features_model_4_multimer_v3_pred_4": 2.384185791015625e-06,
    "predict_and_compile_model_4_multimer_v3_pred_4": 72.16279649734497,
    "relax_model_4_multimer_v3_pred_4": 14.437652826309204,
    "process_features_model_5_multimer_v3_pred_0": 2.86102294921875e-06,
    "predict_and_compile_model_5_multimer_v3_pred_0": 154.76754450798035,
    "relax_model_5_multimer_v3_pred_0": 14.708531618118286,
    "process_features_model_5_multimer_v3_pred_1": 2.6226043701171875e-06,
    "predict_and_compile_model_5_multimer_v3_pred_1": 36.656245708465576,
    "relax_model_5_multimer_v3_pred_1": 15.235650062561035,
    "process_features_model_5_multimer_v3_pred_2": 2.6226043701171875e-06,
    "predict_and_compile_model_5_multimer_v3_pred_2": 31.799341201782227,
    "relax_model_5_multimer_v3_pred_2": 15.123695373535156,
    "process_features_model_5_multimer_v3_pred_3": 2.1457672119140625e-06,
    "predict_and_compile_model_5_multimer_v3_pred_3": 32.219972372055054,
    "relax_model_5_multimer_v3_pred_3": 15.024994134902954,
    "process_features_model_5_multimer_v3_pred_4": 2.6226043701171875e-06,
    "predict_and_compile_model_5_multimer_v3_pred_4": 31.836386680603027,
    "relax_model_5_multimer_v3_pred_4": 14.724992990493774
}