seed,sample,ranking_score
5,0,0.8976704506601685
5,1,0.9004047405388936
5,2,0.9125272694541321
5,3,0.9016295631349156
5,4,0.9127952713694256
