seed,sample,ranking_score
1,0,0.4948061774606284
1,1,0.3575773830873231
1,2,0.3568446402592469
1,3,0.5108128554605592
1,4,0.4783219006823356
