seed,sample,ranking_score
1,0,0.5710629213980217
1,1,0.5906478599269157
1,2,0.6018993930802558
1,3,0.584337891718407
1,4,0.615873661456242
