seed,sample,ranking_score
1,0,0.6325916732627649
1,1,0.5961249105293112
1,2,0.6253356707545475
1,3,0.5740136599346152
1,4,0.5759348159795084
