seed,sample,ranking_score
1,0,0.664134108400239
1,1,0.6060595819578793
1,2,0.5795684617420022
1,3,0.5651120879634279
1,4,0.577311899928384
