seed,sample,ranking_score
1,0,0.4062869947661561
1,1,0.4235512678735062
1,2,0.42671447707913196
1,3,0.41381098363210933
1,4,0.4236009676956326
