seed,sample,ranking_score
1,0,0.4269113092754957
1,1,0.4608718623623588
1,2,0.47411504190283665
1,3,0.46306587373214037
1,4,0.467255465571696
