seed,sample,ranking_score
1,0,0.29872460175422544
1,1,0.38166672029897186
1,2,0.3688761143066707
1,3,0.3685993414179025
1,4,0.3814114816913887
