seed,sample,ranking_score
1,0,0.4852689896015937
1,1,0.4579649876271083
1,2,0.4797564243677765
1,3,0.4830601678195172
1,4,0.48207344847797384
