seed,sample,ranking_score
1,0,0.6562235367095517
1,1,0.7195990871021116
1,2,0.6977027863191898
1,3,0.7424477632278108
1,4,0.6905246219083868
