seed,sample,ranking_score
1,0,0.36776118142251274
1,1,0.3358914076260509
1,2,0.38233097499943725
1,3,0.36295844777108754
1,4,0.3643823316129593
