seed,sample,ranking_score
1,0,0.6521950666241234
1,1,0.6894873378170213
1,2,0.6462814744199614
1,3,0.6850740126946613
1,4,0.661184803626121
