seed,sample,ranking_score
1,0,0.6822071133541195
1,1,0.6859639591487653
1,2,0.6752212869243683
1,3,0.6942946935122186
1,4,0.6971914524126296
