seed,sample,ranking_score
1,0,0.6650372179426225
1,1,0.6942530669944521
1,2,0.6572936415872483
1,3,0.631467885534688
1,4,0.6954484081195493
