seed,sample,ranking_score
1,0,0.720239935450735
1,1,0.6957643886808904
1,2,0.694113181909907
1,3,0.7114370178924385
1,4,0.7171700229975249
