seed,sample,ranking_score
1,0,0.6067620045373951
1,1,0.6695621456171907
1,2,0.6564463462524629
1,3,0.6645416203125454
1,4,0.6583011576647662
