seed,sample,ranking_score
1,0,0.36995150301992685
1,1,0.3719556425021635
1,2,0.3950207708197555
1,3,0.335471332830635
1,4,0.33798217091699523
