seed,sample,ranking_score
1,0,0.9349789343888013
1,1,0.8991755221070772
1,2,0.8975852770817753
1,3,0.9038039498830982
1,4,0.9048878808318578
