seed,sample,ranking_score
1,0,0.454725118229492
1,1,0.4932056989035716
1,2,0.4994926481414741
1,3,0.41138530811489904
1,4,0.4477800872495485
