seed,sample,ranking_score
1,0,0.3705890066670291
1,1,0.3600095533407875
1,2,0.38146510334407424
1,3,0.37061710568343054
1,4,0.38948969468187117
