seed,sample,ranking_score
1,0,0.6587527596892855
1,1,0.6475084176486898
1,2,0.6291751499860323
1,3,0.6506382271294624
1,4,0.6538535756845822
