{
    "features": 0.00585174560546875,
    "process_features_model_1_multimer_v3_pred_0": 4.0531158447265625e-06,
    "predict_and_compile_model_1_multimer_v3_pred_0": 143.47427916526794,
    "relax_model_1_multimer_v3_pred_0": 21.9770987033844,
    "process_features_model_1_multimer_v3_pred_1": 2.86102294921875e-06,
    "predict_and_compile_model_1_multimer_v3_pred_1": 24.842119932174683,
    "relax_model_1_multimer_v3_pred_1": 19.448140144348145,
    "process_features_model_1_multimer_v3_pred_2": 2.6226043701171875e-06,
    "predict_and_compile_model_1_multimer_v3_pred_2": 44.419273138046265,
    "relax_model_1_multimer_v3_pred_2": 34.777289390563965,
    "process_features_model_1_multimer_v3_pred_3": 3.0994415283203125e-06,
    "predict_and_compile_model_1_multimer_v3_pred_3": 49.35477805137634,
    "relax_model_1_multimer_v3_pred_3": 20.132479667663574,
    "process_features_model_1_multimer_v3_pred_4": 2.6226043701171875e-06,
    "predict_and_compile_model_1_multimer_v3_pred_4": 39.52954077720642,
    "relax_model_1_multimer_v3_pred_4": 19.500333547592163,
    "process_features_model_2_multimer_v3_pred_0": 2.86102294921875e-06,
    "predict_and_compile_model_2_multimer_v3_pred_0": 131.70330619812012,
    "relax_model_2_multimer_v3_pred_0": 35.38000202178955,
    "process_features_model_2_multimer_v3_pred_1": 2.384185791015625e-06,
    "predict_and_compile_model_2_multimer_v3_pred_1": 29.732041120529175,
    "relax_model_2_multimer_v3_pred_1": 27.674935817718506,
    "process_features_model_2_multimer_v3_pred_2": 2.6226043701171875e-06,
    "predict_and_compile_model_2_multimer_v3_pred_2": 68.92533159255981,
    "relax_model_2_multimer_v3_pred_2": 27.471673488616943,
    "process_features_model_2_multimer_v3_pred_3": 2.86102294921875e-06,
    "predict_and_compile_model_2_multimer_v3_pred_3": 64.04393076896667,
    "relax_model_2_multimer_v3_pred_3": 27.207663536071777,
    "process_features_model_2_multimer_v3_pred_4": 3.814697265625e-06,
    "predict_and_compile_model_2_multimer_v3_pred_4": 68.86573314666748,
    "relax_model_2_multimer_v3_pred_4": 27.68717885017395,
    "process_features_model_3_multimer_v3_pred_0": 2.86102294921875e-06,
    "predict_and_compile_model_3_multimer_v3_pred_0": 211.10651564598083,
    "relax_model_3_multimer_v3_pred_0": 20.27292275428772,
    "process_features_model_3_multimer_v3_pred_1": 2.6226043701171875e-06,
    "predict_and_compile_model_3_multimer_v3_pred_1": 24.81088948249817,
    "relax_model_3_multimer_v3_pred_1": 19.658552169799805,
    "process_features_model_3_multimer_v3_pred_2": 3.0994415283203125e-06,
    "predict_and_compile_model_3_multimer_v3_pred_2": 103.2408435344696,
    "relax_model_3_multimer_v3_pred_2": 19.782453536987305,
    "process_features_model_3_multimer_v3_pred_3": 2.86102294921875e-06,
    "predict_and_compile_model_3_multimer_v3_pred_3": 49.295417070388794,
    "relax_model_3_multimer_v3_pred_3": 20.09216570854187,
    "process_features_model_3_multimer_v3_pred_4": 2.6226043701171875e-06,
    "predict_and_compile_model_3_multimer_v3_pred_4": 24.856031894683838,
    "relax_model_3_multimer_v3_pred_4": 27.278687953948975,
    "process_features_model_4_multimer_v3_pred_0": 2.6226043701171875e-06,
    "predict_and_compile_model_4_multimer_v3_pred_0": 152.3440670967102,
    "relax_model_4_multimer_v3_pred_0": 19.51934266090393,
    "process_features_model_4_multimer_v3_pred_1": 2.86102294921875e-06,
    "predict_and_compile_model_4_multimer_v3_pred_1": 100.75486731529236,
    "relax_model_4_multimer_v3_pred_1": 19.568347215652466,
    "process_features_model_4_multimer_v3_pred_2": 2.6226043701171875e-06,
    "predict_and_compile_model_4_multimer_v3_pred_2": 100.7506628036499,
    "relax_model_4_multimer_v3_pred_2": 20.025912046432495,
    "process_features_model_4_multimer_v3_pred_3": 2.86102294921875e-06,
    "predict_and_compile_model_4_multimer_v3_pred_3": 72.10397577285767,
    "relax_model_4_multimer_v3_pred_3": 19.118676900863647,
    "process_features_model_4_multimer_v3_pred_4": 3.337860107421875e-06,
    "predict_and_compile_model_4_multimer_v3_pred_4": 81.76704597473145,
    "relax_model_4_multimer_v3_pred_4": 19.377567768096924,
    "process_features_model_5_multimer_v3_pred_0": 2.86102294921875e-06,
    "predict_and_compile_model_5_multimer_v3_pred_0": 154.20817232131958,
    "relax_model_5_multimer_v3_pred_0": 28.472241640090942,
    "process_features_model_5_multimer_v3_pred_1": 3.5762786865234375e-06,
    "predict_and_compile_model_5_multimer_v3_pred_1": 91.21949100494385,
    "relax_model_5_multimer_v3_pred_1": 20.57237482070923,
    "process_features_model_5_multimer_v3_pred_2": 2.6226043701171875e-06,
    "predict_and_compile_model_5_multimer_v3_pred_2": 38.653507471084595,
    "relax_model_5_multimer_v3_pred_2": 20.258699655532837,
    "process_features_model_5_multimer_v3_pred_3": 2.86102294921875e-06,
    "predict_and_compile_model_5_multimer_v3_pred_3": 43.45917272567749,
    "relax_model_5_multimer_v3_pred_3": 20.430087566375732,
    "process_features_model_5_multimer_v3_pred_4": 3.0994415283203125e-06,
    "predict_and_compile_model_5_multimer_v3_pred_4": 43.53101849555969,
    "relax_model_5_multimer_v3_pred_4": 19.88326072692871
}