seed,sample,ranking_score
1,0,0.47114453567601144
1,1,0.47164516773529797
1,2,0.46281259617839987
1,3,0.44870102885041
1,4,0.47362102902788333
