seed,sample,ranking_score
1,0,0.5816576416166577
1,1,0.5862248377713265
1,2,0.5933642225751998
1,3,0.5935469341399093
1,4,0.5788978551983754
