seed,sample,ranking_score
1,0,0.588555125771241
1,1,0.5898640044407915
1,2,0.5592299514833232
1,3,0.5090759238648885
1,4,0.5644599864629506
