seed,sample,ranking_score
1,0,0.8206603902286269
1,1,0.8118430804389754
1,2,0.8014022907285372
1,3,0.8070504991118592
1,4,0.8291516429698785
