seed,sample,ranking_score
1,0,0.7335878201752728
1,1,0.7496718819820404
1,2,0.6984326926948135
1,3,0.7020695186732693
1,4,0.6974015390255199
