seed,sample,ranking_score
2,0,0.517942362405891
2,1,0.5096650522809001
2,2,0.4874241978243828
2,3,0.4798314732487113
2,4,0.4955432067661096
