{
    "features": 0.05094408988952637,
    "process_features_model_1_multimer_v3_pred_0": 3.5762786865234375e-06,
    "predict_and_compile_model_1_multimer_v3_pred_0": 100.33284831047058,
    "predict_benchmark_model_1_multimer_v3_pred_0": 21.31797504425049,
    "process_features_model_2_multimer_v3_pred_0": 1.2159347534179688e-05,
    "predict_and_compile_model_2_multimer_v3_pred_0": 94.22705245018005,
    "predict_benchmark_model_2_multimer_v3_pred_0": 17.03977942466736,
    "process_features_model_3_multimer_v3_pred_0": 1.3828277587890625e-05,
    "predict_and_compile_model_3_multimer_v3_pred_0": 99.86096167564392,
    "predict_benchmark_model_3_multimer_v3_pred_0": 21.27090835571289,
    "process_features_model_4_multimer_v3_pred_0": 2.1219253540039062e-05,
    "predict_and_compile_model_4_multimer_v3_pred_0": 109.21576690673828,
    "predict_benchmark_model_4_multimer_v3_pred_0": 29.189420461654663,
    "process_features_model_5_multimer_v3_pred_0": 1.049041748046875e-05,
    "predict_and_compile_model_5_multimer_v3_pred_0": 100.0570981502533,
    "predict_benchmark_model_5_multimer_v3_pred_0": 20.92031455039978
}