seed,sample,ranking_score
1,0,0.8661322515747256
1,1,0.8295100101934891
1,2,0.835603411511822
1,3,0.8127990273156149
1,4,0.8344150480226318
