seed,sample,ranking_score
1,0,0.5369215612856738
1,1,0.5256433862526193
1,2,0.5528404502101851
1,3,0.5238722874734625
1,4,0.555953952227136
