seed,sample,ranking_score
1,0,0.5952278671250326
1,1,0.6041594318768023
1,2,0.5997413764298568
1,3,0.5773950944336128
1,4,0.5965668801568801
