seed,sample,ranking_score
5,0,0.4866992024957787
5,1,0.47867145950151563
5,2,0.45754748269835277
5,3,0.49038474039106156
5,4,0.4621341791907121
