{
    "features": 0.017437219619750977,
    "process_features_model_1_multimer_v3_pred_0": 2.6226043701171875e-06,
    "predict_and_compile_model_1_multimer_v3_pred_0": 180.24013495445251,
    "predict_benchmark_model_1_multimer_v3_pred_0": 98.17057704925537,
    "process_features_model_2_multimer_v3_pred_0": 6.9141387939453125e-06,
    "predict_and_compile_model_2_multimer_v3_pred_0": 183.04913997650146,
    "predict_benchmark_model_2_multimer_v3_pred_0": 98.23288321495056,
    "process_features_model_3_multimer_v3_pred_0": 4.076957702636719e-05,
    "predict_and_compile_model_3_multimer_v3_pred_0": 177.00227093696594,
    "predict_benchmark_model_3_multimer_v3_pred_0": 98.2009596824646,
    "process_features_model_4_multimer_v3_pred_0": 1.7642974853515625e-05,
    "predict_and_compile_model_4_multimer_v3_pred_0": 176.08826231956482,
    "predict_benchmark_model_4_multimer_v3_pred_0": 95.62058091163635,
    "process_features_model_5_multimer_v3_pred_0": 1.7881393432617188e-05,
    "predict_and_compile_model_5_multimer_v3_pred_0": 178.59718322753906,
    "predict_benchmark_model_5_multimer_v3_pred_0": 95.56808495521545
}