{
    "features": 0.03236699104309082,
    "process_features_model_1_multimer_v3_pred_0": 3.0994415283203125e-06,
    "predict_and_compile_model_1_multimer_v3_pred_0": 200.34459781646729,
    "predict_benchmark_model_1_multimer_v3_pred_0": 116.66610813140869,
    "process_features_model_2_multimer_v3_pred_0": 2.002716064453125e-05,
    "predict_and_compile_model_2_multimer_v3_pred_0": 258.96164751052856,
    "predict_benchmark_model_2_multimer_v3_pred_0": 175.54234385490417,
    "process_features_model_3_multimer_v3_pred_0": 1.4543533325195312e-05,
    "predict_and_compile_model_3_multimer_v3_pred_0": 260.90824818611145,
    "predict_benchmark_model_3_multimer_v3_pred_0": 175.7162618637085,
    "process_features_model_4_multimer_v3_pred_0": 9.274482727050781e-05,
    "predict_and_compile_model_4_multimer_v3_pred_0": 261.5570185184479,
    "predict_benchmark_model_4_multimer_v3_pred_0": 170.47142124176025,
    "process_features_model_5_multimer_v3_pred_0": 2.002716064453125e-05,
    "predict_and_compile_model_5_multimer_v3_pred_0": 254.41749238967896,
    "predict_benchmark_model_5_multimer_v3_pred_0": 169.463769197464
}