{
    "features": 0.11127948760986328,
    "process_features_model_1_multimer_v3_pred_0": 4.291534423828125e-06,
    "predict_and_compile_model_1_multimer_v3_pred_0": 343.5361227989197,
    "predict_benchmark_model_1_multimer_v3_pred_0": 224.38060474395752,
    "process_features_model_2_multimer_v3_pred_0": 3.814697265625e-06,
    "predict_and_compile_model_2_multimer_v3_pred_0": 338.75815987586975,
    "predict_benchmark_model_2_multimer_v3_pred_0": 224.6726632118225,
    "process_features_model_3_multimer_v3_pred_0": 4.76837158203125e-06,
    "predict_and_compile_model_3_multimer_v3_pred_0": 341.13160943984985,
    "predict_benchmark_model_3_multimer_v3_pred_0": 224.56485104560852,
    "process_features_model_4_multimer_v3_pred_0": 1.3828277587890625e-05,
    "predict_and_compile_model_4_multimer_v3_pred_0": 343.2480535507202,
    "predict_benchmark_model_4_multimer_v3_pred_0": 221.68973541259766,
    "process_features_model_5_multimer_v3_pred_0": 4.291534423828125e-06,
    "predict_and_compile_model_5_multimer_v3_pred_0": 338.16562247276306,
    "predict_benchmark_model_5_multimer_v3_pred_0": 221.44822669029236
}