seed,sample,ranking_score
4,0,0.8335604202885359
4,1,0.8108611198760116
4,2,0.8168211866750339
4,3,0.8094055758274394
4,4,0.8139553805565769
