seed,sample,ranking_score
1,0,0.43458578129339476
1,1,0.37811167489048403
1,2,0.43840925867307
1,3,0.4244391836846232
1,4,0.4359300718587026
