seed,sample,ranking_score
1,0,0.28925723115915164
1,1,0.5428699643777607
1,2,0.5647942152292849
1,3,0.534985732578566
1,4,0.5757375853246416
