seed,sample,ranking_score
1,0,0.5536221185547708
1,1,0.5292713917857899
1,2,0.5708126755818789
1,3,0.5891716487349944
1,4,0.5585530171732431
