seed,sample,ranking_score
1,0,0.7424693520837478
1,1,0.8665623738790582
1,2,0.7741846124934703
1,3,0.7516846687714774
1,4,0.7811077094100144
