seed,sample,ranking_score
1,0,0.6335990313384587
1,1,0.6543869753368248
1,2,0.616168735886912
1,3,0.6318467938812348
1,4,0.620398346696494
