seed,sample,ranking_score
1,0,0.7818463196555632
1,1,0.7757696038924238
1,2,0.7908359675433471
1,3,0.7558317975777882
1,4,0.7851004872030721
