seed,sample,ranking_score
1,0,0.9837616448762121
1,1,0.9658657933922602
1,2,0.9879814180807607
1,3,0.9864255963175094
1,4,0.985023609387971
