seed,sample,ranking_score
1,0,0.801900620455431
1,1,0.8117165582715458
1,2,0.795577624326795
1,3,0.7876187011872064
1,4,0.7990590402346576
