seed,sample,ranking_score
1,0,0.3201894323666817
1,1,0.29248272465002806
1,2,0.30745750422473206
1,3,0.30727072618349904
1,4,0.30747235469348744
