seed,sample,ranking_score
1,0,0.4244656009364975
1,1,0.44352610451778984
1,2,0.4251206828944416
1,3,0.42309952689690333
1,4,0.4349203867755808
