{
    "features": 0.004904270172119141,
    "process_features_model_1_multimer_v3_pred_0": 3.0994415283203125e-06,
    "predict_and_compile_model_1_multimer_v3_pred_0": 134.85543942451477,
    "relax_model_1_multimer_v3_pred_0": 16.530694723129272,
    "process_features_model_1_multimer_v3_pred_1": 2.6226043701171875e-06,
    "predict_and_compile_model_1_multimer_v3_pred_1": 20.55895757675171,
    "relax_model_1_multimer_v3_pred_1": 14.286125183105469,
    "process_features_model_1_multimer_v3_pred_2": 3.5762786865234375e-06,
    "predict_and_compile_model_1_multimer_v3_pred_2": 20.51841974258423,
    "relax_model_1_multimer_v3_pred_2": 14.026973247528076,
    "process_features_model_1_multimer_v3_pred_3": 3.0994415283203125e-06,
    "predict_and_compile_model_1_multimer_v3_pred_3": 20.542484760284424,
    "relax_model_1_multimer_v3_pred_3": 14.73069977760315,
    "process_features_model_1_multimer_v3_pred_4": 4.291534423828125e-06,
    "predict_and_compile_model_1_multimer_v3_pred_4": 16.53287625312805,
    "relax_model_1_multimer_v3_pred_4": 14.466418981552124,
    "process_features_model_2_multimer_v3_pred_0": 3.5762786865234375e-06,
    "predict_and_compile_model_2_multimer_v3_pred_0": 135.9180519580841,
    "relax_model_2_multimer_v3_pred_0": 14.933976173400879,
    "process_features_model_2_multimer_v3_pred_1": 2.6226043701171875e-06,
    "predict_and_compile_model_2_multimer_v3_pred_1": 16.515039205551147,
    "relax_model_2_multimer_v3_pred_1": 15.063859939575195,
    "process_features_model_2_multimer_v3_pred_2": 2.6226043701171875e-06,
    "predict_and_compile_model_2_multimer_v3_pred_2": 16.491916179656982,
    "relax_model_2_multimer_v3_pred_2": 14.250879049301147,
    "process_features_model_2_multimer_v3_pred_3": 2.86102294921875e-06,
    "predict_and_compile_model_2_multimer_v3_pred_3": 16.47887635231018,
    "relax_model_2_multimer_v3_pred_3": 14.12873387336731,
    "process_features_model_2_multimer_v3_pred_4": 2.86102294921875e-06,
    "predict_and_compile_model_2_multimer_v3_pred_4": 20.58089590072632,
    "relax_model_2_multimer_v3_pred_4": 14.334275007247925,
    "process_features_model_3_multimer_v3_pred_0": 2.86102294921875e-06,
    "predict_and_compile_model_3_multimer_v3_pred_0": 141.87501192092896,
    "relax_model_3_multimer_v3_pred_0": 15.013115644454956,
    "process_features_model_3_multimer_v3_pred_1": 2.86102294921875e-06,
    "predict_and_compile_model_3_multimer_v3_pred_1": 24.55414128303528,
    "relax_model_3_multimer_v3_pred_1": 26.149772882461548,
    "process_features_model_3_multimer_v3_pred_2": 3.337860107421875e-06,
    "predict_and_compile_model_3_multimer_v3_pred_2": 28.584542274475098,
    "relax_model_3_multimer_v3_pred_2": 14.014636516571045,
    "process_features_model_3_multimer_v3_pred_3": 3.0994415283203125e-06,
    "predict_and_compile_model_3_multimer_v3_pred_3": 24.644787311553955,
    "relax_model_3_multimer_v3_pred_3": 14.306465864181519,
    "process_features_model_3_multimer_v3_pred_4": 2.86102294921875e-06,
    "predict_and_compile_model_3_multimer_v3_pred_4": 24.63232707977295,
    "relax_model_3_multimer_v3_pred_4": 20.17211413383484,
    "process_features_model_4_multimer_v3_pred_0": 3.0994415283203125e-06,
    "predict_and_compile_model_4_multimer_v3_pred_0": 138.95505475997925,
    "relax_model_4_multimer_v3_pred_0": 31.38368797302246,
    "process_features_model_4_multimer_v3_pred_1": 2.86102294921875e-06,
    "predict_and_compile_model_4_multimer_v3_pred_1": 20.08227014541626,
    "relax_model_4_multimer_v3_pred_1": 14.814839601516724,
    "process_features_model_4_multimer_v3_pred_2": 2.6226043701171875e-06,
    "predict_and_compile_model_4_multimer_v3_pred_2": 20.18039846420288,
    "relax_model_4_multimer_v3_pred_2": 25.192620992660522,
    "process_features_model_4_multimer_v3_pred_3": 2.86102294921875e-06,
    "predict_and_compile_model_4_multimer_v3_pred_3": 20.17350125312805,
    "relax_model_4_multimer_v3_pred_3": 20.756120443344116,
    "process_features_model_4_multimer_v3_pred_4": 2.86102294921875e-06,
    "predict_and_compile_model_4_multimer_v3_pred_4": 32.14321565628052,
    "relax_model_4_multimer_v3_pred_4": 19.47175908088684,
    "process_features_model_5_multimer_v3_pred_0": 3.5762786865234375e-06,
    "predict_and_compile_model_5_multimer_v3_pred_0": 137.10717916488647,
    "relax_model_5_multimer_v3_pred_0": 52.5872700214386,
    "process_features_model_5_multimer_v3_pred_1": 2.6226043701171875e-06,
    "predict_and_compile_model_5_multimer_v3_pred_1": 16.191280126571655,
    "relax_model_5_multimer_v3_pred_1": 15.85602879524231,
    "process_features_model_5_multimer_v3_pred_2": 3.0994415283203125e-06,
    "predict_and_compile_model_5_multimer_v3_pred_2": 24.080904483795166,
    "relax_model_5_multimer_v3_pred_2": 16.20577049255371,
    "process_features_model_5_multimer_v3_pred_3": 2.6226043701171875e-06,
    "predict_and_compile_model_5_multimer_v3_pred_3": 20.120247840881348,
    "relax_model_5_multimer_v3_pred_3": 14.420783758163452,
    "process_features_model_5_multimer_v3_pred_4": 3.0994415283203125e-06,
    "predict_and_compile_model_5_multimer_v3_pred_4": 24.15076780319214,
    "relax_model_5_multimer_v3_pred_4": 14.492005586624146
}