seed,sample,ranking_score
1,0,0.4797156004453738
1,1,0.4921857975812247
1,2,0.49165004131871687
1,3,0.4066180182943845
1,4,0.4737723221888308
