seed,sample,ranking_score
3,0,0.7841700286773423
3,1,0.7896336043250511
3,2,0.7890298222465365
3,3,0.792244931722171
3,4,0.7912902606234026
