seed,sample,ranking_score
1,0,0.43384581828687185
1,1,0.5469321372630478
1,2,0.5625743074769455
1,3,0.5615251940747081
1,4,0.5779777751880713
