seed,sample,ranking_score
1,0,0.5756660296265099
1,1,0.5402088421271528
1,2,0.5640100478558846
1,3,0.580662004415506
1,4,0.5491511584226905
