seed,sample,ranking_score
1,0,0.5382356055892802
1,1,0.5450887320933626
1,2,0.5676954518730426
1,3,0.5445134018486645
1,4,0.5503652715989519
