seed,sample,ranking_score
1,0,0.6477006048352121
1,1,0.634311839734976
1,2,0.579832144435264
1,3,0.5784912329176255
1,4,0.5942899552370322
