seed,sample,ranking_score
1,0,0.6162885540250761
1,1,0.5952612108198462
1,2,0.6088720789098035
1,3,0.6390696160039625
1,4,0.5941667769505472
