{
    "iptm+ptm": {
        "model_1_multimer_v3_pred_0": 0.8014787628301707,
        "model_1_multimer_v3_pred_1": 0.7680395048269291,
        "model_1_multimer_v3_pred_2": 0.7689681467973806,
        "model_1_multimer_v3_pred_3": 0.8059889107243486,
        "model_1_multimer_v3_pred_4": 0.7797632205298644,
        "model_2_multimer_v3_pred_0": 0.8029253499708754,
        "model_2_multimer_v3_pred_1": 0.8148744987237186,
        "model_2_multimer_v3_pred_2": 0.8106217636220896,
        "model_2_multimer_v3_pred_3": 0.8093549387328047,
        "model_2_multimer_v3_pred_4": 0.8050118469567944,
        "model_3_multimer_v3_pred_0": 0.8005947396197354,
        "model_3_multimer_v3_pred_1": 0.7960978221633223,
        "model_3_multimer_v3_pred_2": 0.7975582611235114,
        "model_3_multimer_v3_pred_3": 0.794507519935771,
        "model_3_multimer_v3_pred_4": 0.801632819835908,
        "model_4_multimer_v3_pred_0": 0.7965417668720481,
        "model_4_multimer_v3_pred_1": 0.8220544625533874,
        "model_4_multimer_v3_pred_2": 0.7958738976174913,
        "model_4_multimer_v3_pred_3": 0.8250923567320588,
        "model_4_multimer_v3_pred_4": 0.8264103519695741,
        "model_5_multimer_v3_pred_0": 0.80790149659561,
        "model_5_multimer_v3_pred_1": 0.8152992718869495,
        "model_5_multimer_v3_pred_2": 0.8306955975345228,
        "model_5_multimer_v3_pred_3": 0.8295303177523907,
        "model_5_multimer_v3_pred_4": 0.8329974075409474
    },
    "order": [
        "model_5_multimer_v3_pred_4",
        "model_5_multimer_v3_pred_2",
        "model_5_multimer_v3_pred_3",
        "model_4_multimer_v3_pred_4",
        "model_4_multimer_v3_pred_3",
        "model_4_multimer_v3_pred_1",
        "model_5_multimer_v3_pred_1",
        "model_2_multimer_v3_pred_1",
        "model_2_multimer_v3_pred_2",
        "model_2_multimer_v3_pred_3",
        "model_5_multimer_v3_pred_0",
        "model_1_multimer_v3_pred_3",
        "model_2_multimer_v3_pred_4",
        "model_2_multimer_v3_pred_0",
        "model_3_multimer_v3_pred_4",
        "model_1_multimer_v3_pred_0",
        "model_3_multimer_v3_pred_0",
        "model_3_multimer_v3_pred_2",
        "model_4_multimer_v3_pred_0",
        "model_3_multimer_v3_pred_1",
        "model_4_multimer_v3_pred_2",
        "model_3_multimer_v3_pred_3",
        "model_1_multimer_v3_pred_4",
        "model_1_multimer_v3_pred_2",
        "model_1_multimer_v3_pred_1"
    ]
}