{
    "features": 0.02128887176513672,
    "process_features_model_1_multimer_v3_pred_0": 4.291534423828125e-06,
    "predict_and_compile_model_1_multimer_v3_pred_0": 884.2535803318024,
    "relax_model_1_multimer_v3_pred_0": 83.32645869255066,
    "process_features_model_1_multimer_v3_pred_1": 4.0531158447265625e-06,
    "predict_and_compile_model_1_multimer_v3_pred_1": 1403.3390243053436,
    "relax_model_1_multimer_v3_pred_1": 81.91206765174866,
    "process_features_model_1_multimer_v3_pred_2": 3.337860107421875e-06,
    "predict_and_compile_model_1_multimer_v3_pred_2": 535.8049437999725,
    "relax_model_1_multimer_v3_pred_2": 75.47258067131042,
    "process_features_model_1_multimer_v3_pred_3": 2.86102294921875e-06,
    "predict_and_compile_model_1_multimer_v3_pred_3": 1394.8168890476227,
    "relax_model_1_multimer_v3_pred_3": 77.48654627799988,
    "process_features_model_1_multimer_v3_pred_4": 3.337860107421875e-06,
    "predict_and_compile_model_1_multimer_v3_pred_4": 1404.92019033432,
    "relax_model_1_multimer_v3_pred_4": 95.79866194725037,
    "process_features_model_2_multimer_v3_pred_0": 3.337860107421875e-06,
    "predict_and_compile_model_2_multimer_v3_pred_0": 1129.2780249118805,
    "relax_model_2_multimer_v3_pred_0": 122.68093013763428,
    "process_features_model_2_multimer_v3_pred_1": 4.0531158447265625e-06,
    "predict_and_compile_model_2_multimer_v3_pred_1": 1129.749456167221,
    "relax_model_2_multimer_v3_pred_1": 78.47170114517212,
    "process_features_model_2_multimer_v3_pred_2": 3.0994415283203125e-06,
    "predict_and_compile_model_2_multimer_v3_pred_2": 735.7124764919281,
    "relax_model_2_multimer_v3_pred_2": 87.88700151443481,
    "process_features_model_2_multimer_v3_pred_3": 3.337860107421875e-06,
    "predict_and_compile_model_2_multimer_v3_pred_3": 535.7203776836395,
    "relax_model_2_multimer_v3_pred_3": 89.65839672088623,
    "process_features_model_2_multimer_v3_pred_4": 3.337860107421875e-06,
    "predict_and_compile_model_2_multimer_v3_pred_4": 1395.6911821365356,
    "relax_model_2_multimer_v3_pred_4": 102.44834899902344,
    "process_features_model_3_multimer_v3_pred_0": 3.337860107421875e-06,
    "predict_and_compile_model_3_multimer_v3_pred_0": 1529.9967374801636,
    "relax_model_3_multimer_v3_pred_0": 78.02185130119324,
    "process_features_model_3_multimer_v3_pred_1": 3.5762786865234375e-06,
    "predict_and_compile_model_3_multimer_v3_pred_1": 930.7967436313629,
    "relax_model_3_multimer_v3_pred_1": 78.49874806404114,
    "process_features_model_3_multimer_v3_pred_2": 9.775161743164062e-06,
    "predict_and_compile_model_3_multimer_v3_pred_2": 735.597932100296,
    "relax_model_3_multimer_v3_pred_2": 75.03533625602722,
    "process_features_model_3_multimer_v3_pred_3": 3.337860107421875e-06,
    "predict_and_compile_model_3_multimer_v3_pred_3": 1135.4438135623932,
    "relax_model_3_multimer_v3_pred_3": 83.1088924407959,
    "process_features_model_3_multimer_v3_pred_4": 3.0994415283203125e-06,
    "predict_and_compile_model_3_multimer_v3_pred_4": 1402.352858543396,
    "relax_model_3_multimer_v3_pred_4": 78.49495387077332,
    "process_features_model_4_multimer_v3_pred_0": 3.337860107421875e-06,
    "predict_and_compile_model_4_multimer_v3_pred_0": 1506.9237813949585,
    "relax_model_4_multimer_v3_pred_0": 154.6664478778839,
    "process_features_model_4_multimer_v3_pred_1": 3.0994415283203125e-06,
    "predict_and_compile_model_4_multimer_v3_pred_1": 1378.6269018650055,
    "relax_model_4_multimer_v3_pred_1": 78.80040335655212,
    "process_features_model_4_multimer_v3_pred_2": 3.0994415283203125e-06,
    "predict_and_compile_model_4_multimer_v3_pred_2": 1378.4929249286652,
    "relax_model_4_multimer_v3_pred_2": 94.6723780632019,
    "process_features_model_4_multimer_v3_pred_3": 2.86102294921875e-06,
    "predict_and_compile_model_4_multimer_v3_pred_3": 789.4458575248718,
    "relax_model_4_multimer_v3_pred_3": 81.23937916755676,
    "process_features_model_4_multimer_v3_pred_4": 3.337860107421875e-06,
    "predict_and_compile_model_4_multimer_v3_pred_4": 1378.2966859340668,
    "relax_model_4_multimer_v3_pred_4": 82.85274744033813,
    "process_features_model_5_multimer_v3_pred_0": 3.337860107421875e-06,
    "predict_and_compile_model_5_multimer_v3_pred_0": 1508.7068490982056,
    "relax_model_5_multimer_v3_pred_0": 88.95845317840576,
    "process_features_model_5_multimer_v3_pred_1": 3.814697265625e-06,
    "predict_and_compile_model_5_multimer_v3_pred_1": 793.376407623291,
    "relax_model_5_multimer_v3_pred_1": 108.31138443946838,
    "process_features_model_5_multimer_v3_pred_2": 2.86102294921875e-06,
    "predict_and_compile_model_5_multimer_v3_pred_2": 1387.485455274582,
    "relax_model_5_multimer_v3_pred_2": 72.96049618721008,
    "process_features_model_5_multimer_v3_pred_3": 3.337860107421875e-06,
    "predict_and_compile_model_5_multimer_v3_pred_3": 1057.362318277359,
    "relax_model_5_multimer_v3_pred_3": 74.408132314682,
    "process_features_model_5_multimer_v3_pred_4": 2.86102294921875e-06,
    "predict_and_compile_model_5_multimer_v3_pred_4": 661.7285797595978,
    "relax_model_5_multimer_v3_pred_4": 82.68787288665771
}