seed,sample,ranking_score
1,0,0.7119256932522061
1,1,0.7186207160940602
1,2,0.7087984208668254
1,3,0.7350965584787328
1,4,0.747880973127116
