seed,sample,ranking_score
1,0,0.7602370437301179
1,1,0.7565014642835423
1,2,0.7579241884320194
1,3,0.7523048053168344
1,4,0.7380632984679698
