seed,sample,ranking_score
1,0,0.9916477734095672
1,1,0.9915162572474474
1,2,0.9766971684348844
1,3,0.9842543595036494
1,4,0.9847195803315223
