seed,sample,ranking_score
1,0,0.7140448728384519
1,1,0.7344596046773639
1,2,0.7188518618750513
1,3,0.7113608140263458
1,4,0.7074143106671185
