seed,sample,ranking_score
1,0,0.7531072460392434
1,1,0.7921752663935255
1,2,0.7794737813247679
1,3,0.7467406774177827
1,4,0.7699981628552718
