seed,sample,ranking_score
1,0,0.6490584766569005
1,1,0.6852104557791282
1,2,0.7188629693931701
1,3,0.7223104407634822
1,4,0.6928989081405881
