seed,sample,ranking_score
5,0,0.7393883939423884
5,1,0.7184660518793886
5,2,0.7467951361153204
5,3,0.73149361128911
5,4,0.712420196871324
