seed,sample,ranking_score
1,0,0.6620761933367035
1,1,0.6657394501072961
1,2,0.6476031229715172
1,3,0.662677498801505
1,4,0.6404850951644956
