seed,sample,ranking_score
1,0,0.5477023366428306
1,1,0.5029684363331233
1,2,0.49235937880068725
1,3,0.5086877929764106
1,4,0.5255891121723487
