seed,sample,ranking_score
5,0,0.5686017729470744
5,1,0.5240353562106955
5,2,0.5469436110186463
5,3,0.5509691481122524
5,4,0.5701425277409683
