seed,sample,ranking_score
1,0,0.750308092397675
1,1,0.7338227165090496
1,2,0.7301295588541356
1,3,0.7329918234070356
1,4,0.7248476231931164
