seed,sample,ranking_score
4,0,0.761690562207229
4,1,0.7656352424076439
4,2,0.763189952366776
4,3,0.7549479157100895
4,4,0.7693555519151909
