seed,sample,ranking_score
5,0,0.7967998714961424
5,1,0.7936939017621919
5,2,0.7869502968883815
5,3,0.8383017628376953
5,4,0.7806592544463159
