{
    "features": 0.19193124771118164,
    "process_features_model_1_multimer_v3_pred_0": 5.245208740234375e-06,
    "predict_and_compile_model_1_multimer_v3_pred_0": 821.1861786842346,
    "predict_benchmark_model_1_multimer_v3_pred_0": 656.3497581481934,
    "process_features_model_2_multimer_v3_pred_0": 3.5762786865234375e-06,
    "predict_and_compile_model_2_multimer_v3_pred_0": 805.7039670944214,
    "predict_benchmark_model_2_multimer_v3_pred_0": 655.76322722435,
    "process_features_model_3_multimer_v3_pred_0": 4.0531158447265625e-06,
    "predict_and_compile_model_3_multimer_v3_pred_0": 807.871904373169,
    "predict_benchmark_model_3_multimer_v3_pred_0": 653.6811192035675,
    "process_features_model_4_multimer_v3_pred_0": 4.291534423828125e-06,
    "predict_and_compile_model_4_multimer_v3_pred_0": 791.2055194377899,
    "predict_benchmark_model_4_multimer_v3_pred_0": 637.5240082740784,
    "process_features_model_5_multimer_v3_pred_0": 4.458427429199219e-05,
    "predict_and_compile_model_5_multimer_v3_pred_0": 644.4894723892212,
    "predict_benchmark_model_5_multimer_v3_pred_0": 487.3078656196594
}