seed,sample,ranking_score
1,0,0.8023107224659322
1,1,0.7720893241274596
1,2,0.7730278960299483
1,3,0.790303743060848
1,4,0.8358632623409306
