seed,sample,ranking_score
2,0,0.6404164392673282
2,1,0.6361455923372372
2,2,0.6385886205827198
2,3,0.6437089243167737
2,4,0.6474753796084983
