seed,sample,ranking_score
1,0,0.5931271681084723
1,1,0.5625161493015025
1,2,0.5729529674630383
1,3,0.5528372156136983
1,4,0.528364761711825
