seed,sample,ranking_score
1,0,0.577038800349545
1,1,0.5894625155249817
1,2,0.556342893358289
1,3,0.5463399933412478
1,4,0.5794575562204757
