seed,sample,ranking_score
1,0,0.6220707723529735
1,1,0.6372544465938984
1,2,0.6044940023327106
1,3,0.5728568398881113
1,4,0.6236021301464609
