{
    "features": 0.012559175491333008,
    "process_features_model_1_multimer_v3_pred_0": 4.291534423828125e-06,
    "predict_and_compile_model_1_multimer_v3_pred_0": 476.8828628063202,
    "relax_model_1_multimer_v3_pred_0": 70.18693947792053,
    "process_features_model_1_multimer_v3_pred_1": 3.0994415283203125e-06,
    "predict_and_compile_model_1_multimer_v3_pred_1": 337.7471740245819,
    "relax_model_1_multimer_v3_pred_1": 40.536890506744385,
    "process_features_model_1_multimer_v3_pred_2": 3.0994415283203125e-06,
    "predict_and_compile_model_1_multimer_v3_pred_2": 304.0731711387634,
    "relax_model_1_multimer_v3_pred_2": 40.30963587760925,
    "process_features_model_1_multimer_v3_pred_3": 3.0994415283203125e-06,
    "predict_and_compile_model_1_multimer_v3_pred_3": 354.87452507019043,
    "relax_model_1_multimer_v3_pred_3": 41.99731802940369,
    "process_features_model_1_multimer_v3_pred_4": 3.0994415283203125e-06,
    "predict_and_compile_model_1_multimer_v3_pred_4": 354.88505697250366,
    "relax_model_1_multimer_v3_pred_4": 41.137818574905396,
    "process_features_model_2_multimer_v3_pred_0": 3.0994415283203125e-06,
    "predict_and_compile_model_2_multimer_v3_pred_0": 303.18750262260437,
    "relax_model_2_multimer_v3_pred_0": 57.52157521247864,
    "process_features_model_2_multimer_v3_pred_1": 3.337860107421875e-06,
    "predict_and_compile_model_2_multimer_v3_pred_1": 254.2688271999359,
    "relax_model_2_multimer_v3_pred_1": 41.08246421813965,
    "process_features_model_2_multimer_v3_pred_2": 3.337860107421875e-06,
    "predict_and_compile_model_2_multimer_v3_pred_2": 338.3688907623291,
    "relax_model_2_multimer_v3_pred_2": 42.16374611854553,
    "process_features_model_2_multimer_v3_pred_3": 3.0994415283203125e-06,
    "predict_and_compile_model_2_multimer_v3_pred_3": 354.9915988445282,
    "relax_model_2_multimer_v3_pred_3": 78.75481128692627,
    "process_features_model_2_multimer_v3_pred_4": 3.0994415283203125e-06,
    "predict_and_compile_model_2_multimer_v3_pred_4": 287.39954447746277,
    "relax_model_2_multimer_v3_pred_4": 85.92598032951355,
    "process_features_model_3_multimer_v3_pred_0": 2.86102294921875e-06,
    "predict_and_compile_model_3_multimer_v3_pred_0": 287.3570144176483,
    "relax_model_3_multimer_v3_pred_0": 70.89592790603638,
    "process_features_model_3_multimer_v3_pred_1": 3.0994415283203125e-06,
    "predict_and_compile_model_3_multimer_v3_pred_1": 354.67771553993225,
    "relax_model_3_multimer_v3_pred_1": 57.476635217666626,
    "process_features_model_3_multimer_v3_pred_2": 3.0994415283203125e-06,
    "predict_and_compile_model_3_multimer_v3_pred_2": 321.2549958229065,
    "relax_model_3_multimer_v3_pred_2": 76.41855525970459,
    "process_features_model_3_multimer_v3_pred_3": 2.86102294921875e-06,
    "predict_and_compile_model_3_multimer_v3_pred_3": 354.9032049179077,
    "relax_model_3_multimer_v3_pred_3": 60.93859148025513,
    "process_features_model_3_multimer_v3_pred_4": 3.0994415283203125e-06,
    "predict_and_compile_model_3_multimer_v3_pred_4": 270.42493653297424,
    "relax_model_3_multimer_v3_pred_4": 94.21513152122498,
    "process_features_model_4_multimer_v3_pred_0": 3.0994415283203125e-06,
    "predict_and_compile_model_4_multimer_v3_pred_0": 465.2529122829437,
    "relax_model_4_multimer_v3_pred_0": 44.04364514350891,
    "process_features_model_4_multimer_v3_pred_1": 2.86102294921875e-06,
    "predict_and_compile_model_4_multimer_v3_pred_1": 312.5426642894745,
    "relax_model_4_multimer_v3_pred_1": 39.13574504852295,
    "process_features_model_4_multimer_v3_pred_2": 3.0994415283203125e-06,
    "predict_and_compile_model_4_multimer_v3_pred_2": 345.09187388420105,
    "relax_model_4_multimer_v3_pred_2": 46.737393617630005,
    "process_features_model_4_multimer_v3_pred_3": 2.86102294921875e-06,
    "predict_and_compile_model_4_multimer_v3_pred_3": 345.4306478500366,
    "relax_model_4_multimer_v3_pred_3": 58.3580756187439,
    "process_features_model_4_multimer_v3_pred_4": 2.86102294921875e-06,
    "predict_and_compile_model_4_multimer_v3_pred_4": 345.5002908706665,
    "relax_model_4_multimer_v3_pred_4": 89.93522763252258,
    "process_features_model_5_multimer_v3_pred_0": 3.337860107421875e-06,
    "predict_and_compile_model_5_multimer_v3_pred_0": 380.2680003643036,
    "relax_model_5_multimer_v3_pred_0": 60.551135778427124,
    "process_features_model_5_multimer_v3_pred_1": 3.0994415283203125e-06,
    "predict_and_compile_model_5_multimer_v3_pred_1": 345.52370738983154,
    "relax_model_5_multimer_v3_pred_1": 43.19126629829407,
    "process_features_model_5_multimer_v3_pred_2": 3.0994415283203125e-06,
    "predict_and_compile_model_5_multimer_v3_pred_2": 345.5313923358917,
    "relax_model_5_multimer_v3_pred_2": 42.87758684158325,
    "process_features_model_5_multimer_v3_pred_3": 2.86102294921875e-06,
    "predict_and_compile_model_5_multimer_v3_pred_3": 198.55733633041382,
    "relax_model_5_multimer_v3_pred_3": 42.387415170669556,
    "process_features_model_5_multimer_v3_pred_4": 2.86102294921875e-06,
    "predict_and_compile_model_5_multimer_v3_pred_4": 345.3546178340912,
    "relax_model_5_multimer_v3_pred_4": 50.074323654174805
}