seed,sample,ranking_score
1,0,0.4797805037872122
1,1,0.46834857158471094
1,2,0.4629468366871894
1,3,0.4619366900522394
1,4,0.4637885284818396
