seed,sample,ranking_score
4,0,0.7443352663442369
4,1,0.755268057252237
4,2,0.7568868364611427
4,3,0.7525681270793133
4,4,0.7550109457773527
