seed,sample,ranking_score
1,0,0.6995753498305753
1,1,0.7084275548152869
1,2,0.6360130635688287
1,3,0.6952341537195454
1,4,0.6548039850738024
