seed,sample,ranking_score
2,0,0.833407162780845
2,1,0.8193960469625307
2,2,0.8074318548687591
2,3,0.8252653965983131
2,4,0.8329078231349949
