seed,sample,ranking_score
1,0,0.567569760723459
1,1,0.514194731760657
1,2,0.5726557057359479
1,3,0.47228874198842635
1,4,0.5340283990386828
