seed,sample,ranking_score
1,0,0.5462794413222365
1,1,0.5289619096555394
1,2,0.5256165257490162
1,3,0.5255876153502468
1,4,0.5062527332337948
