{
    "iptm+ptm": {
        "model_1_multimer_v3_pred_0": 0.8546885207947501,
        "model_1_multimer_v3_pred_1": 0.8467524727293905,
        "model_1_multimer_v3_pred_2": 0.8532560966195636,
        "model_1_multimer_v3_pred_3": 0.8522258683563395,
        "model_1_multimer_v3_pred_4": 0.8559328689220539,
        "model_2_multimer_v3_pred_0": 0.8412674275496992,
        "model_2_multimer_v3_pred_1": 0.8452568903119302,
        "model_2_multimer_v3_pred_2": 0.843527178418761,
        "model_2_multimer_v3_pred_3": 0.847293135286237,
        "model_2_multimer_v3_pred_4": 0.8419567226947312,
        "model_3_multimer_v3_pred_0": 0.8756620360796578,
        "model_3_multimer_v3_pred_1": 0.8711310529850158,
        "model_3_multimer_v3_pred_2": 0.8706588949398346,
        "model_3_multimer_v3_pred_3": 0.8432100267968383,
        "model_3_multimer_v3_pred_4": 0.8776033797140597,
        "model_4_multimer_v3_pred_0": 0.8553681581796237,
        "model_4_multimer_v3_pred_1": 0.8550437669977947,
        "model_4_multimer_v3_pred_2": 0.8584728209353014,
        "model_4_multimer_v3_pred_3": 0.851517741779835,
        "model_4_multimer_v3_pred_4": 0.8573183393275727,
        "model_5_multimer_v3_pred_0": 0.8641696282442469,
        "model_5_multimer_v3_pred_1": 0.8301713319086308,
        "model_5_multimer_v3_pred_2": 0.8628236607309716,
        "model_5_multimer_v3_pred_3": 0.8409989686659489,
        "model_5_multimer_v3_pred_4": 0.8370300949984237
    },
    "order": [
        "model_3_multimer_v3_pred_4",
        "model_3_multimer_v3_pred_0",
        "model_3_multimer_v3_pred_1",
        "model_3_multimer_v3_pred_2",
        "model_5_multimer_v3_pred_0",
        "model_5_multimer_v3_pred_2",
        "model_4_multimer_v3_pred_2",
        "model_4_multimer_v3_pred_4",
        "model_1_multimer_v3_pred_4",
        "model_4_multimer_v3_pred_0",
        "model_4_multimer_v3_pred_1",
        "model_1_multimer_v3_pred_0",
        "model_1_multimer_v3_pred_2",
        "model_1_multimer_v3_pred_3",
        "model_4_multimer_v3_pred_3",
        "model_2_multimer_v3_pred_3",
        "model_1_multimer_v3_pred_1",
        "model_2_multimer_v3_pred_1",
        "model_2_multimer_v3_pred_2",
        "model_3_multimer_v3_pred_3",
        "model_2_multimer_v3_pred_4",
        "model_2_multimer_v3_pred_0",
        "model_5_multimer_v3_pred_3",
        "model_5_multimer_v3_pred_4",
        "model_5_multimer_v3_pred_1"
    ]
}