{
    "features": 0.007745027542114258,
    "process_features_model_1_multimer_v3_pred_0": 3.814697265625e-06,
    "predict_and_compile_model_1_multimer_v3_pred_0": 172.27685284614563,
    "relax_model_1_multimer_v3_pred_0": 25.695878505706787,
    "process_features_model_1_multimer_v3_pred_1": 2.6226043701171875e-06,
    "predict_and_compile_model_1_multimer_v3_pred_1": 54.90457582473755,
    "relax_model_1_multimer_v3_pred_1": 23.098225831985474,
    "process_features_model_1_multimer_v3_pred_2": 1.9073486328125e-06,
    "predict_and_compile_model_1_multimer_v3_pred_2": 54.93443751335144,
    "relax_model_1_multimer_v3_pred_2": 22.929216623306274,
    "process_features_model_1_multimer_v3_pred_3": 2.6226043701171875e-06,
    "predict_and_compile_model_1_multimer_v3_pred_3": 54.86138200759888,
    "relax_model_1_multimer_v3_pred_3": 22.269440174102783,
    "process_features_model_1_multimer_v3_pred_4": 2.86102294921875e-06,
    "predict_and_compile_model_1_multimer_v3_pred_4": 62.66506242752075,
    "relax_model_1_multimer_v3_pred_4": 25.313302993774414,
    "process_features_model_2_multimer_v3_pred_0": 2.1457672119140625e-06,
    "predict_and_compile_model_2_multimer_v3_pred_0": 161.09239673614502,
    "relax_model_2_multimer_v3_pred_0": 22.401021718978882,
    "process_features_model_2_multimer_v3_pred_1": 2.1457672119140625e-06,
    "predict_and_compile_model_2_multimer_v3_pred_1": 47.17935919761658,
    "relax_model_2_multimer_v3_pred_1": 22.49532651901245,
    "process_features_model_2_multimer_v3_pred_2": 2.6226043701171875e-06,
    "predict_and_compile_model_2_multimer_v3_pred_2": 39.460336685180664,
    "relax_model_2_multimer_v3_pred_2": 22.516143798828125,
    "process_features_model_2_multimer_v3_pred_3": 2.6226043701171875e-06,
    "predict_and_compile_model_2_multimer_v3_pred_3": 47.10819697380066,
    "relax_model_2_multimer_v3_pred_3": 22.79524517059326,
    "process_features_model_2_multimer_v3_pred_4": 2.384185791015625e-06,
    "predict_and_compile_model_2_multimer_v3_pred_4": 47.142797231674194,
    "relax_model_2_multimer_v3_pred_4": 22.319325923919678,
    "process_features_model_3_multimer_v3_pred_0": 3.5762786865234375e-06,
    "predict_and_compile_model_3_multimer_v3_pred_0": 163.16009545326233,
    "relax_model_3_multimer_v3_pred_0": 22.564974069595337,
    "process_features_model_3_multimer_v3_pred_1": 2.6226043701171875e-06,
    "predict_and_compile_model_3_multimer_v3_pred_1": 54.88303256034851,
    "relax_model_3_multimer_v3_pred_1": 23.676199674606323,
    "process_features_model_3_multimer_v3_pred_2": 2.1457672119140625e-06,
    "predict_and_compile_model_3_multimer_v3_pred_2": 47.16627502441406,
    "relax_model_3_multimer_v3_pred_2": 23.051136255264282,
    "process_features_model_3_multimer_v3_pred_3": 2.384185791015625e-06,
    "predict_and_compile_model_3_multimer_v3_pred_3": 47.11802864074707,
    "relax_model_3_multimer_v3_pred_3": 22.943885803222656,
    "process_features_model_3_multimer_v3_pred_4": 2.384185791015625e-06,
    "predict_and_compile_model_3_multimer_v3_pred_4": 47.14148807525635,
    "relax_model_3_multimer_v3_pred_4": 22.729880571365356,
    "process_features_model_4_multimer_v3_pred_0": 2.384185791015625e-06,
    "predict_and_compile_model_4_multimer_v3_pred_0": 164.49051141738892,
    "relax_model_4_multimer_v3_pred_0": 23.4869487285614,
    "process_features_model_4_multimer_v3_pred_1": 2.384185791015625e-06,
    "predict_and_compile_model_4_multimer_v3_pred_1": 38.10831308364868,
    "relax_model_4_multimer_v3_pred_1": 22.853813648223877,
    "process_features_model_4_multimer_v3_pred_2": 2.384185791015625e-06,
    "predict_and_compile_model_4_multimer_v3_pred_2": 38.13490319252014,
    "relax_model_4_multimer_v3_pred_2": 24.10333251953125,
    "process_features_model_4_multimer_v3_pred_3": 2.6226043701171875e-06,
    "predict_and_compile_model_4_multimer_v3_pred_3": 38.137291431427,
    "relax_model_4_multimer_v3_pred_3": 22.670594692230225,
    "process_features_model_4_multimer_v3_pred_4": 2.1457672119140625e-06,
    "predict_and_compile_model_4_multimer_v3_pred_4": 38.09392023086548,
    "relax_model_4_multimer_v3_pred_4": 22.644474744796753,
    "process_features_model_5_multimer_v3_pred_0": 2.6226043701171875e-06,
    "predict_and_compile_model_5_multimer_v3_pred_0": 170.14812970161438,
    "relax_model_5_multimer_v3_pred_0": 23.01971697807312,
    "process_features_model_5_multimer_v3_pred_1": 2.384185791015625e-06,
    "predict_and_compile_model_5_multimer_v3_pred_1": 60.7816047668457,
    "relax_model_5_multimer_v3_pred_1": 22.814427852630615,
    "process_features_model_5_multimer_v3_pred_2": 1.9073486328125e-06,
    "predict_and_compile_model_5_multimer_v3_pred_2": 45.71389985084534,
    "relax_model_5_multimer_v3_pred_2": 22.46716547012329,
    "process_features_model_5_multimer_v3_pred_3": 2.1457672119140625e-06,
    "predict_and_compile_model_5_multimer_v3_pred_3": 53.33515501022339,
    "relax_model_5_multimer_v3_pred_3": 22.312451124191284,
    "process_features_model_5_multimer_v3_pred_4": 2.6226043701171875e-06,
    "predict_and_compile_model_5_multimer_v3_pred_4": 45.63843131065369,
    "relax_model_5_multimer_v3_pred_4": 23.46366286277771
}