seed,sample,ranking_score
4,0,0.8540298755079818
4,1,0.8559316296258417
4,2,0.8561698129044075
4,3,0.864770700599734
4,4,0.8449300003560017
