seed,sample,ranking_score
1,0,0.656123439634027
1,1,0.6603216083510989
1,2,0.6537469735062301
1,3,0.6628780209955337
1,4,0.6592747155081791
