{
    "features": 0.015456199645996094,
    "process_features_model_1_multimer_v3_pred_0": 4.0531158447265625e-06,
    "predict_and_compile_model_1_multimer_v3_pred_0": 1178.5532667636871,
    "relax_model_1_multimer_v3_pred_0": 73.24257969856262,
    "process_features_model_1_multimer_v3_pred_1": 3.814697265625e-06,
    "predict_and_compile_model_1_multimer_v3_pred_1": 1002.6363136768341,
    "relax_model_1_multimer_v3_pred_1": 108.16398596763611,
    "process_features_model_1_multimer_v3_pred_2": 3.814697265625e-06,
    "predict_and_compile_model_1_multimer_v3_pred_2": 1002.4847087860107,
    "relax_model_1_multimer_v3_pred_2": 57.33267092704773,
    "process_features_model_1_multimer_v3_pred_3": 3.5762786865234375e-06,
    "predict_and_compile_model_1_multimer_v3_pred_3": 1001.4867289066315,
    "relax_model_1_multimer_v3_pred_3": 55.79784917831421,
    "process_features_model_1_multimer_v3_pred_4": 4.291534423828125e-06,
    "predict_and_compile_model_1_multimer_v3_pred_4": 997.1887028217316,
    "relax_model_1_multimer_v3_pred_4": 96.6266496181488,
    "process_features_model_2_multimer_v3_pred_0": 3.5762786865234375e-06,
    "predict_and_compile_model_2_multimer_v3_pred_0": 1161.423885345459,
    "relax_model_2_multimer_v3_pred_0": 76.99923610687256,
    "process_features_model_2_multimer_v3_pred_1": 4.0531158447265625e-06,
    "predict_and_compile_model_2_multimer_v3_pred_1": 1001.940443277359,
    "relax_model_2_multimer_v3_pred_1": 80.03800177574158,
    "process_features_model_2_multimer_v3_pred_2": 3.5762786865234375e-06,
    "predict_and_compile_model_2_multimer_v3_pred_2": 998.2508478164673,
    "relax_model_2_multimer_v3_pred_2": 609.0131857395172,
    "process_features_model_2_multimer_v3_pred_3": 3.5762786865234375e-06,
    "predict_and_compile_model_2_multimer_v3_pred_3": 997.8169500827789,
    "relax_model_2_multimer_v3_pred_3": 54.9295756816864,
    "process_features_model_2_multimer_v3_pred_4": 3.814697265625e-06,
    "predict_and_compile_model_2_multimer_v3_pred_4": 478.30767464637756,
    "relax_model_2_multimer_v3_pred_4": 95.90988659858704,
    "process_features_model_3_multimer_v3_pred_0": 3.337860107421875e-06,
    "predict_and_compile_model_3_multimer_v3_pred_0": 1157.892424106598,
    "relax_model_3_multimer_v3_pred_0": 79.37832999229431,
    "process_features_model_3_multimer_v3_pred_1": 3.0994415283203125e-06,
    "predict_and_compile_model_3_multimer_v3_pred_1": 1001.8387053012848,
    "relax_model_3_multimer_v3_pred_1": 77.8199450969696,
    "process_features_model_3_multimer_v3_pred_2": 3.5762786865234375e-06,
    "predict_and_compile_model_3_multimer_v3_pred_2": 1002.7181007862091,
    "relax_model_3_multimer_v3_pred_2": 96.57685375213623,
    "process_features_model_3_multimer_v3_pred_3": 3.814697265625e-06,
    "predict_and_compile_model_3_multimer_v3_pred_3": 997.3394446372986,
    "relax_model_3_multimer_v3_pred_3": 96.66905379295349,
    "process_features_model_3_multimer_v3_pred_4": 3.337860107421875e-06,
    "predict_and_compile_model_3_multimer_v3_pred_4": 1000.9742820262909,
    "relax_model_3_multimer_v3_pred_4": 98.9446656703949,
    "process_features_model_4_multimer_v3_pred_0": 3.814697265625e-06,
    "predict_and_compile_model_4_multimer_v3_pred_0": 1163.1603367328644,
    "relax_model_4_multimer_v3_pred_0": 127.73654890060425,
    "process_features_model_4_multimer_v3_pred_1": 4.291534423828125e-06,
    "predict_and_compile_model_4_multimer_v3_pred_1": 983.3605089187622,
    "relax_model_4_multimer_v3_pred_1": 92.47198843955994,
    "process_features_model_4_multimer_v3_pred_2": 3.337860107421875e-06,
    "predict_and_compile_model_4_multimer_v3_pred_2": 984.6122517585754,
    "relax_model_4_multimer_v3_pred_2": 77.74202251434326,
    "process_features_model_4_multimer_v3_pred_3": 2.86102294921875e-06,
    "predict_and_compile_model_4_multimer_v3_pred_3": 988.8965902328491,
    "relax_model_4_multimer_v3_pred_3": 111.95588111877441,
    "process_features_model_4_multimer_v3_pred_4": 3.814697265625e-06,
    "predict_and_compile_model_4_multimer_v3_pred_4": 983.5295214653015,
    "relax_model_4_multimer_v3_pred_4": 78.91498112678528,
    "process_features_model_5_multimer_v3_pred_0": 3.5762786865234375e-06,
    "predict_and_compile_model_5_multimer_v3_pred_0": 1146.6287622451782,
    "relax_model_5_multimer_v3_pred_0": 52.45827579498291,
    "process_features_model_5_multimer_v3_pred_1": 3.337860107421875e-06,
    "predict_and_compile_model_5_multimer_v3_pred_1": 984.2394239902496,
    "relax_model_5_multimer_v3_pred_1": 74.71527099609375,
    "process_features_model_5_multimer_v3_pred_2": 3.337860107421875e-06,
    "predict_and_compile_model_5_multimer_v3_pred_2": 987.864720582962,
    "relax_model_5_multimer_v3_pred_2": 70.12163853645325,
    "process_features_model_5_multimer_v3_pred_3": 3.337860107421875e-06,
    "predict_and_compile_model_5_multimer_v3_pred_3": 990.2116181850433,
    "relax_model_5_multimer_v3_pred_3": 66.9350528717041,
    "process_features_model_5_multimer_v3_pred_4": 3.5762786865234375e-06,
    "predict_and_compile_model_5_multimer_v3_pred_4": 985.2844195365906,
    "relax_model_5_multimer_v3_pred_4": 57.50437307357788
}