seed,sample,ranking_score
1,0,0.371942425414453
1,1,0.3472785791533607
1,2,0.36478696187835535
1,3,0.35551156144524554
1,4,0.3795358080209819
