seed,sample,ranking_score
1,0,0.5158495257888738
1,1,0.5218578741525899
1,2,0.515839568828591
1,3,0.5116421060244001
1,4,0.5140218694255745
