seed,sample,ranking_score
1,0,0.6600657185156386
1,1,0.6803495968585346
1,2,0.751188131067781
1,3,0.7704886630580654
1,4,0.6831863623523515
