seed,sample,ranking_score
1,0,0.49636009575128304
1,1,0.47535044345946187
1,2,0.49599167283583456
1,3,0.46435067045319534
1,4,0.4724768996111778
