seed,sample,ranking_score
1,0,0.6666784173517294
1,1,0.6729640695525106
1,2,0.7221860902935662
1,3,0.7003887695528014
1,4,0.6880673828553623
