seed,sample,ranking_score
1,0,0.35707234640436597
1,1,0.3454391415156136
1,2,0.3790212282815921
1,3,0.37820695834546036
1,4,0.3778363518094682
