seed,sample,ranking_score
5,0,0.6620835462042034
5,1,0.6789102785251797
5,2,0.6628304433062755
5,3,0.6740403962632198
5,4,0.6552548864660508
