{
    "features": 0.34118032455444336,
    "process_features_model_1_multimer_v3_pred_0": 4.5299530029296875e-06,
    "predict_and_compile_model_1_multimer_v3_pred_0": 532.1940486431122,
    "predict_benchmark_model_1_multimer_v3_pred_0": 417.6740131378174,
    "process_features_model_2_multimer_v3_pred_0": 3.337860107421875e-06,
    "predict_and_compile_model_2_multimer_v3_pred_0": 527.5102396011353,
    "predict_benchmark_model_2_multimer_v3_pred_0": 417.1669030189514,
    "process_features_model_3_multimer_v3_pred_0": 4.0531158447265625e-06,
    "predict_and_compile_model_3_multimer_v3_pred_0": 528.5445008277893,
    "predict_benchmark_model_3_multimer_v3_pred_0": 417.0543370246887,
    "process_features_model_4_multimer_v3_pred_0": 4.291534423828125e-06,
    "predict_and_compile_model_4_multimer_v3_pred_0": 522.1145746707916,
    "predict_benchmark_model_4_multimer_v3_pred_0": 406.41485691070557,
    "process_features_model_5_multimer_v3_pred_0": 4.76837158203125e-06,
    "predict_and_compile_model_5_multimer_v3_pred_0": 519.0599887371063,
    "predict_benchmark_model_5_multimer_v3_pred_0": 406.23108744621277
}