{
    "features": 0.048955678939819336,
    "process_features_model_1_multimer_v3_pred_0": 3.337860107421875e-06,
    "predict_and_compile_model_1_multimer_v3_pred_0": 770.5991497039795,
    "predict_benchmark_model_1_multimer_v3_pred_0": 668.7174737453461,
    "process_features_model_2_multimer_v3_pred_0": 3.647804260253906e-05,
    "predict_and_compile_model_2_multimer_v3_pred_0": 759.8316969871521,
    "predict_benchmark_model_2_multimer_v3_pred_0": 668.6437931060791,
    "process_features_model_3_multimer_v3_pred_0": 4.1484832763671875e-05,
    "predict_and_compile_model_3_multimer_v3_pred_0": 768.8399877548218,
    "predict_benchmark_model_3_multimer_v3_pred_0": 668.022397518158,
    "process_features_model_4_multimer_v3_pred_0": 3.0279159545898438e-05,
    "predict_and_compile_model_4_multimer_v3_pred_0": 745.6384582519531,
    "predict_benchmark_model_4_multimer_v3_pred_0": 656.9244060516357,
    "process_features_model_5_multimer_v3_pred_0": 4.38690185546875e-05,
    "predict_and_compile_model_5_multimer_v3_pred_0": 747.8671281337738,
    "predict_benchmark_model_5_multimer_v3_pred_0": 658.474636554718
}