seed,sample,ranking_score
1,0,0.8975293603133752
1,1,0.8690242545528017
1,2,0.8566314058875601
1,3,0.9246873541589904
1,4,0.8647432755818646
