seed,sample,ranking_score
1,0,0.27332504255049433
1,1,0.28411641786239683
1,2,0.2655964051195651
1,3,0.2745982442401602
1,4,0.29389526793016363
