seed,sample,ranking_score
1,0,0.5735375791470156
1,1,0.5742009367825976
1,2,0.6212894072320447
1,3,0.579252549255685
1,4,0.5848569565394424
