seed,sample,ranking_score
5,0,0.7493071107138682
5,1,0.7411300633742434
5,2,0.7428778934376119
5,3,0.7488716371001194
5,4,0.7385695305519988
