seed,sample,ranking_score
3,0,0.5628593369983558
3,1,0.5445579787253797
3,2,0.5285095413730961
3,3,0.5270998897355035
3,4,0.5271995272459353
