{
    "features": 0.011838197708129883,
    "process_features_model_1_multimer_v3_pred_0": 3.5762786865234375e-06,
    "predict_and_compile_model_1_multimer_v3_pred_0": 667.3210666179657,
    "relax_model_1_multimer_v3_pred_0": 43.15649223327637,
    "process_features_model_1_multimer_v3_pred_1": 3.5762786865234375e-06,
    "predict_and_compile_model_1_multimer_v3_pred_1": 494.34138917922974,
    "relax_model_1_multimer_v3_pred_1": 38.018308877944946,
    "process_features_model_1_multimer_v3_pred_2": 3.5762786865234375e-06,
    "predict_and_compile_model_1_multimer_v3_pred_2": 447.9702091217041,
    "relax_model_1_multimer_v3_pred_2": 70.80377888679504,
    "process_features_model_1_multimer_v3_pred_3": 3.814697265625e-06,
    "predict_and_compile_model_1_multimer_v3_pred_3": 188.92372608184814,
    "relax_model_1_multimer_v3_pred_3": 43.769184827804565,
    "process_features_model_1_multimer_v3_pred_4": 3.337860107421875e-06,
    "predict_and_compile_model_1_multimer_v3_pred_4": 377.2052001953125,
    "relax_model_1_multimer_v3_pred_4": 35.02904391288757,
    "process_features_model_2_multimer_v3_pred_0": 4.5299530029296875e-06,
    "predict_and_compile_model_2_multimer_v3_pred_0": 380.76815032958984,
    "relax_model_2_multimer_v3_pred_0": 35.8408887386322,
    "process_features_model_2_multimer_v3_pred_1": 2.0265579223632812e-05,
    "predict_and_compile_model_2_multimer_v3_pred_1": 188.56409072875977,
    "relax_model_2_multimer_v3_pred_1": 62.29982805252075,
    "process_features_model_2_multimer_v3_pred_2": 3.5762786865234375e-06,
    "predict_and_compile_model_2_multimer_v3_pred_2": 306.0057554244995,
    "relax_model_2_multimer_v3_pred_2": 49.12327170372009,
    "process_features_model_2_multimer_v3_pred_3": 3.337860107421875e-06,
    "predict_and_compile_model_2_multimer_v3_pred_3": 235.31768083572388,
    "relax_model_2_multimer_v3_pred_3": 38.49032211303711,
    "process_features_model_2_multimer_v3_pred_4": 3.814697265625e-06,
    "predict_and_compile_model_2_multimer_v3_pred_4": 447.3702070713043,
    "relax_model_2_multimer_v3_pred_4": 39.31310200691223,
    "process_features_model_3_multimer_v3_pred_0": 4.0531158447265625e-06,
    "predict_and_compile_model_3_multimer_v3_pred_0": 661.3236117362976,
    "relax_model_3_multimer_v3_pred_0": 44.629178047180176,
    "process_features_model_3_multimer_v3_pred_1": 3.814697265625e-06,
    "predict_and_compile_model_3_multimer_v3_pred_1": 212.37084364891052,
    "relax_model_3_multimer_v3_pred_1": 36.82499647140503,
    "process_features_model_3_multimer_v3_pred_2": 3.0994415283203125e-06,
    "predict_and_compile_model_3_multimer_v3_pred_2": 330.1828510761261,
    "relax_model_3_multimer_v3_pred_2": 37.13658356666565,
    "process_features_model_3_multimer_v3_pred_3": 3.814697265625e-06,
    "predict_and_compile_model_3_multimer_v3_pred_3": 494.647173166275,
    "relax_model_3_multimer_v3_pred_3": 34.72055506706238,
    "process_features_model_3_multimer_v3_pred_4": 3.337860107421875e-06,
    "predict_and_compile_model_3_multimer_v3_pred_4": 494.992716550827,
    "relax_model_3_multimer_v3_pred_4": 36.6269805431366,
    "process_features_model_4_multimer_v3_pred_0": 3.5762786865234375e-06,
    "predict_and_compile_model_4_multimer_v3_pred_0": 662.1883521080017,
    "relax_model_4_multimer_v3_pred_0": 71.96136665344238,
    "process_features_model_4_multimer_v3_pred_1": 3.5762786865234375e-06,
    "predict_and_compile_model_4_multimer_v3_pred_1": 488.94977259635925,
    "relax_model_4_multimer_v3_pred_1": 60.622671365737915,
    "process_features_model_4_multimer_v3_pred_2": 3.5762786865234375e-06,
    "predict_and_compile_model_4_multimer_v3_pred_2": 488.83231496810913,
    "relax_model_4_multimer_v3_pred_2": 35.33451557159424,
    "process_features_model_4_multimer_v3_pred_3": 3.814697265625e-06,
    "predict_and_compile_model_4_multimer_v3_pred_3": 488.9100844860077,
    "relax_model_4_multimer_v3_pred_3": 59.35018730163574,
    "process_features_model_4_multimer_v3_pred_4": 3.814697265625e-06,
    "predict_and_compile_model_4_multimer_v3_pred_4": 488.8304331302643,
    "relax_model_4_multimer_v3_pred_4": 68.88928055763245,
    "process_features_model_5_multimer_v3_pred_0": 3.5762786865234375e-06,
    "predict_and_compile_model_5_multimer_v3_pred_0": 659.7267048358917,
    "relax_model_5_multimer_v3_pred_0": 38.91200876235962,
    "process_features_model_5_multimer_v3_pred_1": 4.0531158447265625e-06,
    "predict_and_compile_model_5_multimer_v3_pred_1": 488.0219740867615,
    "relax_model_5_multimer_v3_pred_1": 40.422232151031494,
    "process_features_model_5_multimer_v3_pred_2": 3.814697265625e-06,
    "predict_and_compile_model_5_multimer_v3_pred_2": 463.99230313301086,
    "relax_model_5_multimer_v3_pred_2": 36.95008611679077,
    "process_features_model_5_multimer_v3_pred_3": 3.5762786865234375e-06,
    "predict_and_compile_model_5_multimer_v3_pred_3": 372.82650423049927,
    "relax_model_5_multimer_v3_pred_3": 34.66450071334839,
    "process_features_model_5_multimer_v3_pred_4": 3.5762786865234375e-06,
    "predict_and_compile_model_5_multimer_v3_pred_4": 372.81738352775574,
    "relax_model_5_multimer_v3_pred_4": 35.993891954422
}