{
    "features": 0.27539563179016113,
    "process_features_model_1_multimer_v3_pred_0": 6.4373016357421875e-06,
    "predict_and_compile_model_1_multimer_v3_pred_0": 1630.4411482810974,
    "predict_benchmark_model_1_multimer_v3_pred_0": 1495.9687809944153,
    "process_features_model_2_multimer_v3_pred_0": 5.245208740234375e-06,
    "predict_and_compile_model_2_multimer_v3_pred_0": 1612.4712195396423,
    "predict_benchmark_model_2_multimer_v3_pred_0": 1496.1490371227264,
    "process_features_model_3_multimer_v3_pred_0": 4.5299530029296875e-06,
    "predict_and_compile_model_3_multimer_v3_pred_0": 1616.3303060531616,
    "predict_benchmark_model_3_multimer_v3_pred_0": 1496.1426804065704,
    "process_features_model_4_multimer_v3_pred_0": 1.2636184692382812e-05,
    "predict_and_compile_model_4_multimer_v3_pred_0": 1583.5650289058685,
    "predict_benchmark_model_4_multimer_v3_pred_0": 1463.716140985489,
    "process_features_model_5_multimer_v3_pred_0": 4.5299530029296875e-06,
    "predict_and_compile_model_5_multimer_v3_pred_0": 1580.5510230064392,
    "predict_benchmark_model_5_multimer_v3_pred_0": 1461.844715833664
}