seed,sample,ranking_score
1,0,0.7943175301743006
1,1,0.8190766181698389
1,2,0.845607581585342
1,3,0.7770099708389603
1,4,0.7612286527333363
