seed,sample,ranking_score
1,0,0.7062515566918762
1,1,0.6767186483631064
1,2,0.6918950015577581
1,3,0.7030439966253277
1,4,0.6783740799419136
