{
    "features": 0.024365901947021484,
    "process_features_model_1_multimer_v3_pred_0": 1.1920928955078125e-05,
    "predict_and_compile_model_1_multimer_v3_pred_0": 239.57431435585022,
    "predict_benchmark_model_1_multimer_v3_pred_0": 156.41832447052002,
    "process_features_model_2_multimer_v3_pred_0": 1.33514404296875e-05,
    "predict_and_compile_model_2_multimer_v3_pred_0": 152.08001279830933,
    "predict_benchmark_model_2_multimer_v3_pred_0": 74.35876560211182,
    "process_features_model_3_multimer_v3_pred_0": 1.621246337890625e-05,
    "predict_and_compile_model_3_multimer_v3_pred_0": 238.37407779693604,
    "predict_benchmark_model_3_multimer_v3_pred_0": 156.1461238861084,
    "process_features_model_4_multimer_v3_pred_0": 1.9073486328125e-05,
    "predict_and_compile_model_4_multimer_v3_pred_0": 231.85867142677307,
    "predict_benchmark_model_4_multimer_v3_pred_0": 151.29566025733948,
    "process_features_model_5_multimer_v3_pred_0": 1.4066696166992188e-05,
    "predict_and_compile_model_5_multimer_v3_pred_0": 236.69751620292664,
    "predict_benchmark_model_5_multimer_v3_pred_0": 151.1275019645691
}