seed,sample,ranking_score
1,0,0.567597564068848
1,1,0.5957423038136562
1,2,0.533931007628191
1,3,0.5325788975761887
1,4,0.5634785608080235
