seed,sample,ranking_score
1,0,0.6227806127402213
1,1,0.6477433570521156
1,2,0.6182034309691582
1,3,0.6268613504910507
1,4,0.61253367846811
