seed,sample,ranking_score
1,0,0.3781035972905399
1,1,0.390614843336359
1,2,0.3820997434980841
1,3,0.37054391798182784
1,4,0.3665410589031722
