seed,sample,ranking_score
1,0,0.683741304617836
1,1,0.7056237872138206
1,2,0.6488727548964089
1,3,0.6906432684585242
1,4,0.6487398051239596
