seed,sample,ranking_score
1,0,0.5813460797664634
1,1,0.5852949032872724
1,2,0.5614146563044337
1,3,0.5751300393399322
1,4,0.5845382885924011
