seed,sample,ranking_score
2,0,0.8413584177285246
2,1,0.8125377470823854
2,2,0.8141330680928148
2,3,0.8106374683086105
2,4,0.8178447051414969
