seed,sample,ranking_score
1,0,0.5643675997582409
1,1,0.5095505535495028
1,2,0.5610476076609006
1,3,0.5327523186283633
1,4,0.5528422382821988
