seed,sample,ranking_score
2,0,0.874560445894703
2,1,0.8662800170027285
2,2,0.8796516013619906
2,3,0.8651004243225677
2,4,0.8732374341671622
