seed,sample,ranking_score
1,0,0.4241938401586838
1,1,0.4279635492339251
1,2,0.4409252042837055
1,3,0.41596584367462597
1,4,0.42678992202234806
