seed,sample,ranking_score
1,0,0.5924196384636544
1,1,0.5528813649449505
1,2,0.6026427674091055
1,3,0.5942000218582206
1,4,0.6239303039193216
