seed,sample,ranking_score
4,0,0.8392336370645184
4,1,0.8311253711476307
4,2,0.8301859099616921
4,3,0.8421680315950095
4,4,0.8109755510107687
