seed,sample,ranking_score
1,0,0.5364108403290568
1,1,0.5445171345293454
1,2,0.5092676735434061
1,3,0.5268122065797701
1,4,0.5219455311987296
