{
    "iptm+ptm": {
        "model_1_multimer_v3_pred_0": 0.6768055949943111,
        "model_1_multimer_v3_pred_1": 0.6755464657821885,
        "model_1_multimer_v3_pred_2": 0.6781968195824423,
        "model_1_multimer_v3_pred_3": 0.6791563739971249,
        "model_1_multimer_v3_pred_4": 0.6764053320894196,
        "model_2_multimer_v3_pred_0": 0.6902466038757167,
        "model_2_multimer_v3_pred_1": 0.679049750428416,
        "model_2_multimer_v3_pred_2": 0.7063540347332724,
        "model_2_multimer_v3_pred_3": 0.6769872203989721,
        "model_2_multimer_v3_pred_4": 0.7053947359306763,
        "model_3_multimer_v3_pred_0": 0.6600262792814874,
        "model_3_multimer_v3_pred_1": 0.659373311880946,
        "model_3_multimer_v3_pred_2": 0.6569822703819229,
        "model_3_multimer_v3_pred_3": 0.6636299083418407,
        "model_3_multimer_v3_pred_4": 0.6523520589324476,
        "model_4_multimer_v3_pred_0": 0.6684484270052862,
        "model_4_multimer_v3_pred_1": 0.6751395494730265,
        "model_4_multimer_v3_pred_2": 0.6828132026417898,
        "model_4_multimer_v3_pred_3": 0.6919303075500047,
        "model_4_multimer_v3_pred_4": 0.6695742548550485,
        "model_5_multimer_v3_pred_0": 0.6670858820281571,
        "model_5_multimer_v3_pred_1": 0.688242915991159,
        "model_5_multimer_v3_pred_2": 0.6849743682830816,
        "model_5_multimer_v3_pred_3": 0.6914119404016659,
        "model_5_multimer_v3_pred_4": 0.6856124509976262
    },
    "order": [
        "model_2_multimer_v3_pred_2",
        "model_2_multimer_v3_pred_4",
        "model_4_multimer_v3_pred_3",
        "model_5_multimer_v3_pred_3",
        "model_2_multimer_v3_pred_0",
        "model_5_multimer_v3_pred_1",
        "model_5_multimer_v3_pred_4",
        "model_5_multimer_v3_pred_2",
        "model_4_multimer_v3_pred_2",
        "model_1_multimer_v3_pred_3",
        "model_2_multimer_v3_pred_1",
        "model_1_multimer_v3_pred_2",
        "model_2_multimer_v3_pred_3",
        "model_1_multimer_v3_pred_0",
        "model_1_multimer_v3_pred_4",
        "model_1_multimer_v3_pred_1",
        "model_4_multimer_v3_pred_1",
        "model_4_multimer_v3_pred_4",
        "model_4_multimer_v3_pred_0",
        "model_5_multimer_v3_pred_0",
        "model_3_multimer_v3_pred_3",
        "model_3_multimer_v3_pred_0",
        "model_3_multimer_v3_pred_1",
        "model_3_multimer_v3_pred_2",
        "model_3_multimer_v3_pred_4"
    ]
}