{
    "features": 0.010649442672729492,
    "process_features_model_1_multimer_v3_pred_0": 4.76837158203125e-06,
    "predict_and_compile_model_1_multimer_v3_pred_0": 515.8885562419891,
    "relax_model_1_multimer_v3_pred_0": 40.39261198043823,
    "process_features_model_1_multimer_v3_pred_1": 3.5762786865234375e-06,
    "predict_and_compile_model_1_multimer_v3_pred_1": 342.40708112716675,
    "relax_model_1_multimer_v3_pred_1": 45.65381407737732,
    "process_features_model_1_multimer_v3_pred_2": 3.814697265625e-06,
    "predict_and_compile_model_1_multimer_v3_pred_2": 342.1235809326172,
    "relax_model_1_multimer_v3_pred_2": 25.67894673347473,
    "process_features_model_1_multimer_v3_pred_3": 3.5762786865234375e-06,
    "predict_and_compile_model_1_multimer_v3_pred_3": 342.5083951950073,
    "relax_model_1_multimer_v3_pred_3": 35.14513349533081,
    "process_features_model_1_multimer_v3_pred_4": 3.5762786865234375e-06,
    "predict_and_compile_model_1_multimer_v3_pred_4": 342.60312366485596,
    "relax_model_1_multimer_v3_pred_4": 36.7271454334259,
    "process_features_model_2_multimer_v3_pred_0": 3.5762786865234375e-06,
    "predict_and_compile_model_2_multimer_v3_pred_0": 514.1465308666229,
    "relax_model_2_multimer_v3_pred_0": 26.298189878463745,
    "process_features_model_2_multimer_v3_pred_1": 3.0994415283203125e-06,
    "predict_and_compile_model_2_multimer_v3_pred_1": 343.2038788795471,
    "relax_model_2_multimer_v3_pred_1": 44.39022874832153,
    "process_features_model_2_multimer_v3_pred_2": 4.0531158447265625e-06,
    "predict_and_compile_model_2_multimer_v3_pred_2": 228.92775797843933,
    "relax_model_2_multimer_v3_pred_2": 36.182157039642334,
    "process_features_model_2_multimer_v3_pred_3": 3.337860107421875e-06,
    "predict_and_compile_model_2_multimer_v3_pred_3": 342.9497489929199,
    "relax_model_2_multimer_v3_pred_3": 45.12028884887695,
    "process_features_model_2_multimer_v3_pred_4": 3.337860107421875e-06,
    "predict_and_compile_model_2_multimer_v3_pred_4": 228.43112349510193,
    "relax_model_2_multimer_v3_pred_4": 25.34912943840027,
    "process_features_model_3_multimer_v3_pred_0": 3.337860107421875e-06,
    "predict_and_compile_model_3_multimer_v3_pred_0": 511.2968051433563,
    "relax_model_3_multimer_v3_pred_0": 46.78535509109497,
    "process_features_model_3_multimer_v3_pred_1": 3.337860107421875e-06,
    "predict_and_compile_model_3_multimer_v3_pred_1": 342.9353551864624,
    "relax_model_3_multimer_v3_pred_1": 46.76939511299133,
    "process_features_model_3_multimer_v3_pred_2": 3.5762786865234375e-06,
    "predict_and_compile_model_3_multimer_v3_pred_2": 342.5018379688263,
    "relax_model_3_multimer_v3_pred_2": 46.97864079475403,
    "process_features_model_3_multimer_v3_pred_3": 3.5762786865234375e-06,
    "predict_and_compile_model_3_multimer_v3_pred_3": 342.4994571208954,
    "relax_model_3_multimer_v3_pred_3": 46.02665090560913,
    "process_features_model_3_multimer_v3_pred_4": 3.814697265625e-06,
    "predict_and_compile_model_3_multimer_v3_pred_4": 342.379052400589,
    "relax_model_3_multimer_v3_pred_4": 45.24205207824707,
    "process_features_model_4_multimer_v3_pred_0": 4.0531158447265625e-06,
    "predict_and_compile_model_4_multimer_v3_pred_0": 514.1112368106842,
    "relax_model_4_multimer_v3_pred_0": 26.11452341079712,
    "process_features_model_4_multimer_v3_pred_1": 3.5762786865234375e-06,
    "predict_and_compile_model_4_multimer_v3_pred_1": 337.2445948123932,
    "relax_model_4_multimer_v3_pred_1": 27.327340602874756,
    "process_features_model_4_multimer_v3_pred_2": 3.5762786865234375e-06,
    "predict_and_compile_model_4_multimer_v3_pred_2": 336.8335084915161,
    "relax_model_4_multimer_v3_pred_2": 35.690799713134766,
    "process_features_model_4_multimer_v3_pred_3": 3.5762786865234375e-06,
    "predict_and_compile_model_4_multimer_v3_pred_3": 336.7478594779968,
    "relax_model_4_multimer_v3_pred_3": 35.98490643501282,
    "process_features_model_4_multimer_v3_pred_4": 3.0994415283203125e-06,
    "predict_and_compile_model_4_multimer_v3_pred_4": 336.7836368083954,
    "relax_model_4_multimer_v3_pred_4": 34.73064422607422,
    "process_features_model_5_multimer_v3_pred_0": 3.337860107421875e-06,
    "predict_and_compile_model_5_multimer_v3_pred_0": 503.8072135448456,
    "relax_model_5_multimer_v3_pred_0": 37.2198486328125,
    "process_features_model_5_multimer_v3_pred_1": 4.0531158447265625e-06,
    "predict_and_compile_model_5_multimer_v3_pred_1": 337.22667813301086,
    "relax_model_5_multimer_v3_pred_1": 45.945821046829224,
    "process_features_model_5_multimer_v3_pred_2": 3.814697265625e-06,
    "predict_and_compile_model_5_multimer_v3_pred_2": 336.6965401172638,
    "relax_model_5_multimer_v3_pred_2": 46.59615397453308,
    "process_features_model_5_multimer_v3_pred_3": 3.337860107421875e-06,
    "predict_and_compile_model_5_multimer_v3_pred_3": 337.4052038192749,
    "relax_model_5_multimer_v3_pred_3": 46.63960099220276,
    "process_features_model_5_multimer_v3_pred_4": 3.5762786865234375e-06,
    "predict_and_compile_model_5_multimer_v3_pred_4": 337.1390793323517,
    "relax_model_5_multimer_v3_pred_4": 28.077824115753174
}