seed,sample,ranking_score
1,0,0.5847186070333794
1,1,0.5523287108363919
1,2,0.579754701361646
1,3,0.5935239164395812
1,4,0.6040309002684352
