seed,sample,ranking_score
1,0,0.39077490325168507
1,1,0.4201544974878064
1,2,0.42121989334248056
1,3,0.41954871193764615
1,4,0.40946462284999136
