{
    "features": 0.43059825897216797,
    "process_features_model_1_multimer_v3_pred_0": 4.0531158447265625e-06,
    "predict_and_compile_model_1_multimer_v3_pred_0": 118.08694791793823,
    "predict_benchmark_model_1_multimer_v3_pred_0": 37.50528526306152,
    "process_features_model_2_multimer_v3_pred_0": 5.9604644775390625e-06,
    "predict_and_compile_model_2_multimer_v3_pred_0": 114.36166167259216,
    "predict_benchmark_model_2_multimer_v3_pred_0": 32.80860924720764,
    "process_features_model_3_multimer_v3_pred_0": 2.384185791015625e-05,
    "predict_and_compile_model_3_multimer_v3_pred_0": 110.92767095565796,
    "predict_benchmark_model_3_multimer_v3_pred_0": 23.478875637054443,
    "process_features_model_4_multimer_v3_pred_0": 2.5033950805664062e-05,
    "predict_and_compile_model_4_multimer_v3_pred_0": 141.09284377098083,
    "predict_benchmark_model_4_multimer_v3_pred_0": 54.98621153831482,
    "process_features_model_5_multimer_v3_pred_0": 2.002716064453125e-05,
    "predict_and_compile_model_5_multimer_v3_pred_0": 120.18411135673523,
    "predict_benchmark_model_5_multimer_v3_pred_0": 36.83818769454956
}