{
    "iptm+ptm": {
        "model_1_multimer_v3_pred_0": 0.6424661271608332,
        "model_1_multimer_v3_pred_1": 0.6471029355174733,
        "model_1_multimer_v3_pred_2": 0.6430038520361763,
        "model_1_multimer_v3_pred_3": 0.6532184936147523,
        "model_1_multimer_v3_pred_4": 0.6389323892008005,
        "model_2_multimer_v3_pred_0": 0.629784707319181,
        "model_2_multimer_v3_pred_1": 0.6359136071656373,
        "model_2_multimer_v3_pred_2": 0.6216312624757434,
        "model_2_multimer_v3_pred_3": 0.6436627886553971,
        "model_2_multimer_v3_pred_4": 0.618407648857236,
        "model_3_multimer_v3_pred_0": 0.6645428760178983,
        "model_3_multimer_v3_pred_1": 0.6491343080197174,
        "model_3_multimer_v3_pred_2": 0.6484393889844957,
        "model_3_multimer_v3_pred_3": 0.6510655186471407,
        "model_3_multimer_v3_pred_4": 0.6654545706292079,
        "model_4_multimer_v3_pred_0": 0.6823242199935169,
        "model_4_multimer_v3_pred_1": 0.6995310157048159,
        "model_4_multimer_v3_pred_2": 0.6965051216144597,
        "model_4_multimer_v3_pred_3": 0.6855580419709761,
        "model_4_multimer_v3_pred_4": 0.6879491450769102,
        "model_5_multimer_v3_pred_0": 0.6096217590652573,
        "model_5_multimer_v3_pred_1": 0.6498211045125,
        "model_5_multimer_v3_pred_2": 0.6484265017207117,
        "model_5_multimer_v3_pred_3": 0.6055670516813231,
        "model_5_multimer_v3_pred_4": 0.6525624724352543
    },
    "order": [
        "model_4_multimer_v3_pred_1",
        "model_4_multimer_v3_pred_2",
        "model_4_multimer_v3_pred_4",
        "model_4_multimer_v3_pred_3",
        "model_4_multimer_v3_pred_0",
        "model_3_multimer_v3_pred_4",
        "model_3_multimer_v3_pred_0",
        "model_1_multimer_v3_pred_3",
        "model_5_multimer_v3_pred_4",
        "model_3_multimer_v3_pred_3",
        "model_5_multimer_v3_pred_1",
        "model_3_multimer_v3_pred_1",
        "model_3_multimer_v3_pred_2",
        "model_5_multimer_v3_pred_2",
        "model_1_multimer_v3_pred_1",
        "model_2_multimer_v3_pred_3",
        "model_1_multimer_v3_pred_2",
        "model_1_multimer_v3_pred_0",
        "model_1_multimer_v3_pred_4",
        "model_2_multimer_v3_pred_1",
        "model_2_multimer_v3_pred_0",
        "model_2_multimer_v3_pred_2",
        "model_2_multimer_v3_pred_4",
        "model_5_multimer_v3_pred_0",
        "model_5_multimer_v3_pred_3"
    ]
}