{
    "features": 0.008273601531982422,
    "process_features_model_1_multimer_v3_pred_0": 3.5762786865234375e-06,
    "predict_and_compile_model_1_multimer_v3_pred_0": 193.12322163581848,
    "relax_model_1_multimer_v3_pred_0": 30.34477138519287,
    "process_features_model_1_multimer_v3_pred_1": 2.86102294921875e-06,
    "predict_and_compile_model_1_multimer_v3_pred_1": 55.53072214126587,
    "relax_model_1_multimer_v3_pred_1": 25.8586106300354,
    "process_features_model_1_multimer_v3_pred_2": 1.9073486328125e-06,
    "predict_and_compile_model_1_multimer_v3_pred_2": 82.96007943153381,
    "relax_model_1_multimer_v3_pred_2": 25.75510048866272,
    "process_features_model_1_multimer_v3_pred_3": 2.384185791015625e-06,
    "predict_and_compile_model_1_multimer_v3_pred_3": 144.48093700408936,
    "relax_model_1_multimer_v3_pred_3": 25.2297101020813,
    "process_features_model_1_multimer_v3_pred_4": 2.6226043701171875e-06,
    "predict_and_compile_model_1_multimer_v3_pred_4": 144.2994260787964,
    "relax_model_1_multimer_v3_pred_4": 29.546595811843872,
    "process_features_model_2_multimer_v3_pred_0": 2.86102294921875e-06,
    "predict_and_compile_model_2_multimer_v3_pred_0": 169.40201544761658,
    "relax_model_2_multimer_v3_pred_0": 35.987844705581665,
    "process_features_model_2_multimer_v3_pred_1": 3.5762786865234375e-06,
    "predict_and_compile_model_2_multimer_v3_pred_1": 82.99028325080872,
    "relax_model_2_multimer_v3_pred_1": 25.816261291503906,
    "process_features_model_2_multimer_v3_pred_2": 2.1457672119140625e-06,
    "predict_and_compile_model_2_multimer_v3_pred_2": 96.65795540809631,
    "relax_model_2_multimer_v3_pred_2": 26.207432508468628,
    "process_features_model_2_multimer_v3_pred_3": 2.6226043701171875e-06,
    "predict_and_compile_model_2_multimer_v3_pred_3": 144.68316197395325,
    "relax_model_2_multimer_v3_pred_3": 45.127594232559204,
    "process_features_model_2_multimer_v3_pred_4": 2.384185791015625e-06,
    "predict_and_compile_model_2_multimer_v3_pred_4": 96.55228042602539,
    "relax_model_2_multimer_v3_pred_4": 36.005213022232056,
    "process_features_model_3_multimer_v3_pred_0": 2.6226043701171875e-06,
    "predict_and_compile_model_3_multimer_v3_pred_0": 184.6589207649231,
    "relax_model_3_multimer_v3_pred_0": 26.12627124786377,
    "process_features_model_3_multimer_v3_pred_1": 2.86102294921875e-06,
    "predict_and_compile_model_3_multimer_v3_pred_1": 103.33828711509705,
    "relax_model_3_multimer_v3_pred_1": 25.145280838012695,
    "process_features_model_3_multimer_v3_pred_2": 2.1457672119140625e-06,
    "predict_and_compile_model_3_multimer_v3_pred_2": 76.10182523727417,
    "relax_model_3_multimer_v3_pred_2": 175.71643733978271,
    "process_features_model_3_multimer_v3_pred_3": 2.6226043701171875e-06,
    "predict_and_compile_model_3_multimer_v3_pred_3": 55.53763222694397,
    "relax_model_3_multimer_v3_pred_3": 25.508582830429077,
    "process_features_model_3_multimer_v3_pred_4": 2.384185791015625e-06,
    "predict_and_compile_model_3_multimer_v3_pred_4": 124.0435528755188,
    "relax_model_3_multimer_v3_pred_4": 25.37143111228943,
    "process_features_model_4_multimer_v3_pred_0": 2.6226043701171875e-06,
    "predict_and_compile_model_4_multimer_v3_pred_0": 259.73123240470886,
    "relax_model_4_multimer_v3_pred_0": 25.40924310684204,
    "process_features_model_4_multimer_v3_pred_1": 2.1457672119140625e-06,
    "predict_and_compile_model_4_multimer_v3_pred_1": 139.93669056892395,
    "relax_model_4_multimer_v3_pred_1": 37.773553133010864,
    "process_features_model_4_multimer_v3_pred_2": 2.6226043701171875e-06,
    "predict_and_compile_model_4_multimer_v3_pred_2": 139.6448791027069,
    "relax_model_4_multimer_v3_pred_2": 51.336899280548096,
    "process_features_model_4_multimer_v3_pred_3": 2.1457672119140625e-06,
    "predict_and_compile_model_4_multimer_v3_pred_3": 139.89645075798035,
    "relax_model_4_multimer_v3_pred_3": 41.63345980644226,
    "process_features_model_4_multimer_v3_pred_4": 2.86102294921875e-06,
    "predict_and_compile_model_4_multimer_v3_pred_4": 139.977525472641,
    "relax_model_4_multimer_v3_pred_4": 53.70000410079956,
    "process_features_model_5_multimer_v3_pred_0": 2.384185791015625e-06,
    "predict_and_compile_model_5_multimer_v3_pred_0": 256.7154414653778,
    "relax_model_5_multimer_v3_pred_0": 37.101513624191284,
    "process_features_model_5_multimer_v3_pred_1": 2.86102294921875e-06,
    "predict_and_compile_model_5_multimer_v3_pred_1": 139.99135327339172,
    "relax_model_5_multimer_v3_pred_1": 37.26711678504944,
    "process_features_model_5_multimer_v3_pred_2": 2.86102294921875e-06,
    "predict_and_compile_model_5_multimer_v3_pred_2": 139.93753790855408,
    "relax_model_5_multimer_v3_pred_2": 25.96277904510498,
    "process_features_model_5_multimer_v3_pred_3": 2.384185791015625e-06,
    "predict_and_compile_model_5_multimer_v3_pred_3": 139.88337016105652,
    "relax_model_5_multimer_v3_pred_3": 25.422914028167725,
    "process_features_model_5_multimer_v3_pred_4": 2.384185791015625e-06,
    "predict_and_compile_model_5_multimer_v3_pred_4": 139.82614135742188,
    "relax_model_5_multimer_v3_pred_4": 35.32058882713318
}