seed,sample,ranking_score
1,0,0.3880968829056462
1,1,0.3371984412485344
1,2,0.37514133299760705
1,3,0.3808313052256802
1,4,0.33478120419018126
