seed,sample,ranking_score
3,0,0.7624322592698399
3,1,0.7653416410647927
3,2,0.750446802158845
3,3,0.7701557367758449
3,4,0.7677325433162239
