seed,sample,ranking_score
1,0,0.6720919649054476
1,1,0.6573372257120732
1,2,0.6648790694984933
1,3,0.6631703297831643
1,4,0.649274307239335
