seed,sample,ranking_score
1,0,0.2985375638629564
1,1,0.27357715392054094
1,2,0.2741995191006648
1,3,0.2900807449656511
1,4,0.29473659471511626
