{
    "features": 0.04299759864807129,
    "process_features_model_1_multimer_v3_pred_0": 4.5299530029296875e-06,
    "predict_and_compile_model_1_multimer_v3_pred_0": 448.8281524181366,
    "predict_benchmark_model_1_multimer_v3_pred_0": 367.4834871292114,
    "process_features_model_2_multimer_v3_pred_0": 6.67572021484375e-06,
    "predict_and_compile_model_2_multimer_v3_pred_0": 444.2143268585205,
    "predict_benchmark_model_2_multimer_v3_pred_0": 367.3186185359955,
    "process_features_model_3_multimer_v3_pred_0": 1.239776611328125e-05,
    "predict_and_compile_model_3_multimer_v3_pred_0": 441.851797580719,
    "predict_benchmark_model_3_multimer_v3_pred_0": 367.0575394630432,
    "process_features_model_4_multimer_v3_pred_0": 1.4066696166992188e-05,
    "predict_and_compile_model_4_multimer_v3_pred_0": 435.6082661151886,
    "predict_benchmark_model_4_multimer_v3_pred_0": 358.7367157936096,
    "process_features_model_5_multimer_v3_pred_0": 1.0967254638671875e-05,
    "predict_and_compile_model_5_multimer_v3_pred_0": 436.30970788002014,
    "predict_benchmark_model_5_multimer_v3_pred_0": 359.14709663391113
}