seed,sample,ranking_score
1,0,0.5334242499728054
1,1,0.64247150747888
1,2,0.5187049120728104
1,3,0.6970235926861252
1,4,0.6976512381553209
