seed,sample,ranking_score
1,0,0.4942632440428518
1,1,0.5391461165132845
1,2,0.49345420631625425
1,3,0.5049740176868351
1,4,0.513374297872464
