seed,sample,ranking_score
1,0,0.49425514775524987
1,1,0.45256447912625003
1,2,0.48319434524005916
1,3,0.4787200208190232
1,4,0.3907190454881121
