seed,sample,ranking_score
1,0,0.3693468922315316
1,1,0.3877753095181576
1,2,0.3711776140429518
1,3,0.3610178216284327
1,4,0.3308121524014705
