seed,sample,ranking_score
1,0,0.5652215863361952
1,1,0.5510679212739156
1,2,0.5953959632990261
1,3,0.651562826936601
1,4,0.5835639072491813
