seed,sample,ranking_score
1,0,0.29153449101583057
1,1,0.283143466956727
1,2,0.2747013207238382
1,3,0.3038290309465824
1,4,0.2525322693948543
