seed,sample,ranking_score
1,0,0.6561554364842975
1,1,0.6593986783051592
1,2,0.6238721252727868
1,3,0.5424710354066586
1,4,0.6620931778623621
