seed,sample,ranking_score
1,0,0.4876376251819583
1,1,0.30033314746157247
1,2,0.4630366348760625
1,3,0.4631541685992216
1,4,0.46100187160931577
