seed,sample,ranking_score
1,0,0.6882592710326737
1,1,0.7762194350240486
1,2,0.7239101751029442
1,3,0.7615564424508358
1,4,0.7635355834703953
