seed,sample,ranking_score
1,0,0.9047035415199124
1,1,0.8969791122102727
1,2,0.899846420046944
1,3,0.908604742383753
1,4,0.9022327838276971
