{
    "features": 0.011837005615234375,
    "process_features_model_1_multimer_v3_pred_0": 3.814697265625e-06,
    "predict_and_compile_model_1_multimer_v3_pred_0": 558.2964723110199,
    "relax_model_1_multimer_v3_pred_0": 78.59939479827881,
    "process_features_model_1_multimer_v3_pred_1": 3.337860107421875e-06,
    "predict_and_compile_model_1_multimer_v3_pred_1": 363.68806409835815,
    "relax_model_1_multimer_v3_pred_1": 53.36624336242676,
    "process_features_model_1_multimer_v3_pred_2": 3.5762786865234375e-06,
    "predict_and_compile_model_1_multimer_v3_pred_2": 508.7137875556946,
    "relax_model_1_multimer_v3_pred_2": 54.34638023376465,
    "process_features_model_1_multimer_v3_pred_3": 3.0994415283203125e-06,
    "predict_and_compile_model_1_multimer_v3_pred_3": 508.74520802497864,
    "relax_model_1_multimer_v3_pred_3": 56.09963512420654,
    "process_features_model_1_multimer_v3_pred_4": 3.0994415283203125e-06,
    "predict_and_compile_model_1_multimer_v3_pred_4": 512.5015120506287,
    "relax_model_1_multimer_v3_pred_4": 53.067320823669434,
    "process_features_model_2_multimer_v3_pred_0": 3.5762786865234375e-06,
    "predict_and_compile_model_2_multimer_v3_pred_0": 478.8023338317871,
    "relax_model_2_multimer_v3_pred_0": 81.49655389785767,
    "process_features_model_2_multimer_v3_pred_1": 4.0531158447265625e-06,
    "predict_and_compile_model_2_multimer_v3_pred_1": 508.40910172462463,
    "relax_model_2_multimer_v3_pred_1": 121.77939891815186,
    "process_features_model_2_multimer_v3_pred_2": 2.86102294921875e-06,
    "predict_and_compile_model_2_multimer_v3_pred_2": 508.42620038986206,
    "relax_model_2_multimer_v3_pred_2": 58.03352069854736,
    "process_features_model_2_multimer_v3_pred_3": 3.5762786865234375e-06,
    "predict_and_compile_model_2_multimer_v3_pred_3": 291.16428565979004,
    "relax_model_2_multimer_v3_pred_3": 65.28488373756409,
    "process_features_model_2_multimer_v3_pred_4": 3.337860107421875e-06,
    "predict_and_compile_model_2_multimer_v3_pred_4": 508.9314155578613,
    "relax_model_2_multimer_v3_pred_4": 64.5090708732605,
    "process_features_model_3_multimer_v3_pred_0": 3.0994415283203125e-06,
    "predict_and_compile_model_3_multimer_v3_pred_0": 458.5148310661316,
    "relax_model_3_multimer_v3_pred_0": 51.898650884628296,
    "process_features_model_3_multimer_v3_pred_1": 3.0994415283203125e-06,
    "predict_and_compile_model_3_multimer_v3_pred_1": 435.8654704093933,
    "relax_model_3_multimer_v3_pred_1": 52.22358584403992,
    "process_features_model_3_multimer_v3_pred_2": 3.5762786865234375e-06,
    "predict_and_compile_model_3_multimer_v3_pred_2": 339.71333718299866,
    "relax_model_3_multimer_v3_pred_2": 53.335050106048584,
    "process_features_model_3_multimer_v3_pred_3": 3.337860107421875e-06,
    "predict_and_compile_model_3_multimer_v3_pred_3": 387.8789358139038,
    "relax_model_3_multimer_v3_pred_3": 60.85111927986145,
    "process_features_model_3_multimer_v3_pred_4": 3.337860107421875e-06,
    "predict_and_compile_model_3_multimer_v3_pred_4": 295.1449694633484,
    "relax_model_3_multimer_v3_pred_4": 66.04783535003662,
    "process_features_model_4_multimer_v3_pred_0": 3.5762786865234375e-06,
    "predict_and_compile_model_4_multimer_v3_pred_0": 613.5533502101898,
    "relax_model_4_multimer_v3_pred_0": 80.34759950637817,
    "process_features_model_4_multimer_v3_pred_1": 3.0994415283203125e-06,
    "predict_and_compile_model_4_multimer_v3_pred_1": 502.4036138057709,
    "relax_model_4_multimer_v3_pred_1": 100.04127240180969,
    "process_features_model_4_multimer_v3_pred_2": 5.0067901611328125e-06,
    "predict_and_compile_model_4_multimer_v3_pred_2": 502.2532379627228,
    "relax_model_4_multimer_v3_pred_2": 68.47368288040161,
    "process_features_model_4_multimer_v3_pred_3": 3.0994415283203125e-06,
    "predict_and_compile_model_4_multimer_v3_pred_3": 502.04447078704834,
    "relax_model_4_multimer_v3_pred_3": 53.74253034591675,
    "process_features_model_4_multimer_v3_pred_4": 2.86102294921875e-06,
    "predict_and_compile_model_4_multimer_v3_pred_4": 501.9447810649872,
    "relax_model_4_multimer_v3_pred_4": 59.0459349155426,
    "process_features_model_5_multimer_v3_pred_0": 3.337860107421875e-06,
    "predict_and_compile_model_5_multimer_v3_pred_0": 612.5227246284485,
    "relax_model_5_multimer_v3_pred_0": 52.948237657547,
    "process_features_model_5_multimer_v3_pred_1": 3.0994415283203125e-06,
    "predict_and_compile_model_5_multimer_v3_pred_1": 502.0558030605316,
    "relax_model_5_multimer_v3_pred_1": 79.11887121200562,
    "process_features_model_5_multimer_v3_pred_2": 3.337860107421875e-06,
    "predict_and_compile_model_5_multimer_v3_pred_2": 311.64715051651,
    "relax_model_5_multimer_v3_pred_2": 59.977060079574585,
    "process_features_model_5_multimer_v3_pred_3": 3.0994415283203125e-06,
    "predict_and_compile_model_5_multimer_v3_pred_3": 335.5121924877167,
    "relax_model_5_multimer_v3_pred_3": 53.53843402862549,
    "process_features_model_5_multimer_v3_pred_4": 2.86102294921875e-06,
    "predict_and_compile_model_5_multimer_v3_pred_4": 218.02042865753174,
    "relax_model_5_multimer_v3_pred_4": 53.78208613395691
}