seed,sample,ranking_score
1,0,0.6400063427172692
1,1,0.6717625487685815
1,2,0.6778756029815243
1,3,0.645938211989731
1,4,0.6618712813948767
