seed,sample,ranking_score
1,0,0.9487566946509735
1,1,0.9654807448096441
1,2,0.9675692259108989
1,3,0.9492864242259531
1,4,0.9662206402773043
