{
    "features": 2.2239484786987305,
    "process_features_model_1_multimer_v3_pred_0": 4.291534423828125e-06,
    "predict_and_compile_model_1_multimer_v3_pred_0": 488.2135224342346,
    "predict_benchmark_model_1_multimer_v3_pred_0": 368.24427103996277,
    "process_features_model_2_multimer_v3_pred_0": 3.814697265625e-06,
    "predict_and_compile_model_2_multimer_v3_pred_0": 481.9525363445282,
    "predict_benchmark_model_2_multimer_v3_pred_0": 368.30943751335144,
    "process_features_model_3_multimer_v3_pred_0": 3.814697265625e-06,
    "predict_and_compile_model_3_multimer_v3_pred_0": 483.8084843158722,
    "predict_benchmark_model_3_multimer_v3_pred_0": 368.3701853752136,
    "process_features_model_4_multimer_v3_pred_0": 3.814697265625e-06,
    "predict_and_compile_model_4_multimer_v3_pred_0": 478.97780418395996,
    "predict_benchmark_model_4_multimer_v3_pred_0": 358.33084774017334,
    "process_features_model_5_multimer_v3_pred_0": 3.814697265625e-06,
    "predict_and_compile_model_5_multimer_v3_pred_0": 475.99788069725037,
    "predict_benchmark_model_5_multimer_v3_pred_0": 358.61582708358765
}