{
    "features": 0.04411816596984863,
    "process_features_model_1_multimer_v3_pred_0": 4.0531158447265625e-06,
    "predict_and_compile_model_1_multimer_v3_pred_0": 103.10660004615784,
    "predict_benchmark_model_1_multimer_v3_pred_0": 23.817038774490356,
    "process_features_model_2_multimer_v3_pred_0": 8.344650268554688e-06,
    "predict_and_compile_model_2_multimer_v3_pred_0": 107.51109075546265,
    "predict_benchmark_model_2_multimer_v3_pred_0": 23.78549551963806,
    "process_features_model_3_multimer_v3_pred_0": 1.71661376953125e-05,
    "predict_and_compile_model_3_multimer_v3_pred_0": 105.8183183670044,
    "predict_benchmark_model_3_multimer_v3_pred_0": 19.101299047470093,
    "process_features_model_4_multimer_v3_pred_0": 8.344650268554688e-06,
    "predict_and_compile_model_4_multimer_v3_pred_0": 110.21678709983826,
    "predict_benchmark_model_4_multimer_v3_pred_0": 23.365001440048218,
    "process_features_model_5_multimer_v3_pred_0": 2.4557113647460938e-05,
    "predict_and_compile_model_5_multimer_v3_pred_0": 109.61536455154419,
    "predict_benchmark_model_5_multimer_v3_pred_0": 23.49526309967041
}