seed,sample,ranking_score
1,0,1.0001641482941541
1,1,1.0014857050038932
1,2,1.00657664319372
1,3,1.0098455579190877
1,4,1.004810210259167
