seed,sample,ranking_score
1,0,0.46500031513305834
1,1,0.4905020895907891
1,2,0.4612875093335706
1,3,0.4991332296554595
1,4,0.4713858058682599
