seed,sample,ranking_score
1,0,0.5851737291840324
1,1,0.5368410473815715
1,2,0.5618503651550468
1,3,0.5538727702523726
1,4,0.5834019556210109
