seed,sample,ranking_score
1,0,0.6347515226269684
1,1,0.620482962565981
1,2,0.6435590401007915
1,3,0.6471439097052712
1,4,0.6406455849903686
