seed,sample,ranking_score
1,0,0.3174544826149444
1,1,0.32227597890323384
1,2,0.4230649779781219
1,3,0.40329009950488603
1,4,0.369626450390511
