seed,sample,ranking_score
1,0,0.7102493008189795
1,1,0.7189074221383289
1,2,0.70387425511665
1,3,0.7194039368341922
1,4,0.6983184482811026
