{
    "features": 0.1687614917755127,
    "process_features_model_1_multimer_v3_pred_0": 4.5299530029296875e-06,
    "predict_and_compile_model_1_multimer_v3_pred_0": 279.1398730278015,
    "predict_benchmark_model_1_multimer_v3_pred_0": 162.38366150856018,
    "process_features_model_2_multimer_v3_pred_0": 3.814697265625e-06,
    "predict_and_compile_model_2_multimer_v3_pred_0": 276.0544686317444,
    "predict_benchmark_model_2_multimer_v3_pred_0": 162.61327290534973,
    "process_features_model_3_multimer_v3_pred_0": 3.814697265625e-06,
    "predict_and_compile_model_3_multimer_v3_pred_0": 277.33738017082214,
    "predict_benchmark_model_3_multimer_v3_pred_0": 162.0565824508667,
    "process_features_model_4_multimer_v3_pred_0": 4.0531158447265625e-06,
    "predict_and_compile_model_4_multimer_v3_pred_0": 276.92058873176575,
    "predict_benchmark_model_4_multimer_v3_pred_0": 157.24150323867798,
    "process_features_model_5_multimer_v3_pred_0": 3.814697265625e-06,
    "predict_and_compile_model_5_multimer_v3_pred_0": 273.4350173473358,
    "predict_benchmark_model_5_multimer_v3_pred_0": 157.5195653438568
}