seed,sample,ranking_score
2,0,0.7200872505663904
2,1,0.719320979982432
2,2,0.7268834406512
2,3,0.7205948745988127
2,4,0.6864611372112458
