,agonist length,pKi,gpcr selectivity
AF2 (no templates),"(np.float64(0.24687015266979925), np.float64(0.005910457810487032), np.int64(123))","(np.float64(-0.21551115070496926), np.float64(0.15509007185632576), np.int64(123))","(np.float64(-0.25602885729822067), np.float64(0.004259079905118185), np.int64(123))"
AF2 (no templates) LIS,"(np.float64(-0.12058606894861046), np.float64(0.18399229138599293), np.int64(123))","(np.float64(-0.2967843713757141), np.float64(0.04773480686986057), np.int64(123))","(np.float64(-0.14123411738935293), np.float64(0.11918816582189677), np.int64(123))"
Chai-1,"(np.float64(-0.08282603458320537), np.float64(0.3624154325318608), np.int64(123))","(np.float64(-0.1029534775413855), np.float64(0.5009535571574619), np.int64(123))","(np.float64(-0.20538730779131809), np.float64(0.022670006716799064), np.int64(123))"
AF3,"(np.float64(0.2084713489410057), np.float64(0.021204927453456653), np.int64(122))","(np.float64(-0.2721026328857036), np.float64(0.07056856200069817), np.int64(122))","(np.float64(-0.28665998119050246), np.float64(0.0013689156152847618), np.int64(122))"
AF3 LIS,"(np.float64(-0.02323689520707077), np.float64(0.7994553793757954), np.int64(122))","(np.float64(-0.33080791877496857), np.float64(0.026446882326647297), np.int64(122))","(np.float64(-0.31351472890719134), np.float64(0.0004375751908217729), np.int64(122))"
RF-AA,"(np.float64(0.5261511590576341), np.float64(4.849779339850855e-10), np.int64(122))","(np.float64(0.15304131024152975), np.float64(0.31553724820009693), np.int64(122))","(np.float64(-0.3022681070469255), np.float64(0.0007148914927775129), np.int64(122))"
Peptriever,"(np.float64(-0.42807462718009326), np.float64(0.0058591572945355715), np.int64(40))","(np.float64(-0.12912961651350308), np.float64(0.5769426287027337), np.int64(40))","(np.float64(-0.021687070273849304), np.float64(0.8943300460958832), np.int64(40))"
