,agonist length,pKi,gpcr selectivity
AF2 (no templates),"(np.float64(0.24687015266979925), np.float64(0.04137320467340922), np.int64(123))","(np.float64(-0.21551115070496926), np.float64(1.0), np.int64(123))","(np.float64(-0.25602885729822067), np.float64(0.029813559335827296), np.int64(123))"
AF2 (no templates) LIS,"(np.float64(-0.12058606894861046), np.float64(1.0), np.int64(123))","(np.float64(-0.2967843713757141), np.float64(0.33414364808902397), np.int64(123))","(np.float64(-0.14123411738935293), np.float64(0.8343171607532774), np.int64(123))"
Chai-1,"(np.float64(-0.08282603458320537), np.float64(1.0), np.int64(123))","(np.float64(-0.1029534775413855), np.float64(1.0), np.int64(123))","(np.float64(-0.20538730779131809), np.float64(0.15869004701759346), np.int64(123))"
AF3,"(np.float64(0.2084713489410057), np.float64(0.14843449217419658), np.int64(122))","(np.float64(-0.2721026328857036), np.float64(0.49397993400488716), np.int64(122))","(np.float64(-0.28665998119050246), np.float64(0.009582409306993332), np.int64(122))"
AF3 LIS,"(np.float64(-0.02323689520707077), np.float64(1.0), np.int64(122))","(np.float64(-0.33080791877496857), np.float64(0.18512817628653108), np.int64(122))","(np.float64(-0.31351472890719134), np.float64(0.00306302633575241), np.int64(122))"
RF-AA,"(np.float64(0.5261511590576341), np.float64(3.3948455378955984e-09), np.int64(122))","(np.float64(0.15304131024152975), np.float64(1.0), np.int64(122))","(np.float64(-0.3022681070469255), np.float64(0.00500424044944259), np.int64(122))"
Peptriever,"(np.float64(-0.42807462718009326), np.float64(0.041014101061749), np.int64(40))","(np.float64(-0.12912961651350308), np.float64(1.0), np.int64(40))","(np.float64(-0.021687070273849304), np.float64(1.0), np.int64(40))"
