,agonist length,agonist msa depth,agonist selectivity,gpcr selectivity,pKi,N-term length,agonist length_rho,agonist length_p_val,agonist length_count,agonist msa depth_rho,agonist msa depth_p_val,agonist msa depth_count,agonist selectivity_rho,agonist selectivity_p_val,agonist selectivity_count,gpcr selectivity_rho,gpcr selectivity_p_val,gpcr selectivity_count,pKi_rho,pKi_p_val,pKi_count,N-term length_rho,N-term length_p_val,N-term length_count
AF2 (no templates),"(0.24687015266979925, 0.005910457810487032, 123)","(0.11789874527996798, 0.19403172385556086, 123)","(-0.12429231037159515, 0.17077704993188225, 123)","(-0.25602885729822067, 0.004259079905118185, 123)","(-0.2155111507049693, 0.15509007185632562, 123)","(-0.07952563609671996, 0.38192090669073486, 123)",0.24687015266979925,0.005910457810487032,123,0.11789874527996798,0.19403172385556086,123,-0.12429231037159515,0.17077704993188225,123,-0.25602885729822067,0.004259079905118185,123,-0.2155111507049693,0.15509007185632562,123,-0.07952563609671996,0.38192090669073486,123
Peptriever,"(-0.42807462718009326, 0.0058591572945355715, 40)","(-0.18501852258740026, 0.2530570481017309, 40)","(0.05264159072371108, 0.7469973733235616, 40)","(-0.021687070273849304, 0.8943300460958832, 40)","(-0.12912961651350308, 0.5769426287027337, 40)","(-0.028125404991352607, 0.8632220989499961, 40)",-0.42807462718009326,0.0058591572945355715,40,-0.18501852258740026,0.2530570481017309,40,0.05264159072371108,0.7469973733235616,40,-0.021687070273849304,0.8943300460958832,40,-0.12912961651350308,0.5769426287027337,40,-0.028125404991352607,0.8632220989499961,40
AF2 LIS (no templates),"(-0.12058606894861046, 0.18399229138599293, 123)","(-0.09391635450928243, 0.30149464596754627, 123)","(-0.07318582975330723, 0.4211300967582756, 123)","(-0.14123411738935293, 0.11918816582189677, 123)","(-0.2967843713757142, 0.04773480686986057, 123)","(-0.14974374647462824, 0.09830719202322534, 123)",-0.12058606894861046,0.18399229138599293,123,-0.09391635450928243,0.30149464596754627,123,-0.07318582975330723,0.4211300967582756,123,-0.14123411738935293,0.11918816582189677,123,-0.2967843713757142,0.04773480686986057,123,-0.14974374647462824,0.09830719202322534,123
