,agonist length,agonist selectivity,pKi,agonist MSA depth
AF2 (no templates),"(-0.004196462948849436, 0.9632576287387005, 123)","(-0.12429231037159515, 0.17077704993188225, 123)","(-0.2155111507049693, 0.15509007185632562, 123)","(0.11789874527996798, 0.19403172385556086, 123)"
AF2 LIS,"(-0.1561369984956282, 0.08460755591141848, 123)","(-0.03732791132374138, 0.6818774772734857, 123)","(-0.13264784785872302, 0.3850460311821866, 123)","(-0.12701542566676388, 0.1615243762129745, 123)"
RF-AA (no templates),"(0.04027715931166345, 0.6595932638603255, 122)","(-1.9000764297482455e-05, 0.999834271582908, 122)","(0.04856977053717534, 0.7513692090904802, 122)","(0.3464863869893626, 9.249297505098683e-05, 122)"
