{
    "features": 0.8234140872955322,
    "process_features_model_1_multimer_v3_pred_0": 5.7220458984375e-06,
    "predict_and_compile_model_1_multimer_v3_pred_0": 222.0408959388733,
    "predict_benchmark_model_1_multimer_v3_pred_0": 133.79196190834045,
    "process_features_model_2_multimer_v3_pred_0": 3.814697265625e-05,
    "predict_and_compile_model_2_multimer_v3_pred_0": 338.246648311615,
    "predict_benchmark_model_2_multimer_v3_pred_0": 255.18903374671936,
    "process_features_model_3_multimer_v3_pred_0": 1.7881393432617188e-05,
    "predict_and_compile_model_3_multimer_v3_pred_0": 218.34406280517578,
    "predict_benchmark_model_3_multimer_v3_pred_0": 134.02793788909912,
    "process_features_model_4_multimer_v3_pred_0": 2.5272369384765625e-05,
    "predict_and_compile_model_4_multimer_v3_pred_0": 336.53657031059265,
    "predict_benchmark_model_4_multimer_v3_pred_0": 247.53076148033142,
    "process_features_model_5_multimer_v3_pred_0": 1.4066696166992188e-05,
    "predict_and_compile_model_5_multimer_v3_pred_0": 332.24152421951294,
    "predict_benchmark_model_5_multimer_v3_pred_0": 247.37004327774048
}