seed,sample,ranking_score
1,0,0.6068645206951352
1,1,0.6266090922400522
1,2,0.5770406324910223
1,3,0.5638479461917549
1,4,0.6082347551982759
