{
    "features": 0.014792680740356445,
    "process_features_model_1_multimer_v3_pred_0": 4.0531158447265625e-06,
    "predict_and_compile_model_1_multimer_v3_pred_0": 779.6960475444794,
    "relax_model_1_multimer_v3_pred_0": 59.56338715553284,
    "process_features_model_1_multimer_v3_pred_1": 4.0531158447265625e-06,
    "predict_and_compile_model_1_multimer_v3_pred_1": 615.4943993091583,
    "relax_model_1_multimer_v3_pred_1": 43.274810791015625,
    "process_features_model_1_multimer_v3_pred_2": 3.5762786865234375e-06,
    "predict_and_compile_model_1_multimer_v3_pred_2": 614.1609365940094,
    "relax_model_1_multimer_v3_pred_2": 50.55509281158447,
    "process_features_model_1_multimer_v3_pred_3": 4.291534423828125e-06,
    "predict_and_compile_model_1_multimer_v3_pred_3": 615.1438159942627,
    "relax_model_1_multimer_v3_pred_3": 59.06466722488403,
    "process_features_model_1_multimer_v3_pred_4": 4.0531158447265625e-06,
    "predict_and_compile_model_1_multimer_v3_pred_4": 613.943772315979,
    "relax_model_1_multimer_v3_pred_4": 43.256234645843506,
    "process_features_model_2_multimer_v3_pred_0": 3.814697265625e-06,
    "predict_and_compile_model_2_multimer_v3_pred_0": 773.4834518432617,
    "relax_model_2_multimer_v3_pred_0": 43.13770031929016,
    "process_features_model_2_multimer_v3_pred_1": 3.814697265625e-06,
    "predict_and_compile_model_2_multimer_v3_pred_1": 293.7789614200592,
    "relax_model_2_multimer_v3_pred_1": 40.94209909439087,
    "process_features_model_2_multimer_v3_pred_2": 3.5762786865234375e-06,
    "predict_and_compile_model_2_multimer_v3_pred_2": 352.1446895599365,
    "relax_model_2_multimer_v3_pred_2": 48.041471004486084,
    "process_features_model_2_multimer_v3_pred_3": 5.245208740234375e-06,
    "predict_and_compile_model_2_multimer_v3_pred_3": 615.3162405490875,
    "relax_model_2_multimer_v3_pred_3": 41.256978273391724,
    "process_features_model_2_multimer_v3_pred_4": 3.814697265625e-06,
    "predict_and_compile_model_2_multimer_v3_pred_4": 526.8984014987946,
    "relax_model_2_multimer_v3_pred_4": 43.36417031288147,
    "process_features_model_3_multimer_v3_pred_0": 4.0531158447265625e-06,
    "predict_and_compile_model_3_multimer_v3_pred_0": 779.8279869556427,
    "relax_model_3_multimer_v3_pred_0": 49.0660514831543,
    "process_features_model_3_multimer_v3_pred_1": 5.0067901611328125e-06,
    "predict_and_compile_model_3_multimer_v3_pred_1": 614.7976093292236,
    "relax_model_3_multimer_v3_pred_1": 80.63878726959229,
    "process_features_model_3_multimer_v3_pred_2": 3.814697265625e-06,
    "predict_and_compile_model_3_multimer_v3_pred_2": 616.5164158344269,
    "relax_model_3_multimer_v3_pred_2": 58.169809103012085,
    "process_features_model_3_multimer_v3_pred_3": 4.291534423828125e-06,
    "predict_and_compile_model_3_multimer_v3_pred_3": 614.4814116954803,
    "relax_model_3_multimer_v3_pred_3": 64.5713243484497,
    "process_features_model_3_multimer_v3_pred_4": 3.814697265625e-06,
    "predict_and_compile_model_3_multimer_v3_pred_4": 615.835123538971,
    "relax_model_3_multimer_v3_pred_4": 41.72915434837341,
    "process_features_model_4_multimer_v3_pred_0": 3.814697265625e-06,
    "predict_and_compile_model_4_multimer_v3_pred_0": 777.1038887500763,
    "relax_model_4_multimer_v3_pred_0": 71.21127796173096,
    "process_features_model_4_multimer_v3_pred_1": 4.5299530029296875e-06,
    "predict_and_compile_model_4_multimer_v3_pred_1": 603.1236579418182,
    "relax_model_4_multimer_v3_pred_1": 85.67967581748962,
    "process_features_model_4_multimer_v3_pred_2": 4.5299530029296875e-06,
    "predict_and_compile_model_4_multimer_v3_pred_2": 603.7434413433075,
    "relax_model_4_multimer_v3_pred_2": 91.0213565826416,
    "process_features_model_4_multimer_v3_pred_3": 4.0531158447265625e-06,
    "predict_and_compile_model_4_multimer_v3_pred_3": 601.4247734546661,
    "relax_model_4_multimer_v3_pred_3": 73.77957463264465,
    "process_features_model_4_multimer_v3_pred_4": 4.291534423828125e-06,
    "predict_and_compile_model_4_multimer_v3_pred_4": 603.4705255031586,
    "relax_model_4_multimer_v3_pred_4": 79.97757840156555,
    "process_features_model_5_multimer_v3_pred_0": 4.0531158447265625e-06,
    "predict_and_compile_model_5_multimer_v3_pred_0": 764.0487315654755,
    "relax_model_5_multimer_v3_pred_0": 42.29367661476135,
    "process_features_model_5_multimer_v3_pred_1": 4.0531158447265625e-06,
    "predict_and_compile_model_5_multimer_v3_pred_1": 604.070503950119,
    "relax_model_5_multimer_v3_pred_1": 58.412225008010864,
    "process_features_model_5_multimer_v3_pred_2": 4.291534423828125e-06,
    "predict_and_compile_model_5_multimer_v3_pred_2": 604.277028799057,
    "relax_model_5_multimer_v3_pred_2": 44.92001986503601,
    "process_features_model_5_multimer_v3_pred_3": 4.0531158447265625e-06,
    "predict_and_compile_model_5_multimer_v3_pred_3": 604.0226168632507,
    "relax_model_5_multimer_v3_pred_3": 43.67121195793152,
    "process_features_model_5_multimer_v3_pred_4": 4.291534423828125e-06,
    "predict_and_compile_model_5_multimer_v3_pred_4": 603.8624839782715,
    "relax_model_5_multimer_v3_pred_4": 45.841569900512695
}