seed,sample,ranking_score
1,0,0.5943506645528364
1,1,0.5888722730937042
1,2,0.5814716479715982
1,3,0.5645928069111068
1,4,0.5656741820951153
