seed,sample,ranking_score
1,0,0.6528666296836786
1,1,0.6319559276310805
1,2,0.65635658033439
1,3,0.6400412308588473
1,4,0.6081905730022596
