seed,sample,ranking_score
1,0,0.41215347305576155
1,1,0.3814367963872083
1,2,0.4097869694861505
1,3,0.39981888698617846
1,4,0.3908827930858465
