{
    "features": 0.005135059356689453,
    "process_features_model_1_multimer_v3_pred_0": 3.5762786865234375e-06,
    "predict_and_compile_model_1_multimer_v3_pred_0": 138.60530161857605,
    "relax_model_1_multimer_v3_pred_0": 17.60420322418213,
    "process_features_model_1_multimer_v3_pred_1": 2.86102294921875e-06,
    "predict_and_compile_model_1_multimer_v3_pred_1": 21.75166654586792,
    "relax_model_1_multimer_v3_pred_1": 14.544874668121338,
    "process_features_model_1_multimer_v3_pred_2": 2.1457672119140625e-06,
    "predict_and_compile_model_1_multimer_v3_pred_2": 21.589338064193726,
    "relax_model_1_multimer_v3_pred_2": 13.664374113082886,
    "process_features_model_1_multimer_v3_pred_3": 3.0994415283203125e-06,
    "predict_and_compile_model_1_multimer_v3_pred_3": 21.540677785873413,
    "relax_model_1_multimer_v3_pred_3": 19.270299196243286,
    "process_features_model_1_multimer_v3_pred_4": 2.1457672119140625e-06,
    "predict_and_compile_model_1_multimer_v3_pred_4": 21.610300064086914,
    "relax_model_1_multimer_v3_pred_4": 23.792442083358765,
    "process_features_model_2_multimer_v3_pred_0": 2.1457672119140625e-06,
    "predict_and_compile_model_2_multimer_v3_pred_0": 144.04814052581787,
    "relax_model_2_multimer_v3_pred_0": 14.00114631652832,
    "process_features_model_2_multimer_v3_pred_1": 2.6226043701171875e-06,
    "predict_and_compile_model_2_multimer_v3_pred_1": 21.61042809486389,
    "relax_model_2_multimer_v3_pred_1": 13.465868949890137,
    "process_features_model_2_multimer_v3_pred_2": 2.384185791015625e-06,
    "predict_and_compile_model_2_multimer_v3_pred_2": 21.6472110748291,
    "relax_model_2_multimer_v3_pred_2": 14.398636817932129,
    "process_features_model_2_multimer_v3_pred_3": 1.9073486328125e-06,
    "predict_and_compile_model_2_multimer_v3_pred_3": 17.361037254333496,
    "relax_model_2_multimer_v3_pred_3": 13.51898193359375,
    "process_features_model_2_multimer_v3_pred_4": 2.384185791015625e-06,
    "predict_and_compile_model_2_multimer_v3_pred_4": 21.576850652694702,
    "relax_model_2_multimer_v3_pred_4": 14.01863145828247,
    "process_features_model_3_multimer_v3_pred_0": 2.6226043701171875e-06,
    "predict_and_compile_model_3_multimer_v3_pred_0": 138.03715634346008,
    "relax_model_3_multimer_v3_pred_0": 14.071316480636597,
    "process_features_model_3_multimer_v3_pred_1": 3.0994415283203125e-06,
    "predict_and_compile_model_3_multimer_v3_pred_1": 25.784512996673584,
    "relax_model_3_multimer_v3_pred_1": 14.94213318824768,
    "process_features_model_3_multimer_v3_pred_2": 3.5762786865234375e-06,
    "predict_and_compile_model_3_multimer_v3_pred_2": 25.828092575073242,
    "relax_model_3_multimer_v3_pred_2": 14.41094970703125,
    "process_features_model_3_multimer_v3_pred_3": 2.384185791015625e-06,
    "predict_and_compile_model_3_multimer_v3_pred_3": 17.364697217941284,
    "relax_model_3_multimer_v3_pred_3": 14.052401065826416,
    "process_features_model_3_multimer_v3_pred_4": 2.1457672119140625e-06,
    "predict_and_compile_model_3_multimer_v3_pred_4": 21.635833263397217,
    "relax_model_3_multimer_v3_pred_4": 18.59674596786499,
    "process_features_model_4_multimer_v3_pred_0": 2.86102294921875e-06,
    "predict_and_compile_model_4_multimer_v3_pred_0": 140.91198444366455,
    "relax_model_4_multimer_v3_pred_0": 14.97837233543396,
    "process_features_model_4_multimer_v3_pred_1": 4.291534423828125e-06,
    "predict_and_compile_model_4_multimer_v3_pred_1": 33.80881452560425,
    "relax_model_4_multimer_v3_pred_1": 24.739829301834106,
    "process_features_model_4_multimer_v3_pred_2": 2.86102294921875e-06,
    "predict_and_compile_model_4_multimer_v3_pred_2": 25.403427362442017,
    "relax_model_4_multimer_v3_pred_2": 14.478073596954346,
    "process_features_model_4_multimer_v3_pred_3": 2.86102294921875e-06,
    "predict_and_compile_model_4_multimer_v3_pred_3": 25.49133324623108,
    "relax_model_4_multimer_v3_pred_3": 14.311664342880249,
    "process_features_model_4_multimer_v3_pred_4": 3.0994415283203125e-06,
    "predict_and_compile_model_4_multimer_v3_pred_4": 25.383902549743652,
    "relax_model_4_multimer_v3_pred_4": 13.987290859222412,
    "process_features_model_5_multimer_v3_pred_0": 2.384185791015625e-06,
    "predict_and_compile_model_5_multimer_v3_pred_0": 151.16827201843262,
    "relax_model_5_multimer_v3_pred_0": 15.329736709594727,
    "process_features_model_5_multimer_v3_pred_1": 4.0531158447265625e-06,
    "predict_and_compile_model_5_multimer_v3_pred_1": 29.587939739227295,
    "relax_model_5_multimer_v3_pred_1": 14.710895299911499,
    "process_features_model_5_multimer_v3_pred_2": 2.6226043701171875e-06,
    "predict_and_compile_model_5_multimer_v3_pred_2": 25.37521266937256,
    "relax_model_5_multimer_v3_pred_2": 14.109699249267578,
    "process_features_model_5_multimer_v3_pred_3": 3.0994415283203125e-06,
    "predict_and_compile_model_5_multimer_v3_pred_3": 29.547752857208252,
    "relax_model_5_multimer_v3_pred_3": 20.82897186279297,
    "process_features_model_5_multimer_v3_pred_4": 2.86102294921875e-06,
    "predict_and_compile_model_5_multimer_v3_pred_4": 21.224262475967407,
    "relax_model_5_multimer_v3_pred_4": 14.21074390411377
}