seed,sample,ranking_score
1,0,0.6001586366982214
1,1,0.6244277067611889
1,2,0.6100687678954476
1,3,0.6105831701255313
1,4,0.6125078859244593
