seed,sample,ranking_score
5,0,0.9432417773400343
5,1,0.9358766238336935
5,2,0.9263510731837067
5,3,0.9291130305340107
5,4,0.9365821166221835
