seed,sample,ranking_score
5,0,0.7943464439337208
5,1,0.7894824485921437
5,2,0.7992793911494772
5,3,0.801153385002214
5,4,0.7901284951144713
