seed,sample,ranking_score
1,0,0.44535357779689533
1,1,0.5269223409145908
1,2,0.43306040371407434
1,3,0.5313516185101823
1,4,0.5021418727468073
