seed,sample,ranking_score
1,0,0.6651759306263445
1,1,0.649737232681597
1,2,0.663605430296106
1,3,0.6618509946148464
1,4,0.6462115935914552
