{
    "features": 0.019133567810058594,
    "process_features_model_1_multimer_v3_pred_0": 3.814697265625e-06,
    "predict_and_compile_model_1_multimer_v3_pred_0": 205.84169149398804,
    "predict_benchmark_model_1_multimer_v3_pred_0": 119.88304448127747,
    "process_features_model_2_multimer_v3_pred_0": 1.239776611328125e-05,
    "predict_and_compile_model_2_multimer_v3_pred_0": 129.35350275039673,
    "predict_benchmark_model_2_multimer_v3_pred_0": 45.88184118270874,
    "process_features_model_3_multimer_v3_pred_0": 1.7881393432617188e-05,
    "predict_and_compile_model_3_multimer_v3_pred_0": 198.61851453781128,
    "predict_benchmark_model_3_multimer_v3_pred_0": 120.42487907409668,
    "process_features_model_4_multimer_v3_pred_0": 2.6226043701171875e-05,
    "predict_and_compile_model_4_multimer_v3_pred_0": 196.67523074150085,
    "predict_benchmark_model_4_multimer_v3_pred_0": 116.65951752662659,
    "process_features_model_5_multimer_v3_pred_0": 1.7642974853515625e-05,
    "predict_and_compile_model_5_multimer_v3_pred_0": 195.21370577812195,
    "predict_benchmark_model_5_multimer_v3_pred_0": 116.64605402946472
}