seed,sample,ranking_score
1,0,0.898284467449499
1,1,0.9003066717175154
1,2,0.9082105198982627
1,3,0.9100269204145901
1,4,0.9157875467661771
