{
    "iptm+ptm": {
        "model_1_multimer_v3_pred_0": 0.5863539362028206,
        "model_1_multimer_v3_pred_1": 0.7047432969856193,
        "model_1_multimer_v3_pred_2": 0.5980057996839705,
        "model_1_multimer_v3_pred_3": 0.5685722396966804,
        "model_1_multimer_v3_pred_4": 0.672233289561619,
        "model_2_multimer_v3_pred_0": 0.41796462852133404,
        "model_2_multimer_v3_pred_1": 0.623760674172444,
        "model_2_multimer_v3_pred_2": 0.5658148111130713,
        "model_2_multimer_v3_pred_3": 0.369367570638517,
        "model_2_multimer_v3_pred_4": 0.38810688136852567,
        "model_3_multimer_v3_pred_0": 0.5997939108710362,
        "model_3_multimer_v3_pred_1": 0.5045975657979521,
        "model_3_multimer_v3_pred_2": 0.5246357239326503,
        "model_3_multimer_v3_pred_3": 0.4999523534625607,
        "model_3_multimer_v3_pred_4": 0.497619542344371,
        "model_4_multimer_v3_pred_0": 0.4702593736066766,
        "model_4_multimer_v3_pred_1": 0.5468504147738775,
        "model_4_multimer_v3_pred_2": 0.4991070648645802,
        "model_4_multimer_v3_pred_3": 0.5118273261708453,
        "model_4_multimer_v3_pred_4": 0.5206378883607692,
        "model_5_multimer_v3_pred_0": 0.6680136973346292,
        "model_5_multimer_v3_pred_1": 0.6007439106043366,
        "model_5_multimer_v3_pred_2": 0.5304705045428675,
        "model_5_multimer_v3_pred_3": 0.578661331211411,
        "model_5_multimer_v3_pred_4": 0.5311938890340512
    },
    "order": [
        "model_1_multimer_v3_pred_1",
        "model_1_multimer_v3_pred_4",
        "model_5_multimer_v3_pred_0",
        "model_2_multimer_v3_pred_1",
        "model_5_multimer_v3_pred_1",
        "model_3_multimer_v3_pred_0",
        "model_1_multimer_v3_pred_2",
        "model_1_multimer_v3_pred_0",
        "model_5_multimer_v3_pred_3",
        "model_1_multimer_v3_pred_3",
        "model_2_multimer_v3_pred_2",
        "model_4_multimer_v3_pred_1",
        "model_5_multimer_v3_pred_4",
        "model_5_multimer_v3_pred_2",
        "model_3_multimer_v3_pred_2",
        "model_4_multimer_v3_pred_4",
        "model_4_multimer_v3_pred_3",
        "model_3_multimer_v3_pred_1",
        "model_3_multimer_v3_pred_3",
        "model_4_multimer_v3_pred_2",
        "model_3_multimer_v3_pred_4",
        "model_4_multimer_v3_pred_0",
        "model_2_multimer_v3_pred_0",
        "model_2_multimer_v3_pred_4",
        "model_2_multimer_v3_pred_3"
    ]
}