seed,sample,ranking_score
1,0,0.4641477245540515
1,1,0.365377817035373
1,2,0.46305830761327893
1,3,0.35292498611167533
1,4,0.46779688664355584
