seed,sample,ranking_score
1,0,0.5451287530881893
1,1,0.560038340880421
1,2,0.5546456319155387
1,3,0.5842063255247057
1,4,0.5173430651284318
