{
    "features": 0.010338544845581055,
    "process_features_model_1_multimer_v3_pred_0": 3.5762786865234375e-06,
    "predict_and_compile_model_1_multimer_v3_pred_0": 249.8949522972107,
    "relax_model_1_multimer_v3_pred_0": 23.910120725631714,
    "process_features_model_1_multimer_v3_pred_1": 3.0994415283203125e-06,
    "predict_and_compile_model_1_multimer_v3_pred_1": 43.72145056724548,
    "relax_model_1_multimer_v3_pred_1": 16.789543390274048,
    "process_features_model_1_multimer_v3_pred_2": 3.0994415283203125e-06,
    "predict_and_compile_model_1_multimer_v3_pred_2": 43.70928502082825,
    "relax_model_1_multimer_v3_pred_2": 17.632556676864624,
    "process_features_model_1_multimer_v3_pred_3": 3.337860107421875e-06,
    "predict_and_compile_model_1_multimer_v3_pred_3": 43.80294418334961,
    "relax_model_1_multimer_v3_pred_3": 22.95282530784607,
    "process_features_model_1_multimer_v3_pred_4": 2.86102294921875e-06,
    "predict_and_compile_model_1_multimer_v3_pred_4": 52.445953607559204,
    "relax_model_1_multimer_v3_pred_4": 26.02288317680359,
    "process_features_model_2_multimer_v3_pred_0": 4.0531158447265625e-06,
    "predict_and_compile_model_2_multimer_v3_pred_0": 215.1297686100006,
    "relax_model_2_multimer_v3_pred_0": 16.939911365509033,
    "process_features_model_2_multimer_v3_pred_1": 4.291534423828125e-06,
    "predict_and_compile_model_2_multimer_v3_pred_1": 61.00613331794739,
    "relax_model_2_multimer_v3_pred_1": 17.014941215515137,
    "process_features_model_2_multimer_v3_pred_2": 3.337860107421875e-06,
    "predict_and_compile_model_2_multimer_v3_pred_2": 61.02778387069702,
    "relax_model_2_multimer_v3_pred_2": 17.544320821762085,
    "process_features_model_2_multimer_v3_pred_3": 2.86102294921875e-06,
    "predict_and_compile_model_2_multimer_v3_pred_3": 43.74905824661255,
    "relax_model_2_multimer_v3_pred_3": 19.356454372406006,
    "process_features_model_2_multimer_v3_pred_4": 3.0994415283203125e-06,
    "predict_and_compile_model_2_multimer_v3_pred_4": 61.05819749832153,
    "relax_model_2_multimer_v3_pred_4": 16.755500078201294,
    "process_features_model_3_multimer_v3_pred_0": 4.0531158447265625e-06,
    "predict_and_compile_model_3_multimer_v3_pred_0": 214.96878600120544,
    "relax_model_3_multimer_v3_pred_0": 16.083206176757812,
    "process_features_model_3_multimer_v3_pred_1": 4.0531158447265625e-06,
    "predict_and_compile_model_3_multimer_v3_pred_1": 43.61379146575928,
    "relax_model_3_multimer_v3_pred_1": 16.404113054275513,
    "process_features_model_3_multimer_v3_pred_2": 3.337860107421875e-06,
    "predict_and_compile_model_3_multimer_v3_pred_2": 52.360864877700806,
    "relax_model_3_multimer_v3_pred_2": 16.253819227218628,
    "process_features_model_3_multimer_v3_pred_3": 3.337860107421875e-06,
    "predict_and_compile_model_3_multimer_v3_pred_3": 43.70995879173279,
    "relax_model_3_multimer_v3_pred_3": 16.577001571655273,
    "process_features_model_3_multimer_v3_pred_4": 3.0994415283203125e-06,
    "predict_and_compile_model_3_multimer_v3_pred_4": 52.466591596603394,
    "relax_model_3_multimer_v3_pred_4": 19.93295979499817,
    "process_features_model_4_multimer_v3_pred_0": 2.384185791015625e-06,
    "predict_and_compile_model_4_multimer_v3_pred_0": 225.43005919456482,
    "relax_model_4_multimer_v3_pred_0": 31.843796014785767,
    "process_features_model_4_multimer_v3_pred_1": 3.5762786865234375e-06,
    "predict_and_compile_model_4_multimer_v3_pred_1": 76.41315698623657,
    "relax_model_4_multimer_v3_pred_1": 35.282737493515015,
    "process_features_model_4_multimer_v3_pred_2": 3.814697265625e-06,
    "predict_and_compile_model_4_multimer_v3_pred_2": 67.97575688362122,
    "relax_model_4_multimer_v3_pred_2": 16.205401182174683,
    "process_features_model_4_multimer_v3_pred_3": 3.337860107421875e-06,
    "predict_and_compile_model_4_multimer_v3_pred_3": 76.55818033218384,
    "relax_model_4_multimer_v3_pred_3": 18.014440298080444,
    "process_features_model_4_multimer_v3_pred_4": 2.86102294921875e-06,
    "predict_and_compile_model_4_multimer_v3_pred_4": 101.92800307273865,
    "relax_model_4_multimer_v3_pred_4": 22.138109922409058,
    "process_features_model_5_multimer_v3_pred_0": 3.0994415283203125e-06,
    "predict_and_compile_model_5_multimer_v3_pred_0": 236.98588967323303,
    "relax_model_5_multimer_v3_pred_0": 17.0922532081604,
    "process_features_model_5_multimer_v3_pred_1": 4.76837158203125e-06,
    "predict_and_compile_model_5_multimer_v3_pred_1": 93.6828339099884,
    "relax_model_5_multimer_v3_pred_1": 16.360962390899658,
    "process_features_model_5_multimer_v3_pred_2": 3.5762786865234375e-06,
    "predict_and_compile_model_5_multimer_v3_pred_2": 59.527507305145264,
    "relax_model_5_multimer_v3_pred_2": 16.566587924957275,
    "process_features_model_5_multimer_v3_pred_3": 3.5762786865234375e-06,
    "predict_and_compile_model_5_multimer_v3_pred_3": 50.827816009521484,
    "relax_model_5_multimer_v3_pred_3": 16.21315336227417,
    "process_features_model_5_multimer_v3_pred_4": 3.0994415283203125e-06,
    "predict_and_compile_model_5_multimer_v3_pred_4": 59.37191128730774,
    "relax_model_5_multimer_v3_pred_4": 30.27863383293152
}