{
    "iptm+ptm": {
        "model_1_multimer_v3_pred_0": 0.7996595690196842,
        "model_1_multimer_v3_pred_1": 0.6950850328646022,
        "model_1_multimer_v3_pred_2": 0.6965750821297996,
        "model_1_multimer_v3_pred_3": 0.8015067900649291,
        "model_1_multimer_v3_pred_4": 0.7993242524478424,
        "model_2_multimer_v3_pred_0": 0.7114506055077702,
        "model_2_multimer_v3_pred_1": 0.7088535754601948,
        "model_2_multimer_v3_pred_2": 0.674152063589545,
        "model_2_multimer_v3_pred_3": 0.688941399116149,
        "model_2_multimer_v3_pred_4": 0.7178458884236971,
        "model_3_multimer_v3_pred_0": 0.6648309901683793,
        "model_3_multimer_v3_pred_1": 0.7389258069270958,
        "model_3_multimer_v3_pred_2": 0.658083827197965,
        "model_3_multimer_v3_pred_3": 0.6889709048910633,
        "model_3_multimer_v3_pred_4": 0.6524009039589244,
        "model_4_multimer_v3_pred_0": 0.7818199975128405,
        "model_4_multimer_v3_pred_1": 0.7954483952619545,
        "model_4_multimer_v3_pred_2": 0.8004527085107793,
        "model_4_multimer_v3_pred_3": 0.7871775335544259,
        "model_4_multimer_v3_pred_4": 0.8004041966225292,
        "model_5_multimer_v3_pred_0": 0.712656030218944,
        "model_5_multimer_v3_pred_1": 0.7010720582201588,
        "model_5_multimer_v3_pred_2": 0.7750521313913548,
        "model_5_multimer_v3_pred_3": 0.77834566801095,
        "model_5_multimer_v3_pred_4": 0.7058882699478686
    },
    "order": [
        "model_1_multimer_v3_pred_3",
        "model_4_multimer_v3_pred_2",
        "model_4_multimer_v3_pred_4",
        "model_1_multimer_v3_pred_0",
        "model_1_multimer_v3_pred_4",
        "model_4_multimer_v3_pred_1",
        "model_4_multimer_v3_pred_3",
        "model_4_multimer_v3_pred_0",
        "model_5_multimer_v3_pred_3",
        "model_5_multimer_v3_pred_2",
        "model_3_multimer_v3_pred_1",
        "model_2_multimer_v3_pred_4",
        "model_5_multimer_v3_pred_0",
        "model_2_multimer_v3_pred_0",
        "model_2_multimer_v3_pred_1",
        "model_5_multimer_v3_pred_4",
        "model_5_multimer_v3_pred_1",
        "model_1_multimer_v3_pred_2",
        "model_1_multimer_v3_pred_1",
        "model_3_multimer_v3_pred_3",
        "model_2_multimer_v3_pred_3",
        "model_2_multimer_v3_pred_2",
        "model_3_multimer_v3_pred_0",
        "model_3_multimer_v3_pred_2",
        "model_3_multimer_v3_pred_4"
    ]
}