seed,sample,ranking_score
1,0,0.6006527768617788
1,1,0.6186769704211398
1,2,0.6428317423631074
1,3,0.6371153088850161
1,4,0.6008400301782495
