seed,sample,ranking_score
1,0,0.5097078066051441
1,1,0.513511245944447
1,2,0.5211090618158739
1,3,0.5104604753062035
1,4,0.5233565175180288
