{
    "features": 0.01824355125427246,
    "process_features_model_1_multimer_v3_pred_0": 4.5299530029296875e-06,
    "predict_and_compile_model_1_multimer_v3_pred_0": 1236.8973412513733,
    "relax_model_1_multimer_v3_pred_0": 136.23432779312134,
    "process_features_model_1_multimer_v3_pred_1": 3.814697265625e-06,
    "predict_and_compile_model_1_multimer_v3_pred_1": 1056.6371808052063,
    "relax_model_1_multimer_v3_pred_1": 124.88271570205688,
    "process_features_model_1_multimer_v3_pred_2": 3.5762786865234375e-06,
    "predict_and_compile_model_1_multimer_v3_pred_2": 754.9805099964142,
    "relax_model_1_multimer_v3_pred_2": 119.25934958457947,
    "process_features_model_1_multimer_v3_pred_3": 3.0994415283203125e-06,
    "predict_and_compile_model_1_multimer_v3_pred_3": 1052.012652873993,
    "relax_model_1_multimer_v3_pred_3": 129.94701170921326,
    "process_features_model_1_multimer_v3_pred_4": 3.0994415283203125e-06,
    "predict_and_compile_model_1_multimer_v3_pred_4": 1055.1722724437714,
    "relax_model_1_multimer_v3_pred_4": 120.30458235740662,
    "process_features_model_2_multimer_v3_pred_0": 3.814697265625e-06,
    "predict_and_compile_model_2_multimer_v3_pred_0": 1224.644108057022,
    "relax_model_2_multimer_v3_pred_0": 121.23719930648804,
    "process_features_model_2_multimer_v3_pred_1": 4.5299530029296875e-06,
    "predict_and_compile_model_2_multimer_v3_pred_1": 1052.215425491333,
    "relax_model_2_multimer_v3_pred_1": 119.38501191139221,
    "process_features_model_2_multimer_v3_pred_2": 4.0531158447265625e-06,
    "predict_and_compile_model_2_multimer_v3_pred_2": 1052.0842425823212,
    "relax_model_2_multimer_v3_pred_2": 118.61190366744995,
    "process_features_model_2_multimer_v3_pred_3": 1.8835067749023438e-05,
    "predict_and_compile_model_2_multimer_v3_pred_3": 1052.9179904460907,
    "relax_model_2_multimer_v3_pred_3": 120.55291104316711,
    "process_features_model_2_multimer_v3_pred_4": 3.337860107421875e-06,
    "predict_and_compile_model_2_multimer_v3_pred_4": 1055.9588873386383,
    "relax_model_2_multimer_v3_pred_4": 120.00233173370361,
    "process_features_model_3_multimer_v3_pred_0": 3.814697265625e-06,
    "predict_and_compile_model_3_multimer_v3_pred_0": 1231.58824300766,
    "relax_model_3_multimer_v3_pred_0": 120.84853458404541,
    "process_features_model_3_multimer_v3_pred_1": 3.337860107421875e-06,
    "predict_and_compile_model_3_multimer_v3_pred_1": 1051.8535964488983,
    "relax_model_3_multimer_v3_pred_1": 74.86785912513733,
    "process_features_model_3_multimer_v3_pred_2": 3.0994415283203125e-06,
    "predict_and_compile_model_3_multimer_v3_pred_2": 1051.0627722740173,
    "relax_model_3_multimer_v3_pred_2": 119.92272543907166,
    "process_features_model_3_multimer_v3_pred_3": 3.337860107421875e-06,
    "predict_and_compile_model_3_multimer_v3_pred_3": 804.3902950286865,
    "relax_model_3_multimer_v3_pred_3": 116.83640313148499,
    "process_features_model_3_multimer_v3_pred_4": 3.0994415283203125e-06,
    "predict_and_compile_model_3_multimer_v3_pred_4": 1055.0216047763824,
    "relax_model_3_multimer_v3_pred_4": 113.75572991371155,
    "process_features_model_4_multimer_v3_pred_0": 3.0994415283203125e-06,
    "predict_and_compile_model_4_multimer_v3_pred_0": 1199.5301370620728,
    "relax_model_4_multimer_v3_pred_0": 66.38237762451172,
    "process_features_model_4_multimer_v3_pred_1": 3.0994415283203125e-06,
    "predict_and_compile_model_4_multimer_v3_pred_1": 1035.117753982544,
    "relax_model_4_multimer_v3_pred_1": 148.93744087219238,
    "process_features_model_4_multimer_v3_pred_2": 3.0994415283203125e-06,
    "predict_and_compile_model_4_multimer_v3_pred_2": 1039.049929857254,
    "relax_model_4_multimer_v3_pred_2": 119.1065034866333,
    "process_features_model_4_multimer_v3_pred_3": 3.814697265625e-06,
    "predict_and_compile_model_4_multimer_v3_pred_3": 1039.1109745502472,
    "relax_model_4_multimer_v3_pred_3": 90.44655108451843,
    "process_features_model_4_multimer_v3_pred_4": 3.814697265625e-06,
    "predict_and_compile_model_4_multimer_v3_pred_4": 1035.076458454132,
    "relax_model_4_multimer_v3_pred_4": 72.68527722358704,
    "process_features_model_5_multimer_v3_pred_0": 3.0994415283203125e-06,
    "predict_and_compile_model_5_multimer_v3_pred_0": 1188.0854303836823,
    "relax_model_5_multimer_v3_pred_0": 118.71402359008789,
    "process_features_model_5_multimer_v3_pred_1": 2.86102294921875e-06,
    "predict_and_compile_model_5_multimer_v3_pred_1": 1035.6287250518799,
    "relax_model_5_multimer_v3_pred_1": 120.07462620735168,
    "process_features_model_5_multimer_v3_pred_2": 3.337860107421875e-06,
    "predict_and_compile_model_5_multimer_v3_pred_2": 1039.4736142158508,
    "relax_model_5_multimer_v3_pred_2": 141.86632418632507,
    "process_features_model_5_multimer_v3_pred_3": 3.0994415283203125e-06,
    "predict_and_compile_model_5_multimer_v3_pred_3": 1036.8294322490692,
    "relax_model_5_multimer_v3_pred_3": 127.68420624732971,
    "process_features_model_5_multimer_v3_pred_4": 4.0531158447265625e-06,
    "predict_and_compile_model_5_multimer_v3_pred_4": 1035.5276215076447,
    "relax_model_5_multimer_v3_pred_4": 66.114816904068
}