{
    "features": 0.12351036071777344,
    "process_features_model_1_multimer_v3_pred_0": 3.0994415283203125e-06,
    "predict_and_compile_model_1_multimer_v3_pred_0": 187.64100098609924,
    "predict_benchmark_model_1_multimer_v3_pred_0": 105.62747812271118,
    "process_features_model_2_multimer_v3_pred_0": 3.5762786865234375e-05,
    "predict_and_compile_model_2_multimer_v3_pred_0": 174.35176944732666,
    "predict_benchmark_model_2_multimer_v3_pred_0": 90.77959442138672,
    "process_features_model_3_multimer_v3_pred_0": 7.62939453125e-06,
    "predict_and_compile_model_3_multimer_v3_pred_0": 130.0201976299286,
    "predict_benchmark_model_3_multimer_v3_pred_0": 45.49067735671997,
    "process_features_model_4_multimer_v3_pred_0": 7.867813110351562e-06,
    "predict_and_compile_model_4_multimer_v3_pred_0": 168.696715593338,
    "predict_benchmark_model_4_multimer_v3_pred_0": 83.94885969161987,
    "process_features_model_5_multimer_v3_pred_0": 2.1219253540039062e-05,
    "predict_and_compile_model_5_multimer_v3_pred_0": 136.39917874336243,
    "predict_benchmark_model_5_multimer_v3_pred_0": 49.391706228256226
}