seed,sample,ranking_score
1,0,0.6721470560651831
1,1,0.6956430039301752
1,2,0.6965482720433593
1,3,0.6718561576681836
1,4,0.6711858311520373
