seed,sample,ranking_score
1,0,0.5189688314717165
1,1,0.5572614444114465
1,2,0.5147135814833392
1,3,0.5371649064177644
1,4,0.5210574689284405
