seed,sample,ranking_score
1,0,0.9575510943121264
1,1,0.9576457999303408
1,2,0.9689916926612642
1,3,0.9623583498332386
1,4,0.9581730741771077
