seed,sample,ranking_score
1,0,0.5920078669828391
1,1,0.5211726766378157
1,2,0.5411330061905348
1,3,0.539221802572615
1,4,0.5485536712263656
