seed,sample,ranking_score
1,0,1.0491713245104346
1,1,1.0542475261355841
1,2,1.0553253104152143
1,3,1.0470914054187124
1,4,1.0416848572018282
