seed,sample,ranking_score
1,0,0.6864960291182265
1,1,0.654847217103776
1,2,0.6960889359954121
1,3,0.6778649628100332
1,4,0.6784721130248502
