seed,sample,ranking_score
1,0,0.4978060447957862
1,1,0.4711962521200407
1,2,0.5627722302461255
1,3,0.505718776607551
1,4,0.5291090423777022
