seed,sample,ranking_score
1,0,0.5974001512756213
1,1,0.6079060039363712
1,2,0.6123500494464981
1,3,0.6061923973742072
1,4,0.6186338280462793
