seed,sample,ranking_score
1,0,0.30304364435048436
1,1,0.2966005426529681
1,2,0.4393015770710861
1,3,0.40867882776380793
1,4,0.3015898029749827
