seed,sample,ranking_score
1,0,0.4634274472797624
1,1,0.494635470149124
1,2,0.4750650904014503
1,3,0.48637872778555535
1,4,0.4785429483305205
