seed,sample,ranking_score
4,0,0.5474311546147759
4,1,0.5396504715156978
4,2,0.5184640737348604
4,3,0.4670734616483349
4,4,0.5236211069099087
