seed,sample,ranking_score
1,0,0.9413849827752425
1,1,0.9402470448460978
1,2,0.9379114277203899
1,3,0.9452756933536506
1,4,0.9435732981194306
