seed,sample,ranking_score
5,0,0.827515200212234
5,1,0.8441564560165025
5,2,0.8443025452942607
5,3,0.8431576780976042
5,4,0.8291956734284329
