seed,sample,ranking_score
3,0,0.8759279839316588
3,1,0.8797365496553812
3,2,0.8797198545182812
3,3,0.8622548099811822
3,4,0.8816583333569279
