{
    "features": 0.005614757537841797,
    "process_features_model_1_multimer_v3_pred_0": 3.337860107421875e-06,
    "predict_and_compile_model_1_multimer_v3_pred_0": 171.16676998138428,
    "relax_model_1_multimer_v3_pred_0": 19.048598289489746,
    "process_features_model_1_multimer_v3_pred_1": 3.0994415283203125e-06,
    "predict_and_compile_model_1_multimer_v3_pred_1": 23.95784568786621,
    "relax_model_1_multimer_v3_pred_1": 18.799761056900024,
    "process_features_model_1_multimer_v3_pred_2": 3.337860107421875e-06,
    "predict_and_compile_model_1_multimer_v3_pred_2": 47.542664527893066,
    "relax_model_1_multimer_v3_pred_2": 16.524728775024414,
    "process_features_model_1_multimer_v3_pred_3": 3.0994415283203125e-06,
    "predict_and_compile_model_1_multimer_v3_pred_3": 52.23967885971069,
    "relax_model_1_multimer_v3_pred_3": 17.117374897003174,
    "process_features_model_1_multimer_v3_pred_4": 3.337860107421875e-06,
    "predict_and_compile_model_1_multimer_v3_pred_4": 47.50975728034973,
    "relax_model_1_multimer_v3_pred_4": 16.72419285774231,
    "process_features_model_2_multimer_v3_pred_0": 2.86102294921875e-06,
    "predict_and_compile_model_2_multimer_v3_pred_0": 136.0648548603058,
    "relax_model_2_multimer_v3_pred_0": 17.667710542678833,
    "process_features_model_2_multimer_v3_pred_1": 2.86102294921875e-06,
    "predict_and_compile_model_2_multimer_v3_pred_1": 66.36719822883606,
    "relax_model_2_multimer_v3_pred_1": 16.806378841400146,
    "process_features_model_2_multimer_v3_pred_2": 3.0994415283203125e-06,
    "predict_and_compile_model_2_multimer_v3_pred_2": 33.35182595252991,
    "relax_model_2_multimer_v3_pred_2": 17.10933256149292,
    "process_features_model_2_multimer_v3_pred_3": 2.6226043701171875e-06,
    "predict_and_compile_model_2_multimer_v3_pred_3": 37.9935507774353,
    "relax_model_2_multimer_v3_pred_3": 17.30100703239441,
    "process_features_model_2_multimer_v3_pred_4": 2.86102294921875e-06,
    "predict_and_compile_model_2_multimer_v3_pred_4": 52.30667734146118,
    "relax_model_2_multimer_v3_pred_4": 17.33913826942444,
    "process_features_model_3_multimer_v3_pred_0": 3.337860107421875e-06,
    "predict_and_compile_model_3_multimer_v3_pred_0": 208.19914770126343,
    "relax_model_3_multimer_v3_pred_0": 17.539570808410645,
    "process_features_model_3_multimer_v3_pred_1": 3.337860107421875e-06,
    "predict_and_compile_model_3_multimer_v3_pred_1": 57.369017601013184,
    "relax_model_3_multimer_v3_pred_1": 17.094371795654297,
    "process_features_model_3_multimer_v3_pred_2": 3.0994415283203125e-06,
    "predict_and_compile_model_3_multimer_v3_pred_2": 33.36476969718933,
    "relax_model_3_multimer_v3_pred_2": 18.05930995941162,
    "process_features_model_3_multimer_v3_pred_3": 3.0994415283203125e-06,
    "predict_and_compile_model_3_multimer_v3_pred_3": 38.544734477996826,
    "relax_model_3_multimer_v3_pred_3": 16.898731470108032,
    "process_features_model_3_multimer_v3_pred_4": 3.0994415283203125e-06,
    "predict_and_compile_model_3_multimer_v3_pred_4": 66.47896528244019,
    "relax_model_3_multimer_v3_pred_4": 17.910548210144043,
    "process_features_model_4_multimer_v3_pred_0": 3.0994415283203125e-06,
    "predict_and_compile_model_4_multimer_v3_pred_0": 165.5041308403015,
    "relax_model_4_multimer_v3_pred_0": 16.992873668670654,
    "process_features_model_4_multimer_v3_pred_1": 3.0994415283203125e-06,
    "predict_and_compile_model_4_multimer_v3_pred_1": 23.51716113090515,
    "relax_model_4_multimer_v3_pred_1": 18.777042627334595,
    "process_features_model_4_multimer_v3_pred_2": 2.6226043701171875e-06,
    "predict_and_compile_model_4_multimer_v3_pred_2": 97.72996163368225,
    "relax_model_4_multimer_v3_pred_2": 17.291998386383057,
    "process_features_model_4_multimer_v3_pred_3": 2.86102294921875e-06,
    "predict_and_compile_model_4_multimer_v3_pred_3": 60.68078589439392,
    "relax_model_4_multimer_v3_pred_3": 23.830421447753906,
    "process_features_model_4_multimer_v3_pred_4": 2.86102294921875e-06,
    "predict_and_compile_model_4_multimer_v3_pred_4": 88.57612156867981,
    "relax_model_4_multimer_v3_pred_4": 17.241759061813354,
    "process_features_model_5_multimer_v3_pred_0": 3.0994415283203125e-06,
    "predict_and_compile_model_5_multimer_v3_pred_0": 153.3164403438568,
    "relax_model_5_multimer_v3_pred_0": 17.491976261138916,
    "process_features_model_5_multimer_v3_pred_1": 3.0994415283203125e-06,
    "predict_and_compile_model_5_multimer_v3_pred_1": 97.81028270721436,
    "relax_model_5_multimer_v3_pred_1": 18.38563370704651,
    "process_features_model_5_multimer_v3_pred_2": 3.337860107421875e-06,
    "predict_and_compile_model_5_multimer_v3_pred_2": 97.82772922515869,
    "relax_model_5_multimer_v3_pred_2": 17.91633701324463,
    "process_features_model_5_multimer_v3_pred_3": 2.86102294921875e-06,
    "predict_and_compile_model_5_multimer_v3_pred_3": 51.42851376533508,
    "relax_model_5_multimer_v3_pred_3": 23.110307455062866,
    "process_features_model_5_multimer_v3_pred_4": 2.86102294921875e-06,
    "predict_and_compile_model_5_multimer_v3_pred_4": 97.83722972869873,
    "relax_model_5_multimer_v3_pred_4": 17.28485369682312
}