{
    "features": 1.3523931503295898,
    "process_features_model_1_multimer_v3_pred_0": 5.4836273193359375e-06,
    "predict_and_compile_model_1_multimer_v3_pred_0": 227.34538984298706,
    "predict_benchmark_model_1_multimer_v3_pred_0": 142.8949248790741,
    "process_features_model_2_multimer_v3_pred_0": 3.3855438232421875e-05,
    "predict_and_compile_model_2_multimer_v3_pred_0": 225.49136662483215,
    "predict_benchmark_model_2_multimer_v3_pred_0": 143.40355467796326,
    "process_features_model_3_multimer_v3_pred_0": 1.1444091796875e-05,
    "predict_and_compile_model_3_multimer_v3_pred_0": 224.98026728630066,
    "predict_benchmark_model_3_multimer_v3_pred_0": 142.96530938148499,
    "process_features_model_4_multimer_v3_pred_0": 2.3603439331054688e-05,
    "predict_and_compile_model_4_multimer_v3_pred_0": 221.14876294136047,
    "predict_benchmark_model_4_multimer_v3_pred_0": 139.0751438140869,
    "process_features_model_5_multimer_v3_pred_0": 1.049041748046875e-05,
    "predict_and_compile_model_5_multimer_v3_pred_0": 223.2174186706543,
    "predict_benchmark_model_5_multimer_v3_pred_0": 139.01007390022278
}