seed,sample,ranking_score
1,0,0.6920803203651689
1,1,0.7184546521449622
1,2,0.7010692755321546
1,3,0.6975997742225866
1,4,0.7054782410561
