seed,sample,ranking_score
1,0,0.4629224080784621
1,1,0.44991694247015895
1,2,0.46169179803813
1,3,0.4403437855884906
1,4,0.44988100938734227
