seed,sample,ranking_score
1,0,0.31396829603113025
1,1,0.3111137059864341
1,2,0.3557714868722812
1,3,0.3136381607708604
1,4,0.3223383674641318
