seed,sample,ranking_score
1,0,0.6023613981959005
1,1,0.6717205671352237
1,2,0.6552696760851882
1,3,0.6256581836984654
1,4,0.6895480285355127
