seed,sample,ranking_score
3,0,0.9640991894474623
3,1,0.9585940164559154
3,2,0.9795708012811044
3,3,0.9691270637853605
3,4,0.9449593377330544
