seed,sample,ranking_score
1,0,0.5550429565706783
1,1,0.5642378204128325
1,2,0.6020961198061385
1,3,0.6255494362314094
1,4,0.6042479483302008
