seed,sample,ranking_score
1,0,0.7494544835847552
1,1,0.7473992496871544
1,2,0.7329792502161497
1,3,0.7629021968892242
1,4,0.7559126705125114
