seed,sample,ranking_score
1,0,0.6194249320390254
1,1,0.5857082094831061
1,2,0.6085822409860346
1,3,0.6410922433328181
1,4,0.6292116397112822
