{
    "features": 0.23570799827575684,
    "process_features_model_1_multimer_v3_pred_0": 4.76837158203125e-06,
    "predict_and_compile_model_1_multimer_v3_pred_0": 310.64284229278564,
    "predict_benchmark_model_1_multimer_v3_pred_0": 199.65918803215027,
    "process_features_model_2_multimer_v3_pred_0": 3.814697265625e-06,
    "predict_and_compile_model_2_multimer_v3_pred_0": 306.49989891052246,
    "predict_benchmark_model_2_multimer_v3_pred_0": 199.72673439979553,
    "process_features_model_3_multimer_v3_pred_0": 3.337860107421875e-06,
    "predict_and_compile_model_3_multimer_v3_pred_0": 307.85000348091125,
    "predict_benchmark_model_3_multimer_v3_pred_0": 199.66271305084229,
    "process_features_model_4_multimer_v3_pred_0": 3.5762786865234375e-06,
    "predict_and_compile_model_4_multimer_v3_pred_0": 306.4720849990845,
    "predict_benchmark_model_4_multimer_v3_pred_0": 193.48276567459106,
    "process_features_model_5_multimer_v3_pred_0": 3.337860107421875e-06,
    "predict_and_compile_model_5_multimer_v3_pred_0": 303.12424898147583,
    "predict_benchmark_model_5_multimer_v3_pred_0": 193.72014093399048
}