{
    "features": 0.004395484924316406,
    "process_features_model_1_multimer_v3_pred_0": 3.0994415283203125e-06,
    "predict_and_compile_model_1_multimer_v3_pred_0": 143.82939267158508,
    "relax_model_1_multimer_v3_pred_0": 16.17166757583618,
    "process_features_model_1_multimer_v3_pred_1": 3.0994415283203125e-06,
    "predict_and_compile_model_1_multimer_v3_pred_1": 29.751973628997803,
    "relax_model_1_multimer_v3_pred_1": 13.736856698989868,
    "process_features_model_1_multimer_v3_pred_2": 3.814697265625e-06,
    "predict_and_compile_model_1_multimer_v3_pred_2": 25.793952703475952,
    "relax_model_1_multimer_v3_pred_2": 14.0619056224823,
    "process_features_model_1_multimer_v3_pred_3": 3.337860107421875e-06,
    "predict_and_compile_model_1_multimer_v3_pred_3": 21.310465574264526,
    "relax_model_1_multimer_v3_pred_3": 14.852487325668335,
    "process_features_model_1_multimer_v3_pred_4": 3.0994415283203125e-06,
    "predict_and_compile_model_1_multimer_v3_pred_4": 25.532561779022217,
    "relax_model_1_multimer_v3_pred_4": 13.85055685043335,
    "process_features_model_2_multimer_v3_pred_0": 3.337860107421875e-06,
    "predict_and_compile_model_2_multimer_v3_pred_0": 136.6410813331604,
    "relax_model_2_multimer_v3_pred_0": 15.615549564361572,
    "process_features_model_2_multimer_v3_pred_1": 2.86102294921875e-06,
    "predict_and_compile_model_2_multimer_v3_pred_1": 21.30967926979065,
    "relax_model_2_multimer_v3_pred_1": 13.9237539768219,
    "process_features_model_2_multimer_v3_pred_2": 2.86102294921875e-06,
    "predict_and_compile_model_2_multimer_v3_pred_2": 21.321078062057495,
    "relax_model_2_multimer_v3_pred_2": 14.045221328735352,
    "process_features_model_2_multimer_v3_pred_3": 3.337860107421875e-06,
    "predict_and_compile_model_2_multimer_v3_pred_3": 25.517699718475342,
    "relax_model_2_multimer_v3_pred_3": 13.968189477920532,
    "process_features_model_2_multimer_v3_pred_4": 2.86102294921875e-06,
    "predict_and_compile_model_2_multimer_v3_pred_4": 21.585579872131348,
    "relax_model_2_multimer_v3_pred_4": 14.044265270233154,
    "process_features_model_3_multimer_v3_pred_0": 3.337860107421875e-06,
    "predict_and_compile_model_3_multimer_v3_pred_0": 143.14160108566284,
    "relax_model_3_multimer_v3_pred_0": 14.398551940917969,
    "process_features_model_3_multimer_v3_pred_1": 3.0994415283203125e-06,
    "predict_and_compile_model_3_multimer_v3_pred_1": 38.136128664016724,
    "relax_model_3_multimer_v3_pred_1": 13.940115451812744,
    "process_features_model_3_multimer_v3_pred_2": 2.6226043701171875e-06,
    "predict_and_compile_model_3_multimer_v3_pred_2": 33.927541971206665,
    "relax_model_3_multimer_v3_pred_2": 15.047649145126343,
    "process_features_model_3_multimer_v3_pred_3": 2.86102294921875e-06,
    "predict_and_compile_model_3_multimer_v3_pred_3": 30.110759735107422,
    "relax_model_3_multimer_v3_pred_3": 15.187514066696167,
    "process_features_model_3_multimer_v3_pred_4": 3.0994415283203125e-06,
    "predict_and_compile_model_3_multimer_v3_pred_4": 25.763571977615356,
    "relax_model_3_multimer_v3_pred_4": 15.407849311828613,
    "process_features_model_4_multimer_v3_pred_0": 3.0994415283203125e-06,
    "predict_and_compile_model_4_multimer_v3_pred_0": 145.82596278190613,
    "relax_model_4_multimer_v3_pred_0": 14.348176717758179,
    "process_features_model_4_multimer_v3_pred_1": 2.86102294921875e-06,
    "predict_and_compile_model_4_multimer_v3_pred_1": 20.96843409538269,
    "relax_model_4_multimer_v3_pred_1": 15.761076211929321,
    "process_features_model_4_multimer_v3_pred_2": 3.0994415283203125e-06,
    "predict_and_compile_model_4_multimer_v3_pred_2": 21.012974977493286,
    "relax_model_4_multimer_v3_pred_2": 24.158510208129883,
    "process_features_model_4_multimer_v3_pred_3": 3.0994415283203125e-06,
    "predict_and_compile_model_4_multimer_v3_pred_3": 20.948487520217896,
    "relax_model_4_multimer_v3_pred_3": 13.800915479660034,
    "process_features_model_4_multimer_v3_pred_4": 3.0994415283203125e-06,
    "predict_and_compile_model_4_multimer_v3_pred_4": 25.09915828704834,
    "relax_model_4_multimer_v3_pred_4": 15.11357307434082,
    "process_features_model_5_multimer_v3_pred_0": 3.0994415283203125e-06,
    "predict_and_compile_model_5_multimer_v3_pred_0": 147.21620750427246,
    "relax_model_5_multimer_v3_pred_0": 14.301059246063232,
    "process_features_model_5_multimer_v3_pred_1": 3.337860107421875e-06,
    "predict_and_compile_model_5_multimer_v3_pred_1": 29.206918478012085,
    "relax_model_5_multimer_v3_pred_1": 13.426031351089478,
    "process_features_model_5_multimer_v3_pred_2": 2.86102294921875e-06,
    "predict_and_compile_model_5_multimer_v3_pred_2": 29.18987250328064,
    "relax_model_5_multimer_v3_pred_2": 13.741162061691284,
    "process_features_model_5_multimer_v3_pred_3": 3.0994415283203125e-06,
    "predict_and_compile_model_5_multimer_v3_pred_3": 25.081109523773193,
    "relax_model_5_multimer_v3_pred_3": 15.007471323013306,
    "process_features_model_5_multimer_v3_pred_4": 2.384185791015625e-06,
    "predict_and_compile_model_5_multimer_v3_pred_4": 25.091633796691895,
    "relax_model_5_multimer_v3_pred_4": 14.940473794937134
}