{
    "iptm+ptm": {
        "model_1_multimer_v3_pred_0": 0.8111403685614528,
        "model_1_multimer_v3_pred_1": 0.808377811078405,
        "model_1_multimer_v3_pred_2": 0.8086742164309677,
        "model_1_multimer_v3_pred_3": 0.8093322410409999,
        "model_1_multimer_v3_pred_4": 0.7857891293638347,
        "model_2_multimer_v3_pred_0": 0.8123330201465683,
        "model_2_multimer_v3_pred_1": 0.8124615128743661,
        "model_2_multimer_v3_pred_2": 0.8123823644454535,
        "model_2_multimer_v3_pred_3": 0.8143898031717138,
        "model_2_multimer_v3_pred_4": 0.8171773073506516,
        "model_3_multimer_v3_pred_0": 0.8402729317784456,
        "model_3_multimer_v3_pred_1": 0.8380047833659654,
        "model_3_multimer_v3_pred_2": 0.8073829935605313,
        "model_3_multimer_v3_pred_3": 0.8100414395986806,
        "model_3_multimer_v3_pred_4": 0.8396068530996987,
        "model_4_multimer_v3_pred_0": 0.8370820412450551,
        "model_4_multimer_v3_pred_1": 0.8409450200955175,
        "model_4_multimer_v3_pred_2": 0.8382732661538667,
        "model_4_multimer_v3_pred_3": 0.8388021474460523,
        "model_4_multimer_v3_pred_4": 0.832031392442771,
        "model_5_multimer_v3_pred_0": 0.8467380430654465,
        "model_5_multimer_v3_pred_1": 0.8322504466541827,
        "model_5_multimer_v3_pred_2": 0.8446035886874682,
        "model_5_multimer_v3_pred_3": 0.8283282614235717,
        "model_5_multimer_v3_pred_4": 0.8470530005299239
    },
    "order": [
        "model_5_multimer_v3_pred_4",
        "model_5_multimer_v3_pred_0",
        "model_5_multimer_v3_pred_2",
        "model_4_multimer_v3_pred_1",
        "model_3_multimer_v3_pred_0",
        "model_3_multimer_v3_pred_4",
        "model_4_multimer_v3_pred_3",
        "model_4_multimer_v3_pred_2",
        "model_3_multimer_v3_pred_1",
        "model_4_multimer_v3_pred_0",
        "model_5_multimer_v3_pred_1",
        "model_4_multimer_v3_pred_4",
        "model_5_multimer_v3_pred_3",
        "model_2_multimer_v3_pred_4",
        "model_2_multimer_v3_pred_3",
        "model_2_multimer_v3_pred_1",
        "model_2_multimer_v3_pred_2",
        "model_2_multimer_v3_pred_0",
        "model_1_multimer_v3_pred_0",
        "model_3_multimer_v3_pred_3",
        "model_1_multimer_v3_pred_3",
        "model_1_multimer_v3_pred_2",
        "model_1_multimer_v3_pred_1",
        "model_3_multimer_v3_pred_2",
        "model_1_multimer_v3_pred_4"
    ]
}