seed,sample,ranking_score
1,0,0.6341426033082088
1,1,0.6395944934633284
1,2,0.6565316228397602
1,3,0.6416025940985357
1,4,0.6477912919755561
