{
    "features": 0.11767196655273438,
    "process_features_model_1_multimer_v3_pred_0": 5.7220458984375e-06,
    "predict_and_compile_model_1_multimer_v3_pred_0": 703.3814907073975,
    "predict_benchmark_model_1_multimer_v3_pred_0": 545.2734169960022,
    "process_features_model_2_multimer_v3_pred_0": 5.4836273193359375e-06,
    "predict_and_compile_model_2_multimer_v3_pred_0": 697.9780814647675,
    "predict_benchmark_model_2_multimer_v3_pred_0": 544.8977825641632,
    "process_features_model_3_multimer_v3_pred_0": 4.76837158203125e-06,
    "predict_and_compile_model_3_multimer_v3_pred_0": 694.6170229911804,
    "predict_benchmark_model_3_multimer_v3_pred_0": 544.7294461727142,
    "process_features_model_4_multimer_v3_pred_0": 4.76837158203125e-06,
    "predict_and_compile_model_4_multimer_v3_pred_0": 685.9630360603333,
    "predict_benchmark_model_4_multimer_v3_pred_0": 530.0109233856201,
    "process_features_model_5_multimer_v3_pred_0": 1.1205673217773438e-05,
    "predict_and_compile_model_5_multimer_v3_pred_0": 685.8165693283081,
    "predict_benchmark_model_5_multimer_v3_pred_0": 529.6899652481079
}