{
    "features": 0.08083844184875488,
    "process_features_model_1_multimer_v3_pred_0": 3.337860107421875e-06,
    "predict_and_compile_model_1_multimer_v3_pred_0": 109.74901294708252,
    "predict_benchmark_model_1_multimer_v3_pred_0": 29.69654893875122,
    "process_features_model_2_multimer_v3_pred_0": 1.0013580322265625e-05,
    "predict_and_compile_model_2_multimer_v3_pred_0": 117.92104649543762,
    "predict_benchmark_model_2_multimer_v3_pred_0": 35.49556374549866,
    "process_features_model_3_multimer_v3_pred_0": 2.193450927734375e-05,
    "predict_and_compile_model_3_multimer_v3_pred_0": 113.45433402061462,
    "predict_benchmark_model_3_multimer_v3_pred_0": 29.6106014251709,
    "process_features_model_4_multimer_v3_pred_0": 1.9788742065429688e-05,
    "predict_and_compile_model_4_multimer_v3_pred_0": 121.57249069213867,
    "predict_benchmark_model_4_multimer_v3_pred_0": 34.38212513923645,
    "process_features_model_5_multimer_v3_pred_0": 1.7881393432617188e-05,
    "predict_and_compile_model_5_multimer_v3_pred_0": 124.76371097564697,
    "predict_benchmark_model_5_multimer_v3_pred_0": 34.37194752693176
}