seed,sample,ranking_score
1,0,0.48002366085516124
1,1,0.5132568569879443
1,2,0.496374763307819
1,3,0.497681883948388
1,4,0.49463305734165713
