{
    "features": 0.5550780296325684,
    "process_features_model_1_multimer_v3_pred_0": 5.4836273193359375e-06,
    "predict_and_compile_model_1_multimer_v3_pred_0": 97.81511068344116,
    "predict_benchmark_model_1_multimer_v3_pred_0": 16.52688694000244,
    "process_features_model_2_multimer_v3_pred_0": 1.9311904907226562e-05,
    "predict_and_compile_model_2_multimer_v3_pred_0": 108.17692947387695,
    "predict_benchmark_model_2_multimer_v3_pred_0": 24.729216814041138,
    "process_features_model_3_multimer_v3_pred_0": 1.33514404296875e-05,
    "predict_and_compile_model_3_multimer_v3_pred_0": 108.8579740524292,
    "predict_benchmark_model_3_multimer_v3_pred_0": 24.679304838180542,
    "process_features_model_4_multimer_v3_pred_0": 1.621246337890625e-05,
    "predict_and_compile_model_4_multimer_v3_pred_0": 126.61551332473755,
    "predict_benchmark_model_4_multimer_v3_pred_0": 36.05081748962402,
    "process_features_model_5_multimer_v3_pred_0": 1.621246337890625e-05,
    "predict_and_compile_model_5_multimer_v3_pred_0": 113.20220923423767,
    "predict_benchmark_model_5_multimer_v3_pred_0": 28.09622287750244
}