{
    "features": 0.07738208770751953,
    "process_features_model_1_multimer_v3_pred_0": 2.86102294921875e-06,
    "predict_and_compile_model_1_multimer_v3_pred_0": 229.59589505195618,
    "predict_benchmark_model_1_multimer_v3_pred_0": 156.0555624961853,
    "process_features_model_2_multimer_v3_pred_0": 1.4781951904296875e-05,
    "predict_and_compile_model_2_multimer_v3_pred_0": 232.35507678985596,
    "predict_benchmark_model_2_multimer_v3_pred_0": 155.59905004501343,
    "process_features_model_3_multimer_v3_pred_0": 2.4080276489257812e-05,
    "predict_and_compile_model_3_multimer_v3_pred_0": 231.86538314819336,
    "predict_benchmark_model_3_multimer_v3_pred_0": 156.67947340011597,
    "process_features_model_4_multimer_v3_pred_0": 2.2172927856445312e-05,
    "predict_and_compile_model_4_multimer_v3_pred_0": 230.0541214942932,
    "predict_benchmark_model_4_multimer_v3_pred_0": 153.22980499267578,
    "process_features_model_5_multimer_v3_pred_0": 1.0967254638671875e-05,
    "predict_and_compile_model_5_multimer_v3_pred_0": 233.3644735813141,
    "predict_benchmark_model_5_multimer_v3_pred_0": 152.89640069007874
}