seed,sample,ranking_score
4,0,0.8697441779400188
4,1,0.8493409697908382
4,2,0.8502915714816027
4,3,0.8777776583108992
4,4,0.858879955396679
