{
    "features": 0.574638843536377,
    "process_features_model_1_multimer_v3_pred_0": 4.291534423828125e-06,
    "predict_and_compile_model_1_multimer_v3_pred_0": 1631.8874328136444,
    "predict_benchmark_model_1_multimer_v3_pred_0": 1501.2168884277344,
    "process_features_model_2_multimer_v3_pred_0": 4.0531158447265625e-06,
    "predict_and_compile_model_2_multimer_v3_pred_0": 1616.8339846134186,
    "predict_benchmark_model_2_multimer_v3_pred_0": 1500.4362008571625,
    "process_features_model_3_multimer_v3_pred_0": 4.291534423828125e-06,
    "predict_and_compile_model_3_multimer_v3_pred_0": 1617.9841697216034,
    "predict_benchmark_model_3_multimer_v3_pred_0": 1500.1845121383667,
    "process_features_model_4_multimer_v3_pred_0": 4.5299530029296875e-06,
    "predict_and_compile_model_4_multimer_v3_pred_0": 1587.9833495616913,
    "predict_benchmark_model_4_multimer_v3_pred_0": 1474.1973893642426,
    "process_features_model_5_multimer_v3_pred_0": 4.291534423828125e-06,
    "predict_and_compile_model_5_multimer_v3_pred_0": 1581.8304271697998,
    "predict_benchmark_model_5_multimer_v3_pred_0": 1474.2349379062653
}