seed,sample,ranking_score
5,0,0.9827966638332425
5,1,0.988055257611303
5,2,0.9736919578838346
5,3,0.9926401151139681
5,4,0.9926501809441943
