seed,sample,ranking_score
1,0,0.6985821982521672
1,1,0.7086761089673654
1,2,0.706466619704664
1,3,0.6790397144207071
1,4,0.694626227371776
