seed,sample,ranking_score
1,0,0.702074245219354
1,1,0.6683654601621315
1,2,0.7021072741324658
1,3,0.7081147649637813
1,4,0.696886325683679
