seed,sample,ranking_score
1,0,0.865778207970536
1,1,0.8456596935842057
1,2,0.846990249328514
1,3,0.8584681459447255
1,4,0.8469517375037038
