seed,sample,ranking_score
1,0,0.8359882161418639
1,1,0.8532842910046954
1,2,0.8703345090955883
1,3,0.8270726970870147
1,4,0.8339430782863307
