seed,sample,ranking_score
1,0,0.7023404952023354
1,1,0.7165393293743239
1,2,0.7170377089313069
1,3,0.7229975366104765
1,4,0.7206423640383738
