seed,sample,ranking_score
1,0,0.6482386176889994
1,1,0.6644255834746677
1,2,0.6460278479920314
1,3,0.6667535516849462
1,4,0.6569792454410804
