seed,sample,ranking_score
1,0,0.5012632871849401
1,1,0.5098506792707496
1,2,0.48414827100729374
1,3,0.5001565722107183
1,4,0.49626538670804476
