seed,sample,ranking_score
1,0,0.6963401682840187
1,1,0.6872703043511031
1,2,0.7081449396967929
1,3,0.7158597491441689
1,4,0.6293601724157188
