seed,sample,ranking_score
1,0,0.8699800324181726
1,1,0.8969739093172231
1,2,0.8914466072259783
1,3,0.8959026305397274
1,4,0.8872366246510769
