seed,sample,ranking_score
1,0,0.6991309765763224
1,1,0.7013912574654111
1,2,0.7165929030467113
1,3,0.7139370501213329
1,4,0.6927318631183313
