seed,sample,ranking_score
1,0,0.637616835785206
1,1,0.6626415872221386
1,2,0.6794188299698953
1,3,0.6676611712533169
1,4,0.6806205622261274
