{
    "features": 1.1071720123291016,
    "process_features_model_1_multimer_v3_pred_0": 5.0067901611328125e-06,
    "predict_and_compile_model_1_multimer_v3_pred_0": 234.29685425758362,
    "predict_benchmark_model_1_multimer_v3_pred_0": 152.06942892074585,
    "process_features_model_2_multimer_v3_pred_0": 1.4543533325195312e-05,
    "predict_and_compile_model_2_multimer_v3_pred_0": 232.99916434288025,
    "predict_benchmark_model_2_multimer_v3_pred_0": 151.882883310318,
    "process_features_model_3_multimer_v3_pred_0": 6.67572021484375e-06,
    "predict_and_compile_model_3_multimer_v3_pred_0": 230.8497335910797,
    "predict_benchmark_model_3_multimer_v3_pred_0": 152.36748552322388,
    "process_features_model_4_multimer_v3_pred_0": 1.1920928955078125e-05,
    "predict_and_compile_model_4_multimer_v3_pred_0": 224.55609512329102,
    "predict_benchmark_model_4_multimer_v3_pred_0": 149.34028434753418,
    "process_features_model_5_multimer_v3_pred_0": 1.71661376953125e-05,
    "predict_and_compile_model_5_multimer_v3_pred_0": 224.2453417778015,
    "predict_benchmark_model_5_multimer_v3_pred_0": 149.26581597328186
}