seed,sample,ranking_score
1,0,0.37825148419236737
1,1,0.3697761506495672
1,2,0.35375216240681867
1,3,0.2962027603337133
1,4,0.27073563331296546
