seed,sample,ranking_score
1,0,0.6865360246330396
1,1,0.6694282243089856
1,2,0.6669161711430445
1,3,0.6659885989487334
1,4,0.6697028484782663
