seed,sample,ranking_score
1,0,0.6657420000987826
1,1,0.6564531370592112
1,2,0.6426239525677179
1,3,0.6501799707813667
1,4,0.6733539648032377
