seed,sample,ranking_score
4,0,0.7267347095886121
4,1,0.7370839137616423
4,2,0.7319529091255125
4,3,0.7399414011879718
4,4,0.7282690111162299
