seed,sample,ranking_score
1,0,0.5162946745526922
1,1,0.5243889114317213
1,2,0.5104206111064141
1,3,0.5081208090339172
1,4,0.5124056520809684
