seed,sample,ranking_score
1,0,0.495950656665188
1,1,0.49675232684193615
1,2,0.4947811387051154
1,3,0.4830322695619575
1,4,0.500348182839473
