seed,sample,ranking_score
4,0,0.5502941228150344
4,1,0.5589685610047684
4,2,0.5477342430007718
4,3,0.555514990195985
4,4,0.5506599830806199
