seed,sample,ranking_score
1,0,0.3634130401785678
1,1,0.25466866324010556
1,2,0.40830209266240874
1,3,0.2591989957361329
1,4,0.27425733369461835
