seed,sample,ranking_score
4,0,0.7828950241774337
4,1,0.7814485687730635
4,2,0.7785920085910762
4,3,0.7809854365874841
4,4,0.7844080427890375
