seed,sample,ranking_score
1,0,1.0250661270993457
1,1,1.0183532232260948
1,2,1.0203324428982588
1,3,1.026187663940737
1,4,1.0196321880603296
