{
    "iptm+ptm": {
        "model_1_multimer_v3_pred_0": 0.620856755815475,
        "model_1_multimer_v3_pred_1": 0.5905594878386998,
        "model_1_multimer_v3_pred_2": 0.6041764678894339,
        "model_1_multimer_v3_pred_3": 0.6002194513608823,
        "model_1_multimer_v3_pred_4": 0.6018576811570732,
        "model_2_multimer_v3_pred_0": 0.5679482780452518,
        "model_2_multimer_v3_pred_1": 0.612727384911835,
        "model_2_multimer_v3_pred_2": 0.6221103456736107,
        "model_2_multimer_v3_pred_3": 0.6042912709055823,
        "model_2_multimer_v3_pred_4": 0.5966248757868846,
        "model_3_multimer_v3_pred_0": 0.6007666573630469,
        "model_3_multimer_v3_pred_1": 0.6066561171812452,
        "model_3_multimer_v3_pred_2": 0.5937817792044504,
        "model_3_multimer_v3_pred_3": 0.6099025989411,
        "model_3_multimer_v3_pred_4": 0.6148969530789552,
        "model_4_multimer_v3_pred_0": 0.3397362408162659,
        "model_4_multimer_v3_pred_1": 0.7128386946206748,
        "model_4_multimer_v3_pred_2": 0.3491436443090951,
        "model_4_multimer_v3_pred_3": 0.6609459378852043,
        "model_4_multimer_v3_pred_4": 0.3436952230562669,
        "model_5_multimer_v3_pred_0": 0.573961284729859,
        "model_5_multimer_v3_pred_1": 0.5923495747313372,
        "model_5_multimer_v3_pred_2": 0.4612174517706287,
        "model_5_multimer_v3_pred_3": 0.5307000341679442,
        "model_5_multimer_v3_pred_4": 0.25098515239906183
    },
    "order": [
        "model_4_multimer_v3_pred_1",
        "model_4_multimer_v3_pred_3",
        "model_2_multimer_v3_pred_2",
        "model_1_multimer_v3_pred_0",
        "model_3_multimer_v3_pred_4",
        "model_2_multimer_v3_pred_1",
        "model_3_multimer_v3_pred_3",
        "model_3_multimer_v3_pred_1",
        "model_2_multimer_v3_pred_3",
        "model_1_multimer_v3_pred_2",
        "model_1_multimer_v3_pred_4",
        "model_3_multimer_v3_pred_0",
        "model_1_multimer_v3_pred_3",
        "model_2_multimer_v3_pred_4",
        "model_3_multimer_v3_pred_2",
        "model_5_multimer_v3_pred_1",
        "model_1_multimer_v3_pred_1",
        "model_5_multimer_v3_pred_0",
        "model_2_multimer_v3_pred_0",
        "model_5_multimer_v3_pred_3",
        "model_5_multimer_v3_pred_2",
        "model_4_multimer_v3_pred_2",
        "model_4_multimer_v3_pred_4",
        "model_4_multimer_v3_pred_0",
        "model_5_multimer_v3_pred_4"
    ]
}