seed,sample,ranking_score
1,0,0.5505337157671941
1,1,0.5657989231405062
1,2,0.5480911477506201
1,3,0.5419832874308433
1,4,0.5622735553162187
