seed,sample,ranking_score
1,0,0.8133747528422879
1,1,0.8321109905582356
1,2,0.8294121803182629
1,3,0.8410595485769745
1,4,0.8401527352707531
