seed,sample,ranking_score
1,0,0.7097464439761952
1,1,0.7240068754163071
1,2,0.7375068601887065
1,3,0.7291036940417609
1,4,0.7432928948323824
