{
    "features": 0.18244338035583496,
    "process_features_model_1_multimer_v3_pred_0": 4.291534423828125e-06,
    "predict_and_compile_model_1_multimer_v3_pred_0": 333.9221577644348,
    "predict_benchmark_model_1_multimer_v3_pred_0": 215.45583987236023,
    "process_features_model_2_multimer_v3_pred_0": 3.814697265625e-06,
    "predict_and_compile_model_2_multimer_v3_pred_0": 329.72901916503906,
    "predict_benchmark_model_2_multimer_v3_pred_0": 215.54028630256653,
    "process_features_model_3_multimer_v3_pred_0": 3.814697265625e-06,
    "predict_and_compile_model_3_multimer_v3_pred_0": 332.17890548706055,
    "predict_benchmark_model_3_multimer_v3_pred_0": 215.44852828979492,
    "process_features_model_4_multimer_v3_pred_0": 3.814697265625e-06,
    "predict_and_compile_model_4_multimer_v3_pred_0": 330.3654291629791,
    "predict_benchmark_model_4_multimer_v3_pred_0": 209.20449948310852,
    "process_features_model_5_multimer_v3_pred_0": 4.0531158447265625e-06,
    "predict_and_compile_model_5_multimer_v3_pred_0": 327.58279371261597,
    "predict_benchmark_model_5_multimer_v3_pred_0": 208.9556303024292
}