seed,sample,ranking_score
1,0,0.7425261193642348
1,1,0.7079211813633576
1,2,0.738174888774529
1,3,0.7488054992922716
1,4,0.7460917947049867
