seed,sample,ranking_score
1,0,0.6287984991895169
1,1,0.5117497857857046
1,2,0.6215067969087331
1,3,0.6060727710302615
1,4,0.5980807867669415
