seed,sample,ranking_score
1,0,0.768714755396695
1,1,0.7740296627564858
1,2,0.7994494295616339
1,3,0.7901144494106581
1,4,0.7796388898041898
