seed,sample,ranking_score
1,0,0.5107097929610587
1,1,0.5022234693397474
1,2,0.4831410868934314
1,3,0.5076967651023963
1,4,0.5185655673380728
