seed,sample,ranking_score
1,0,0.5003226054936304
1,1,0.5551613502377728
1,2,0.5314637578660636
1,3,0.5606423225594707
1,4,0.5491069329336646
