seed,sample,ranking_score
1,0,0.6123831290693398
1,1,0.6474845124440959
1,2,0.6170793330733727
1,3,0.6241854681494877
1,4,0.6506986481269156
