seed,sample,ranking_score
3,0,0.923023055195973
3,1,0.9053216953201911
3,2,0.9266318704295728
3,3,0.9284337298731355
3,4,0.9052351452142314
