seed,sample,ranking_score
4,0,0.9299085811036247
4,1,0.9323519581742975
4,2,0.9249934645448344
4,3,0.930087257285352
4,4,0.9249715362126493
