seed,sample,ranking_score
1,0,0.993291842551773
1,1,0.9921337228753302
1,2,1.002793057564745
1,3,1.0004890478662707
1,4,0.9943896550791316
