seed,sample,ranking_score
1,0,0.7183663152545808
1,1,0.7394848683656302
1,2,0.726851897294815
1,3,0.7450534197758962
1,4,0.7134358291000831
