seed,sample,ranking_score
3,0,0.9509296180128245
3,1,0.9470558929884616
3,2,0.9462780734184435
3,3,0.945684368175754
3,4,0.9399002499544109
