{
    "features": 0.3343355655670166,
    "process_features_model_1_multimer_v3_pred_0": 5.7220458984375e-06,
    "predict_and_compile_model_1_multimer_v3_pred_0": 1430.5370581150055,
    "predict_benchmark_model_1_multimer_v3_pred_0": 1290.0053582191467,
    "process_features_model_2_multimer_v3_pred_0": 4.0531158447265625e-06,
    "predict_and_compile_model_2_multimer_v3_pred_0": 1402.1442358493805,
    "predict_benchmark_model_2_multimer_v3_pred_0": 1290.394068479538,
    "process_features_model_3_multimer_v3_pred_0": 1.1920928955078125e-05,
    "predict_and_compile_model_3_multimer_v3_pred_0": 1395.946588754654,
    "predict_benchmark_model_3_multimer_v3_pred_0": 1291.3576748371124,
    "process_features_model_4_multimer_v3_pred_0": 2.6702880859375e-05,
    "predict_and_compile_model_4_multimer_v3_pred_0": 1371.4766399860382,
    "predict_benchmark_model_4_multimer_v3_pred_0": 1260.7109351158142,
    "process_features_model_5_multimer_v3_pred_0": 4.0531158447265625e-06,
    "predict_and_compile_model_5_multimer_v3_pred_0": 1358.8709757328033,
    "predict_benchmark_model_5_multimer_v3_pred_0": 1260.5941910743713
}