{
    "features": 0.011016368865966797,
    "process_features_model_1_multimer_v3_pred_0": 3.5762786865234375e-06,
    "predict_and_compile_model_1_multimer_v3_pred_0": 669.0286009311676,
    "relax_model_1_multimer_v3_pred_0": 38.81748652458191,
    "process_features_model_1_multimer_v3_pred_1": 3.5762786865234375e-06,
    "predict_and_compile_model_1_multimer_v3_pred_1": 495.17227149009705,
    "relax_model_1_multimer_v3_pred_1": 35.81992793083191,
    "process_features_model_1_multimer_v3_pred_2": 3.814697265625e-06,
    "predict_and_compile_model_1_multimer_v3_pred_2": 448.6506886482239,
    "relax_model_1_multimer_v3_pred_2": 65.6556007862091,
    "process_features_model_1_multimer_v3_pred_3": 3.814697265625e-06,
    "predict_and_compile_model_1_multimer_v3_pred_3": 189.1975109577179,
    "relax_model_1_multimer_v3_pred_3": 41.05765151977539,
    "process_features_model_1_multimer_v3_pred_4": 4.291534423828125e-06,
    "predict_and_compile_model_1_multimer_v3_pred_4": 377.64329075813293,
    "relax_model_1_multimer_v3_pred_4": 33.57351064682007,
    "process_features_model_2_multimer_v3_pred_0": 4.0531158447265625e-06,
    "predict_and_compile_model_2_multimer_v3_pred_0": 378.2768232822418,
    "relax_model_2_multimer_v3_pred_0": 35.46462678909302,
    "process_features_model_2_multimer_v3_pred_1": 4.0531158447265625e-06,
    "predict_and_compile_model_2_multimer_v3_pred_1": 189.0498218536377,
    "relax_model_2_multimer_v3_pred_1": 48.14503216743469,
    "process_features_model_2_multimer_v3_pred_2": 3.814697265625e-06,
    "predict_and_compile_model_2_multimer_v3_pred_2": 306.80230164527893,
    "relax_model_2_multimer_v3_pred_2": 49.10085654258728,
    "process_features_model_2_multimer_v3_pred_3": 3.5762786865234375e-06,
    "predict_and_compile_model_2_multimer_v3_pred_3": 235.83249044418335,
    "relax_model_2_multimer_v3_pred_3": 36.550904750823975,
    "process_features_model_2_multimer_v3_pred_4": 4.5299530029296875e-06,
    "predict_and_compile_model_2_multimer_v3_pred_4": 447.9112446308136,
    "relax_model_2_multimer_v3_pred_4": 39.56731176376343,
    "process_features_model_3_multimer_v3_pred_0": 4.0531158447265625e-06,
    "predict_and_compile_model_3_multimer_v3_pred_0": 663.7379145622253,
    "relax_model_3_multimer_v3_pred_0": 45.75107526779175,
    "process_features_model_3_multimer_v3_pred_1": 4.0531158447265625e-06,
    "predict_and_compile_model_3_multimer_v3_pred_1": 212.209618806839,
    "relax_model_3_multimer_v3_pred_1": 36.1226282119751,
    "process_features_model_3_multimer_v3_pred_2": 3.0994415283203125e-06,
    "predict_and_compile_model_3_multimer_v3_pred_2": 330.37547612190247,
    "relax_model_3_multimer_v3_pred_2": 39.23908591270447,
    "process_features_model_3_multimer_v3_pred_3": 3.814697265625e-06,
    "predict_and_compile_model_3_multimer_v3_pred_3": 495.0311870574951,
    "relax_model_3_multimer_v3_pred_3": 35.425026416778564,
    "process_features_model_3_multimer_v3_pred_4": 4.0531158447265625e-06,
    "predict_and_compile_model_3_multimer_v3_pred_4": 495.44210624694824,
    "relax_model_3_multimer_v3_pred_4": 36.1942024230957,
    "process_features_model_4_multimer_v3_pred_0": 4.76837158203125e-06,
    "predict_and_compile_model_4_multimer_v3_pred_0": 667.3061809539795,
    "relax_model_4_multimer_v3_pred_0": 67.56893396377563,
    "process_features_model_4_multimer_v3_pred_1": 3.337860107421875e-06,
    "predict_and_compile_model_4_multimer_v3_pred_1": 489.33472204208374,
    "relax_model_4_multimer_v3_pred_1": 60.9216845035553,
    "process_features_model_4_multimer_v3_pred_2": 4.291534423828125e-06,
    "predict_and_compile_model_4_multimer_v3_pred_2": 489.6043190956116,
    "relax_model_4_multimer_v3_pred_2": 35.901527404785156,
    "process_features_model_4_multimer_v3_pred_3": 3.5762786865234375e-06,
    "predict_and_compile_model_4_multimer_v3_pred_3": 489.459951877594,
    "relax_model_4_multimer_v3_pred_3": 57.7620267868042,
    "process_features_model_4_multimer_v3_pred_4": 3.814697265625e-06,
    "predict_and_compile_model_4_multimer_v3_pred_4": 489.12224793434143,
    "relax_model_4_multimer_v3_pred_4": 67.67186903953552,
    "process_features_model_5_multimer_v3_pred_0": 4.0531158447265625e-06,
    "predict_and_compile_model_5_multimer_v3_pred_0": 656.2091913223267,
    "relax_model_5_multimer_v3_pred_0": 36.80144739151001,
    "process_features_model_5_multimer_v3_pred_1": 3.814697265625e-06,
    "predict_and_compile_model_5_multimer_v3_pred_1": 489.2626061439514,
    "relax_model_5_multimer_v3_pred_1": 41.404319763183594,
    "process_features_model_5_multimer_v3_pred_2": 3.814697265625e-06,
    "predict_and_compile_model_5_multimer_v3_pred_2": 464.84730052948,
    "relax_model_5_multimer_v3_pred_2": 38.0228054523468,
    "process_features_model_5_multimer_v3_pred_3": 3.814697265625e-06,
    "predict_and_compile_model_5_multimer_v3_pred_3": 373.3162384033203,
    "relax_model_5_multimer_v3_pred_3": 35.53782105445862,
    "process_features_model_5_multimer_v3_pred_4": 4.0531158447265625e-06,
    "predict_and_compile_model_5_multimer_v3_pred_4": 373.50282883644104,
    "relax_model_5_multimer_v3_pred_4": 37.171812534332275
}