seed,sample,ranking_score
1,0,0.4870326857406388
1,1,0.4698513774197563
1,2,0.4665061183115365
1,3,0.4935661617353655
1,4,0.46786439040219163
