{
    "features": 0.01634836196899414,
    "process_features_model_1_multimer_v3_pred_0": 4.0531158447265625e-06,
    "predict_and_compile_model_1_multimer_v3_pred_0": 392.68847370147705,
    "relax_model_1_multimer_v3_pred_0": 44.2438268661499,
    "process_features_model_1_multimer_v3_pred_1": 3.5762786865234375e-06,
    "predict_and_compile_model_1_multimer_v3_pred_1": 155.03621530532837,
    "relax_model_1_multimer_v3_pred_1": 40.365044355392456,
    "process_features_model_1_multimer_v3_pred_2": 3.5762786865234375e-06,
    "predict_and_compile_model_1_multimer_v3_pred_2": 270.90560126304626,
    "relax_model_1_multimer_v3_pred_2": 37.746145725250244,
    "process_features_model_1_multimer_v3_pred_3": 4.291534423828125e-06,
    "predict_and_compile_model_1_multimer_v3_pred_3": 193.9709131717682,
    "relax_model_1_multimer_v3_pred_3": 36.616036891937256,
    "process_features_model_1_multimer_v3_pred_4": 4.5299530029296875e-06,
    "predict_and_compile_model_1_multimer_v3_pred_4": 193.72856521606445,
    "relax_model_1_multimer_v3_pred_4": 41.90190601348877,
    "process_features_model_2_multimer_v3_pred_0": 3.5762786865234375e-06,
    "predict_and_compile_model_2_multimer_v3_pred_0": 305.09236001968384,
    "relax_model_2_multimer_v3_pred_0": 49.85220456123352,
    "process_features_model_2_multimer_v3_pred_1": 4.291534423828125e-06,
    "predict_and_compile_model_2_multimer_v3_pred_1": 232.3621506690979,
    "relax_model_2_multimer_v3_pred_1": 36.90980625152588,
    "process_features_model_2_multimer_v3_pred_2": 3.814697265625e-06,
    "predict_and_compile_model_2_multimer_v3_pred_2": 135.77348804473877,
    "relax_model_2_multimer_v3_pred_2": 64.65975332260132,
    "process_features_model_2_multimer_v3_pred_3": 4.0531158447265625e-06,
    "predict_and_compile_model_2_multimer_v3_pred_3": 406.41037106513977,
    "relax_model_2_multimer_v3_pred_3": 40.97066354751587,
    "process_features_model_2_multimer_v3_pred_4": 3.814697265625e-06,
    "predict_and_compile_model_2_multimer_v3_pred_4": 367.28848028182983,
    "relax_model_2_multimer_v3_pred_4": 35.761393547058105,
    "process_features_model_3_multimer_v3_pred_0": 3.5762786865234375e-06,
    "predict_and_compile_model_3_multimer_v3_pred_0": 361.5178692340851,
    "relax_model_3_multimer_v3_pred_0": 40.97692012786865,
    "process_features_model_3_multimer_v3_pred_1": 4.291534423828125e-06,
    "predict_and_compile_model_3_multimer_v3_pred_1": 251.28929376602173,
    "relax_model_3_multimer_v3_pred_1": 37.308109521865845,
    "process_features_model_3_multimer_v3_pred_2": 3.0994415283203125e-06,
    "predict_and_compile_model_3_multimer_v3_pred_2": 193.48227310180664,
    "relax_model_3_multimer_v3_pred_2": 37.30098557472229,
    "process_features_model_3_multimer_v3_pred_3": 4.5299530029296875e-06,
    "predict_and_compile_model_3_multimer_v3_pred_3": 135.6277117729187,
    "relax_model_3_multimer_v3_pred_3": 36.089632511138916,
    "process_features_model_3_multimer_v3_pred_4": 3.814697265625e-06,
    "predict_and_compile_model_3_multimer_v3_pred_4": 251.2529330253601,
    "relax_model_3_multimer_v3_pred_4": 36.066086530685425,
    "process_features_model_4_multimer_v3_pred_0": 3.5762786865234375e-06,
    "predict_and_compile_model_4_multimer_v3_pred_0": 568.3430993556976,
    "relax_model_4_multimer_v3_pred_0": 35.606863498687744,
    "process_features_model_4_multimer_v3_pred_1": 4.0531158447265625e-06,
    "predict_and_compile_model_4_multimer_v3_pred_1": 395.6842620372772,
    "relax_model_4_multimer_v3_pred_1": 38.80400586128235,
    "process_features_model_4_multimer_v3_pred_2": 4.291534423828125e-06,
    "predict_and_compile_model_4_multimer_v3_pred_2": 396.3979651927948,
    "relax_model_4_multimer_v3_pred_2": 37.64492988586426,
    "process_features_model_4_multimer_v3_pred_3": 3.814697265625e-06,
    "predict_and_compile_model_4_multimer_v3_pred_3": 396.4008514881134,
    "relax_model_4_multimer_v3_pred_3": 38.19107007980347,
    "process_features_model_4_multimer_v3_pred_4": 3.5762786865234375e-06,
    "predict_and_compile_model_4_multimer_v3_pred_4": 396.3024368286133,
    "relax_model_4_multimer_v3_pred_4": 74.86187148094177,
    "process_features_model_5_multimer_v3_pred_0": 4.291534423828125e-06,
    "predict_and_compile_model_5_multimer_v3_pred_0": 564.4908931255341,
    "relax_model_5_multimer_v3_pred_0": 36.53883123397827,
    "process_features_model_5_multimer_v3_pred_1": 4.0531158447265625e-06,
    "predict_and_compile_model_5_multimer_v3_pred_1": 283.1798007488251,
    "relax_model_5_multimer_v3_pred_1": 37.24738597869873,
    "process_features_model_5_multimer_v3_pred_2": 4.0531158447265625e-06,
    "predict_and_compile_model_5_multimer_v3_pred_2": 396.3383820056915,
    "relax_model_5_multimer_v3_pred_2": 40.98595118522644,
    "process_features_model_5_multimer_v3_pred_3": 4.0531158447265625e-06,
    "predict_and_compile_model_5_multimer_v3_pred_3": 396.17668652534485,
    "relax_model_5_multimer_v3_pred_3": 35.30367302894592,
    "process_features_model_5_multimer_v3_pred_4": 3.337860107421875e-06,
    "predict_and_compile_model_5_multimer_v3_pred_4": 396.0898599624634,
    "relax_model_5_multimer_v3_pred_4": 37.44680619239807
}