seed,sample,ranking_score
1,0,0.9782183475371452
1,1,0.9808668067060187
1,2,0.9747416552055171
1,3,0.9832445729033503
1,4,0.9782079170526052
