seed,sample,ranking_score
1,0,0.6814062356836216
1,1,0.7002028627192032
1,2,0.6957072852196701
1,3,0.7020126391264447
1,4,0.6980133705669787
