seed,sample,ranking_score
1,0,0.8777593639345987
1,1,0.8874971327372282
1,2,0.8726213403754866
1,3,0.865471280326478
1,4,0.902460083412163
