{
    "features": 0.7368161678314209,
    "process_features_model_1_multimer_v3_pred_0": 5.9604644775390625e-06,
    "predict_and_compile_model_1_multimer_v3_pred_0": 4154.044934272766,
    "predict_benchmark_model_1_multimer_v3_pred_0": 3996.779441356659,
    "process_features_model_2_multimer_v3_pred_0": 0.0009758472442626953,
    "predict_and_compile_model_2_multimer_v3_pred_0": 4108.384490728378,
    "predict_benchmark_model_2_multimer_v3_pred_0": 3995.951331615448,
    "process_features_model_3_multimer_v3_pred_0": 2.7418136596679688e-05,
    "predict_and_compile_model_3_multimer_v3_pred_0": 4109.888441324234,
    "predict_benchmark_model_3_multimer_v3_pred_0": 3995.506987094879,
    "process_features_model_4_multimer_v3_pred_0": 1.049041748046875e-05,
    "predict_and_compile_model_4_multimer_v3_pred_0": 4027.401707649231,
    "predict_benchmark_model_4_multimer_v3_pred_0": 3934.474007129669,
    "process_features_model_5_multimer_v3_pred_0": 0.001245737075805664,
    "predict_and_compile_model_5_multimer_v3_pred_0": 4038.151664018631,
    "predict_benchmark_model_5_multimer_v3_pred_0": 3932.3502480983734
}