seed,sample,ranking_score
1,0,0.4313243135182653
1,1,0.43891818577572006
1,2,0.44557185019118634
1,3,0.4414320999019439
1,4,0.3737838274723857
