seed,sample,ranking_score
5,0,0.7169130624082279
5,1,0.7142922499545395
5,2,0.6993232302181067
5,3,0.6979313868465638
5,4,0.6929941446901431
