seed,sample,ranking_score
1,0,0.6021837026812771
1,1,0.5499691384715727
1,2,0.578597590318253
1,3,0.5576397899464733
1,4,0.5837599174512719
