seed,sample,ranking_score
3,0,0.6113344843908521
3,1,0.5997800861140561
3,2,0.5183476433930708
3,3,0.591499937114411
3,4,0.602093407179784
