seed,sample,ranking_score
1,0,0.9143743666947542
1,1,0.9182854172373354
1,2,0.9312966401216021
1,3,0.9296551096807192
1,4,0.9247262809919552
