{
    "features": 0.21414732933044434,
    "process_features_model_1_multimer_v3_pred_0": 4.291534423828125e-06,
    "predict_and_compile_model_1_multimer_v3_pred_0": 138.11462020874023,
    "predict_benchmark_model_1_multimer_v3_pred_0": 55.614795207977295,
    "process_features_model_2_multimer_v3_pred_0": 4.124641418457031e-05,
    "predict_and_compile_model_2_multimer_v3_pred_0": 130.28792929649353,
    "predict_benchmark_model_2_multimer_v3_pred_0": 45.42632484436035,
    "process_features_model_3_multimer_v3_pred_0": 3.123283386230469e-05,
    "predict_and_compile_model_3_multimer_v3_pred_0": 191.85340118408203,
    "predict_benchmark_model_3_multimer_v3_pred_0": 105.81671786308289,
    "process_features_model_4_multimer_v3_pred_0": 2.8371810913085938e-05,
    "predict_and_compile_model_4_multimer_v3_pred_0": 137.93261218070984,
    "predict_benchmark_model_4_multimer_v3_pred_0": 48.69818472862244,
    "process_features_model_5_multimer_v3_pred_0": 2.1219253540039062e-05,
    "predict_and_compile_model_5_multimer_v3_pred_0": 186.65234088897705,
    "predict_benchmark_model_5_multimer_v3_pred_0": 102.1703143119812
}