{
    "features": 0.21876955032348633,
    "process_features_model_1_multimer_v3_pred_0": 4.5299530029296875e-06,
    "predict_and_compile_model_1_multimer_v3_pred_0": 495.3970310688019,
    "predict_benchmark_model_1_multimer_v3_pred_0": 375.42934489250183,
    "process_features_model_2_multimer_v3_pred_0": 3.5762786865234375e-06,
    "predict_and_compile_model_2_multimer_v3_pred_0": 489.83438301086426,
    "predict_benchmark_model_2_multimer_v3_pred_0": 375.22133016586304,
    "process_features_model_3_multimer_v3_pred_0": 4.0531158447265625e-06,
    "predict_and_compile_model_3_multimer_v3_pred_0": 490.7341136932373,
    "predict_benchmark_model_3_multimer_v3_pred_0": 374.7814362049103,
    "process_features_model_4_multimer_v3_pred_0": 3.814697265625e-06,
    "predict_and_compile_model_4_multimer_v3_pred_0": 485.2243549823761,
    "predict_benchmark_model_4_multimer_v3_pred_0": 365.4332344532013,
    "process_features_model_5_multimer_v3_pred_0": 3.0994415283203125e-06,
    "predict_and_compile_model_5_multimer_v3_pred_0": 482.0315799713135,
    "predict_benchmark_model_5_multimer_v3_pred_0": 364.59002661705017
}