{
    "features": 0.5345115661621094,
    "process_features_model_1_multimer_v3_pred_0": 5.7220458984375e-06,
    "predict_and_compile_model_1_multimer_v3_pred_0": 102.84620809555054,
    "predict_benchmark_model_1_multimer_v3_pred_0": 27.02475357055664,
    "process_features_model_2_multimer_v3_pred_0": 2.5987625122070312e-05,
    "predict_and_compile_model_2_multimer_v3_pred_0": 124.40773367881775,
    "predict_benchmark_model_2_multimer_v3_pred_0": 48.4915931224823,
    "process_features_model_3_multimer_v3_pred_0": 1.430511474609375e-05,
    "predict_and_compile_model_3_multimer_v3_pred_0": 110.88375902175903,
    "predict_benchmark_model_3_multimer_v3_pred_0": 32.31852126121521,
    "process_features_model_4_multimer_v3_pred_0": 1.0251998901367188e-05,
    "predict_and_compile_model_4_multimer_v3_pred_0": 126.68842625617981,
    "predict_benchmark_model_4_multimer_v3_pred_0": 46.971885204315186,
    "process_features_model_5_multimer_v3_pred_0": 6.9141387939453125e-06,
    "predict_and_compile_model_5_multimer_v3_pred_0": 122.02407360076904,
    "predict_benchmark_model_5_multimer_v3_pred_0": 41.81767725944519
}