{
    "features": 0.03659486770629883,
    "process_features_model_1_multimer_v3_pred_0": 3.814697265625e-06,
    "predict_and_compile_model_1_multimer_v3_pred_0": 179.54327273368835,
    "predict_benchmark_model_1_multimer_v3_pred_0": 96.40184879302979,
    "process_features_model_2_multimer_v3_pred_0": 9.298324584960938e-06,
    "predict_and_compile_model_2_multimer_v3_pred_0": 126.44741415977478,
    "predict_benchmark_model_2_multimer_v3_pred_0": 42.0614812374115,
    "process_features_model_3_multimer_v3_pred_0": 1.5974044799804688e-05,
    "predict_and_compile_model_3_multimer_v3_pred_0": 121.39132618904114,
    "predict_benchmark_model_3_multimer_v3_pred_0": 36.007187366485596,
    "process_features_model_4_multimer_v3_pred_0": 1.2159347534179688e-05,
    "predict_and_compile_model_4_multimer_v3_pred_0": 117.33673167228699,
    "predict_benchmark_model_4_multimer_v3_pred_0": 29.12825059890747,
    "process_features_model_5_multimer_v3_pred_0": 1.2874603271484375e-05,
    "predict_and_compile_model_5_multimer_v3_pred_0": 121.61460161209106,
    "predict_benchmark_model_5_multimer_v3_pred_0": 34.885695457458496
}