seed,sample,ranking_score
1,0,0.6311223746734342
1,1,0.6493963901199249
1,2,0.6437360474701687
1,3,0.6274586003271502
1,4,0.6177879744397506
