seed,sample,ranking_score
2,0,0.7309865039653658
2,1,0.7286844269712831
2,2,0.7342859691914029
2,3,0.7293549251554983
2,4,0.7242226577423214
