seed,sample,ranking_score
1,0,0.6430974291570788
1,1,0.6221116335781581
1,2,0.6578083581337973
1,3,0.6608622159525664
1,4,0.6460225130688256
