seed,sample,ranking_score
5,0,0.7177789183114256
5,1,0.6997566048040257
5,2,0.7262497916188989
5,3,0.719398150061447
5,4,0.7283785926132893
