seed,sample,ranking_score
1,0,0.6502519819702224
1,1,0.5994357535006336
1,2,0.581236177774818
1,3,0.6169926083184467
1,4,0.605622986985011
