{
    "iptm+ptm": {
        "model_1_multimer_v3_pred_0": 0.5473527223916991,
        "model_1_multimer_v3_pred_1": 0.5433585182375689,
        "model_1_multimer_v3_pred_2": 0.5469051350432231,
        "model_1_multimer_v3_pred_3": 0.545821417596269,
        "model_1_multimer_v3_pred_4": 0.5505544641613046,
        "model_2_multimer_v3_pred_0": 0.5564971978590376,
        "model_2_multimer_v3_pred_1": 0.5799812350714098,
        "model_2_multimer_v3_pred_2": 0.5921822531469143,
        "model_2_multimer_v3_pred_3": 0.5862298378443238,
        "model_2_multimer_v3_pred_4": 0.5691963083079437,
        "model_3_multimer_v3_pred_0": 0.5917584506266671,
        "model_3_multimer_v3_pred_1": 0.5979843502432246,
        "model_3_multimer_v3_pred_2": 0.5765148037014522,
        "model_3_multimer_v3_pred_3": 0.6046284833394653,
        "model_3_multimer_v3_pred_4": 0.5922759921596412,
        "model_4_multimer_v3_pred_0": 0.6125630648086837,
        "model_4_multimer_v3_pred_1": 0.6103030366353346,
        "model_4_multimer_v3_pred_2": 0.611518159333423,
        "model_4_multimer_v3_pred_3": 0.6026578617454881,
        "model_4_multimer_v3_pred_4": 0.6086982443218455,
        "model_5_multimer_v3_pred_0": 0.5707788705577296,
        "model_5_multimer_v3_pred_1": 0.5920259837873907,
        "model_5_multimer_v3_pred_2": 0.5683927656245316,
        "model_5_multimer_v3_pred_3": 0.5588867707537046,
        "model_5_multimer_v3_pred_4": 0.5771192125032782
    },
    "order": [
        "model_4_multimer_v3_pred_0",
        "model_4_multimer_v3_pred_2",
        "model_4_multimer_v3_pred_1",
        "model_4_multimer_v3_pred_4",
        "model_3_multimer_v3_pred_3",
        "model_4_multimer_v3_pred_3",
        "model_3_multimer_v3_pred_1",
        "model_3_multimer_v3_pred_4",
        "model_2_multimer_v3_pred_2",
        "model_5_multimer_v3_pred_1",
        "model_3_multimer_v3_pred_0",
        "model_2_multimer_v3_pred_3",
        "model_2_multimer_v3_pred_1",
        "model_5_multimer_v3_pred_4",
        "model_3_multimer_v3_pred_2",
        "model_5_multimer_v3_pred_0",
        "model_2_multimer_v3_pred_4",
        "model_5_multimer_v3_pred_2",
        "model_5_multimer_v3_pred_3",
        "model_2_multimer_v3_pred_0",
        "model_1_multimer_v3_pred_4",
        "model_1_multimer_v3_pred_0",
        "model_1_multimer_v3_pred_2",
        "model_1_multimer_v3_pred_3",
        "model_1_multimer_v3_pred_1"
    ]
}