seed,sample,ranking_score
4,0,0.6029761133584878
4,1,0.6191439337389268
4,2,0.630284344793315
4,3,0.6150470002504027
4,4,0.6143856681798325
