seed,sample,ranking_score
1,0,0.7963945470633094
1,1,0.7748510512312273
1,2,0.7733458810442733
1,3,0.785044854941167
1,4,0.768866111852806
