seed,sample,ranking_score
1,0,0.41743202418764735
1,1,0.4150519999162214
1,2,0.5472034707785012
1,3,0.5627399628440688
1,4,0.4249360233503249
