seed,sample,ranking_score
3,0,0.8141493140854554
3,1,0.7911443883959554
3,2,0.8071294875490782
3,3,0.80619835742694
3,4,0.8022129382231501
