seed,sample,ranking_score
1,0,0.8912751614473206
1,1,0.8814205003079211
1,2,0.9020047695998745
1,3,0.9026977145801605
1,4,0.9026167962008904
