seed,sample,ranking_score
1,0,0.5292238184172527
1,1,0.5266484087802348
1,2,0.5613405867080198
1,3,0.4795968155999675
1,4,0.40650266435861515
