{
    "iptm+ptm": {
        "model_1_multimer_v3_pred_0": 0.6441614926915445,
        "model_1_multimer_v3_pred_1": 0.6810933372713717,
        "model_1_multimer_v3_pred_2": 0.5894902403136726,
        "model_1_multimer_v3_pred_3": 0.677898669924818,
        "model_1_multimer_v3_pred_4": 0.6440650983352636,
        "model_2_multimer_v3_pred_0": 0.6332054363204068,
        "model_2_multimer_v3_pred_1": 0.6786904848630522,
        "model_2_multimer_v3_pred_2": 0.573780673009014,
        "model_2_multimer_v3_pred_3": 0.6580041550167666,
        "model_2_multimer_v3_pred_4": 0.6764827089324468,
        "model_3_multimer_v3_pred_0": 0.605415624849897,
        "model_3_multimer_v3_pred_1": 0.6101539791109927,
        "model_3_multimer_v3_pred_2": 0.6112600887196521,
        "model_3_multimer_v3_pred_3": 0.653804357322952,
        "model_3_multimer_v3_pred_4": 0.5886245196693718,
        "model_4_multimer_v3_pred_0": 0.5987059715735145,
        "model_4_multimer_v3_pred_1": 0.585904848973015,
        "model_4_multimer_v3_pred_2": 0.5998489786962021,
        "model_4_multimer_v3_pred_3": 0.6678156538929575,
        "model_4_multimer_v3_pred_4": 0.6677457697432765,
        "model_5_multimer_v3_pred_0": 0.687462124383738,
        "model_5_multimer_v3_pred_1": 0.6518658884935552,
        "model_5_multimer_v3_pred_2": 0.6706364690613559,
        "model_5_multimer_v3_pred_3": 0.6751670105977534,
        "model_5_multimer_v3_pred_4": 0.6707844978256553
    },
    "order": [
        "model_5_multimer_v3_pred_0",
        "model_1_multimer_v3_pred_1",
        "model_2_multimer_v3_pred_1",
        "model_1_multimer_v3_pred_3",
        "model_2_multimer_v3_pred_4",
        "model_5_multimer_v3_pred_3",
        "model_5_multimer_v3_pred_4",
        "model_5_multimer_v3_pred_2",
        "model_4_multimer_v3_pred_3",
        "model_4_multimer_v3_pred_4",
        "model_2_multimer_v3_pred_3",
        "model_3_multimer_v3_pred_3",
        "model_5_multimer_v3_pred_1",
        "model_1_multimer_v3_pred_0",
        "model_1_multimer_v3_pred_4",
        "model_2_multimer_v3_pred_0",
        "model_3_multimer_v3_pred_2",
        "model_3_multimer_v3_pred_1",
        "model_3_multimer_v3_pred_0",
        "model_4_multimer_v3_pred_2",
        "model_4_multimer_v3_pred_0",
        "model_1_multimer_v3_pred_2",
        "model_3_multimer_v3_pred_4",
        "model_4_multimer_v3_pred_1",
        "model_2_multimer_v3_pred_2"
    ]
}