seed,sample,ranking_score
1,0,0.5441889864157659
1,1,0.5333401381602705
1,2,0.5234052852659669
1,3,0.4926675565406692
1,4,0.5503783536537347
