seed,sample,ranking_score
1,0,0.5604230223794556
1,1,0.5687693375368658
1,2,0.5405632904571933
1,3,0.5747510449649761
1,4,0.5747276685685481
