seed,sample,ranking_score
1,0,0.8519887585115867
1,1,0.8481643960632186
1,2,0.8418219426603039
1,3,0.8383810489302661
1,4,0.8362146532030184
