seed,sample,ranking_score
1,0,0.49676423833012906
1,1,0.43081302453399783
1,2,0.5316915145931047
1,3,0.5177039453940679
1,4,0.5134094334498935
