seed,sample,ranking_score
1,0,0.6353638603332467
1,1,0.634276177532118
1,2,0.6415432733924983
1,3,0.6295544002713723
1,4,0.5987994184968576
