seed,sample,ranking_score
1,0,0.4217271247219382
1,1,0.4202370869427578
1,2,0.32772569728243056
1,3,0.42917010121663035
1,4,0.41467338586931807
