{
    "features": 0.02183842658996582,
    "process_features_model_1_multimer_v3_pred_0": 4.76837158203125e-06,
    "predict_and_compile_model_1_multimer_v3_pred_0": 319.9135525226593,
    "predict_benchmark_model_1_multimer_v3_pred_0": 241.8948621749878,
    "process_features_model_2_multimer_v3_pred_0": 8.106231689453125e-06,
    "predict_and_compile_model_2_multimer_v3_pred_0": 319.7799816131592,
    "predict_benchmark_model_2_multimer_v3_pred_0": 241.20023226737976,
    "process_features_model_3_multimer_v3_pred_0": 1.8835067749023438e-05,
    "predict_and_compile_model_3_multimer_v3_pred_0": 324.065789937973,
    "predict_benchmark_model_3_multimer_v3_pred_0": 241.0131437778473,
    "process_features_model_4_multimer_v3_pred_0": 2.5272369384765625e-05,
    "predict_and_compile_model_4_multimer_v3_pred_0": 324.40303802490234,
    "predict_benchmark_model_4_multimer_v3_pred_0": 237.1786813735962,
    "process_features_model_5_multimer_v3_pred_0": 7.62939453125e-06,
    "predict_and_compile_model_5_multimer_v3_pred_0": 317.2150580883026,
    "predict_benchmark_model_5_multimer_v3_pred_0": 236.8448610305786
}