seed,sample,ranking_score
4,0,0.6487221292555082
4,1,0.6647817188586868
4,2,0.632007670651656
4,3,0.6487222698590853
4,4,0.6452604721717876
