seed,sample,ranking_score
1,0,0.5969356488196612
1,1,0.6881162099575546
1,2,0.594782627981983
1,3,0.6220664986252523
1,4,0.6191837745030144
