{
    "features": 0.018786191940307617,
    "process_features_model_1_multimer_v3_pred_0": 2.1457672119140625e-06,
    "predict_and_compile_model_1_multimer_v3_pred_0": 101.04264569282532,
    "predict_benchmark_model_1_multimer_v3_pred_0": 19.59801983833313,
    "process_features_model_2_multimer_v3_pred_0": 1.1920928955078125e-05,
    "predict_and_compile_model_2_multimer_v3_pred_0": 103.70893907546997,
    "predict_benchmark_model_2_multimer_v3_pred_0": 19.61087465286255,
    "process_features_model_3_multimer_v3_pred_0": 1.6927719116210938e-05,
    "predict_and_compile_model_3_multimer_v3_pred_0": 109.27367997169495,
    "predict_benchmark_model_3_multimer_v3_pred_0": 23.43563437461853,
    "process_features_model_4_multimer_v3_pred_0": 2.86102294921875e-05,
    "predict_and_compile_model_4_multimer_v3_pred_0": 103.66396427154541,
    "predict_benchmark_model_4_multimer_v3_pred_0": 15.461179971694946,
    "process_features_model_5_multimer_v3_pred_0": 1.6450881958007812e-05,
    "predict_and_compile_model_5_multimer_v3_pred_0": 104.00048756599426,
    "predict_benchmark_model_5_multimer_v3_pred_0": 19.353320360183716
}