seed,sample,ranking_score
1,0,0.7519974671185661
1,1,0.7444338139226296
1,2,0.7586045745563903
1,3,0.7521080504218312
1,4,0.7507134091356518
