seed,sample,ranking_score
1,0,0.6829629539368867
1,1,0.6777498631697069
1,2,0.6842504954011749
1,3,0.6798622980069177
1,4,0.685694759373729
