seed,sample,ranking_score
1,0,0.5525590387468545
1,1,0.556788986927826
1,2,0.599598275868774
1,3,0.5356689489112971
1,4,0.5224573323747632
