seed,sample,ranking_score
1,0,0.6854359157239167
1,1,0.6829397758608765
1,2,0.6722350099793971
1,3,0.6794995701709836
1,4,0.6856857483888237
