seed,sample,ranking_score
1,0,0.6030686670866071
1,1,0.6618418100661169
1,2,0.6754946669076545
1,3,0.7680289015091949
1,4,0.7342953623542354
