seed,sample,ranking_score
1,0,0.36215152738524425
1,1,0.36386707828323306
1,2,0.3519259263322066
1,3,0.35994925385546395
1,4,0.36351318664574156
