seed,sample,ranking_score
1,0,0.846327685553369
1,1,0.8484564120542405
1,2,0.8455215997096739
1,3,0.8453461578098792
1,4,0.8475384051324455
