seed,sample,ranking_score
5,0,0.7633025552043973
5,1,0.768445319870603
5,2,0.7716152486321299
5,3,0.7574915058126304
5,4,0.7730293151626414
