seed,sample,ranking_score
1,0,0.584401405204318
1,1,0.5756853423207063
1,2,0.5639759744942678
1,3,0.5862914909334895
1,4,0.5565647411257291
