seed,sample,ranking_score
1,0,0.624040268842048
1,1,0.6240955792269655
1,2,0.6237719881257325
1,3,0.6272064701948867
1,4,0.6217824339660313
