seed,sample,ranking_score
1,0,0.7115018129984735
1,1,0.7130516947584642
1,2,0.7138164224892627
1,3,0.721400072936164
1,4,0.7221714958066634
