{
    "features": 0.007053375244140625,
    "process_features_model_1_multimer_v3_pred_0": 4.0531158447265625e-06,
    "predict_and_compile_model_1_multimer_v3_pred_0": 198.06450510025024,
    "relax_model_1_multimer_v3_pred_0": 30.1579806804657,
    "process_features_model_1_multimer_v3_pred_1": 3.337860107421875e-06,
    "predict_and_compile_model_1_multimer_v3_pred_1": 61.22976899147034,
    "relax_model_1_multimer_v3_pred_1": 29.07685685157776,
    "process_features_model_1_multimer_v3_pred_2": 2.6226043701171875e-06,
    "predict_and_compile_model_1_multimer_v3_pred_2": 61.20925188064575,
    "relax_model_1_multimer_v3_pred_2": 29.291966199874878,
    "process_features_model_1_multimer_v3_pred_3": 2.6226043701171875e-06,
    "predict_and_compile_model_1_multimer_v3_pred_3": 78.57776236534119,
    "relax_model_1_multimer_v3_pred_3": 29.372756481170654,
    "process_features_model_1_multimer_v3_pred_4": 2.384185791015625e-06,
    "predict_and_compile_model_1_multimer_v3_pred_4": 78.62074589729309,
    "relax_model_1_multimer_v3_pred_4": 30.298996686935425,
    "process_features_model_2_multimer_v3_pred_0": 2.6226043701171875e-06,
    "predict_and_compile_model_2_multimer_v3_pred_0": 184.96259808540344,
    "relax_model_2_multimer_v3_pred_0": 28.005142211914062,
    "process_features_model_2_multimer_v3_pred_1": 2.86102294921875e-06,
    "predict_and_compile_model_2_multimer_v3_pred_1": 61.335323333740234,
    "relax_model_2_multimer_v3_pred_1": 29.271355390548706,
    "process_features_model_2_multimer_v3_pred_2": 3.0994415283203125e-06,
    "predict_and_compile_model_2_multimer_v3_pred_2": 43.90613555908203,
    "relax_model_2_multimer_v3_pred_2": 39.6696560382843,
    "process_features_model_2_multimer_v3_pred_3": 2.6226043701171875e-06,
    "predict_and_compile_model_2_multimer_v3_pred_3": 61.13256478309631,
    "relax_model_2_multimer_v3_pred_3": 28.11979389190674,
    "process_features_model_2_multimer_v3_pred_4": 2.384185791015625e-06,
    "predict_and_compile_model_2_multimer_v3_pred_4": 52.5545768737793,
    "relax_model_2_multimer_v3_pred_4": 27.80942177772522,
    "process_features_model_3_multimer_v3_pred_0": 3.337860107421875e-06,
    "predict_and_compile_model_3_multimer_v3_pred_0": 188.5453519821167,
    "relax_model_3_multimer_v3_pred_0": 29.05988645553589,
    "process_features_model_3_multimer_v3_pred_1": 2.86102294921875e-06,
    "predict_and_compile_model_3_multimer_v3_pred_1": 121.84659767150879,
    "relax_model_3_multimer_v3_pred_1": 28.992828607559204,
    "process_features_model_3_multimer_v3_pred_2": 3.0994415283203125e-06,
    "predict_and_compile_model_3_multimer_v3_pred_2": 130.3124589920044,
    "relax_model_3_multimer_v3_pred_2": 29.119510889053345,
    "process_features_model_3_multimer_v3_pred_3": 2.384185791015625e-06,
    "predict_and_compile_model_3_multimer_v3_pred_3": 182.17605662345886,
    "relax_model_3_multimer_v3_pred_3": 28.56880807876587,
    "process_features_model_3_multimer_v3_pred_4": 2.86102294921875e-06,
    "predict_and_compile_model_3_multimer_v3_pred_4": 181.98677945137024,
    "relax_model_3_multimer_v3_pred_4": 29.068927526474,
    "process_features_model_4_multimer_v3_pred_0": 2.1457672119140625e-06,
    "predict_and_compile_model_4_multimer_v3_pred_0": 298.53692984580994,
    "relax_model_4_multimer_v3_pred_0": 29.020596504211426,
    "process_features_model_4_multimer_v3_pred_1": 3.0994415283203125e-06,
    "predict_and_compile_model_4_multimer_v3_pred_1": 178.15418767929077,
    "relax_model_4_multimer_v3_pred_1": 28.99537205696106,
    "process_features_model_4_multimer_v3_pred_2": 2.384185791015625e-06,
    "predict_and_compile_model_4_multimer_v3_pred_2": 178.24937462806702,
    "relax_model_4_multimer_v3_pred_2": 29.237077236175537,
    "process_features_model_4_multimer_v3_pred_3": 2.1457672119140625e-06,
    "predict_and_compile_model_4_multimer_v3_pred_3": 178.06162023544312,
    "relax_model_4_multimer_v3_pred_3": 29.023451328277588,
    "process_features_model_4_multimer_v3_pred_4": 1.9073486328125e-06,
    "predict_and_compile_model_4_multimer_v3_pred_4": 178.4468071460724,
    "relax_model_4_multimer_v3_pred_4": 40.048916816711426,
    "process_features_model_5_multimer_v3_pred_0": 2.384185791015625e-06,
    "predict_and_compile_model_5_multimer_v3_pred_0": 294.64760971069336,
    "relax_model_5_multimer_v3_pred_0": 29.520278930664062,
    "process_features_model_5_multimer_v3_pred_1": 2.6226043701171875e-06,
    "predict_and_compile_model_5_multimer_v3_pred_1": 178.14986991882324,
    "relax_model_5_multimer_v3_pred_1": 28.943617343902588,
    "process_features_model_5_multimer_v3_pred_2": 1.9073486328125e-06,
    "predict_and_compile_model_5_multimer_v3_pred_2": 178.26280426979065,
    "relax_model_5_multimer_v3_pred_2": 29.501814126968384,
    "process_features_model_5_multimer_v3_pred_3": 2.6226043701171875e-06,
    "predict_and_compile_model_5_multimer_v3_pred_3": 177.88981103897095,
    "relax_model_5_multimer_v3_pred_3": 28.03865957260132,
    "process_features_model_5_multimer_v3_pred_4": 2.6226043701171875e-06,
    "predict_and_compile_model_5_multimer_v3_pred_4": 178.24607872962952,
    "relax_model_5_multimer_v3_pred_4": 29.49163293838501
}