seed,sample,ranking_score
1,0,0.5573528095978696
1,1,0.5349475176011113
1,2,0.540873921475469
1,3,0.5581028471861299
1,4,0.5325723958087966
