{
    "features": 0.005290031433105469,
    "process_features_model_1_multimer_v3_pred_0": 3.5762786865234375e-06,
    "predict_and_compile_model_1_multimer_v3_pred_0": 232.9471435546875,
    "relax_model_1_multimer_v3_pred_0": 41.88063645362854,
    "process_features_model_1_multimer_v3_pred_1": 2.86102294921875e-06,
    "predict_and_compile_model_1_multimer_v3_pred_1": 115.09918308258057,
    "relax_model_1_multimer_v3_pred_1": 19.46705460548401,
    "process_features_model_1_multimer_v3_pred_2": 2.86102294921875e-06,
    "predict_and_compile_model_1_multimer_v3_pred_2": 115.15504789352417,
    "relax_model_1_multimer_v3_pred_2": 26.572500467300415,
    "process_features_model_1_multimer_v3_pred_3": 2.6226043701171875e-06,
    "predict_and_compile_model_1_multimer_v3_pred_3": 115.0903708934784,
    "relax_model_1_multimer_v3_pred_3": 30.945305585861206,
    "process_features_model_1_multimer_v3_pred_4": 2.6226043701171875e-06,
    "predict_and_compile_model_1_multimer_v3_pred_4": 115.17089414596558,
    "relax_model_1_multimer_v3_pred_4": 27.010817050933838,
    "process_features_model_2_multimer_v3_pred_0": 3.0994415283203125e-06,
    "predict_and_compile_model_2_multimer_v3_pred_0": 230.85648393630981,
    "relax_model_2_multimer_v3_pred_0": 34.0827202796936,
    "process_features_model_2_multimer_v3_pred_1": 3.814697265625e-06,
    "predict_and_compile_model_2_multimer_v3_pred_1": 55.61475086212158,
    "relax_model_2_multimer_v3_pred_1": 41.146998167037964,
    "process_features_model_2_multimer_v3_pred_2": 3.0994415283203125e-06,
    "predict_and_compile_model_2_multimer_v3_pred_2": 65.911461353302,
    "relax_model_2_multimer_v3_pred_2": 35.48226308822632,
    "process_features_model_2_multimer_v3_pred_3": 3.0994415283203125e-06,
    "predict_and_compile_model_2_multimer_v3_pred_3": 49.54395604133606,
    "relax_model_2_multimer_v3_pred_3": 60.1410448551178,
    "process_features_model_2_multimer_v3_pred_4": 2.86102294921875e-06,
    "predict_and_compile_model_2_multimer_v3_pred_4": 114.8164484500885,
    "relax_model_2_multimer_v3_pred_4": 35.20945596694946,
    "process_features_model_3_multimer_v3_pred_0": 4.291534423828125e-06,
    "predict_and_compile_model_3_multimer_v3_pred_0": 232.62497687339783,
    "relax_model_3_multimer_v3_pred_0": 27.918179512023926,
    "process_features_model_3_multimer_v3_pred_1": 2.86102294921875e-06,
    "predict_and_compile_model_3_multimer_v3_pred_1": 82.21750259399414,
    "relax_model_3_multimer_v3_pred_1": 27.39538884162903,
    "process_features_model_3_multimer_v3_pred_2": 3.337860107421875e-06,
    "predict_and_compile_model_3_multimer_v3_pred_2": 114.98483633995056,
    "relax_model_3_multimer_v3_pred_2": 35.19125699996948,
    "process_features_model_3_multimer_v3_pred_3": 3.337860107421875e-06,
    "predict_and_compile_model_3_multimer_v3_pred_3": 120.13691735267639,
    "relax_model_3_multimer_v3_pred_3": 28.076284170150757,
    "process_features_model_3_multimer_v3_pred_4": 2.6226043701171875e-06,
    "predict_and_compile_model_3_multimer_v3_pred_4": 119.17228126525879,
    "relax_model_3_multimer_v3_pred_4": 27.26861047744751,
    "process_features_model_4_multimer_v3_pred_0": 3.0994415283203125e-06,
    "predict_and_compile_model_4_multimer_v3_pred_0": 236.00500535964966,
    "relax_model_4_multimer_v3_pred_0": 20.251911640167236,
    "process_features_model_4_multimer_v3_pred_1": 2.86102294921875e-06,
    "predict_and_compile_model_4_multimer_v3_pred_1": 116.92865514755249,
    "relax_model_4_multimer_v3_pred_1": 20.088675260543823,
    "process_features_model_4_multimer_v3_pred_2": 3.0994415283203125e-06,
    "predict_and_compile_model_4_multimer_v3_pred_2": 32.6457622051239,
    "relax_model_4_multimer_v3_pred_2": 26.66465973854065,
    "process_features_model_4_multimer_v3_pred_3": 2.86102294921875e-06,
    "predict_and_compile_model_4_multimer_v3_pred_3": 113.24390316009521,
    "relax_model_4_multimer_v3_pred_3": 19.96169114112854,
    "process_features_model_4_multimer_v3_pred_4": 4.291534423828125e-06,
    "predict_and_compile_model_4_multimer_v3_pred_4": 113.0568265914917,
    "relax_model_4_multimer_v3_pred_4": 28.009762287139893,
    "process_features_model_5_multimer_v3_pred_0": 2.86102294921875e-06,
    "predict_and_compile_model_5_multimer_v3_pred_0": 236.03451657295227,
    "relax_model_5_multimer_v3_pred_0": 19.668051958084106,
    "process_features_model_5_multimer_v3_pred_1": 3.337860107421875e-06,
    "predict_and_compile_model_5_multimer_v3_pred_1": 113.1085102558136,
    "relax_model_5_multimer_v3_pred_1": 19.435224294662476,
    "process_features_model_5_multimer_v3_pred_2": 2.86102294921875e-06,
    "predict_and_compile_model_5_multimer_v3_pred_2": 113.17539381980896,
    "relax_model_5_multimer_v3_pred_2": 30.101935863494873,
    "process_features_model_5_multimer_v3_pred_3": 3.337860107421875e-06,
    "predict_and_compile_model_5_multimer_v3_pred_3": 113.09620809555054,
    "relax_model_5_multimer_v3_pred_3": 31.639532804489136,
    "process_features_model_5_multimer_v3_pred_4": 4.0531158447265625e-06,
    "predict_and_compile_model_5_multimer_v3_pred_4": 116.66507458686829,
    "relax_model_5_multimer_v3_pred_4": 26.91680359840393
}