{
    "features": 0.16174840927124023,
    "process_features_model_1_multimer_v3_pred_0": 5.4836273193359375e-06,
    "predict_and_compile_model_1_multimer_v3_pred_0": 409.5577664375305,
    "predict_benchmark_model_1_multimer_v3_pred_0": 291.9120616912842,
    "process_features_model_2_multimer_v3_pred_0": 3.5762786865234375e-06,
    "predict_and_compile_model_2_multimer_v3_pred_0": 404.225928068161,
    "predict_benchmark_model_2_multimer_v3_pred_0": 292.34755516052246,
    "process_features_model_3_multimer_v3_pred_0": 3.814697265625e-06,
    "predict_and_compile_model_3_multimer_v3_pred_0": 406.37402606010437,
    "predict_benchmark_model_3_multimer_v3_pred_0": 292.2652339935303,
    "process_features_model_4_multimer_v3_pred_0": 4.0531158447265625e-06,
    "predict_and_compile_model_4_multimer_v3_pred_0": 403.11163997650146,
    "predict_benchmark_model_4_multimer_v3_pred_0": 284.6213059425354,
    "process_features_model_5_multimer_v3_pred_0": 3.814697265625e-06,
    "predict_and_compile_model_5_multimer_v3_pred_0": 399.5073540210724,
    "predict_benchmark_model_5_multimer_v3_pred_0": 284.149888753891
}