seed,sample,ranking_score
3,0,0.8541156963109693
3,1,0.8483881973167055
3,2,0.8441827265611841
3,3,0.8589420937833124
3,4,0.863736750234221
