seed,sample,ranking_score
1,0,0.3742755726387426
1,1,0.3410863039706924
1,2,0.4137987048248897
1,3,0.4286970371650166
1,4,0.3451141608295501
