seed,sample,ranking_score
1,0,0.685249165934479
1,1,0.6706468184264608
1,2,0.6864222257730603
1,3,0.6850524870652887
1,4,0.6811260523949275
