seed,sample,ranking_score
1,0,0.6286734021202877
1,1,0.6042483967732
1,2,0.6267173118490732
1,3,0.6176317555247594
1,4,0.6170035741639407
