seed,sample,ranking_score
1,0,0.6284775333507133
1,1,0.6264590017573441
1,2,0.6274930539450729
1,3,0.6455096225082875
1,4,0.6240592320904385
