seed,sample,ranking_score
1,0,0.3800475471589563
1,1,0.3704370868121941
1,2,0.4126653687116648
1,3,0.4078035386727421
1,4,0.4165235867662851
