{
    "features": 0.01376032829284668,
    "process_features_model_1_multimer_v3_pred_0": 2.1457672119140625e-06,
    "predict_and_compile_model_1_multimer_v3_pred_0": 152.12169075012207,
    "predict_benchmark_model_1_multimer_v3_pred_0": 71.82719707489014,
    "process_features_model_2_multimer_v3_pred_0": 2.1457672119140625e-05,
    "predict_and_compile_model_2_multimer_v3_pred_0": 117.83329939842224,
    "predict_benchmark_model_2_multimer_v3_pred_0": 33.89272475242615,
    "process_features_model_3_multimer_v3_pred_0": 1.6689300537109375e-05,
    "predict_and_compile_model_3_multimer_v3_pred_0": 175.54361176490784,
    "predict_benchmark_model_3_multimer_v3_pred_0": 88.61562085151672,
    "process_features_model_4_multimer_v3_pred_0": 1.7881393432617188e-05,
    "predict_and_compile_model_4_multimer_v3_pred_0": 172.8689968585968,
    "predict_benchmark_model_4_multimer_v3_pred_0": 86.53668403625488,
    "process_features_model_5_multimer_v3_pred_0": 3.4809112548828125e-05,
    "predict_and_compile_model_5_multimer_v3_pred_0": 154.07168912887573,
    "predict_benchmark_model_5_multimer_v3_pred_0": 66.04658794403076
}