seed,sample,ranking_score
1,0,0.5812008862090936
1,1,0.5878603553032264
1,2,0.5745241640688911
1,3,0.5843096016019558
1,4,0.5906848784185328
