seed,sample,ranking_score
1,0,0.5651060406128319
1,1,0.5860546095039126
1,2,0.5601137545019395
1,3,0.5508711920091292
1,4,0.5464366568866117
