seed,sample,ranking_score
1,0,0.46626581715757054
1,1,0.4673457912057143
1,2,0.382844440193172
1,3,0.39661170077147045
1,4,0.46478359448399353
