seed,sample,ranking_score
1,0,0.9599151474515477
1,1,0.9651660365729633
1,2,0.9456747355117974
1,3,0.948603063970959
1,4,0.9715905645515633
