seed,sample,ranking_score
1,0,0.5846471671626235
1,1,0.5731695575702046
1,2,0.5843539450631285
1,3,0.6083317400540966
1,4,0.6089429753697553
