{
    "features": 0.1370851993560791,
    "process_features_model_1_multimer_v3_pred_0": 5.245208740234375e-06,
    "predict_and_compile_model_1_multimer_v3_pred_0": 565.414165019989,
    "predict_benchmark_model_1_multimer_v3_pred_0": 400.9616425037384,
    "process_features_model_2_multimer_v3_pred_0": 4.5299530029296875e-06,
    "predict_and_compile_model_2_multimer_v3_pred_0": 402.76876974105835,
    "predict_benchmark_model_2_multimer_v3_pred_0": 248.10347032546997,
    "process_features_model_3_multimer_v3_pred_0": 2.09808349609375e-05,
    "predict_and_compile_model_3_multimer_v3_pred_0": 560.942864894867,
    "predict_benchmark_model_3_multimer_v3_pred_0": 400.2002272605896,
    "process_features_model_4_multimer_v3_pred_0": 4.5299530029296875e-06,
    "predict_and_compile_model_4_multimer_v3_pred_0": 557.0269312858582,
    "predict_benchmark_model_4_multimer_v3_pred_0": 390.7338457107544,
    "process_features_model_5_multimer_v3_pred_0": 4.291534423828125e-06,
    "predict_and_compile_model_5_multimer_v3_pred_0": 548.3990643024445,
    "predict_benchmark_model_5_multimer_v3_pred_0": 391.56316328048706
}