seed,sample,ranking_score
1,0,0.7577226157442345
1,1,0.7675945940414082
1,2,0.7578523684344184
1,3,0.7565076916278055
1,4,0.760820335261897
