seed,sample,ranking_score
1,0,0.8047013366360695
1,1,0.8082277678424437
1,2,0.8035066120179011
1,3,0.7979292924964032
1,4,0.8435185783560514
