seed,sample,ranking_score
1,0,0.7286582264081206
1,1,0.7036796674521657
1,2,0.7044891555919587
1,3,0.713895291365161
1,4,0.7102775286576517
