seed,sample,ranking_score
1,0,0.5945853624894919
1,1,0.5634277525824586
1,2,0.5948773844703074
1,3,0.5880601677250921
1,4,0.5670044552102277
