seed,sample,ranking_score
1,0,0.5584273351139604
1,1,0.5188854173157904
1,2,0.5067844827015592
1,3,0.5291006071652663
1,4,0.5058658045143832
