seed,sample,ranking_score
1,0,0.7189779193293007
1,1,0.7183796453471694
1,2,0.7186155179952719
1,3,0.7051509147082522
1,4,0.6953713625936888
