seed,sample,ranking_score
1,0,0.269792367777797
1,1,0.2757126184574348
1,2,0.27326860111707785
1,3,0.27279491954671237
1,4,0.27611399778836293
