seed,sample,ranking_score
1,0,0.7375259639777862
1,1,0.7335096329951589
1,2,0.7470563844558251
1,3,0.7190417461011176
1,4,0.7215923625715721
