{
    "features": 0.27417516708374023,
    "process_features_model_1_multimer_v3_pred_0": 4.291534423828125e-06,
    "predict_and_compile_model_1_multimer_v3_pred_0": 662.835501909256,
    "predict_benchmark_model_1_multimer_v3_pred_0": 540.9776289463043,
    "process_features_model_2_multimer_v3_pred_0": 3.814697265625e-06,
    "predict_and_compile_model_2_multimer_v3_pred_0": 655.6208696365356,
    "predict_benchmark_model_2_multimer_v3_pred_0": 540.9592316150665,
    "process_features_model_3_multimer_v3_pred_0": 4.0531158447265625e-06,
    "predict_and_compile_model_3_multimer_v3_pred_0": 657.9515821933746,
    "predict_benchmark_model_3_multimer_v3_pred_0": 540.9699230194092,
    "process_features_model_4_multimer_v3_pred_0": 4.291534423828125e-06,
    "predict_and_compile_model_4_multimer_v3_pred_0": 648.6203982830048,
    "predict_benchmark_model_4_multimer_v3_pred_0": 527.9941825866699,
    "process_features_model_5_multimer_v3_pred_0": 4.5299530029296875e-06,
    "predict_and_compile_model_5_multimer_v3_pred_0": 643.6782269477844,
    "predict_benchmark_model_5_multimer_v3_pred_0": 527.7252471446991
}