seed,sample,ranking_score
1,0,0.5090091503329722
1,1,0.5126294302374139
1,2,0.5167585412553967
1,3,0.5085058735090364
1,4,0.5269442071243492
