seed,sample,ranking_score
1,0,0.6705175578316404
1,1,0.6733817916233853
1,2,0.6710805834785486
1,3,0.666759890926741
1,4,0.6603738377519237
