seed,sample,ranking_score
1,0,0.8174788657088121
1,1,0.8248737587133835
1,2,0.8134395926832179
1,3,0.8146040955902855
1,4,0.8288939280020341
