seed,sample,ranking_score
1,0,0.8780068224380241
1,1,0.8975528665328353
1,2,0.8924149510862944
1,3,0.8944296636693432
1,4,0.8824792438836199
