seed,sample,ranking_score
1,0,0.45378934898236495
1,1,0.41378708446537305
1,2,0.4433726923916955
1,3,0.41428225302918187
1,4,0.4592328542264539
