seed,sample,ranking_score
3,0,0.8840436968130808
3,1,0.8769317896892128
3,2,0.8810735735696927
3,3,0.8883209610511895
3,4,0.8833773656300805
