seed,sample,ranking_score
1,0,0.7048421672366285
1,1,0.6852979640177337
1,2,0.6736019848457656
1,3,0.6775963548620468
1,4,0.6879398965427697
