seed,sample,ranking_score
1,0,0.7910810874497971
1,1,0.7928561817204068
1,2,0.7569627027561949
1,3,0.8151435327092404
1,4,0.7894038137141776
