seed,sample,ranking_score
1,0,0.6242295068447765
1,1,0.5887225807180858
1,2,0.47158536313241034
1,3,0.45153496320056263
1,4,0.6127867365228599
