{
    "features": 0.0053558349609375,
    "process_features_model_1_multimer_v3_pred_0": 3.337860107421875e-06,
    "predict_and_compile_model_1_multimer_v3_pred_0": 146.71134853363037,
    "relax_model_1_multimer_v3_pred_0": 18.911611318588257,
    "process_features_model_1_multimer_v3_pred_1": 2.86102294921875e-06,
    "predict_and_compile_model_1_multimer_v3_pred_1": 53.40021777153015,
    "relax_model_1_multimer_v3_pred_1": 22.348111629486084,
    "process_features_model_1_multimer_v3_pred_2": 2.86102294921875e-06,
    "predict_and_compile_model_1_multimer_v3_pred_2": 64.9642105102539,
    "relax_model_1_multimer_v3_pred_2": 21.99358320236206,
    "process_features_model_1_multimer_v3_pred_3": 2.6226043701171875e-06,
    "predict_and_compile_model_1_multimer_v3_pred_3": 59.14694809913635,
    "relax_model_1_multimer_v3_pred_3": 16.002962827682495,
    "process_features_model_1_multimer_v3_pred_4": 2.1457672119140625e-06,
    "predict_and_compile_model_1_multimer_v3_pred_4": 47.43246388435364,
    "relax_model_1_multimer_v3_pred_4": 16.447589874267578,
    "process_features_model_2_multimer_v3_pred_0": 2.384185791015625e-06,
    "predict_and_compile_model_2_multimer_v3_pred_0": 213.76950216293335,
    "relax_model_2_multimer_v3_pred_0": 30.93893814086914,
    "process_features_model_2_multimer_v3_pred_1": 2.86102294921875e-06,
    "predict_and_compile_model_2_multimer_v3_pred_1": 70.81633639335632,
    "relax_model_2_multimer_v3_pred_1": 20.680059909820557,
    "process_features_model_2_multimer_v3_pred_2": 2.384185791015625e-06,
    "predict_and_compile_model_2_multimer_v3_pred_2": 53.277767181396484,
    "relax_model_2_multimer_v3_pred_2": 16.66825008392334,
    "process_features_model_2_multimer_v3_pred_3": 2.86102294921875e-06,
    "predict_and_compile_model_2_multimer_v3_pred_3": 71.20456051826477,
    "relax_model_2_multimer_v3_pred_3": 18.458794116973877,
    "process_features_model_2_multimer_v3_pred_4": 2.384185791015625e-06,
    "predict_and_compile_model_2_multimer_v3_pred_4": 35.644012451171875,
    "relax_model_2_multimer_v3_pred_4": 20.707200288772583,
    "process_features_model_3_multimer_v3_pred_0": 2.6226043701171875e-06,
    "predict_and_compile_model_3_multimer_v3_pred_0": 239.2924473285675,
    "relax_model_3_multimer_v3_pred_0": 24.830330848693848,
    "process_features_model_3_multimer_v3_pred_1": 3.0994415283203125e-06,
    "predict_and_compile_model_3_multimer_v3_pred_1": 123.49232053756714,
    "relax_model_3_multimer_v3_pred_1": 18.129891395568848,
    "process_features_model_3_multimer_v3_pred_2": 2.384185791015625e-06,
    "predict_and_compile_model_3_multimer_v3_pred_2": 123.9655499458313,
    "relax_model_3_multimer_v3_pred_2": 18.971429347991943,
    "process_features_model_3_multimer_v3_pred_3": 2.384185791015625e-06,
    "predict_and_compile_model_3_multimer_v3_pred_3": 76.74605226516724,
    "relax_model_3_multimer_v3_pred_3": 17.92269730567932,
    "process_features_model_3_multimer_v3_pred_4": 2.384185791015625e-06,
    "predict_and_compile_model_3_multimer_v3_pred_4": 41.538856744766235,
    "relax_model_3_multimer_v3_pred_4": 16.98961305618286,
    "process_features_model_4_multimer_v3_pred_0": 2.6226043701171875e-06,
    "predict_and_compile_model_4_multimer_v3_pred_0": 177.32938957214355,
    "relax_model_4_multimer_v3_pred_0": 17.03483557701111,
    "process_features_model_4_multimer_v3_pred_1": 3.5762786865234375e-06,
    "predict_and_compile_model_4_multimer_v3_pred_1": 63.66634202003479,
    "relax_model_4_multimer_v3_pred_1": 16.378628730773926,
    "process_features_model_4_multimer_v3_pred_2": 3.5762786865234375e-06,
    "predict_and_compile_model_4_multimer_v3_pred_2": 40.78510808944702,
    "relax_model_4_multimer_v3_pred_2": 17.308260202407837,
    "process_features_model_4_multimer_v3_pred_3": 2.384185791015625e-06,
    "predict_and_compile_model_4_multimer_v3_pred_3": 34.96671748161316,
    "relax_model_4_multimer_v3_pred_3": 20.6816668510437,
    "process_features_model_4_multimer_v3_pred_4": 2.384185791015625e-06,
    "predict_and_compile_model_4_multimer_v3_pred_4": 121.78334975242615,
    "relax_model_4_multimer_v3_pred_4": 17.113718509674072,
    "process_features_model_5_multimer_v3_pred_0": 2.6226043701171875e-06,
    "predict_and_compile_model_5_multimer_v3_pred_0": 232.05474209785461,
    "relax_model_5_multimer_v3_pred_0": 17.97368621826172,
    "process_features_model_5_multimer_v3_pred_1": 2.86102294921875e-06,
    "predict_and_compile_model_5_multimer_v3_pred_1": 75.21345734596252,
    "relax_model_5_multimer_v3_pred_1": 20.959718227386475,
    "process_features_model_5_multimer_v3_pred_2": 2.1457672119140625e-06,
    "predict_and_compile_model_5_multimer_v3_pred_2": 109.59196376800537,
    "relax_model_5_multimer_v3_pred_2": 18.602349996566772,
    "process_features_model_5_multimer_v3_pred_3": 2.6226043701171875e-06,
    "predict_and_compile_model_5_multimer_v3_pred_3": 46.526827573776245,
    "relax_model_5_multimer_v3_pred_3": 17.133126735687256,
    "process_features_model_5_multimer_v3_pred_4": 2.6226043701171875e-06,
    "predict_and_compile_model_5_multimer_v3_pred_4": 46.98289394378662,
    "relax_model_5_multimer_v3_pred_4": 17.10475444793701
}