{
    "features": 0.04122495651245117,
    "process_features_model_1_multimer_v3_pred_0": 3.0994415283203125e-06,
    "predict_and_compile_model_1_multimer_v3_pred_0": 118.7600347995758,
    "predict_benchmark_model_1_multimer_v3_pred_0": 34.940518856048584,
    "process_features_model_2_multimer_v3_pred_0": 3.814697265625e-05,
    "predict_and_compile_model_2_multimer_v3_pred_0": 110.48276877403259,
    "predict_benchmark_model_2_multimer_v3_pred_0": 30.54344344139099,
    "process_features_model_3_multimer_v3_pred_0": 1.1682510375976562e-05,
    "predict_and_compile_model_3_multimer_v3_pred_0": 172.6517333984375,
    "predict_benchmark_model_3_multimer_v3_pred_0": 91.364431142807,
    "process_features_model_4_multimer_v3_pred_0": 1.9311904907226562e-05,
    "predict_and_compile_model_4_multimer_v3_pred_0": 168.82968711853027,
    "predict_benchmark_model_4_multimer_v3_pred_0": 87.92786407470703,
    "process_features_model_5_multimer_v3_pred_0": 7.152557373046875e-06,
    "predict_and_compile_model_5_multimer_v3_pred_0": 170.64739990234375,
    "predict_benchmark_model_5_multimer_v3_pred_0": 88.16665434837341
}