seed,sample,ranking_score
1,0,0.8344903977783903
1,1,0.840967581028714
1,2,0.8330281766310815
1,3,0.8229776849854058
1,4,0.8389383132322015
