seed,sample,ranking_score
1,0,0.35256613137556814
1,1,0.3223986194773443
1,2,0.37804079017437003
1,3,0.369908583607775
1,4,0.3603374751898817
