seed,sample,ranking_score
1,0,0.6522783140797515
1,1,0.6581173104739375
1,2,0.6554968987279013
1,3,0.6617009966785166
1,4,0.6459152612847369
