{
    "features": 0.15969610214233398,
    "process_features_model_1_multimer_v3_pred_0": 3.814697265625e-06,
    "predict_and_compile_model_1_multimer_v3_pred_0": 123.4884705543518,
    "predict_benchmark_model_1_multimer_v3_pred_0": 46.37462282180786,
    "process_features_model_2_multimer_v3_pred_0": 9.5367431640625e-06,
    "predict_and_compile_model_2_multimer_v3_pred_0": 149.3081877231598,
    "predict_benchmark_model_2_multimer_v3_pred_0": 69.49275255203247,
    "process_features_model_3_multimer_v3_pred_0": 3.4332275390625e-05,
    "predict_and_compile_model_3_multimer_v3_pred_0": 168.90621280670166,
    "predict_benchmark_model_3_multimer_v3_pred_0": 87.75999164581299,
    "process_features_model_4_multimer_v3_pred_0": 1.0013580322265625e-05,
    "predict_and_compile_model_4_multimer_v3_pred_0": 145.82128810882568,
    "predict_benchmark_model_4_multimer_v3_pred_0": 63.745689868927,
    "process_features_model_5_multimer_v3_pred_0": 7.867813110351562e-06,
    "predict_and_compile_model_5_multimer_v3_pred_0": 131.54178667068481,
    "predict_benchmark_model_5_multimer_v3_pred_0": 50.20450973510742
}