seed,sample,ranking_score
2,0,0.7867139630444172
2,1,0.7759628674675565
2,2,0.7235579221725429
2,3,0.7998010267184923
2,4,0.7978163889891141
