seed,sample,ranking_score
1,0,0.7154692326094783
1,1,0.6774764166310375
1,2,0.6555165269414226
1,3,0.6646397523762934
1,4,0.7304753214242684
