{
    "features": 0.08829355239868164,
    "process_features_model_1_multimer_v3_pred_0": 4.5299530029296875e-06,
    "predict_and_compile_model_1_multimer_v3_pred_0": 281.81543159484863,
    "predict_benchmark_model_1_multimer_v3_pred_0": 162.4507052898407,
    "process_features_model_2_multimer_v3_pred_0": 4.291534423828125e-06,
    "predict_and_compile_model_2_multimer_v3_pred_0": 216.80499720573425,
    "predict_benchmark_model_2_multimer_v3_pred_0": 100.79503965377808,
    "process_features_model_3_multimer_v3_pred_0": 4.0531158447265625e-06,
    "predict_and_compile_model_3_multimer_v3_pred_0": 280.16363859176636,
    "predict_benchmark_model_3_multimer_v3_pred_0": 162.50724363327026,
    "process_features_model_4_multimer_v3_pred_0": 4.0531158447265625e-06,
    "predict_and_compile_model_4_multimer_v3_pred_0": 279.94041562080383,
    "predict_benchmark_model_4_multimer_v3_pred_0": 160.04181170463562,
    "process_features_model_5_multimer_v3_pred_0": 4.5299530029296875e-06,
    "predict_and_compile_model_5_multimer_v3_pred_0": 276.41660833358765,
    "predict_benchmark_model_5_multimer_v3_pred_0": 159.94264578819275
}