seed,sample,ranking_score
1,0,0.4186419196311631
1,1,0.43162339363183083
1,2,0.41147744687503285
1,3,0.4191625107712788
1,4,0.44106232199700934
