{
    "features": 0.26578330993652344,
    "process_features_model_1_multimer_v3_pred_0": 5.0067901611328125e-06,
    "predict_and_compile_model_1_multimer_v3_pred_0": 708.9361724853516,
    "predict_benchmark_model_1_multimer_v3_pred_0": 587.156909942627,
    "process_features_model_2_multimer_v3_pred_0": 3.337860107421875e-06,
    "predict_and_compile_model_2_multimer_v3_pred_0": 699.6575562953949,
    "predict_benchmark_model_2_multimer_v3_pred_0": 587.412056684494,
    "process_features_model_3_multimer_v3_pred_0": 4.0531158447265625e-06,
    "predict_and_compile_model_3_multimer_v3_pred_0": 704.1995551586151,
    "predict_benchmark_model_3_multimer_v3_pred_0": 587.2876901626587,
    "process_features_model_4_multimer_v3_pred_0": 3.0994415283203125e-06,
    "predict_and_compile_model_4_multimer_v3_pred_0": 693.8054556846619,
    "predict_benchmark_model_4_multimer_v3_pred_0": 572.6800384521484,
    "process_features_model_5_multimer_v3_pred_0": 3.5762786865234375e-06,
    "predict_and_compile_model_5_multimer_v3_pred_0": 690.9108154773712,
    "predict_benchmark_model_5_multimer_v3_pred_0": 572.5005383491516
}