seed,sample,ranking_score
1,0,0.45628141733606764
1,1,0.42462199296480496
1,2,0.4457621179787561
1,3,0.45051653659910296
1,4,0.4545027689871386
