seed,sample,ranking_score
1,0,0.5943737692679388
1,1,0.6473324164997126
1,2,0.652742329402881
1,3,0.5993375816497634
1,4,0.5978986670235539
