seed,sample,ranking_score
4,0,1.0200989190065783
4,1,1.0181717775854124
4,2,1.0154321696446764
4,3,1.0161056824724461
4,4,1.0157072374465257
