seed,sample,ranking_score
1,0,0.7688421707787234
1,1,0.7753998343202487
1,2,0.7712977923021488
1,3,0.7705444032528878
1,4,0.7703020919726064
