seed,sample,ranking_score
1,0,0.8052168663607406
1,1,0.8153255071639642
1,2,0.8093867255560722
1,3,0.7931938069659973
1,4,0.7969273519278692
