{
    "features": 0.03842329978942871,
    "process_features_model_1_multimer_v3_pred_0": 2.384185791015625e-06,
    "predict_and_compile_model_1_multimer_v3_pred_0": 131.3559811115265,
    "predict_benchmark_model_1_multimer_v3_pred_0": 47.90899085998535,
    "process_features_model_2_multimer_v3_pred_0": 1.2636184692382812e-05,
    "predict_and_compile_model_2_multimer_v3_pred_0": 132.40427327156067,
    "predict_benchmark_model_2_multimer_v3_pred_0": 47.891085386276245,
    "process_features_model_3_multimer_v3_pred_0": 1.9311904907226562e-05,
    "predict_and_compile_model_3_multimer_v3_pred_0": 200.18125200271606,
    "predict_benchmark_model_3_multimer_v3_pred_0": 111.81025528907776,
    "process_features_model_4_multimer_v3_pred_0": 2.2649765014648438e-05,
    "predict_and_compile_model_4_multimer_v3_pred_0": 173.59333848953247,
    "predict_benchmark_model_4_multimer_v3_pred_0": 82.63653993606567,
    "process_features_model_5_multimer_v3_pred_0": 2.09808349609375e-05,
    "predict_and_compile_model_5_multimer_v3_pred_0": 150.86547780036926,
    "predict_benchmark_model_5_multimer_v3_pred_0": 56.67425036430359
}