seed,sample,ranking_score
1,0,0.7815479091124957
1,1,0.7242750980896773
1,2,0.7672026008250599
1,3,0.7802055794315997
1,4,0.7385022662455103
