seed,sample,ranking_score
1,0,0.9010590908192834
1,1,0.90587818896885
1,2,0.9006986071505545
1,3,0.9025403330699068
1,4,0.8983838061951435
