seed,sample,ranking_score
1,0,0.6315256301694923
1,1,0.6429761606178743
1,2,0.6411185703045911
1,3,0.6441185087249579
1,4,0.6326691916602293
