seed,sample,ranking_score
1,0,0.5607580866169374
1,1,0.5769760791225118
1,2,0.5649604503920536
1,3,0.5663279418698549
1,4,0.5830819666480782
