seed,sample,ranking_score
1,0,0.7097556221139154
1,1,0.6994521396079941
1,2,0.6963506290429411
1,3,0.6938550878180315
1,4,0.6906000663219437
