seed,sample,ranking_score
1,0,0.913875872294427
1,1,0.9121612796602383
1,2,0.9139524919907194
1,3,0.9117396391880502
1,4,0.9065727116617223
