seed,sample,ranking_score
1,0,0.8860449156910601
1,1,0.8810833266559849
1,2,0.8807619397716648
1,3,0.8857785620042055
1,4,0.881962578830094
