{
    "iptm+ptm": {
        "model_1_multimer_v3_pred_0": 0.8262168789350058,
        "model_1_multimer_v3_pred_1": 0.8314570684407511,
        "model_1_multimer_v3_pred_2": 0.8325106206960854,
        "model_1_multimer_v3_pred_3": 0.8293150653031626,
        "model_1_multimer_v3_pred_4": 0.8369651616583217,
        "model_2_multimer_v3_pred_0": 0.8506496580746257,
        "model_2_multimer_v3_pred_1": 0.8482912155257865,
        "model_2_multimer_v3_pred_2": 0.8494814716588536,
        "model_2_multimer_v3_pred_3": 0.8529541846990984,
        "model_2_multimer_v3_pred_4": 0.8518838543827021,
        "model_3_multimer_v3_pred_0": 0.8240148266430034,
        "model_3_multimer_v3_pred_1": 0.8296252141838609,
        "model_3_multimer_v3_pred_2": 0.8129847281576288,
        "model_3_multimer_v3_pred_3": 0.8292574710632757,
        "model_3_multimer_v3_pred_4": 0.8250278912442119,
        "model_4_multimer_v3_pred_0": 0.8182620031890259,
        "model_4_multimer_v3_pred_1": 0.8392091711616071,
        "model_4_multimer_v3_pred_2": 0.8381936101569188,
        "model_4_multimer_v3_pred_3": 0.8357558600640346,
        "model_4_multimer_v3_pred_4": 0.8360235253357853,
        "model_5_multimer_v3_pred_0": 0.8353275273318923,
        "model_5_multimer_v3_pred_1": 0.8353242692916303,
        "model_5_multimer_v3_pred_2": 0.8505994824881907,
        "model_5_multimer_v3_pred_3": 0.8485066066549988,
        "model_5_multimer_v3_pred_4": 0.8307183704798193
    },
    "order": [
        "model_2_multimer_v3_pred_3",
        "model_2_multimer_v3_pred_4",
        "model_2_multimer_v3_pred_0",
        "model_5_multimer_v3_pred_2",
        "model_2_multimer_v3_pred_2",
        "model_5_multimer_v3_pred_3",
        "model_2_multimer_v3_pred_1",
        "model_4_multimer_v3_pred_1",
        "model_4_multimer_v3_pred_2",
        "model_1_multimer_v3_pred_4",
        "model_4_multimer_v3_pred_4",
        "model_4_multimer_v3_pred_3",
        "model_5_multimer_v3_pred_0",
        "model_5_multimer_v3_pred_1",
        "model_1_multimer_v3_pred_2",
        "model_1_multimer_v3_pred_1",
        "model_5_multimer_v3_pred_4",
        "model_3_multimer_v3_pred_1",
        "model_1_multimer_v3_pred_3",
        "model_3_multimer_v3_pred_3",
        "model_1_multimer_v3_pred_0",
        "model_3_multimer_v3_pred_4",
        "model_3_multimer_v3_pred_0",
        "model_4_multimer_v3_pred_0",
        "model_3_multimer_v3_pred_2"
    ]
}