{
    "features": 0.10795259475708008,
    "process_features_model_1_multimer_v3_pred_0": 5.7220458984375e-06,
    "predict_and_compile_model_1_multimer_v3_pred_0": 304.41869020462036,
    "predict_benchmark_model_1_multimer_v3_pred_0": 185.21367478370667,
    "process_features_model_2_multimer_v3_pred_0": 1.8835067749023438e-05,
    "predict_and_compile_model_2_multimer_v3_pred_0": 302.99165558815,
    "predict_benchmark_model_2_multimer_v3_pred_0": 183.62898206710815,
    "process_features_model_3_multimer_v3_pred_0": 2.0742416381835938e-05,
    "predict_and_compile_model_3_multimer_v3_pred_0": 298.2290608882904,
    "predict_benchmark_model_3_multimer_v3_pred_0": 183.45701837539673,
    "process_features_model_4_multimer_v3_pred_0": 1.7881393432617188e-05,
    "predict_and_compile_model_4_multimer_v3_pred_0": 294.2975435256958,
    "predict_benchmark_model_4_multimer_v3_pred_0": 178.46788668632507,
    "process_features_model_5_multimer_v3_pred_0": 2.09808349609375e-05,
    "predict_and_compile_model_5_multimer_v3_pred_0": 290.74324107170105,
    "predict_benchmark_model_5_multimer_v3_pred_0": 179.9131886959076
}