seed,sample,ranking_score
1,0,0.705857796604805
1,1,0.7013864185122904
1,2,0.7174362318938654
1,3,0.683275528124886
1,4,0.7069072419105471
