{
    "features": 0.019446849822998047,
    "process_features_model_1_multimer_v3_pred_0": 5.4836273193359375e-06,
    "predict_and_compile_model_1_multimer_v3_pred_0": 295.0311622619629,
    "predict_benchmark_model_1_multimer_v3_pred_0": 214.54568123817444,
    "process_features_model_2_multimer_v3_pred_0": 2.3126602172851562e-05,
    "predict_and_compile_model_2_multimer_v3_pred_0": 302.0200295448303,
    "predict_benchmark_model_2_multimer_v3_pred_0": 214.02989888191223,
    "process_features_model_3_multimer_v3_pred_0": 2.0265579223632812e-05,
    "predict_and_compile_model_3_multimer_v3_pred_0": 297.37293100357056,
    "predict_benchmark_model_3_multimer_v3_pred_0": 213.16630744934082,
    "process_features_model_4_multimer_v3_pred_0": 3.3855438232421875e-05,
    "predict_and_compile_model_4_multimer_v3_pred_0": 291.1700792312622,
    "predict_benchmark_model_4_multimer_v3_pred_0": 209.17302083969116,
    "process_features_model_5_multimer_v3_pred_0": 5.4836273193359375e-06,
    "predict_and_compile_model_5_multimer_v3_pred_0": 289.17129349708557,
    "predict_benchmark_model_5_multimer_v3_pred_0": 209.42897295951843
}