seed,sample,ranking_score
4,0,0.786826656283995
4,1,0.7864531281975253
4,2,0.7822232234343068
4,3,0.7834485362328505
4,4,0.7828231492773045
