seed,sample,ranking_score
1,0,0.8682968258309455
1,1,0.8750417924965319
1,2,0.8636676410264346
1,3,0.8684290315133153
1,4,0.8710916048644002
