seed,sample,ranking_score
1,0,0.6315162417498089
1,1,0.6236803937849247
1,2,0.6196513456797051
1,3,0.6227408518447933
1,4,0.6279999162001654
