seed,sample,ranking_score
1,0,0.6075761390956569
1,1,0.6208447843104661
1,2,0.6268343349801904
1,3,0.6180456255080108
1,4,0.5859099856511326
