seed,sample,ranking_score
1,0,0.7625354153638664
1,1,0.74318258681689
1,2,0.7741507306798057
1,3,0.7658849606098267
1,4,0.7711407546167184
