seed,sample,ranking_score
1,0,0.9615665654419989
1,1,0.9670863660461169
1,2,0.9586175179006312
1,3,0.9641856022747327
1,4,0.9707181990753168
