seed,sample,ranking_score
2,0,0.81451945539601
2,1,0.7815741411902885
2,2,0.8380540618752012
2,3,0.8102379874044744
2,4,0.8219048893797706
