seed,sample,ranking_score
1,0,0.5274940867773262
1,1,0.5157036485655949
1,2,0.484719271943613
1,3,0.5149384740906287
1,4,0.5191005770601913
