{
    "iptm+ptm": {
        "model_1_multimer_v3_pred_0": 0.6824300739031851,
        "model_1_multimer_v3_pred_1": 0.6869020321245346,
        "model_1_multimer_v3_pred_2": 0.6838565097404358,
        "model_1_multimer_v3_pred_3": 0.6845918069338733,
        "model_1_multimer_v3_pred_4": 0.6834986853569327,
        "model_2_multimer_v3_pred_0": 0.707242779298019,
        "model_2_multimer_v3_pred_1": 0.7038888253808568,
        "model_2_multimer_v3_pred_2": 0.705822790553543,
        "model_2_multimer_v3_pred_3": 0.7039124676114478,
        "model_2_multimer_v3_pred_4": 0.7061578236217406,
        "model_3_multimer_v3_pred_0": 0.6661576694241897,
        "model_3_multimer_v3_pred_1": 0.6834539583710225,
        "model_3_multimer_v3_pred_2": 0.6787777322751347,
        "model_3_multimer_v3_pred_3": 0.6674167267712602,
        "model_3_multimer_v3_pred_4": 0.6882515592007044,
        "model_4_multimer_v3_pred_0": 0.6700741379186654,
        "model_4_multimer_v3_pred_1": 0.661462100729478,
        "model_4_multimer_v3_pred_2": 0.6802438197056566,
        "model_4_multimer_v3_pred_3": 0.6676610625531986,
        "model_4_multimer_v3_pred_4": 0.6723422305084306,
        "model_5_multimer_v3_pred_0": 0.6866777476595076,
        "model_5_multimer_v3_pred_1": 0.6872526682986732,
        "model_5_multimer_v3_pred_2": 0.6749523521489945,
        "model_5_multimer_v3_pred_3": 0.6891637627314325,
        "model_5_multimer_v3_pred_4": 0.6778230066424183
    },
    "order": [
        "model_2_multimer_v3_pred_0",
        "model_2_multimer_v3_pred_4",
        "model_2_multimer_v3_pred_2",
        "model_2_multimer_v3_pred_3",
        "model_2_multimer_v3_pred_1",
        "model_5_multimer_v3_pred_3",
        "model_3_multimer_v3_pred_4",
        "model_5_multimer_v3_pred_1",
        "model_1_multimer_v3_pred_1",
        "model_5_multimer_v3_pred_0",
        "model_1_multimer_v3_pred_3",
        "model_1_multimer_v3_pred_2",
        "model_1_multimer_v3_pred_4",
        "model_3_multimer_v3_pred_1",
        "model_1_multimer_v3_pred_0",
        "model_4_multimer_v3_pred_2",
        "model_3_multimer_v3_pred_2",
        "model_5_multimer_v3_pred_4",
        "model_5_multimer_v3_pred_2",
        "model_4_multimer_v3_pred_4",
        "model_4_multimer_v3_pred_0",
        "model_4_multimer_v3_pred_3",
        "model_3_multimer_v3_pred_3",
        "model_3_multimer_v3_pred_0",
        "model_4_multimer_v3_pred_1"
    ]
}