seed,sample,ranking_score
1,0,0.9523806666524028
1,1,0.9461438119139639
1,2,0.9426118407368291
1,3,0.9612449396995113
1,4,0.9542253365309014
