seed,sample,ranking_score
5,0,0.5827182601891057
5,1,0.585625597018231
5,2,0.5867465361387884
5,3,0.5718244333895478
5,4,0.5977824033267851
