seed,sample,ranking_score
1,0,0.7079208133160297
1,1,0.7137762273159606
1,2,0.685609312495668
1,3,0.7045790880490816
1,4,0.692059774109342
