seed,sample,ranking_score
2,0,0.7268336537978124
2,1,0.7038915358978806
2,2,0.7304365479977929
2,3,0.6961607030166079
2,4,0.7224076646605607
