seed,sample,ranking_score
1,0,0.3990440544002894
1,1,0.4071532366855129
1,2,0.3213508086395201
1,3,0.4029664217101926
1,4,0.4119441701739412
