{
    "features": 0.00535273551940918,
    "process_features_model_1_multimer_v3_pred_0": 3.337860107421875e-06,
    "predict_and_compile_model_1_multimer_v3_pred_0": 154.32778191566467,
    "relax_model_1_multimer_v3_pred_0": 20.082040309906006,
    "process_features_model_1_multimer_v3_pred_1": 3.0994415283203125e-06,
    "predict_and_compile_model_1_multimer_v3_pred_1": 31.392230987548828,
    "relax_model_1_multimer_v3_pred_1": 17.038933753967285,
    "process_features_model_1_multimer_v3_pred_2": 1.9073486328125e-06,
    "predict_and_compile_model_1_multimer_v3_pred_2": 77.70866274833679,
    "relax_model_1_multimer_v3_pred_2": 17.520015001296997,
    "process_features_model_1_multimer_v3_pred_3": 2.86102294921875e-06,
    "predict_and_compile_model_1_multimer_v3_pred_3": 67.54053521156311,
    "relax_model_1_multimer_v3_pred_3": 18.126524209976196,
    "process_features_model_1_multimer_v3_pred_4": 2.384185791015625e-06,
    "predict_and_compile_model_1_multimer_v3_pred_4": 26.262046813964844,
    "relax_model_1_multimer_v3_pred_4": 17.882594108581543,
    "process_features_model_2_multimer_v3_pred_0": 2.384185791015625e-06,
    "predict_and_compile_model_2_multimer_v3_pred_0": 198.57238221168518,
    "relax_model_2_multimer_v3_pred_0": 31.6516330242157,
    "process_features_model_2_multimer_v3_pred_1": 2.384185791015625e-06,
    "predict_and_compile_model_2_multimer_v3_pred_1": 36.60687279701233,
    "relax_model_2_multimer_v3_pred_1": 24.196051359176636,
    "process_features_model_2_multimer_v3_pred_2": 2.384185791015625e-06,
    "predict_and_compile_model_2_multimer_v3_pred_2": 72.77402544021606,
    "relax_model_2_multimer_v3_pred_2": 18.363091707229614,
    "process_features_model_2_multimer_v3_pred_3": 2.6226043701171875e-06,
    "predict_and_compile_model_2_multimer_v3_pred_3": 52.07955479621887,
    "relax_model_2_multimer_v3_pred_3": 17.723211526870728,
    "process_features_model_2_multimer_v3_pred_4": 3.0994415283203125e-06,
    "predict_and_compile_model_2_multimer_v3_pred_4": 41.852259159088135,
    "relax_model_2_multimer_v3_pred_4": 18.513285160064697,
    "process_features_model_3_multimer_v3_pred_0": 2.6226043701171875e-06,
    "predict_and_compile_model_3_multimer_v3_pred_0": 210.1193389892578,
    "relax_model_3_multimer_v3_pred_0": 17.677245378494263,
    "process_features_model_3_multimer_v3_pred_1": 3.337860107421875e-06,
    "predict_and_compile_model_3_multimer_v3_pred_1": 46.91186833381653,
    "relax_model_3_multimer_v3_pred_1": 24.591169834136963,
    "process_features_model_3_multimer_v3_pred_2": 2.6226043701171875e-06,
    "predict_and_compile_model_3_multimer_v3_pred_2": 57.27456831932068,
    "relax_model_3_multimer_v3_pred_2": 24.444079160690308,
    "process_features_model_3_multimer_v3_pred_3": 2.86102294921875e-06,
    "predict_and_compile_model_3_multimer_v3_pred_3": 83.01967477798462,
    "relax_model_3_multimer_v3_pred_3": 18.679808139801025,
    "process_features_model_3_multimer_v3_pred_4": 2.1457672119140625e-06,
    "predict_and_compile_model_3_multimer_v3_pred_4": 41.74672293663025,
    "relax_model_3_multimer_v3_pred_4": 24.116702556610107,
    "process_features_model_4_multimer_v3_pred_0": 2.1457672119140625e-06,
    "predict_and_compile_model_4_multimer_v3_pred_0": 226.6418879032135,
    "relax_model_4_multimer_v3_pred_0": 17.417207717895508,
    "process_features_model_4_multimer_v3_pred_1": 2.86102294921875e-06,
    "predict_and_compile_model_4_multimer_v3_pred_1": 106.75530409812927,
    "relax_model_4_multimer_v3_pred_1": 17.930257320404053,
    "process_features_model_4_multimer_v3_pred_2": 2.1457672119140625e-06,
    "predict_and_compile_model_4_multimer_v3_pred_2": 91.4745078086853,
    "relax_model_4_multimer_v3_pred_2": 17.066102981567383,
    "process_features_model_4_multimer_v3_pred_3": 2.384185791015625e-06,
    "predict_and_compile_model_4_multimer_v3_pred_3": 66.24150133132935,
    "relax_model_4_multimer_v3_pred_3": 18.443324327468872,
    "process_features_model_4_multimer_v3_pred_4": 2.6226043701171875e-06,
    "predict_and_compile_model_4_multimer_v3_pred_4": 40.88709855079651,
    "relax_model_4_multimer_v3_pred_4": 17.26670265197754,
    "process_features_model_5_multimer_v3_pred_0": 2.384185791015625e-06,
    "predict_and_compile_model_5_multimer_v3_pred_0": 162.55515813827515,
    "relax_model_5_multimer_v3_pred_0": 24.306260347366333,
    "process_features_model_5_multimer_v3_pred_1": 3.0994415283203125e-06,
    "predict_and_compile_model_5_multimer_v3_pred_1": 51.28251791000366,
    "relax_model_5_multimer_v3_pred_1": 17.845835208892822,
    "process_features_model_5_multimer_v3_pred_2": 2.86102294921875e-06,
    "predict_and_compile_model_5_multimer_v3_pred_2": 51.12863612174988,
    "relax_model_5_multimer_v3_pred_2": 20.109573364257812,
    "process_features_model_5_multimer_v3_pred_3": 2.1457672119140625e-06,
    "predict_and_compile_model_5_multimer_v3_pred_3": 61.412556409835815,
    "relax_model_5_multimer_v3_pred_3": 18.047149658203125,
    "process_features_model_5_multimer_v3_pred_4": 2.384185791015625e-06,
    "predict_and_compile_model_5_multimer_v3_pred_4": 71.32708716392517,
    "relax_model_5_multimer_v3_pred_4": 25.523008584976196
}