seed,sample,ranking_score
1,0,0.4313555857719952
1,1,0.44201069334391896
1,2,0.44870710267960967
1,3,0.4388044636010656
1,4,0.4350855259701363
