seed,sample,ranking_score
1,0,0.7018079453140622
1,1,0.7342807093902554
1,2,0.7034890891123956
1,3,0.6731862227634962
1,4,0.7057540404308545
