seed,sample,ranking_score
4,0,0.8621543382507036
4,1,0.8584758047417024
4,2,0.8658670369489645
4,3,0.8569139980966765
4,4,0.8604981107737292
