seed,sample,ranking_score
1,0,0.7470707810695687
1,1,0.728631702687613
1,2,0.774094329749155
1,3,0.748728900810367
1,4,0.7526083172189003
