seed,sample,ranking_score
1,0,0.7666387191305812
1,1,0.7620156984958579
1,2,0.7350906082195989
1,3,0.7612338729757392
1,4,0.7644727595271393
