{
    "features": 0.15841054916381836,
    "process_features_model_1_multimer_v3_pred_0": 4.76837158203125e-06,
    "predict_and_compile_model_1_multimer_v3_pred_0": 114.22474312782288,
    "predict_benchmark_model_1_multimer_v3_pred_0": 29.82341194152832,
    "process_features_model_2_multimer_v3_pred_0": 0.00010228157043457031,
    "predict_and_compile_model_2_multimer_v3_pred_0": 112.53503036499023,
    "predict_benchmark_model_2_multimer_v3_pred_0": 29.76427149772644,
    "process_features_model_3_multimer_v3_pred_0": 3.361701965332031e-05,
    "predict_and_compile_model_3_multimer_v3_pred_0": 114.41779708862305,
    "predict_benchmark_model_3_multimer_v3_pred_0": 29.824012517929077,
    "process_features_model_4_multimer_v3_pred_0": 3.218650817871094e-05,
    "predict_and_compile_model_4_multimer_v3_pred_0": 125.14103984832764,
    "predict_benchmark_model_4_multimer_v3_pred_0": 40.23661398887634,
    "process_features_model_5_multimer_v3_pred_0": 8.58306884765625e-06,
    "predict_and_compile_model_5_multimer_v3_pred_0": 115.16679191589355,
    "predict_benchmark_model_5_multimer_v3_pred_0": 28.817068576812744
}