seed,sample,ranking_score
1,0,0.8187826691072836
1,1,0.8315107753358072
1,2,0.8160949981139247
1,3,0.8162580323594123
1,4,0.8221199191749584
