seed,sample,ranking_score
1,0,0.5110137137265287
1,1,0.5243031016991162
1,2,0.525196016887761
1,3,0.5273095860858203
1,4,0.39028196203931087
