{
    "features": 0.007848739624023438,
    "process_features_model_1_multimer_v3_pred_0": 3.814697265625e-06,
    "predict_and_compile_model_1_multimer_v3_pred_0": 216.03324842453003,
    "relax_model_1_multimer_v3_pred_0": 31.751758098602295,
    "process_features_model_1_multimer_v3_pred_1": 2.86102294921875e-06,
    "predict_and_compile_model_1_multimer_v3_pred_1": 124.79330325126648,
    "relax_model_1_multimer_v3_pred_1": 29.612098932266235,
    "process_features_model_1_multimer_v3_pred_2": 3.0994415283203125e-06,
    "predict_and_compile_model_1_multimer_v3_pred_2": 80.21816802024841,
    "relax_model_1_multimer_v3_pred_2": 28.39447832107544,
    "process_features_model_1_multimer_v3_pred_3": 2.6226043701171875e-06,
    "predict_and_compile_model_1_multimer_v3_pred_3": 186.2369954586029,
    "relax_model_1_multimer_v3_pred_3": 29.14014172554016,
    "process_features_model_1_multimer_v3_pred_4": 2.86102294921875e-06,
    "predict_and_compile_model_1_multimer_v3_pred_4": 80.23577547073364,
    "relax_model_1_multimer_v3_pred_4": 29.310691595077515,
    "process_features_model_2_multimer_v3_pred_0": 2.6226043701171875e-06,
    "predict_and_compile_model_2_multimer_v3_pred_0": 194.70847916603088,
    "relax_model_2_multimer_v3_pred_0": 29.504197120666504,
    "process_features_model_2_multimer_v3_pred_1": 3.337860107421875e-06,
    "predict_and_compile_model_2_multimer_v3_pred_1": 62.51839780807495,
    "relax_model_2_multimer_v3_pred_1": 29.203298807144165,
    "process_features_model_2_multimer_v3_pred_2": 2.86102294921875e-06,
    "predict_and_compile_model_2_multimer_v3_pred_2": 53.948787212371826,
    "relax_model_2_multimer_v3_pred_2": 29.420152187347412,
    "process_features_model_2_multimer_v3_pred_3": 4.291534423828125e-06,
    "predict_and_compile_model_2_multimer_v3_pred_3": 89.1084930896759,
    "relax_model_2_multimer_v3_pred_3": 40.543174505233765,
    "process_features_model_2_multimer_v3_pred_4": 2.6226043701171875e-06,
    "predict_and_compile_model_2_multimer_v3_pred_4": 71.37743473052979,
    "relax_model_2_multimer_v3_pred_4": 29.59982132911682,
    "process_features_model_3_multimer_v3_pred_0": 2.86102294921875e-06,
    "predict_and_compile_model_3_multimer_v3_pred_0": 249.91521000862122,
    "relax_model_3_multimer_v3_pred_0": 42.34484505653381,
    "process_features_model_3_multimer_v3_pred_1": 2.86102294921875e-06,
    "predict_and_compile_model_3_multimer_v3_pred_1": 142.39498257637024,
    "relax_model_3_multimer_v3_pred_1": 30.026267766952515,
    "process_features_model_3_multimer_v3_pred_2": 2.86102294921875e-06,
    "predict_and_compile_model_3_multimer_v3_pred_2": 186.5099036693573,
    "relax_model_3_multimer_v3_pred_2": 52.8067193031311,
    "process_features_model_3_multimer_v3_pred_3": 2.6226043701171875e-06,
    "predict_and_compile_model_3_multimer_v3_pred_3": 186.3016059398651,
    "relax_model_3_multimer_v3_pred_3": 29.68229365348816,
    "process_features_model_3_multimer_v3_pred_4": 3.5762786865234375e-06,
    "predict_and_compile_model_3_multimer_v3_pred_4": 177.595947265625,
    "relax_model_3_multimer_v3_pred_4": 30.082990407943726,
    "process_features_model_4_multimer_v3_pred_0": 2.6226043701171875e-06,
    "predict_and_compile_model_4_multimer_v3_pred_0": 234.97508335113525,
    "relax_model_4_multimer_v3_pred_0": 42.3153932094574,
    "process_features_model_4_multimer_v3_pred_1": 3.0994415283203125e-06,
    "predict_and_compile_model_4_multimer_v3_pred_1": 147.05365204811096,
    "relax_model_4_multimer_v3_pred_1": 40.47535014152527,
    "process_features_model_4_multimer_v3_pred_2": 2.86102294921875e-06,
    "predict_and_compile_model_4_multimer_v3_pred_2": 78.19502210617065,
    "relax_model_4_multimer_v3_pred_2": 40.353858947753906,
    "process_features_model_4_multimer_v3_pred_3": 3.337860107421875e-06,
    "predict_and_compile_model_4_multimer_v3_pred_3": 181.82780742645264,
    "relax_model_4_multimer_v3_pred_3": 39.64787483215332,
    "process_features_model_4_multimer_v3_pred_4": 2.384185791015625e-06,
    "predict_and_compile_model_4_multimer_v3_pred_4": 181.56842589378357,
    "relax_model_4_multimer_v3_pred_4": 41.19460344314575,
    "process_features_model_5_multimer_v3_pred_0": 2.6226043701171875e-06,
    "predict_and_compile_model_5_multimer_v3_pred_0": 300.2627294063568,
    "relax_model_5_multimer_v3_pred_0": 28.984854698181152,
    "process_features_model_5_multimer_v3_pred_1": 2.86102294921875e-06,
    "predict_and_compile_model_5_multimer_v3_pred_1": 181.91017270088196,
    "relax_model_5_multimer_v3_pred_1": 29.201338052749634,
    "process_features_model_5_multimer_v3_pred_2": 2.86102294921875e-06,
    "predict_and_compile_model_5_multimer_v3_pred_2": 181.72752928733826,
    "relax_model_5_multimer_v3_pred_2": 30.6951847076416,
    "process_features_model_5_multimer_v3_pred_3": 2.86102294921875e-06,
    "predict_and_compile_model_5_multimer_v3_pred_3": 181.71499872207642,
    "relax_model_5_multimer_v3_pred_3": 41.60844922065735,
    "process_features_model_5_multimer_v3_pred_4": 2.6226043701171875e-06,
    "predict_and_compile_model_5_multimer_v3_pred_4": 181.7552833557129,
    "relax_model_5_multimer_v3_pred_4": 29.628882884979248
}