{
    "iptm+ptm": {
        "model_1_multimer_v3_pred_0": 0.6945985529955291,
        "model_1_multimer_v3_pred_1": 0.6954009323232508,
        "model_1_multimer_v3_pred_2": 0.7003033816128968,
        "model_1_multimer_v3_pred_3": 0.698946008036355,
        "model_1_multimer_v3_pred_4": 0.6884911856362027,
        "model_2_multimer_v3_pred_0": 0.6989474257842216,
        "model_2_multimer_v3_pred_1": 0.694787493628182,
        "model_2_multimer_v3_pred_2": 0.6953799731301946,
        "model_2_multimer_v3_pred_3": 0.6953005366918475,
        "model_2_multimer_v3_pred_4": 0.6918041165159406,
        "model_3_multimer_v3_pred_0": 0.7044877987218936,
        "model_3_multimer_v3_pred_1": 0.7082869652668063,
        "model_3_multimer_v3_pred_2": 0.7141266312563229,
        "model_3_multimer_v3_pred_3": 0.7050669258309006,
        "model_3_multimer_v3_pred_4": 0.7039174194558335,
        "model_4_multimer_v3_pred_0": 0.707948366398867,
        "model_4_multimer_v3_pred_1": 0.7242157153161036,
        "model_4_multimer_v3_pred_2": 0.7078754873202777,
        "model_4_multimer_v3_pred_3": 0.7251780562806861,
        "model_4_multimer_v3_pred_4": 0.7207643618157087,
        "model_5_multimer_v3_pred_0": 0.7133046216991142,
        "model_5_multimer_v3_pred_1": 0.7058804281510881,
        "model_5_multimer_v3_pred_2": 0.7149891111946063,
        "model_5_multimer_v3_pred_3": 0.7172597305209225,
        "model_5_multimer_v3_pred_4": 0.7151430368297285
    },
    "order": [
        "model_4_multimer_v3_pred_3",
        "model_4_multimer_v3_pred_1",
        "model_4_multimer_v3_pred_4",
        "model_5_multimer_v3_pred_3",
        "model_5_multimer_v3_pred_4",
        "model_5_multimer_v3_pred_2",
        "model_3_multimer_v3_pred_2",
        "model_5_multimer_v3_pred_0",
        "model_3_multimer_v3_pred_1",
        "model_4_multimer_v3_pred_0",
        "model_4_multimer_v3_pred_2",
        "model_5_multimer_v3_pred_1",
        "model_3_multimer_v3_pred_3",
        "model_3_multimer_v3_pred_0",
        "model_3_multimer_v3_pred_4",
        "model_1_multimer_v3_pred_2",
        "model_2_multimer_v3_pred_0",
        "model_1_multimer_v3_pred_3",
        "model_1_multimer_v3_pred_1",
        "model_2_multimer_v3_pred_2",
        "model_2_multimer_v3_pred_3",
        "model_2_multimer_v3_pred_1",
        "model_1_multimer_v3_pred_0",
        "model_2_multimer_v3_pred_4",
        "model_1_multimer_v3_pred_4"
    ]
}