{
    "features": 0.1251680850982666,
    "process_features_model_1_multimer_v3_pred_0": 4.5299530029296875e-06,
    "predict_and_compile_model_1_multimer_v3_pred_0": 361.18287110328674,
    "predict_benchmark_model_1_multimer_v3_pred_0": 242.8346085548401,
    "process_features_model_2_multimer_v3_pred_0": 4.0531158447265625e-06,
    "predict_and_compile_model_2_multimer_v3_pred_0": 357.0397357940674,
    "predict_benchmark_model_2_multimer_v3_pred_0": 242.81829476356506,
    "process_features_model_3_multimer_v3_pred_0": 4.5299530029296875e-06,
    "predict_and_compile_model_3_multimer_v3_pred_0": 358.51857352256775,
    "predict_benchmark_model_3_multimer_v3_pred_0": 242.60641860961914,
    "process_features_model_4_multimer_v3_pred_0": 4.5299530029296875e-06,
    "predict_and_compile_model_4_multimer_v3_pred_0": 356.00082564353943,
    "predict_benchmark_model_4_multimer_v3_pred_0": 235.73046588897705,
    "process_features_model_5_multimer_v3_pred_0": 4.0531158447265625e-06,
    "predict_and_compile_model_5_multimer_v3_pred_0": 353.35440468788147,
    "predict_benchmark_model_5_multimer_v3_pred_0": 235.81932711601257
}