seed,sample,ranking_score
1,0,0.8403099010026491
1,1,0.8589160479683303
1,2,0.849229203611604
1,3,0.8345109947265802
1,4,0.824932010479627
