{
    "features": 0.01186060905456543,
    "process_features_model_1_multimer_v3_pred_0": 4.0531158447265625e-06,
    "predict_and_compile_model_1_multimer_v3_pred_0": 543.8685302734375,
    "relax_model_1_multimer_v3_pred_0": 55.5241003036499,
    "process_features_model_1_multimer_v3_pred_1": 3.814697265625e-06,
    "predict_and_compile_model_1_multimer_v3_pred_1": 364.8752827644348,
    "relax_model_1_multimer_v3_pred_1": 49.34757995605469,
    "process_features_model_1_multimer_v3_pred_2": 3.337860107421875e-06,
    "predict_and_compile_model_1_multimer_v3_pred_2": 368.3243532180786,
    "relax_model_1_multimer_v3_pred_2": 69.47691750526428,
    "process_features_model_1_multimer_v3_pred_3": 3.5762786865234375e-06,
    "predict_and_compile_model_1_multimer_v3_pred_3": 364.6122798919678,
    "relax_model_1_multimer_v3_pred_3": 38.455644845962524,
    "process_features_model_1_multimer_v3_pred_4": 4.0531158447265625e-06,
    "predict_and_compile_model_1_multimer_v3_pred_4": 365.00187730789185,
    "relax_model_1_multimer_v3_pred_4": 90.40971112251282,
    "process_features_model_2_multimer_v3_pred_0": 4.5299530029296875e-06,
    "predict_and_compile_model_2_multimer_v3_pred_0": 344.4966971874237,
    "relax_model_2_multimer_v3_pred_0": 50.507461071014404,
    "process_features_model_2_multimer_v3_pred_1": 3.5762786865234375e-06,
    "predict_and_compile_model_2_multimer_v3_pred_1": 179.4901180267334,
    "relax_model_2_multimer_v3_pred_1": 84.21218180656433,
    "process_features_model_2_multimer_v3_pred_2": 2.86102294921875e-06,
    "predict_and_compile_model_2_multimer_v3_pred_2": 173.82344269752502,
    "relax_model_2_multimer_v3_pred_2": 40.86183714866638,
    "process_features_model_2_multimer_v3_pred_3": 3.814697265625e-06,
    "predict_and_compile_model_2_multimer_v3_pred_3": 208.37094807624817,
    "relax_model_2_multimer_v3_pred_3": 51.036420822143555,
    "process_features_model_2_multimer_v3_pred_4": 1.2636184692382812e-05,
    "predict_and_compile_model_2_multimer_v3_pred_4": 226.3088574409485,
    "relax_model_2_multimer_v3_pred_4": 51.49968910217285,
    "process_features_model_3_multimer_v3_pred_0": 3.337860107421875e-06,
    "predict_and_compile_model_3_multimer_v3_pred_0": 331.99428629875183,
    "relax_model_3_multimer_v3_pred_0": 62.990479469299316,
    "process_features_model_3_multimer_v3_pred_1": 4.76837158203125e-06,
    "predict_and_compile_model_3_multimer_v3_pred_1": 364.6327540874481,
    "relax_model_3_multimer_v3_pred_1": 53.31835675239563,
    "process_features_model_3_multimer_v3_pred_2": 4.0531158447265625e-06,
    "predict_and_compile_model_3_multimer_v3_pred_2": 365.9407069683075,
    "relax_model_3_multimer_v3_pred_2": 52.052438497543335,
    "process_features_model_3_multimer_v3_pred_3": 4.0531158447265625e-06,
    "predict_and_compile_model_3_multimer_v3_pred_3": 365.46831035614014,
    "relax_model_3_multimer_v3_pred_3": 49.88238453865051,
    "process_features_model_3_multimer_v3_pred_4": 3.0994415283203125e-06,
    "predict_and_compile_model_3_multimer_v3_pred_4": 368.9209017753601,
    "relax_model_3_multimer_v3_pred_4": 70.51605319976807,
    "process_features_model_4_multimer_v3_pred_0": 3.5762786865234375e-06,
    "predict_and_compile_model_4_multimer_v3_pred_0": 523.3174824714661,
    "relax_model_4_multimer_v3_pred_0": 31.211103677749634,
    "process_features_model_4_multimer_v3_pred_1": 3.5762786865234375e-06,
    "predict_and_compile_model_4_multimer_v3_pred_1": 358.0882349014282,
    "relax_model_4_multimer_v3_pred_1": 41.599496841430664,
    "process_features_model_4_multimer_v3_pred_2": 4.0531158447265625e-06,
    "predict_and_compile_model_4_multimer_v3_pred_2": 357.81149983406067,
    "relax_model_4_multimer_v3_pred_2": 49.80067205429077,
    "process_features_model_4_multimer_v3_pred_3": 4.291534423828125e-06,
    "predict_and_compile_model_4_multimer_v3_pred_3": 363.88735461235046,
    "relax_model_4_multimer_v3_pred_3": 39.80762219429016,
    "process_features_model_4_multimer_v3_pred_4": 3.0994415283203125e-06,
    "predict_and_compile_model_4_multimer_v3_pred_4": 358.45728611946106,
    "relax_model_4_multimer_v3_pred_4": 81.17693185806274,
    "process_features_model_5_multimer_v3_pred_0": 4.0531158447265625e-06,
    "predict_and_compile_model_5_multimer_v3_pred_0": 524.9462330341339,
    "relax_model_5_multimer_v3_pred_0": 49.980475664138794,
    "process_features_model_5_multimer_v3_pred_1": 3.337860107421875e-06,
    "predict_and_compile_model_5_multimer_v3_pred_1": 358.54069805145264,
    "relax_model_5_multimer_v3_pred_1": 30.735480546951294,
    "process_features_model_5_multimer_v3_pred_2": 3.5762786865234375e-06,
    "predict_and_compile_model_5_multimer_v3_pred_2": 358.73550486564636,
    "relax_model_5_multimer_v3_pred_2": 59.980016469955444,
    "process_features_model_5_multimer_v3_pred_3": 3.0994415283203125e-06,
    "predict_and_compile_model_5_multimer_v3_pred_3": 358.54083132743835,
    "relax_model_5_multimer_v3_pred_3": 30.668885469436646,
    "process_features_model_5_multimer_v3_pred_4": 3.814697265625e-06,
    "predict_and_compile_model_5_multimer_v3_pred_4": 358.35744738578796,
    "relax_model_5_multimer_v3_pred_4": 37.61673307418823
}