seed,sample,ranking_score
1,0,0.5680118889751151
1,1,0.5287801636721363
1,2,0.5370335368270287
1,3,0.5616155575796826
1,4,0.5466058648445886
