{
    "features": 0.016901493072509766,
    "process_features_model_1_multimer_v3_pred_0": 3.5762786865234375e-06,
    "predict_and_compile_model_1_multimer_v3_pred_0": 140.05102133750916,
    "predict_benchmark_model_1_multimer_v3_pred_0": 47.55707621574402,
    "process_features_model_2_multimer_v3_pred_0": 2.7179718017578125e-05,
    "predict_and_compile_model_2_multimer_v3_pred_0": 137.82074093818665,
    "predict_benchmark_model_2_multimer_v3_pred_0": 47.58050894737244,
    "process_features_model_3_multimer_v3_pred_0": 2.47955322265625e-05,
    "predict_and_compile_model_3_multimer_v3_pred_0": 116.63799047470093,
    "predict_benchmark_model_3_multimer_v3_pred_0": 35.622554063797,
    "process_features_model_4_multimer_v3_pred_0": 2.5033950805664062e-05,
    "predict_and_compile_model_4_multimer_v3_pred_0": 128.44659209251404,
    "predict_benchmark_model_4_multimer_v3_pred_0": 46.51183891296387,
    "process_features_model_5_multimer_v3_pred_0": 1.2874603271484375e-05,
    "predict_and_compile_model_5_multimer_v3_pred_0": 113.89238548278809,
    "predict_benchmark_model_5_multimer_v3_pred_0": 35.126858949661255
}