seed,sample,ranking_score
1,0,0.7710249003149223
1,1,0.7612125986285725
1,2,0.7769976047329488
1,3,0.7608481924612305
1,4,0.766115025696779
