seed,sample,ranking_score
1,0,0.7676802170876488
1,1,0.7777698793108044
1,2,0.807722252305248
1,3,0.7638513507057102
1,4,0.7652136439478686
