seed,sample,ranking_score
1,0,0.8805330459101954
1,1,0.8796244956100714
1,2,0.885919852729724
1,3,0.8837857595592641
1,4,0.8866861656954268
