seed,sample,ranking_score
1,0,0.5770348932250371
1,1,0.5452480784815896
1,2,0.5449047808755504
1,3,0.5616378648740907
1,4,0.5594985850557764
