seed,sample,ranking_score
1,0,0.34418920295803923
1,1,0.33099718488018
1,2,0.3320751868646297
1,3,0.32942027268689444
1,4,0.35277305885246213
