{
    "features": 0.004754304885864258,
    "process_features_model_1_multimer_v3_pred_0": 4.0531158447265625e-06,
    "predict_and_compile_model_1_multimer_v3_pred_0": 232.77911019325256,
    "relax_model_1_multimer_v3_pred_0": 36.92881512641907,
    "process_features_model_1_multimer_v3_pred_1": 2.6226043701171875e-06,
    "predict_and_compile_model_1_multimer_v3_pred_1": 115.31328749656677,
    "relax_model_1_multimer_v3_pred_1": 19.68471646308899,
    "process_features_model_1_multimer_v3_pred_2": 3.337860107421875e-06,
    "predict_and_compile_model_1_multimer_v3_pred_2": 115.29684662818909,
    "relax_model_1_multimer_v3_pred_2": 25.974887371063232,
    "process_features_model_1_multimer_v3_pred_3": 3.337860107421875e-06,
    "predict_and_compile_model_1_multimer_v3_pred_3": 115.20524883270264,
    "relax_model_1_multimer_v3_pred_3": 26.061762809753418,
    "process_features_model_1_multimer_v3_pred_4": 3.0994415283203125e-06,
    "predict_and_compile_model_1_multimer_v3_pred_4": 115.1609857082367,
    "relax_model_1_multimer_v3_pred_4": 26.461151123046875,
    "process_features_model_2_multimer_v3_pred_0": 3.0994415283203125e-06,
    "predict_and_compile_model_2_multimer_v3_pred_0": 228.59598064422607,
    "relax_model_2_multimer_v3_pred_0": 34.14548683166504,
    "process_features_model_2_multimer_v3_pred_1": 2.86102294921875e-06,
    "predict_and_compile_model_2_multimer_v3_pred_1": 38.649359941482544,
    "relax_model_2_multimer_v3_pred_1": 34.785905599594116,
    "process_features_model_2_multimer_v3_pred_2": 2.384185791015625e-06,
    "predict_and_compile_model_2_multimer_v3_pred_2": 66.00549030303955,
    "relax_model_2_multimer_v3_pred_2": 26.86657190322876,
    "process_features_model_2_multimer_v3_pred_3": 2.86102294921875e-06,
    "predict_and_compile_model_2_multimer_v3_pred_3": 49.473536014556885,
    "relax_model_2_multimer_v3_pred_3": 34.994884967803955,
    "process_features_model_2_multimer_v3_pred_4": 2.86102294921875e-06,
    "predict_and_compile_model_2_multimer_v3_pred_4": 115.26767158508301,
    "relax_model_2_multimer_v3_pred_4": 36.30463695526123,
    "process_features_model_3_multimer_v3_pred_0": 2.6226043701171875e-06,
    "predict_and_compile_model_3_multimer_v3_pred_0": 230.60080814361572,
    "relax_model_3_multimer_v3_pred_0": 20.12879180908203,
    "process_features_model_3_multimer_v3_pred_1": 2.6226043701171875e-06,
    "predict_and_compile_model_3_multimer_v3_pred_1": 82.34387445449829,
    "relax_model_3_multimer_v3_pred_1": 27.805652856826782,
    "process_features_model_3_multimer_v3_pred_2": 4.76837158203125e-06,
    "predict_and_compile_model_3_multimer_v3_pred_2": 115.2356595993042,
    "relax_model_3_multimer_v3_pred_2": 26.696412563323975,
    "process_features_model_3_multimer_v3_pred_3": 2.6226043701171875e-06,
    "predict_and_compile_model_3_multimer_v3_pred_3": 114.9823648929596,
    "relax_model_3_multimer_v3_pred_3": 32.12661576271057,
    "process_features_model_3_multimer_v3_pred_4": 2.86102294921875e-06,
    "predict_and_compile_model_3_multimer_v3_pred_4": 115.37264227867126,
    "relax_model_3_multimer_v3_pred_4": 27.432440519332886,
    "process_features_model_4_multimer_v3_pred_0": 3.0994415283203125e-06,
    "predict_and_compile_model_4_multimer_v3_pred_0": 231.943053483963,
    "relax_model_4_multimer_v3_pred_0": 19.436654329299927,
    "process_features_model_4_multimer_v3_pred_1": 2.6226043701171875e-06,
    "predict_and_compile_model_4_multimer_v3_pred_1": 113.43188881874084,
    "relax_model_4_multimer_v3_pred_1": 19.465179681777954,
    "process_features_model_4_multimer_v3_pred_2": 2.6226043701171875e-06,
    "predict_and_compile_model_4_multimer_v3_pred_2": 32.600093841552734,
    "relax_model_4_multimer_v3_pred_2": 26.075385332107544,
    "process_features_model_4_multimer_v3_pred_3": 2.6226043701171875e-06,
    "predict_and_compile_model_4_multimer_v3_pred_3": 113.30495524406433,
    "relax_model_4_multimer_v3_pred_3": 27.846193552017212,
    "process_features_model_4_multimer_v3_pred_4": 2.6226043701171875e-06,
    "predict_and_compile_model_4_multimer_v3_pred_4": 113.3412675857544,
    "relax_model_4_multimer_v3_pred_4": 34.78181028366089,
    "process_features_model_5_multimer_v3_pred_0": 2.86102294921875e-06,
    "predict_and_compile_model_5_multimer_v3_pred_0": 228.41937851905823,
    "relax_model_5_multimer_v3_pred_0": 19.257900714874268,
    "process_features_model_5_multimer_v3_pred_1": 3.0994415283203125e-06,
    "predict_and_compile_model_5_multimer_v3_pred_1": 113.85213994979858,
    "relax_model_5_multimer_v3_pred_1": 19.95402193069458,
    "process_features_model_5_multimer_v3_pred_2": 2.6226043701171875e-06,
    "predict_and_compile_model_5_multimer_v3_pred_2": 113.7264404296875,
    "relax_model_5_multimer_v3_pred_2": 19.312567472457886,
    "process_features_model_5_multimer_v3_pred_3": 2.6226043701171875e-06,
    "predict_and_compile_model_5_multimer_v3_pred_3": 113.39491868019104,
    "relax_model_5_multimer_v3_pred_3": 27.32585835456848,
    "process_features_model_5_multimer_v3_pred_4": 2.86102294921875e-06,
    "predict_and_compile_model_5_multimer_v3_pred_4": 113.31102633476257,
    "relax_model_5_multimer_v3_pred_4": 19.02991533279419
}