seed,sample,ranking_score
1,0,0.9747747429736185
1,1,0.9727315122028363
1,2,0.9683480873111392
1,3,0.97685910101247
1,4,0.9809964852235747
