seed,sample,ranking_score
1,0,0.6670592725564941
1,1,0.6780495046057295
1,2,0.6617078539305458
1,3,0.6842536070387334
1,4,0.6713084025245522
