seed,sample,ranking_score
2,0,0.8170933484091445
2,1,0.839407711585409
2,2,0.8354115876819455
2,3,0.8219038219567281
2,4,0.8366140747963371
