seed,sample,ranking_score
1,0,0.8335512439367869
1,1,0.8377011620709081
1,2,0.8419726738717117
1,3,0.8619364788017019
1,4,0.8456911414191394
