{
    "features": 0.009176254272460938,
    "process_features_model_1_multimer_v3_pred_0": 4.291534423828125e-06,
    "predict_and_compile_model_1_multimer_v3_pred_0": 381.1917061805725,
    "relax_model_1_multimer_v3_pred_0": 55.391210079193115,
    "process_features_model_1_multimer_v3_pred_1": 3.337860107421875e-06,
    "predict_and_compile_model_1_multimer_v3_pred_1": 261.36894702911377,
    "relax_model_1_multimer_v3_pred_1": 57.536131858825684,
    "process_features_model_1_multimer_v3_pred_2": 3.337860107421875e-06,
    "predict_and_compile_model_1_multimer_v3_pred_2": 260.98538875579834,
    "relax_model_1_multimer_v3_pred_2": 57.58311152458191,
    "process_features_model_1_multimer_v3_pred_3": 3.0994415283203125e-06,
    "predict_and_compile_model_1_multimer_v3_pred_3": 261.2875006198883,
    "relax_model_1_multimer_v3_pred_3": 63.97032284736633,
    "process_features_model_1_multimer_v3_pred_4": 3.5762786865234375e-06,
    "predict_and_compile_model_1_multimer_v3_pred_4": 261.14243841171265,
    "relax_model_1_multimer_v3_pred_4": 71.61979508399963,
    "process_features_model_2_multimer_v3_pred_0": 3.5762786865234375e-06,
    "predict_and_compile_model_2_multimer_v3_pred_0": 376.8451590538025,
    "relax_model_2_multimer_v3_pred_0": 55.41035437583923,
    "process_features_model_2_multimer_v3_pred_1": 3.5762786865234375e-06,
    "predict_and_compile_model_2_multimer_v3_pred_1": 261.447359085083,
    "relax_model_2_multimer_v3_pred_1": 52.886483907699585,
    "process_features_model_2_multimer_v3_pred_2": 5.0067901611328125e-06,
    "predict_and_compile_model_2_multimer_v3_pred_2": 261.44326639175415,
    "relax_model_2_multimer_v3_pred_2": 53.98180341720581,
    "process_features_model_2_multimer_v3_pred_3": 3.5762786865234375e-06,
    "predict_and_compile_model_2_multimer_v3_pred_3": 261.40302085876465,
    "relax_model_2_multimer_v3_pred_3": 59.38010835647583,
    "process_features_model_2_multimer_v3_pred_4": 3.337860107421875e-06,
    "predict_and_compile_model_2_multimer_v3_pred_4": 261.2706892490387,
    "relax_model_2_multimer_v3_pred_4": 60.20336651802063,
    "process_features_model_3_multimer_v3_pred_0": 2.6226043701171875e-06,
    "predict_and_compile_model_3_multimer_v3_pred_0": 378.76081943511963,
    "relax_model_3_multimer_v3_pred_0": 63.625529289245605,
    "process_features_model_3_multimer_v3_pred_1": 3.337860107421875e-06,
    "predict_and_compile_model_3_multimer_v3_pred_1": 211.62815260887146,
    "relax_model_3_multimer_v3_pred_1": 68.91912150382996,
    "process_features_model_3_multimer_v3_pred_2": 3.337860107421875e-06,
    "predict_and_compile_model_3_multimer_v3_pred_2": 261.4140930175781,
    "relax_model_3_multimer_v3_pred_2": 60.364699363708496,
    "process_features_model_3_multimer_v3_pred_3": 3.0994415283203125e-06,
    "predict_and_compile_model_3_multimer_v3_pred_3": 261.38517355918884,
    "relax_model_3_multimer_v3_pred_3": 54.521005392074585,
    "process_features_model_3_multimer_v3_pred_4": 2.86102294921875e-06,
    "predict_and_compile_model_3_multimer_v3_pred_4": 261.13926935195923,
    "relax_model_3_multimer_v3_pred_4": 52.73087549209595,
    "process_features_model_4_multimer_v3_pred_0": 2.86102294921875e-06,
    "predict_and_compile_model_4_multimer_v3_pred_0": 373.27195286750793,
    "relax_model_4_multimer_v3_pred_0": 54.503559827804565,
    "process_features_model_4_multimer_v3_pred_1": 3.0994415283203125e-06,
    "predict_and_compile_model_4_multimer_v3_pred_1": 257.0823690891266,
    "relax_model_4_multimer_v3_pred_1": 57.76648139953613,
    "process_features_model_4_multimer_v3_pred_2": 3.5762786865234375e-06,
    "predict_and_compile_model_4_multimer_v3_pred_2": 256.8272831439972,
    "relax_model_4_multimer_v3_pred_2": 51.48825430870056,
    "process_features_model_4_multimer_v3_pred_3": 3.337860107421875e-06,
    "predict_and_compile_model_4_multimer_v3_pred_3": 256.87781715393066,
    "relax_model_4_multimer_v3_pred_3": 69.47295832633972,
    "process_features_model_4_multimer_v3_pred_4": 3.0994415283203125e-06,
    "predict_and_compile_model_4_multimer_v3_pred_4": 257.102685213089,
    "relax_model_4_multimer_v3_pred_4": 59.22356367111206,
    "process_features_model_5_multimer_v3_pred_0": 3.0994415283203125e-06,
    "predict_and_compile_model_5_multimer_v3_pred_0": 365.9475827217102,
    "relax_model_5_multimer_v3_pred_0": 58.14307951927185,
    "process_features_model_5_multimer_v3_pred_1": 3.337860107421875e-06,
    "predict_and_compile_model_5_multimer_v3_pred_1": 256.6016023159027,
    "relax_model_5_multimer_v3_pred_1": 59.47569799423218,
    "process_features_model_5_multimer_v3_pred_2": 3.0994415283203125e-06,
    "predict_and_compile_model_5_multimer_v3_pred_2": 256.6022641658783,
    "relax_model_5_multimer_v3_pred_2": 55.58210015296936,
    "process_features_model_5_multimer_v3_pred_3": 3.0994415283203125e-06,
    "predict_and_compile_model_5_multimer_v3_pred_3": 256.695232629776,
    "relax_model_5_multimer_v3_pred_3": 60.009623527526855,
    "process_features_model_5_multimer_v3_pred_4": 3.0994415283203125e-06,
    "predict_and_compile_model_5_multimer_v3_pred_4": 256.73748087882996,
    "relax_model_5_multimer_v3_pred_4": 32.72050666809082
}