seed,sample,ranking_score
1,0,0.6565041812944967
1,1,0.6558333960461975
1,2,0.6635553598175459
1,3,0.6555228225414643
1,4,0.6344885179761859
