seed,sample,ranking_score
1,0,0.7141730472081267
1,1,0.7148294252029922
1,2,0.7179311204665606
1,3,0.7172638544637046
1,4,0.7151436744715471
