seed,sample,ranking_score
1,0,0.7948761684974816
1,1,0.79908403593308
1,2,0.7975098463659404
1,3,0.7925237004559524
1,4,0.7994505399609892
