{
    "features": 0.19264793395996094,
    "process_features_model_1_multimer_v3_pred_0": 5.7220458984375e-06,
    "predict_and_compile_model_1_multimer_v3_pred_0": 1178.7237105369568,
    "predict_benchmark_model_1_multimer_v3_pred_0": 1010.0803201198578,
    "process_features_model_2_multimer_v3_pred_0": 5.245208740234375e-06,
    "predict_and_compile_model_2_multimer_v3_pred_0": 1163.1030356884003,
    "predict_benchmark_model_2_multimer_v3_pred_0": 1010.2458140850067,
    "process_features_model_3_multimer_v3_pred_0": 3.0040740966796875e-05,
    "predict_and_compile_model_3_multimer_v3_pred_0": 1173.6702275276184,
    "predict_benchmark_model_3_multimer_v3_pred_0": 1014.6465148925781,
    "process_features_model_4_multimer_v3_pred_0": 5.245208740234375e-06,
    "predict_and_compile_model_4_multimer_v3_pred_0": 1150.8800659179688,
    "predict_benchmark_model_4_multimer_v3_pred_0": 985.9886224269867,
    "process_features_model_5_multimer_v3_pred_0": 5.4836273193359375e-06,
    "predict_and_compile_model_5_multimer_v3_pred_0": 1130.3654487133026,
    "predict_benchmark_model_5_multimer_v3_pred_0": 987.2048420906067
}