seed,sample,ranking_score
5,0,0.4128992315418982
5,1,0.4110914309366694
5,2,0.3895298548349917
5,3,0.37222104029357544
5,4,0.3669853667742174
