seed,sample,ranking_score
1,0,0.6514673127422039
1,1,0.6729659017734304
1,2,0.6379700178760143
1,3,0.6505277969318533
1,4,0.6783267517443753
