{
    "features": 0.025637388229370117,
    "process_features_model_1_multimer_v3_pred_0": 4.291534423828125e-06,
    "predict_and_compile_model_1_multimer_v3_pred_0": 326.7948913574219,
    "predict_benchmark_model_1_multimer_v3_pred_0": 247.46467566490173,
    "process_features_model_2_multimer_v3_pred_0": 4.649162292480469e-05,
    "predict_and_compile_model_2_multimer_v3_pred_0": 324.8265686035156,
    "predict_benchmark_model_2_multimer_v3_pred_0": 246.96733021736145,
    "process_features_model_3_multimer_v3_pred_0": 1.4781951904296875e-05,
    "predict_and_compile_model_3_multimer_v3_pred_0": 264.9994795322418,
    "predict_benchmark_model_3_multimer_v3_pred_0": 188.26288223266602,
    "process_features_model_4_multimer_v3_pred_0": 1.2874603271484375e-05,
    "predict_and_compile_model_4_multimer_v3_pred_0": 317.951313495636,
    "predict_benchmark_model_4_multimer_v3_pred_0": 239.57691264152527,
    "process_features_model_5_multimer_v3_pred_0": 2.5987625122070312e-05,
    "predict_and_compile_model_5_multimer_v3_pred_0": 316.489284992218,
    "predict_benchmark_model_5_multimer_v3_pred_0": 239.47457265853882
}