seed,sample,ranking_score
1,0,0.6010177946735126
1,1,0.6074800699337609
1,2,0.624729851662741
1,3,0.6066908691656736
1,4,0.6256349908866083
