seed,sample,ranking_score
4,0,0.9057405034807133
4,1,0.9063019319545187
4,2,0.9052185173814421
4,3,0.9187940341512664
4,4,0.9095842341265856
