seed,sample,ranking_score
1,0,0.5193156785799536
1,1,0.5629011349678192
1,2,0.4754756493772436
1,3,0.5472271383846038
1,4,0.42270921438802866
