seed,sample,ranking_score
1,0,0.5782341050192461
1,1,0.5895748359413633
1,2,0.5798488738360816
1,3,0.5698779211608467
1,4,0.5710877125951759
