seed,sample,ranking_score
4,0,0.7019650651594023
4,1,0.6911898235513119
4,2,0.7050606848973202
4,3,0.6956736093463858
4,4,0.6918771827718418
