seed,sample,ranking_score
1,0,0.5301150083227972
1,1,0.5269467094492732
1,2,0.5584017520962747
1,3,0.539909046994715
1,4,0.543526208274567
