{
    "features": 0.3475050926208496,
    "process_features_model_1_multimer_v3_pred_0": 5.245208740234375e-06,
    "predict_and_compile_model_1_multimer_v3_pred_0": 1762.7335069179535,
    "predict_benchmark_model_1_multimer_v3_pred_0": 1625.9981968402863,
    "process_features_model_2_multimer_v3_pred_0": 5.4836273193359375e-06,
    "predict_and_compile_model_2_multimer_v3_pred_0": 1747.3299734592438,
    "predict_benchmark_model_2_multimer_v3_pred_0": 1624.749062538147,
    "process_features_model_3_multimer_v3_pred_0": 5.7220458984375e-06,
    "predict_and_compile_model_3_multimer_v3_pred_0": 1737.7132320404053,
    "predict_benchmark_model_3_multimer_v3_pred_0": 1627.1022281646729,
    "process_features_model_4_multimer_v3_pred_0": 5.0067901611328125e-06,
    "predict_and_compile_model_4_multimer_v3_pred_0": 1701.2452657222748,
    "predict_benchmark_model_4_multimer_v3_pred_0": 1588.1027574539185,
    "process_features_model_5_multimer_v3_pred_0": 1.0967254638671875e-05,
    "predict_and_compile_model_5_multimer_v3_pred_0": 1703.3342735767365,
    "predict_benchmark_model_5_multimer_v3_pred_0": 1588.8782114982605
}