seed,sample,ranking_score
1,0,0.48290307133645993
1,1,0.47221480086859274
1,2,0.5020141077857266
1,3,0.45469885086971623
1,4,0.4734387024380822
