{
    "features": 0.37192869186401367,
    "process_features_model_1_multimer_v3_pred_0": 2.3126602172851562e-05,
    "predict_and_compile_model_1_multimer_v3_pred_0": 1169.244163274765,
    "predict_benchmark_model_1_multimer_v3_pred_0": 995.1566362380981,
    "process_features_model_2_multimer_v3_pred_0": 4.5299530029296875e-06,
    "predict_and_compile_model_2_multimer_v3_pred_0": 1144.7537546157837,
    "predict_benchmark_model_2_multimer_v3_pred_0": 996.188672542572,
    "process_features_model_3_multimer_v3_pred_0": 1.0728836059570312e-05,
    "predict_and_compile_model_3_multimer_v3_pred_0": 1148.9801909923553,
    "predict_benchmark_model_3_multimer_v3_pred_0": 995.6872501373291,
    "process_features_model_4_multimer_v3_pred_0": 5.4836273193359375e-06,
    "predict_and_compile_model_4_multimer_v3_pred_0": 1133.1078565120697,
    "predict_benchmark_model_4_multimer_v3_pred_0": 971.0084502696991,
    "process_features_model_5_multimer_v3_pred_0": 1.4781951904296875e-05,
    "predict_and_compile_model_5_multimer_v3_pred_0": 1127.0699248313904,
    "predict_benchmark_model_5_multimer_v3_pred_0": 973.4328789710999
}