seed,sample,ranking_score
1,0,0.6309181733092535
1,1,0.5867052629432168
1,2,0.6213899020901019
1,3,0.6098903207049703
1,4,0.6390341786101118
