{
    "features": 0.06824970245361328,
    "process_features_model_1_multimer_v3_pred_0": 3.814697265625e-06,
    "predict_and_compile_model_1_multimer_v3_pred_0": 258.06286907196045,
    "predict_benchmark_model_1_multimer_v3_pred_0": 175.26844358444214,
    "process_features_model_2_multimer_v3_pred_0": 3.0994415283203125e-05,
    "predict_and_compile_model_2_multimer_v3_pred_0": 260.69043374061584,
    "predict_benchmark_model_2_multimer_v3_pred_0": 175.86455035209656,
    "process_features_model_3_multimer_v3_pred_0": 1.4781951904296875e-05,
    "predict_and_compile_model_3_multimer_v3_pred_0": 273.8223581314087,
    "predict_benchmark_model_3_multimer_v3_pred_0": 175.99715566635132,
    "process_features_model_4_multimer_v3_pred_0": 6.413459777832031e-05,
    "predict_and_compile_model_4_multimer_v3_pred_0": 270.9514272212982,
    "predict_benchmark_model_4_multimer_v3_pred_0": 172.81541800498962,
    "process_features_model_5_multimer_v3_pred_0": 5.078315734863281e-05,
    "predict_and_compile_model_5_multimer_v3_pred_0": 281.7828884124756,
    "predict_benchmark_model_5_multimer_v3_pred_0": 172.50298762321472
}