seed,sample,ranking_score
1,0,0.41076828338944604
1,1,0.4139078421351676
1,2,0.42282891669561096
1,3,0.43848483031527025
1,4,0.49062855139309003
