{
    "iptm+ptm": {
        "model_1_multimer_v3_pred_0": 0.47488186853699077,
        "model_1_multimer_v3_pred_1": 0.5682825546507074,
        "model_1_multimer_v3_pred_2": 0.4299697613541074,
        "model_1_multimer_v3_pred_3": 0.527573568428933,
        "model_1_multimer_v3_pred_4": 0.5653063479927435,
        "model_2_multimer_v3_pred_0": 0.5425960686270348,
        "model_2_multimer_v3_pred_1": 0.5445711998610241,
        "model_2_multimer_v3_pred_2": 0.5239561959688006,
        "model_2_multimer_v3_pred_3": 0.546801655579336,
        "model_2_multimer_v3_pred_4": 0.5383470786563668,
        "model_3_multimer_v3_pred_0": 0.5438217384280046,
        "model_3_multimer_v3_pred_1": 0.5104171143495878,
        "model_3_multimer_v3_pred_2": 0.5259546531962923,
        "model_3_multimer_v3_pred_3": 0.5373814615024379,
        "model_3_multimer_v3_pred_4": 0.5210189845481389,
        "model_4_multimer_v3_pred_0": 0.5106917950667513,
        "model_4_multimer_v3_pred_1": 0.4800460177334963,
        "model_4_multimer_v3_pred_2": 0.5075629640488363,
        "model_4_multimer_v3_pred_3": 0.5059174905456545,
        "model_4_multimer_v3_pred_4": 0.4945788224458229,
        "model_5_multimer_v3_pred_0": 0.5155160094311577,
        "model_5_multimer_v3_pred_1": 0.5334052840605659,
        "model_5_multimer_v3_pred_2": 0.5135632947509756,
        "model_5_multimer_v3_pred_3": 0.5158247262357041,
        "model_5_multimer_v3_pred_4": 0.5083037828356698
    },
    "order": [
        "model_1_multimer_v3_pred_1",
        "model_1_multimer_v3_pred_4",
        "model_2_multimer_v3_pred_3",
        "model_2_multimer_v3_pred_1",
        "model_3_multimer_v3_pred_0",
        "model_2_multimer_v3_pred_0",
        "model_2_multimer_v3_pred_4",
        "model_3_multimer_v3_pred_3",
        "model_5_multimer_v3_pred_1",
        "model_1_multimer_v3_pred_3",
        "model_3_multimer_v3_pred_2",
        "model_2_multimer_v3_pred_2",
        "model_3_multimer_v3_pred_4",
        "model_5_multimer_v3_pred_3",
        "model_5_multimer_v3_pred_0",
        "model_5_multimer_v3_pred_2",
        "model_4_multimer_v3_pred_0",
        "model_3_multimer_v3_pred_1",
        "model_5_multimer_v3_pred_4",
        "model_4_multimer_v3_pred_2",
        "model_4_multimer_v3_pred_3",
        "model_4_multimer_v3_pred_4",
        "model_4_multimer_v3_pred_1",
        "model_1_multimer_v3_pred_0",
        "model_1_multimer_v3_pred_2"
    ]
}