{
    "features": 0.0060024261474609375,
    "process_features_model_1_multimer_v3_pred_0": 3.337860107421875e-06,
    "predict_and_compile_model_1_multimer_v3_pred_0": 233.8727526664734,
    "relax_model_1_multimer_v3_pred_0": 22.46165895462036,
    "process_features_model_1_multimer_v3_pred_1": 2.86102294921875e-06,
    "predict_and_compile_model_1_multimer_v3_pred_1": 111.33425283432007,
    "relax_model_1_multimer_v3_pred_1": 19.31313395500183,
    "process_features_model_1_multimer_v3_pred_2": 2.6226043701171875e-06,
    "predict_and_compile_model_1_multimer_v3_pred_2": 122.83221006393433,
    "relax_model_1_multimer_v3_pred_2": 38.52707123756409,
    "process_features_model_1_multimer_v3_pred_3": 4.0531158447265625e-06,
    "predict_and_compile_model_1_multimer_v3_pred_3": 58.74075245857239,
    "relax_model_1_multimer_v3_pred_3": 32.93147325515747,
    "process_features_model_1_multimer_v3_pred_4": 2.6226043701171875e-06,
    "predict_and_compile_model_1_multimer_v3_pred_4": 122.56593036651611,
    "relax_model_1_multimer_v3_pred_4": 18.78655457496643,
    "process_features_model_2_multimer_v3_pred_0": 2.384185791015625e-06,
    "predict_and_compile_model_2_multimer_v3_pred_0": 230.69649028778076,
    "relax_model_2_multimer_v3_pred_0": 22.112070083618164,
    "process_features_model_2_multimer_v3_pred_1": 3.337860107421875e-06,
    "predict_and_compile_model_2_multimer_v3_pred_1": 116.91977548599243,
    "relax_model_2_multimer_v3_pred_1": 19.445627212524414,
    "process_features_model_2_multimer_v3_pred_2": 2.384185791015625e-06,
    "predict_and_compile_model_2_multimer_v3_pred_2": 123.0184166431427,
    "relax_model_2_multimer_v3_pred_2": 27.660905838012695,
    "process_features_model_2_multimer_v3_pred_3": 3.0994415283203125e-06,
    "predict_and_compile_model_2_multimer_v3_pred_3": 111.24413824081421,
    "relax_model_2_multimer_v3_pred_3": 19.073426246643066,
    "process_features_model_2_multimer_v3_pred_4": 4.291534423828125e-06,
    "predict_and_compile_model_2_multimer_v3_pred_4": 122.85653829574585,
    "relax_model_2_multimer_v3_pred_4": 19.61337375640869,
    "process_features_model_3_multimer_v3_pred_0": 2.6226043701171875e-06,
    "predict_and_compile_model_3_multimer_v3_pred_0": 232.6804325580597,
    "relax_model_3_multimer_v3_pred_0": 19.715501070022583,
    "process_features_model_3_multimer_v3_pred_1": 2.86102294921875e-06,
    "predict_and_compile_model_3_multimer_v3_pred_1": 123.01782369613647,
    "relax_model_3_multimer_v3_pred_1": 22.197173595428467,
    "process_features_model_3_multimer_v3_pred_2": 2.384185791015625e-06,
    "predict_and_compile_model_3_multimer_v3_pred_2": 122.61212372779846,
    "relax_model_3_multimer_v3_pred_2": 28.529643058776855,
    "process_features_model_3_multimer_v3_pred_3": 2.6226043701171875e-06,
    "predict_and_compile_model_3_multimer_v3_pred_3": 111.14817690849304,
    "relax_model_3_multimer_v3_pred_3": 149.88950419425964,
    "process_features_model_3_multimer_v3_pred_4": 2.384185791015625e-06,
    "predict_and_compile_model_3_multimer_v3_pred_4": 122.79004430770874,
    "relax_model_3_multimer_v3_pred_4": 25.191018104553223,
    "process_features_model_4_multimer_v3_pred_0": 2.6226043701171875e-06,
    "predict_and_compile_model_4_multimer_v3_pred_0": 234.00206303596497,
    "relax_model_4_multimer_v3_pred_0": 36.5826849937439,
    "process_features_model_4_multimer_v3_pred_1": 3.0994415283203125e-06,
    "predict_and_compile_model_4_multimer_v3_pred_1": 120.99821829795837,
    "relax_model_4_multimer_v3_pred_1": 123.52896285057068,
    "process_features_model_4_multimer_v3_pred_2": 2.86102294921875e-06,
    "predict_and_compile_model_4_multimer_v3_pred_2": 121.03042721748352,
    "relax_model_4_multimer_v3_pred_2": 34.243009090423584,
    "process_features_model_4_multimer_v3_pred_3": 3.5762786865234375e-06,
    "predict_and_compile_model_4_multimer_v3_pred_3": 121.07878828048706,
    "relax_model_4_multimer_v3_pred_3": 21.250675201416016,
    "process_features_model_4_multimer_v3_pred_4": 2.6226043701171875e-06,
    "predict_and_compile_model_4_multimer_v3_pred_4": 120.9012463092804,
    "relax_model_4_multimer_v3_pred_4": 23.46350359916687,
    "process_features_model_5_multimer_v3_pred_0": 2.86102294921875e-06,
    "predict_and_compile_model_5_multimer_v3_pred_0": 236.3766725063324,
    "relax_model_5_multimer_v3_pred_0": 35.94248414039612,
    "process_features_model_5_multimer_v3_pred_1": 3.337860107421875e-06,
    "predict_and_compile_model_5_multimer_v3_pred_1": 120.88231039047241,
    "relax_model_5_multimer_v3_pred_1": 19.138117790222168,
    "process_features_model_5_multimer_v3_pred_2": 2.86102294921875e-06,
    "predict_and_compile_model_5_multimer_v3_pred_2": 121.21033930778503,
    "relax_model_5_multimer_v3_pred_2": 40.11095404624939,
    "process_features_model_5_multimer_v3_pred_3": 3.0994415283203125e-06,
    "predict_and_compile_model_5_multimer_v3_pred_3": 120.90921807289124,
    "relax_model_5_multimer_v3_pred_3": 20.755460262298584,
    "process_features_model_5_multimer_v3_pred_4": 2.384185791015625e-06,
    "predict_and_compile_model_5_multimer_v3_pred_4": 120.95541143417358,
    "relax_model_5_multimer_v3_pred_4": 20.485994815826416
}