seed,sample,ranking_score
1,0,0.7229803144910323
1,1,0.7132105226498808
1,2,0.73131143544985
1,3,0.7117841824429114
1,4,0.7413972086659893
