seed,sample,ranking_score
1,0,0.8049172733889296
1,1,0.8076452042683427
1,2,0.8163602097360771
1,3,0.7987403055828601
1,4,0.8286118924726182
