seed,sample,ranking_score
1,0,0.3576897235894233
1,1,0.3442383818827888
1,2,0.37148633578173423
1,3,0.35914624098066816
1,4,0.3591537206734969
