seed,sample,ranking_score
1,0,0.659808285080775
1,1,0.6669392846962391
1,2,0.6685708437383541
1,3,0.6548818471501566
1,4,0.6739955130447582
