{
    "features": 0.01698899269104004,
    "process_features_model_1_multimer_v3_pred_0": 3.5762786865234375e-06,
    "predict_and_compile_model_1_multimer_v3_pred_0": 144.23582077026367,
    "predict_benchmark_model_1_multimer_v3_pred_0": 61.5572726726532,
    "process_features_model_2_multimer_v3_pred_0": 6.9141387939453125e-06,
    "predict_and_compile_model_2_multimer_v3_pred_0": 167.3970239162445,
    "predict_benchmark_model_2_multimer_v3_pred_0": 84.01408123970032,
    "process_features_model_3_multimer_v3_pred_0": 1.2874603271484375e-05,
    "predict_and_compile_model_3_multimer_v3_pred_0": 168.5199065208435,
    "predict_benchmark_model_3_multimer_v3_pred_0": 83.5713882446289,
    "process_features_model_4_multimer_v3_pred_0": 3.075599670410156e-05,
    "predict_and_compile_model_4_multimer_v3_pred_0": 198.4515357017517,
    "predict_benchmark_model_4_multimer_v3_pred_0": 114.58291935920715,
    "process_features_model_5_multimer_v3_pred_0": 1.5020370483398438e-05,
    "predict_and_compile_model_5_multimer_v3_pred_0": 170.54027700424194,
    "predict_benchmark_model_5_multimer_v3_pred_0": 87.39834427833557
}