{
    "features": 0.44222235679626465,
    "process_features_model_1_multimer_v3_pred_0": 4.291534423828125e-06,
    "predict_and_compile_model_1_multimer_v3_pred_0": 110.59659051895142,
    "predict_benchmark_model_1_multimer_v3_pred_0": 29.664109468460083,
    "process_features_model_2_multimer_v3_pred_0": 8.654594421386719e-05,
    "predict_and_compile_model_2_multimer_v3_pred_0": 107.77403378486633,
    "predict_benchmark_model_2_multimer_v3_pred_0": 21.230939388275146,
    "process_features_model_3_multimer_v3_pred_0": 1.4543533325195312e-05,
    "predict_and_compile_model_3_multimer_v3_pred_0": 108.6854190826416,
    "predict_benchmark_model_3_multimer_v3_pred_0": 21.15176248550415,
    "process_features_model_4_multimer_v3_pred_0": 1.2159347534179688e-05,
    "predict_and_compile_model_4_multimer_v3_pred_0": 143.9707806110382,
    "predict_benchmark_model_4_multimer_v3_pred_0": 57.87417507171631,
    "process_features_model_5_multimer_v3_pred_0": 2.3603439331054688e-05,
    "predict_and_compile_model_5_multimer_v3_pred_0": 163.24952626228333,
    "predict_benchmark_model_5_multimer_v3_pred_0": 78.30714964866638
}