seed,sample,ranking_score
5,0,0.7631192743047767
5,1,0.7628801134649835
5,2,0.7404965392843541
5,3,0.7502383877413585
5,4,0.7563930165004602
