seed,sample,ranking_score
1,0,0.9115511466003918
1,1,0.9147266156532547
1,2,0.9096131113174278
1,3,0.9172269561849982
1,4,0.9159220008498188
