seed,sample,ranking_score
1,0,0.7665090876245408
1,1,0.7690141289686
1,2,0.7573080129700135
1,3,0.7491015152568343
1,4,0.8209887267471561
