seed,sample,ranking_score
1,0,0.48852166332968966
1,1,0.4007316314758971
1,2,0.4751854503012285
1,3,0.4840669400926079
1,4,0.38927315073126284
