seed,sample,ranking_score
1,0,0.2972355243384458
1,1,0.34230744807129726
1,2,0.3227553678139499
1,3,0.3339759557323401
1,4,0.35478022736266623
