seed,sample,ranking_score
1,0,0.5775895264888022
1,1,0.6016223546734698
1,2,0.6198106411653725
1,3,0.5711890450727041
1,4,0.5965878706983714
