seed,sample,ranking_score
1,0,0.5247044559263165
1,1,0.5397788730803471
1,2,0.5215374209041801
1,3,0.5267443064466271
1,4,0.5256523784355519
