seed,sample,ranking_score
1,0,0.49862065307380077
1,1,0.43648537328100173
1,2,0.6043760547031093
1,3,0.5202499209888002
1,4,0.4785034466567306
