{
    "features": 0.1159672737121582,
    "process_features_model_1_multimer_v3_pred_0": 7.3909759521484375e-06,
    "predict_and_compile_model_1_multimer_v3_pred_0": 203.35299706459045,
    "predict_benchmark_model_1_multimer_v3_pred_0": 108.90685105323792,
    "process_features_model_2_multimer_v3_pred_0": 3.62396240234375e-05,
    "predict_and_compile_model_2_multimer_v3_pred_0": 207.7480480670929,
    "predict_benchmark_model_2_multimer_v3_pred_0": 108.87572836875916,
    "process_features_model_3_multimer_v3_pred_0": 2.002716064453125e-05,
    "predict_and_compile_model_3_multimer_v3_pred_0": 223.4961977005005,
    "predict_benchmark_model_3_multimer_v3_pred_0": 108.96475648880005,
    "process_features_model_4_multimer_v3_pred_0": 3.886222839355469e-05,
    "predict_and_compile_model_4_multimer_v3_pred_0": 201.40704870224,
    "predict_benchmark_model_4_multimer_v3_pred_0": 106.86716032028198,
    "process_features_model_5_multimer_v3_pred_0": 2.765655517578125e-05,
    "predict_and_compile_model_5_multimer_v3_pred_0": 200.5443811416626,
    "predict_benchmark_model_5_multimer_v3_pred_0": 106.4019513130188
}