seed,sample,ranking_score
1,0,0.8962191698807764
1,1,0.8589382131746317
1,2,0.9001673572131278
1,3,0.8600614564341347
1,4,0.8926090875845629
