seed,sample,ranking_score
1,0,0.7485471020205325
1,1,0.7590393976973786
1,2,0.7577005985823754
1,3,0.7455657023180451
1,4,0.7465242038860227
