seed,sample,ranking_score
1,0,0.7548919313461387
1,1,0.7441438184641105
1,2,0.7406996360836428
1,3,0.7479188790305863
1,4,0.7475319136403002
