{
    "features": 0.007113218307495117,
    "process_features_model_1_multimer_v3_pred_0": 3.5762786865234375e-06,
    "predict_and_compile_model_1_multimer_v3_pred_0": 161.4124631881714,
    "relax_model_1_multimer_v3_pred_0": 20.765454292297363,
    "process_features_model_1_multimer_v3_pred_1": 2.86102294921875e-06,
    "predict_and_compile_model_1_multimer_v3_pred_1": 47.74337124824524,
    "relax_model_1_multimer_v3_pred_1": 18.27123785018921,
    "process_features_model_1_multimer_v3_pred_2": 2.86102294921875e-06,
    "predict_and_compile_model_1_multimer_v3_pred_2": 67.98828768730164,
    "relax_model_1_multimer_v3_pred_2": 18.782480478286743,
    "process_features_model_1_multimer_v3_pred_3": 2.384185791015625e-06,
    "predict_and_compile_model_1_multimer_v3_pred_3": 47.72395300865173,
    "relax_model_1_multimer_v3_pred_3": 24.376715898513794,
    "process_features_model_1_multimer_v3_pred_4": 2.86102294921875e-06,
    "predict_and_compile_model_1_multimer_v3_pred_4": 67.97397184371948,
    "relax_model_1_multimer_v3_pred_4": 18.54142689704895,
    "process_features_model_2_multimer_v3_pred_0": 1.9073486328125e-06,
    "predict_and_compile_model_2_multimer_v3_pred_0": 193.86318230628967,
    "relax_model_2_multimer_v3_pred_0": 19.13902258872986,
    "process_features_model_2_multimer_v3_pred_1": 2.6226043701171875e-06,
    "predict_and_compile_model_2_multimer_v3_pred_1": 48.282177209854126,
    "relax_model_2_multimer_v3_pred_1": 18.33018684387207,
    "process_features_model_2_multimer_v3_pred_2": 3.0994415283203125e-06,
    "predict_and_compile_model_2_multimer_v3_pred_2": 135.42545366287231,
    "relax_model_2_multimer_v3_pred_2": 26.225950002670288,
    "process_features_model_2_multimer_v3_pred_3": 2.384185791015625e-06,
    "predict_and_compile_model_2_multimer_v3_pred_3": 40.91834807395935,
    "relax_model_2_multimer_v3_pred_3": 17.574791431427002,
    "process_features_model_2_multimer_v3_pred_4": 2.384185791015625e-06,
    "predict_and_compile_model_2_multimer_v3_pred_4": 142.78081822395325,
    "relax_model_2_multimer_v3_pred_4": 25.904967784881592,
    "process_features_model_3_multimer_v3_pred_0": 2.384185791015625e-06,
    "predict_and_compile_model_3_multimer_v3_pred_0": 200.40993452072144,
    "relax_model_3_multimer_v3_pred_0": 18.488935470581055,
    "process_features_model_3_multimer_v3_pred_1": 2.6226043701171875e-06,
    "predict_and_compile_model_3_multimer_v3_pred_1": 142.19911885261536,
    "relax_model_3_multimer_v3_pred_1": 18.13545560836792,
    "process_features_model_3_multimer_v3_pred_2": 2.6226043701171875e-06,
    "predict_and_compile_model_3_multimer_v3_pred_2": 34.149821043014526,
    "relax_model_3_multimer_v3_pred_2": 18.84410858154297,
    "process_features_model_3_multimer_v3_pred_3": 2.6226043701171875e-06,
    "predict_and_compile_model_3_multimer_v3_pred_3": 88.17725324630737,
    "relax_model_3_multimer_v3_pred_3": 24.019381761550903,
    "process_features_model_3_multimer_v3_pred_4": 2.1457672119140625e-06,
    "predict_and_compile_model_3_multimer_v3_pred_4": 122.29127311706543,
    "relax_model_3_multimer_v3_pred_4": 18.827818393707275,
    "process_features_model_4_multimer_v3_pred_0": 2.86102294921875e-06,
    "predict_and_compile_model_4_multimer_v3_pred_0": 189.86552786827087,
    "relax_model_4_multimer_v3_pred_0": 20.07277226448059,
    "process_features_model_4_multimer_v3_pred_1": 2.6226043701171875e-06,
    "predict_and_compile_model_4_multimer_v3_pred_1": 67.8282561302185,
    "relax_model_4_multimer_v3_pred_1": 23.577194690704346,
    "process_features_model_4_multimer_v3_pred_2": 2.384185791015625e-06,
    "predict_and_compile_model_4_multimer_v3_pred_2": 120.13451910018921,
    "relax_model_4_multimer_v3_pred_2": 18.623883485794067,
    "process_features_model_4_multimer_v3_pred_3": 2.6226043701171875e-06,
    "predict_and_compile_model_4_multimer_v3_pred_3": 120.0051817893982,
    "relax_model_4_multimer_v3_pred_3": 18.89506506919861,
    "process_features_model_4_multimer_v3_pred_4": 2.384185791015625e-06,
    "predict_and_compile_model_4_multimer_v3_pred_4": 40.301846981048584,
    "relax_model_4_multimer_v3_pred_4": 19.40706992149353,
    "process_features_model_5_multimer_v3_pred_0": 2.384185791015625e-06,
    "predict_and_compile_model_5_multimer_v3_pred_0": 259.0995948314667,
    "relax_model_5_multimer_v3_pred_0": 18.972045421600342,
    "process_features_model_5_multimer_v3_pred_1": 2.86102294921875e-06,
    "predict_and_compile_model_5_multimer_v3_pred_1": 140.33475589752197,
    "relax_model_5_multimer_v3_pred_1": 18.025687217712402,
    "process_features_model_5_multimer_v3_pred_2": 2.384185791015625e-06,
    "predict_and_compile_model_5_multimer_v3_pred_2": 106.79108619689941,
    "relax_model_5_multimer_v3_pred_2": 19.01062273979187,
    "process_features_model_5_multimer_v3_pred_3": 3.0994415283203125e-06,
    "predict_and_compile_model_5_multimer_v3_pred_3": 139.86313223838806,
    "relax_model_5_multimer_v3_pred_3": 18.648446321487427,
    "process_features_model_5_multimer_v3_pred_4": 2.6226043701171875e-06,
    "predict_and_compile_model_5_multimer_v3_pred_4": 139.98083233833313,
    "relax_model_5_multimer_v3_pred_4": 19.157661199569702
}