{
    "features": 0.005787372589111328,
    "process_features_model_1_multimer_v3_pred_0": 3.337860107421875e-06,
    "predict_and_compile_model_1_multimer_v3_pred_0": 154.2856993675232,
    "relax_model_1_multimer_v3_pred_0": 20.63869571685791,
    "process_features_model_1_multimer_v3_pred_1": 2.86102294921875e-06,
    "predict_and_compile_model_1_multimer_v3_pred_1": 31.385390281677246,
    "relax_model_1_multimer_v3_pred_1": 17.92709755897522,
    "process_features_model_1_multimer_v3_pred_2": 3.0994415283203125e-06,
    "predict_and_compile_model_1_multimer_v3_pred_2": 77.9409658908844,
    "relax_model_1_multimer_v3_pred_2": 17.31920623779297,
    "process_features_model_1_multimer_v3_pred_3": 3.0994415283203125e-06,
    "predict_and_compile_model_1_multimer_v3_pred_3": 68.21616649627686,
    "relax_model_1_multimer_v3_pred_3": 17.986021757125854,
    "process_features_model_1_multimer_v3_pred_4": 3.337860107421875e-06,
    "predict_and_compile_model_1_multimer_v3_pred_4": 26.270649671554565,
    "relax_model_1_multimer_v3_pred_4": 17.790838956832886,
    "process_features_model_2_multimer_v3_pred_0": 3.0994415283203125e-06,
    "predict_and_compile_model_2_multimer_v3_pred_0": 198.8203330039978,
    "relax_model_2_multimer_v3_pred_0": 30.213696479797363,
    "process_features_model_2_multimer_v3_pred_1": 3.0994415283203125e-06,
    "predict_and_compile_model_2_multimer_v3_pred_1": 36.71216702461243,
    "relax_model_2_multimer_v3_pred_1": 24.996718645095825,
    "process_features_model_2_multimer_v3_pred_2": 3.337860107421875e-06,
    "predict_and_compile_model_2_multimer_v3_pred_2": 72.98082208633423,
    "relax_model_2_multimer_v3_pred_2": 17.297144889831543,
    "process_features_model_2_multimer_v3_pred_3": 2.86102294921875e-06,
    "predict_and_compile_model_2_multimer_v3_pred_3": 52.11786484718323,
    "relax_model_2_multimer_v3_pred_3": 23.728312015533447,
    "process_features_model_2_multimer_v3_pred_4": 2.6226043701171875e-06,
    "predict_and_compile_model_2_multimer_v3_pred_4": 41.80051779747009,
    "relax_model_2_multimer_v3_pred_4": 17.482728481292725,
    "process_features_model_3_multimer_v3_pred_0": 3.5762786865234375e-06,
    "predict_and_compile_model_3_multimer_v3_pred_0": 211.08287143707275,
    "relax_model_3_multimer_v3_pred_0": 17.69554305076599,
    "process_features_model_3_multimer_v3_pred_1": 3.0994415283203125e-06,
    "predict_and_compile_model_3_multimer_v3_pred_1": 47.56314563751221,
    "relax_model_3_multimer_v3_pred_1": 24.71495246887207,
    "process_features_model_3_multimer_v3_pred_2": 2.86102294921875e-06,
    "predict_and_compile_model_3_multimer_v3_pred_2": 57.396742820739746,
    "relax_model_3_multimer_v3_pred_2": 24.858786582946777,
    "process_features_model_3_multimer_v3_pred_3": 3.5762786865234375e-06,
    "predict_and_compile_model_3_multimer_v3_pred_3": 83.74167609214783,
    "relax_model_3_multimer_v3_pred_3": 17.747829914093018,
    "process_features_model_3_multimer_v3_pred_4": 3.0994415283203125e-06,
    "predict_and_compile_model_3_multimer_v3_pred_4": 42.382060527801514,
    "relax_model_3_multimer_v3_pred_4": 24.240484952926636,
    "process_features_model_4_multimer_v3_pred_0": 4.76837158203125e-06,
    "predict_and_compile_model_4_multimer_v3_pred_0": 226.8745081424713,
    "relax_model_4_multimer_v3_pred_0": 17.031174659729004,
    "process_features_model_4_multimer_v3_pred_1": 3.0994415283203125e-06,
    "predict_and_compile_model_4_multimer_v3_pred_1": 107.07723760604858,
    "relax_model_4_multimer_v3_pred_1": 18.83260750770569,
    "process_features_model_4_multimer_v3_pred_2": 3.0994415283203125e-06,
    "predict_and_compile_model_4_multimer_v3_pred_2": 91.75183939933777,
    "relax_model_4_multimer_v3_pred_2": 17.686983346939087,
    "process_features_model_4_multimer_v3_pred_3": 3.337860107421875e-06,
    "predict_and_compile_model_4_multimer_v3_pred_3": 66.44855260848999,
    "relax_model_4_multimer_v3_pred_3": 18.014007568359375,
    "process_features_model_4_multimer_v3_pred_4": 3.5762786865234375e-06,
    "predict_and_compile_model_4_multimer_v3_pred_4": 41.00009775161743,
    "relax_model_4_multimer_v3_pred_4": 17.679173469543457,
    "process_features_model_5_multimer_v3_pred_0": 3.5762786865234375e-06,
    "predict_and_compile_model_5_multimer_v3_pred_0": 161.84994101524353,
    "relax_model_5_multimer_v3_pred_0": 18.144486904144287,
    "process_features_model_5_multimer_v3_pred_1": 3.5762786865234375e-06,
    "predict_and_compile_model_5_multimer_v3_pred_1": 51.087157249450684,
    "relax_model_5_multimer_v3_pred_1": 19.9402859210968,
    "process_features_model_5_multimer_v3_pred_2": 3.0994415283203125e-06,
    "predict_and_compile_model_5_multimer_v3_pred_2": 51.156275510787964,
    "relax_model_5_multimer_v3_pred_2": 18.573662757873535,
    "process_features_model_5_multimer_v3_pred_3": 3.0994415283203125e-06,
    "predict_and_compile_model_5_multimer_v3_pred_3": 61.3275408744812,
    "relax_model_5_multimer_v3_pred_3": 18.31644558906555,
    "process_features_model_5_multimer_v3_pred_4": 3.0994415283203125e-06,
    "predict_and_compile_model_5_multimer_v3_pred_4": 71.39174842834473,
    "relax_model_5_multimer_v3_pred_4": 19.007895469665527
}