seed,sample,ranking_score
1,0,0.8838193993613228
1,1,0.8794987906634223
1,2,0.8834029417040109
1,3,0.8888186712225578
1,4,0.8812223945991876
