seed,sample,ranking_score
1,0,0.7622358990314758
1,1,0.7599370168277778
1,2,0.7513197942871199
1,3,0.7639534657315642
1,4,0.7594624268023236
