{
    "features": 0.0051190853118896484,
    "process_features_model_1_multimer_v3_pred_0": 4.0531158447265625e-06,
    "predict_and_compile_model_1_multimer_v3_pred_0": 143.69451308250427,
    "relax_model_1_multimer_v3_pred_0": 16.987987756729126,
    "process_features_model_1_multimer_v3_pred_1": 2.6226043701171875e-06,
    "predict_and_compile_model_1_multimer_v3_pred_1": 37.137584924697876,
    "relax_model_1_multimer_v3_pred_1": 14.23622441291809,
    "process_features_model_1_multimer_v3_pred_2": 2.86102294921875e-06,
    "predict_and_compile_model_1_multimer_v3_pred_2": 27.913918018341064,
    "relax_model_1_multimer_v3_pred_2": 14.521034240722656,
    "process_features_model_1_multimer_v3_pred_3": 4.291534423828125e-06,
    "predict_and_compile_model_1_multimer_v3_pred_3": 28.85820484161377,
    "relax_model_1_multimer_v3_pred_3": 14.750101327896118,
    "process_features_model_1_multimer_v3_pred_4": 2.86102294921875e-06,
    "predict_and_compile_model_1_multimer_v3_pred_4": 41.79849863052368,
    "relax_model_1_multimer_v3_pred_4": 15.671601295471191,
    "process_features_model_2_multimer_v3_pred_0": 3.5762786865234375e-06,
    "predict_and_compile_model_2_multimer_v3_pred_0": 149.56294584274292,
    "relax_model_2_multimer_v3_pred_0": 14.46658730506897,
    "process_features_model_2_multimer_v3_pred_1": 3.337860107421875e-06,
    "predict_and_compile_model_2_multimer_v3_pred_1": 37.21675753593445,
    "relax_model_2_multimer_v3_pred_1": 14.456584930419922,
    "process_features_model_2_multimer_v3_pred_2": 2.86102294921875e-06,
    "predict_and_compile_model_2_multimer_v3_pred_2": 37.19269108772278,
    "relax_model_2_multimer_v3_pred_2": 14.959696769714355,
    "process_features_model_2_multimer_v3_pred_3": 2.384185791015625e-06,
    "predict_and_compile_model_2_multimer_v3_pred_3": 27.910906553268433,
    "relax_model_2_multimer_v3_pred_3": 15.697038412094116,
    "process_features_model_2_multimer_v3_pred_4": 2.86102294921875e-06,
    "predict_and_compile_model_2_multimer_v3_pred_4": 27.915071487426758,
    "relax_model_2_multimer_v3_pred_4": 14.78633713722229,
    "process_features_model_3_multimer_v3_pred_0": 2.6226043701171875e-06,
    "predict_and_compile_model_3_multimer_v3_pred_0": 151.33723139762878,
    "relax_model_3_multimer_v3_pred_0": 17.718212127685547,
    "process_features_model_3_multimer_v3_pred_1": 3.337860107421875e-06,
    "predict_and_compile_model_3_multimer_v3_pred_1": 37.146000385284424,
    "relax_model_3_multimer_v3_pred_1": 18.50760769844055,
    "process_features_model_3_multimer_v3_pred_2": 4.0531158447265625e-06,
    "predict_and_compile_model_3_multimer_v3_pred_2": 27.960257291793823,
    "relax_model_3_multimer_v3_pred_2": 16.26243543624878,
    "process_features_model_3_multimer_v3_pred_3": 3.337860107421875e-06,
    "predict_and_compile_model_3_multimer_v3_pred_3": 37.103073596954346,
    "relax_model_3_multimer_v3_pred_3": 17.50929832458496,
    "process_features_model_3_multimer_v3_pred_4": 2.6226043701171875e-06,
    "predict_and_compile_model_3_multimer_v3_pred_4": 37.23897862434387,
    "relax_model_3_multimer_v3_pred_4": 16.18436360359192,
    "process_features_model_4_multimer_v3_pred_0": 2.86102294921875e-06,
    "predict_and_compile_model_4_multimer_v3_pred_0": 173.9385907649994,
    "relax_model_4_multimer_v3_pred_0": 14.92676591873169,
    "process_features_model_4_multimer_v3_pred_1": 3.5762786865234375e-06,
    "predict_and_compile_model_4_multimer_v3_pred_1": 27.433427333831787,
    "relax_model_4_multimer_v3_pred_1": 14.861568212509155,
    "process_features_model_4_multimer_v3_pred_2": 3.0994415283203125e-06,
    "predict_and_compile_model_4_multimer_v3_pred_2": 36.50579762458801,
    "relax_model_4_multimer_v3_pred_2": 14.259659051895142,
    "process_features_model_4_multimer_v3_pred_3": 2.86102294921875e-06,
    "predict_and_compile_model_4_multimer_v3_pred_3": 36.912272214889526,
    "relax_model_4_multimer_v3_pred_3": 14.475863218307495,
    "process_features_model_4_multimer_v3_pred_4": 3.337860107421875e-06,
    "predict_and_compile_model_4_multimer_v3_pred_4": 72.65576457977295,
    "relax_model_4_multimer_v3_pred_4": 14.270128965377808,
    "process_features_model_5_multimer_v3_pred_0": 3.337860107421875e-06,
    "predict_and_compile_model_5_multimer_v3_pred_0": 156.98849892616272,
    "relax_model_5_multimer_v3_pred_0": 15.185605764389038,
    "process_features_model_5_multimer_v3_pred_1": 3.0994415283203125e-06,
    "predict_and_compile_model_5_multimer_v3_pred_1": 36.48323678970337,
    "relax_model_5_multimer_v3_pred_1": 14.98659634590149,
    "process_features_model_5_multimer_v3_pred_2": 3.0994415283203125e-06,
    "predict_and_compile_model_5_multimer_v3_pred_2": 31.94909429550171,
    "relax_model_5_multimer_v3_pred_2": 15.729336977005005,
    "process_features_model_5_multimer_v3_pred_3": 3.0994415283203125e-06,
    "predict_and_compile_model_5_multimer_v3_pred_3": 32.890904903411865,
    "relax_model_5_multimer_v3_pred_3": 39.434993505477905,
    "process_features_model_5_multimer_v3_pred_4": 3.0994415283203125e-06,
    "predict_and_compile_model_5_multimer_v3_pred_4": 31.986029148101807,
    "relax_model_5_multimer_v3_pred_4": 15.16686201095581
}