seed,sample,ranking_score
4,0,0.6648162079610469
4,1,0.6687746947177382
4,2,0.6990646817362873
4,3,0.6709553275993048
4,4,0.6626748561863165
