seed,sample,ranking_score
3,0,0.9358972545603155
3,1,0.9336349509480597
3,2,0.9194164353031835
3,3,0.9232835341050561
3,4,0.9264735087905676
