seed,sample,ranking_score
1,0,0.9266984543401207
1,1,0.9241366706650119
1,2,0.933648377103529
1,3,0.9143408399023848
1,4,0.9218262746736093
