seed,sample,ranking_score
1,0,0.9435605006956614
1,1,0.9479198120762363
1,2,0.9471525538162886
1,3,0.9450327716586538
1,4,0.94267949580209
