seed,sample,ranking_score
1,0,0.5694480419785977
1,1,0.5924359267488094
1,2,0.5654239037349786
1,3,0.5750848143059809
1,4,0.5698512593633485
