{
    "features": 0.12757444381713867,
    "process_features_model_1_multimer_v3_pred_0": 4.76837158203125e-06,
    "predict_and_compile_model_1_multimer_v3_pred_0": 619.0049924850464,
    "predict_benchmark_model_1_multimer_v3_pred_0": 468.00567626953125,
    "process_features_model_2_multimer_v3_pred_0": 3.5762786865234375e-06,
    "predict_and_compile_model_2_multimer_v3_pred_0": 609.4450490474701,
    "predict_benchmark_model_2_multimer_v3_pred_0": 468.68692088127136,
    "process_features_model_3_multimer_v3_pred_0": 4.5299530029296875e-06,
    "predict_and_compile_model_3_multimer_v3_pred_0": 615.0980904102325,
    "predict_benchmark_model_3_multimer_v3_pred_0": 467.9590926170349,
    "process_features_model_4_multimer_v3_pred_0": 3.5762786865234375e-06,
    "predict_and_compile_model_4_multimer_v3_pred_0": 606.4915773868561,
    "predict_benchmark_model_4_multimer_v3_pred_0": 456.86276292800903,
    "process_features_model_5_multimer_v3_pred_0": 4.0531158447265625e-06,
    "predict_and_compile_model_5_multimer_v3_pred_0": 602.3369953632355,
    "predict_benchmark_model_5_multimer_v3_pred_0": 457.3581118583679
}