seed,sample,ranking_score
1,0,0.8085114151399567
1,1,0.8054740522886181
1,2,0.8118094020308664
1,3,0.8083418809366971
1,4,0.8113970746553466
