seed,sample,ranking_score
1,0,0.32381505256861
1,1,0.5667678820717014
1,2,0.574053855460594
1,3,0.5665319324383351
1,4,0.5316496717411608
