seed,sample,ranking_score
1,0,0.4247309638969524
1,1,0.47761052773460977
1,2,0.4512147281034926
1,3,0.4489731902858892
1,4,0.45566525414054004
