seed,sample,ranking_score
1,0,0.49269212909480686
1,1,0.5027364266031118
1,2,0.5159460172888332
1,3,0.5108024288981567
1,4,0.5271489516588233
