seed,sample,ranking_score
3,0,0.9486935109431057
3,1,0.9597024822982037
3,2,0.9652230269057089
3,3,0.9535261433459832
3,4,0.9524408680365122
