seed,sample,ranking_score
1,0,0.8290437936440771
1,1,0.7880863153015131
1,2,0.786126192982697
1,3,0.7963815621309138
1,4,0.8043623375790014
