seed,sample,ranking_score
1,0,0.5711837332037676
1,1,0.5576768815918258
1,2,0.5680646745329381
1,3,0.5777284989479254
1,4,0.5693610024118614
