seed,sample,ranking_score
1,0,0.6206205044263908
1,1,0.6050319453459734
1,2,0.6180509437178511
1,3,0.6294774559248913
1,4,0.6326793169545187
