seed,sample,ranking_score
1,0,0.7900042687128475
1,1,0.8143785186284761
1,2,0.7848498717857164
1,3,0.7754136932459463
1,4,0.8131947223717473
