seed,sample,ranking_score
1,0,0.6400295683491226
1,1,0.6499512486385189
1,2,0.3850971061148725
1,3,0.6313684440971468
1,4,0.6441536216295756
