{
    "features": 0.01577019691467285,
    "process_features_model_1_multimer_v3_pred_0": 4.0531158447265625e-06,
    "predict_and_compile_model_1_multimer_v3_pred_0": 115.83850741386414,
    "predict_benchmark_model_1_multimer_v3_pred_0": 32.098302602767944,
    "process_features_model_2_multimer_v3_pred_0": 1.6689300537109375e-05,
    "predict_and_compile_model_2_multimer_v3_pred_0": 111.46463084220886,
    "predict_benchmark_model_2_multimer_v3_pred_0": 27.517521619796753,
    "process_features_model_3_multimer_v3_pred_0": 1.2874603271484375e-05,
    "predict_and_compile_model_3_multimer_v3_pred_0": 118.9956362247467,
    "predict_benchmark_model_3_multimer_v3_pred_0": 32.08791542053223,
    "process_features_model_4_multimer_v3_pred_0": 2.288818359375e-05,
    "predict_and_compile_model_4_multimer_v3_pred_0": 112.16497325897217,
    "predict_benchmark_model_4_multimer_v3_pred_0": 22.49633550643921,
    "process_features_model_5_multimer_v3_pred_0": 6.67572021484375e-06,
    "predict_and_compile_model_5_multimer_v3_pred_0": 125.840411901474,
    "predict_benchmark_model_5_multimer_v3_pred_0": 40.35412549972534
}