{
    "features": 0.00905299186706543,
    "process_features_model_1_multimer_v3_pred_0": 3.5762786865234375e-06,
    "predict_and_compile_model_1_multimer_v3_pred_0": 268.6816020011902,
    "relax_model_1_multimer_v3_pred_0": 63.91207408905029,
    "process_features_model_1_multimer_v3_pred_1": 2.86102294921875e-06,
    "predict_and_compile_model_1_multimer_v3_pred_1": 161.24893140792847,
    "relax_model_1_multimer_v3_pred_1": 42.636735677719116,
    "process_features_model_1_multimer_v3_pred_2": 3.0994415283203125e-06,
    "predict_and_compile_model_1_multimer_v3_pred_2": 225.48128747940063,
    "relax_model_1_multimer_v3_pred_2": 61.93447160720825,
    "process_features_model_1_multimer_v3_pred_3": 3.0994415283203125e-06,
    "predict_and_compile_model_1_multimer_v3_pred_3": 150.56982469558716,
    "relax_model_1_multimer_v3_pred_3": 67.8625853061676,
    "process_features_model_1_multimer_v3_pred_4": 4.76837158203125e-06,
    "predict_and_compile_model_1_multimer_v3_pred_4": 130.60605359077454,
    "relax_model_1_multimer_v3_pred_4": 74.31998777389526,
    "process_features_model_2_multimer_v3_pred_0": 3.337860107421875e-06,
    "predict_and_compile_model_2_multimer_v3_pred_0": 340.3996481895447,
    "relax_model_2_multimer_v3_pred_0": 63.45849919319153,
    "process_features_model_2_multimer_v3_pred_1": 4.76837158203125e-06,
    "predict_and_compile_model_2_multimer_v3_pred_1": 140.69920372962952,
    "relax_model_2_multimer_v3_pred_1": 63.99990510940552,
    "process_features_model_2_multimer_v3_pred_2": 2.6226043701171875e-06,
    "predict_and_compile_model_2_multimer_v3_pred_2": 182.78183364868164,
    "relax_model_2_multimer_v3_pred_2": 69.32541751861572,
    "process_features_model_2_multimer_v3_pred_3": 2.6226043701171875e-06,
    "predict_and_compile_model_2_multimer_v3_pred_3": 97.07080364227295,
    "relax_model_2_multimer_v3_pred_3": 65.67777895927429,
    "process_features_model_2_multimer_v3_pred_4": 3.0994415283203125e-06,
    "predict_and_compile_model_2_multimer_v3_pred_4": 118.38408255577087,
    "relax_model_2_multimer_v3_pred_4": 63.08703255653381,
    "process_features_model_3_multimer_v3_pred_0": 2.6226043701171875e-06,
    "predict_and_compile_model_3_multimer_v3_pred_0": 310.91675567626953,
    "relax_model_3_multimer_v3_pred_0": 65.35757827758789,
    "process_features_model_3_multimer_v3_pred_1": 3.5762786865234375e-06,
    "predict_and_compile_model_3_multimer_v3_pred_1": 204.2124264240265,
    "relax_model_3_multimer_v3_pred_1": 63.199076414108276,
    "process_features_model_3_multimer_v3_pred_2": 2.86102294921875e-06,
    "predict_and_compile_model_3_multimer_v3_pred_2": 161.24962854385376,
    "relax_model_3_multimer_v3_pred_2": 65.77846789360046,
    "process_features_model_3_multimer_v3_pred_3": 3.337860107421875e-06,
    "predict_and_compile_model_3_multimer_v3_pred_3": 161.05015635490417,
    "relax_model_3_multimer_v3_pred_3": 61.17971992492676,
    "process_features_model_3_multimer_v3_pred_4": 2.86102294921875e-06,
    "predict_and_compile_model_3_multimer_v3_pred_4": 225.49263191223145,
    "relax_model_3_multimer_v3_pred_4": 63.86789798736572,
    "process_features_model_4_multimer_v3_pred_0": 3.0994415283203125e-06,
    "predict_and_compile_model_4_multimer_v3_pred_0": 340.74081230163574,
    "relax_model_4_multimer_v3_pred_0": 35.15091300010681,
    "process_features_model_4_multimer_v3_pred_1": 3.0994415283203125e-06,
    "predict_and_compile_model_4_multimer_v3_pred_1": 158.44652152061462,
    "relax_model_4_multimer_v3_pred_1": 64.350022315979,
    "process_features_model_4_multimer_v3_pred_2": 3.0994415283203125e-06,
    "predict_and_compile_model_4_multimer_v3_pred_2": 221.28619122505188,
    "relax_model_4_multimer_v3_pred_2": 36.39641571044922,
    "process_features_model_4_multimer_v3_pred_3": 3.337860107421875e-06,
    "predict_and_compile_model_4_multimer_v3_pred_3": 221.6000792980194,
    "relax_model_4_multimer_v3_pred_3": 83.3625373840332,
    "process_features_model_4_multimer_v3_pred_4": 3.337860107421875e-06,
    "predict_and_compile_model_4_multimer_v3_pred_4": 222.77990865707397,
    "relax_model_4_multimer_v3_pred_4": 49.87945079803467,
    "process_features_model_5_multimer_v3_pred_0": 4.291534423828125e-06,
    "predict_and_compile_model_5_multimer_v3_pred_0": 336.59118151664734,
    "relax_model_5_multimer_v3_pred_0": 49.70507264137268,
    "process_features_model_5_multimer_v3_pred_1": 2.6226043701171875e-06,
    "predict_and_compile_model_5_multimer_v3_pred_1": 221.28895378112793,
    "relax_model_5_multimer_v3_pred_1": 35.194446325302124,
    "process_features_model_5_multimer_v3_pred_2": 4.76837158203125e-06,
    "predict_and_compile_model_5_multimer_v3_pred_2": 221.52146100997925,
    "relax_model_5_multimer_v3_pred_2": 63.52049684524536,
    "process_features_model_5_multimer_v3_pred_3": 3.337860107421875e-06,
    "predict_and_compile_model_5_multimer_v3_pred_3": 221.62040376663208,
    "relax_model_5_multimer_v3_pred_3": 48.51597476005554,
    "process_features_model_5_multimer_v3_pred_4": 2.86102294921875e-06,
    "predict_and_compile_model_5_multimer_v3_pred_4": 221.30956888198853,
    "relax_model_5_multimer_v3_pred_4": 62.87681317329407
}