seed,sample,ranking_score
1,0,0.6702936379915436
1,1,0.6864722565118033
1,2,0.6903312691303265
1,3,0.6772221580863488
1,4,0.6756078150129134
