seed,sample,ranking_score
1,0,0.4774985109930101
1,1,0.48138214081043695
1,2,0.4925800398082764
1,3,0.479744072922999
1,4,0.48490792403353367
