seed,sample,ranking_score
1,0,0.6690796329718063
1,1,0.6075393657565967
1,2,0.6876747112747428
1,3,0.6615247545148956
1,4,0.6491130110462797
