seed,sample,ranking_score
1,0,0.5843166861421069
1,1,0.606838953453248
1,2,0.5863713453200591
1,3,0.5829954141514302
1,4,0.5981318348621713
