{
    "features": 0.1507863998413086,
    "process_features_model_1_multimer_v3_pred_0": 4.5299530029296875e-06,
    "predict_and_compile_model_1_multimer_v3_pred_0": 402.5511441230774,
    "predict_benchmark_model_1_multimer_v3_pred_0": 288.4383203983307,
    "process_features_model_2_multimer_v3_pred_0": 4.0531158447265625e-06,
    "predict_and_compile_model_2_multimer_v3_pred_0": 398.0074236392975,
    "predict_benchmark_model_2_multimer_v3_pred_0": 288.74743580818176,
    "process_features_model_3_multimer_v3_pred_0": 3.337860107421875e-06,
    "predict_and_compile_model_3_multimer_v3_pred_0": 399.3279113769531,
    "predict_benchmark_model_3_multimer_v3_pred_0": 288.6185314655304,
    "process_features_model_4_multimer_v3_pred_0": 3.814697265625e-06,
    "predict_and_compile_model_4_multimer_v3_pred_0": 395.2003104686737,
    "predict_benchmark_model_4_multimer_v3_pred_0": 280.63957142829895,
    "process_features_model_5_multimer_v3_pred_0": 5.0067901611328125e-06,
    "predict_and_compile_model_5_multimer_v3_pred_0": 392.24734020233154,
    "predict_benchmark_model_5_multimer_v3_pred_0": 280.5807316303253
}