seed,sample,ranking_score
2,0,0.5560715269434957
2,1,0.5420156315270237
2,2,0.6272988557565329
2,3,0.5466555634736004
2,4,0.6245223330796716
