seed,sample,ranking_score
1,0,0.6005417267145359
1,1,0.6227904290028581
1,2,0.5938929808424187
1,3,0.6326104722724373
1,4,0.5997362729068119
