seed,sample,ranking_score
1,0,0.6367199924462508
1,1,0.6135759438003715
1,2,0.6206188916420324
1,3,0.630057268622471
1,4,0.6089434994469598
