seed,sample,ranking_score
1,0,0.5708740977810987
1,1,0.5326728963930093
1,2,0.5584778761053835
1,3,0.5586709237124996
1,4,0.497121140084805
