seed,sample,ranking_score
1,0,0.7732716398697735
1,1,0.7792987857045455
1,2,0.7787743996502056
1,3,0.779441949991632
1,4,0.7778113107308118
