seed,sample,ranking_score
2,0,0.9390355758249026
2,1,0.9183055507745881
2,2,0.9356532256473332
2,3,0.9338471647832909
2,4,0.9163416722836519
