seed,sample,ranking_score
1,0,0.5081627389469985
1,1,0.464250904492465
1,2,0.49869004160813557
1,3,0.4967326704293472
1,4,0.4231145250323287
