seed,sample,ranking_score
1,0,0.3129664943622095
1,1,0.3211164748060351
1,2,0.3201253149365856
1,3,0.31883679866896547
1,4,0.31627080059746493
