{
    "features": 0.01576542854309082,
    "process_features_model_1_multimer_v3_pred_0": 2.6226043701171875e-06,
    "predict_and_compile_model_1_multimer_v3_pred_0": 197.3644256591797,
    "predict_benchmark_model_1_multimer_v3_pred_0": 108.16584706306458,
    "process_features_model_2_multimer_v3_pred_0": 5.936622619628906e-05,
    "predict_and_compile_model_2_multimer_v3_pred_0": 133.8545777797699,
    "predict_benchmark_model_2_multimer_v3_pred_0": 46.38609552383423,
    "process_features_model_3_multimer_v3_pred_0": 1.2636184692382812e-05,
    "predict_and_compile_model_3_multimer_v3_pred_0": 196.55057525634766,
    "predict_benchmark_model_3_multimer_v3_pred_0": 108.08907318115234,
    "process_features_model_4_multimer_v3_pred_0": 3.218650817871094e-05,
    "predict_and_compile_model_4_multimer_v3_pred_0": 193.54284262657166,
    "predict_benchmark_model_4_multimer_v3_pred_0": 106.23435759544373,
    "process_features_model_5_multimer_v3_pred_0": 4.6253204345703125e-05,
    "predict_and_compile_model_5_multimer_v3_pred_0": 122.43330526351929,
    "predict_benchmark_model_5_multimer_v3_pred_0": 35.4711389541626
}