seed,sample,ranking_score
1,0,0.8016811327216201
1,1,0.8020495675436464
1,2,0.769669676269984
1,3,0.8007040208549859
1,4,0.8157493259500092
