seed,sample,ranking_score
1,0,0.4078043894708588
1,1,0.4071627014996221
1,2,0.4051864437303305
1,3,0.4496086753701135
1,4,0.413860155119264
