seed,sample,ranking_score
1,0,0.5335536509339056
1,1,0.5217338926532946
1,2,0.4578881694948538
1,3,0.4617956375135071
1,4,0.43528100197670294
