seed,sample,ranking_score
1,0,0.2940137385421478
1,1,0.2849355953789484
1,2,0.31804117253586955
1,3,0.2880796601005481
1,4,0.27767092668894444
