seed,sample,ranking_score
1,0,0.6619532494354037
1,1,0.6543481625428835
1,2,0.6607844933308181
1,3,0.66982193322383
1,4,0.6522497443892357
