seed,sample,ranking_score
1,0,0.4854257202858471
1,1,0.5139587194095568
1,2,0.5176417085307757
1,3,0.5157837255597774
1,4,0.5080497487853828
