seed,sample,ranking_score
1,0,0.5300821149989389
1,1,0.5109901895141413
1,2,0.39009018937701445
1,3,0.5090029871132987
1,4,0.45648319167998386
