seed,sample,ranking_score
1,0,0.7124611730836188
1,1,0.6987070561749602
1,2,0.7160774319638619
1,3,0.7448984572059174
1,4,0.7128825510910353
