seed,sample,ranking_score
1,0,0.5913283697006055
1,1,0.5899972352880991
1,2,0.6013924045634743
1,3,0.5898657997959503
1,4,0.5902210163113784
