seed,sample,ranking_score
1,0,0.33403825232827816
1,1,0.4103985769057388
1,2,0.3894429154978357
1,3,0.32234829665282505
1,4,0.3446312952658329
