{
    "features": 0.00649261474609375,
    "process_features_model_1_multimer_v3_pred_0": 3.5762786865234375e-06,
    "predict_and_compile_model_1_multimer_v3_pred_0": 213.93867993354797,
    "relax_model_1_multimer_v3_pred_0": 20.875343561172485,
    "process_features_model_1_multimer_v3_pred_1": 3.5762786865234375e-06,
    "predict_and_compile_model_1_multimer_v3_pred_1": 72.0960340499878,
    "relax_model_1_multimer_v3_pred_1": 18.301663160324097,
    "process_features_model_1_multimer_v3_pred_2": 2.384185791015625e-06,
    "predict_and_compile_model_1_multimer_v3_pred_2": 125.99105620384216,
    "relax_model_1_multimer_v3_pred_2": 18.55606961250305,
    "process_features_model_1_multimer_v3_pred_3": 3.0994415283203125e-06,
    "predict_and_compile_model_1_multimer_v3_pred_3": 78.25513219833374,
    "relax_model_1_multimer_v3_pred_3": 18.091166257858276,
    "process_features_model_1_multimer_v3_pred_4": 3.814697265625e-06,
    "predict_and_compile_model_1_multimer_v3_pred_4": 84.19325876235962,
    "relax_model_1_multimer_v3_pred_4": 18.109764575958252,
    "process_features_model_2_multimer_v3_pred_0": 3.337860107421875e-06,
    "predict_and_compile_model_2_multimer_v3_pred_0": 240.91290950775146,
    "relax_model_2_multimer_v3_pred_0": 18.38768172264099,
    "process_features_model_2_multimer_v3_pred_1": 2.86102294921875e-06,
    "predict_and_compile_model_2_multimer_v3_pred_1": 48.32985019683838,
    "relax_model_2_multimer_v3_pred_1": 25.454015016555786,
    "process_features_model_2_multimer_v3_pred_2": 3.5762786865234375e-06,
    "predict_and_compile_model_2_multimer_v3_pred_2": 42.26867985725403,
    "relax_model_2_multimer_v3_pred_2": 19.40078353881836,
    "process_features_model_2_multimer_v3_pred_3": 2.6226043701171875e-06,
    "predict_and_compile_model_2_multimer_v3_pred_3": 54.339834690093994,
    "relax_model_2_multimer_v3_pred_3": 18.30071520805359,
    "process_features_model_2_multimer_v3_pred_4": 3.0994415283203125e-06,
    "predict_and_compile_model_2_multimer_v3_pred_4": 42.281062841415405,
    "relax_model_2_multimer_v3_pred_4": 18.385583877563477,
    "process_features_model_3_multimer_v3_pred_0": 2.86102294921875e-06,
    "predict_and_compile_model_3_multimer_v3_pred_0": 166.07924485206604,
    "relax_model_3_multimer_v3_pred_0": 18.85244345664978,
    "process_features_model_3_multimer_v3_pred_1": 3.0994415283203125e-06,
    "predict_and_compile_model_3_multimer_v3_pred_1": 48.54275107383728,
    "relax_model_3_multimer_v3_pred_1": 18.698546409606934,
    "process_features_model_3_multimer_v3_pred_2": 3.0994415283203125e-06,
    "predict_and_compile_model_3_multimer_v3_pred_2": 42.375718116760254,
    "relax_model_3_multimer_v3_pred_2": 20.52903175354004,
    "process_features_model_3_multimer_v3_pred_3": 2.6226043701171875e-06,
    "predict_and_compile_model_3_multimer_v3_pred_3": 48.29337430000305,
    "relax_model_3_multimer_v3_pred_3": 18.311344385147095,
    "process_features_model_3_multimer_v3_pred_4": 2.384185791015625e-06,
    "predict_and_compile_model_3_multimer_v3_pred_4": 60.25363850593567,
    "relax_model_3_multimer_v3_pred_4": 18.465644121170044,
    "process_features_model_4_multimer_v3_pred_0": 2.86102294921875e-06,
    "predict_and_compile_model_4_multimer_v3_pred_0": 208.0610282421112,
    "relax_model_4_multimer_v3_pred_0": 18.85064435005188,
    "process_features_model_4_multimer_v3_pred_1": 2.6226043701171875e-06,
    "predict_and_compile_model_4_multimer_v3_pred_1": 64.65393495559692,
    "relax_model_4_multimer_v3_pred_1": 19.65592384338379,
    "process_features_model_4_multimer_v3_pred_2": 2.86102294921875e-06,
    "predict_and_compile_model_4_multimer_v3_pred_2": 76.15265202522278,
    "relax_model_4_multimer_v3_pred_2": 18.585668325424194,
    "process_features_model_4_multimer_v3_pred_3": 2.384185791015625e-06,
    "predict_and_compile_model_4_multimer_v3_pred_3": 64.66930508613586,
    "relax_model_4_multimer_v3_pred_3": 18.922826766967773,
    "process_features_model_4_multimer_v3_pred_4": 2.384185791015625e-06,
    "predict_and_compile_model_4_multimer_v3_pred_4": 105.51233458518982,
    "relax_model_4_multimer_v3_pred_4": 18.44501233100891,
    "process_features_model_5_multimer_v3_pred_0": 2.86102294921875e-06,
    "predict_and_compile_model_5_multimer_v3_pred_0": 228.1232213973999,
    "relax_model_5_multimer_v3_pred_0": 19.665645122528076,
    "process_features_model_5_multimer_v3_pred_1": 2.86102294921875e-06,
    "predict_and_compile_model_5_multimer_v3_pred_1": 70.49043846130371,
    "relax_model_5_multimer_v3_pred_1": 19.410494089126587,
    "process_features_model_5_multimer_v3_pred_2": 2.1457672119140625e-06,
    "predict_and_compile_model_5_multimer_v3_pred_2": 122.87826204299927,
    "relax_model_5_multimer_v3_pred_2": 19.728424310684204,
    "process_features_model_5_multimer_v3_pred_3": 3.337860107421875e-06,
    "predict_and_compile_model_5_multimer_v3_pred_3": 122.931556224823,
    "relax_model_5_multimer_v3_pred_3": 18.30316662788391,
    "process_features_model_5_multimer_v3_pred_4": 3.337860107421875e-06,
    "predict_and_compile_model_5_multimer_v3_pred_4": 99.53456521034241,
    "relax_model_5_multimer_v3_pred_4": 21.339584827423096
}