seed,sample,ranking_score
1,0,0.5623823094164504
1,1,0.5576028613212464
1,2,0.5698220887733444
1,3,0.5394562608645725
1,4,0.5428193893587261
