seed,sample,ranking_score
1,0,0.6219367770888061
1,1,0.6223680545646066
1,2,0.6243034996666048
1,3,0.6125369268899987
1,4,0.6197121948292782
