seed,sample,ranking_score
5,0,0.8232131369271902
5,1,0.7880462051093855
5,2,0.7929411523129924
5,3,0.7089505561870663
5,4,0.7860361025397755
