seed,sample,ranking_score
5,0,0.8857530261957677
5,1,0.8951988483667639
5,2,0.8961284200653894
5,3,0.8885166815693029
5,4,0.8944518767362312
