seed,sample,ranking_score
1,0,0.9501903117284277
1,1,0.9538616887297441
1,2,0.951498857138177
1,3,0.9392702385968255
1,4,0.9450815523308161
