{
    "features": 3.2127113342285156,
    "process_features_model_1_multimer_v3_pred_0": 5.7220458984375e-06,
    "predict_and_compile_model_1_multimer_v3_pred_0": 223.06599974632263,
    "predict_benchmark_model_1_multimer_v3_pred_0": 138.86762499809265,
    "process_features_model_2_multimer_v3_pred_0": 1.8358230590820312e-05,
    "predict_and_compile_model_2_multimer_v3_pred_0": 223.0196521282196,
    "predict_benchmark_model_2_multimer_v3_pred_0": 139.2065920829773,
    "process_features_model_3_multimer_v3_pred_0": 1.0251998901367188e-05,
    "predict_and_compile_model_3_multimer_v3_pred_0": 222.1308240890503,
    "predict_benchmark_model_3_multimer_v3_pred_0": 138.83556532859802,
    "process_features_model_4_multimer_v3_pred_0": 2.6941299438476562e-05,
    "predict_and_compile_model_4_multimer_v3_pred_0": 220.44713759422302,
    "predict_benchmark_model_4_multimer_v3_pred_0": 135.2241997718811,
    "process_features_model_5_multimer_v3_pred_0": 1.0728836059570312e-05,
    "predict_and_compile_model_5_multimer_v3_pred_0": 217.34344053268433,
    "predict_benchmark_model_5_multimer_v3_pred_0": 135.37726259231567
}