seed,sample,ranking_score
1,0,0.9742801633789104
1,1,0.9670138941339053
1,2,0.9677338497990006
1,3,0.968810837350688
1,4,0.9676454552814793
