seed,sample,ranking_score
1,0,0.4424317150330309
1,1,0.4562501140369801
1,2,0.471946393361679
1,3,0.42841458952782707
1,4,0.4561143702345857
