seed,sample,ranking_score
1,0,0.6609667648728034
1,1,0.6830178225490302
1,2,0.6981414887674082
1,3,0.6798549726749035
1,4,0.721023489087189
