seed,sample,ranking_score
1,0,0.2682671979948158
1,1,0.31725838046841476
1,2,0.2980279415777939
1,3,0.2835999569607638
1,4,0.2676366239566019
