seed,sample,ranking_score
1,0,0.9678103650276095
1,1,0.955868897160331
1,2,0.9603599903065746
1,3,0.9513882880221991
1,4,0.9559993850318587
