seed,sample,ranking_score
1,0,0.6557728869647184
1,1,0.6868466199796105
1,2,0.6674883053633738
1,3,0.6683211788497257
1,4,0.6772924710163024
