seed,sample,ranking_score
1,0,0.4862019181704193
1,1,0.5175455706587877
1,2,0.4798234587857763
1,3,0.49169379349911085
1,4,0.4946937307787735
