seed,sample,ranking_score
1,0,0.5513137179094366
1,1,0.5666405932684458
1,2,0.5535783711190526
1,3,0.5510885378891004
1,4,0.5679856842727787
