seed,sample,ranking_score
1,0,0.3247553610437526
1,1,0.4158715472968442
1,2,0.40984289836135446
1,3,0.42414345323450287
1,4,0.4118646843074227
