seed,sample,ranking_score
1,0,0.6592736867028507
1,1,0.6544810193054069
1,2,0.6656540448310748
1,3,0.665706414219097
1,4,0.6763543158537819
