seed,sample,ranking_score
3,0,0.9370399572008918
3,1,0.9209978770161429
3,2,0.9301040244532888
3,3,0.921644853506471
3,4,0.9093889455451891
