seed,sample,ranking_score
1,0,0.8390073125072965
1,1,0.8465384323748482
1,2,0.8328523091936224
1,3,0.8394885657570507
1,4,0.8407714382851911
