{
    "features": 0.031762123107910156,
    "process_features_model_1_multimer_v3_pred_0": 3.0994415283203125e-06,
    "predict_and_compile_model_1_multimer_v3_pred_0": 153.18109798431396,
    "predict_benchmark_model_1_multimer_v3_pred_0": 67.27017116546631,
    "process_features_model_2_multimer_v3_pred_0": 8.58306884765625e-06,
    "predict_and_compile_model_2_multimer_v3_pred_0": 134.53172087669373,
    "predict_benchmark_model_2_multimer_v3_pred_0": 50.436896085739136,
    "process_features_model_3_multimer_v3_pred_0": 1.5497207641601562e-05,
    "predict_and_compile_model_3_multimer_v3_pred_0": 139.55209302902222,
    "predict_benchmark_model_3_multimer_v3_pred_0": 56.13446593284607,
    "process_features_model_4_multimer_v3_pred_0": 5.9604644775390625e-06,
    "predict_and_compile_model_4_multimer_v3_pred_0": 174.85048174858093,
    "predict_benchmark_model_4_multimer_v3_pred_0": 93.39498853683472,
    "process_features_model_5_multimer_v3_pred_0": 1.3589859008789062e-05,
    "predict_and_compile_model_5_multimer_v3_pred_0": 197.4984576702118,
    "predict_benchmark_model_5_multimer_v3_pred_0": 115.39473223686218
}