{
    "features": 0.10399651527404785,
    "process_features_model_1_multimer_v3_pred_0": 4.291534423828125e-06,
    "predict_and_compile_model_1_multimer_v3_pred_0": 292.61732053756714,
    "predict_benchmark_model_1_multimer_v3_pred_0": 175.68124985694885,
    "process_features_model_2_multimer_v3_pred_0": 3.814697265625e-06,
    "predict_and_compile_model_2_multimer_v3_pred_0": 289.10956954956055,
    "predict_benchmark_model_2_multimer_v3_pred_0": 175.63837432861328,
    "process_features_model_3_multimer_v3_pred_0": 4.291534423828125e-06,
    "predict_and_compile_model_3_multimer_v3_pred_0": 290.97933316230774,
    "predict_benchmark_model_3_multimer_v3_pred_0": 175.40422368049622,
    "process_features_model_4_multimer_v3_pred_0": 3.814697265625e-06,
    "predict_and_compile_model_4_multimer_v3_pred_0": 290.14818716049194,
    "predict_benchmark_model_4_multimer_v3_pred_0": 172.05201959609985,
    "process_features_model_5_multimer_v3_pred_0": 3.814697265625e-06,
    "predict_and_compile_model_5_multimer_v3_pred_0": 288.06700348854065,
    "predict_benchmark_model_5_multimer_v3_pred_0": 172.05597448349
}