{
    "features": 0.34099888801574707,
    "process_features_model_1_multimer_v3_pred_0": 4.5299530029296875e-06,
    "predict_and_compile_model_1_multimer_v3_pred_0": 509.0723330974579,
    "predict_benchmark_model_1_multimer_v3_pred_0": 395.25400042533875,
    "process_features_model_2_multimer_v3_pred_0": 3.0994415283203125e-06,
    "predict_and_compile_model_2_multimer_v3_pred_0": 501.6183316707611,
    "predict_benchmark_model_2_multimer_v3_pred_0": 395.9135866165161,
    "process_features_model_3_multimer_v3_pred_0": 3.5762786865234375e-06,
    "predict_and_compile_model_3_multimer_v3_pred_0": 502.9989986419678,
    "predict_benchmark_model_3_multimer_v3_pred_0": 394.9587469100952,
    "process_features_model_4_multimer_v3_pred_0": 3.5762786865234375e-06,
    "predict_and_compile_model_4_multimer_v3_pred_0": 499.2031331062317,
    "predict_benchmark_model_4_multimer_v3_pred_0": 386.2070746421814,
    "process_features_model_5_multimer_v3_pred_0": 3.814697265625e-06,
    "predict_and_compile_model_5_multimer_v3_pred_0": 495.72405767440796,
    "predict_benchmark_model_5_multimer_v3_pred_0": 388.25117468833923
}