seed,sample,ranking_score
1,0,0.501727538557542
1,1,0.5113656411758054
1,2,0.5210285219514187
1,3,0.49063241812976266
1,4,0.5150742430071631
