seed,sample,ranking_score
1,0,0.9010138874699252
1,1,0.8918385934837139
1,2,0.8916483841161871
1,3,0.9018824012258109
1,4,0.8907152342288419
