seed,sample,ranking_score
1,0,0.348359930052943
1,1,0.5572712321470819
1,2,0.5331684876038842
1,3,0.5262402188642213
1,4,0.5408904830537354
