seed,sample,ranking_score
1,0,0.8500677582068811
1,1,0.8533489698250812
1,2,0.8565091154264651
1,3,0.8531403803905198
1,4,0.8529302557765991
