{
    "features": 0.14401602745056152,
    "process_features_model_1_multimer_v3_pred_0": 5.7220458984375e-06,
    "predict_and_compile_model_1_multimer_v3_pred_0": 1363.3108055591583,
    "predict_benchmark_model_1_multimer_v3_pred_0": 1203.950933456421,
    "process_features_model_2_multimer_v3_pred_0": 4.76837158203125e-06,
    "predict_and_compile_model_2_multimer_v3_pred_0": 1346.786304473877,
    "predict_benchmark_model_2_multimer_v3_pred_0": 1203.5754089355469,
    "process_features_model_3_multimer_v3_pred_0": 4.76837158203125e-06,
    "predict_and_compile_model_3_multimer_v3_pred_0": 1350.8860576152802,
    "predict_benchmark_model_3_multimer_v3_pred_0": 1208.5999054908752,
    "process_features_model_4_multimer_v3_pred_0": 5.245208740234375e-06,
    "predict_and_compile_model_4_multimer_v3_pred_0": 1335.7407321929932,
    "predict_benchmark_model_4_multimer_v3_pred_0": 1179.9987943172455,
    "process_features_model_5_multimer_v3_pred_0": 4.5299530029296875e-06,
    "predict_and_compile_model_5_multimer_v3_pred_0": 1326.868893623352,
    "predict_benchmark_model_5_multimer_v3_pred_0": 1177.0948429107666
}