seed,sample,ranking_score
1,0,0.6764625862477067
1,1,0.6621959781030045
1,2,0.6645343852335265
1,3,0.6110963361055541
1,4,0.6181009258720143
