seed,sample,ranking_score
1,0,0.43330827915276804
1,1,0.4355792590960911
1,2,0.4123510233952177
1,3,0.42630243608352036
1,4,0.4370754086817559
