seed,sample,ranking_score
1,0,0.8597577225880841
1,1,0.816844718612681
1,2,0.8352256932422448
1,3,0.8095638095678637
1,4,0.8092826318617915
