{
    "iptm+ptm": {
        "model_1_multimer_v3_pred_0": 0.74907208212819,
        "model_1_multimer_v3_pred_1": 0.7532938406399967,
        "model_1_multimer_v3_pred_2": 0.7476731557151362,
        "model_1_multimer_v3_pred_3": 0.7311834483865121,
        "model_1_multimer_v3_pred_4": 0.7520340202369087,
        "model_2_multimer_v3_pred_0": 0.7304649939891318,
        "model_2_multimer_v3_pred_1": 0.7611214665885169,
        "model_2_multimer_v3_pred_2": 0.7561626001875557,
        "model_2_multimer_v3_pred_3": 0.7348959053331239,
        "model_2_multimer_v3_pred_4": 0.7316297908785736,
        "model_3_multimer_v3_pred_0": 0.7506932321058207,
        "model_3_multimer_v3_pred_1": 0.7297035617452465,
        "model_3_multimer_v3_pred_2": 0.7431398072171991,
        "model_3_multimer_v3_pred_3": 0.733813851863242,
        "model_3_multimer_v3_pred_4": 0.7260154013227178,
        "model_4_multimer_v3_pred_0": 0.7338923164260727,
        "model_4_multimer_v3_pred_1": 0.721098443950181,
        "model_4_multimer_v3_pred_2": 0.7582045832474803,
        "model_4_multimer_v3_pred_3": 0.7434907834925812,
        "model_4_multimer_v3_pred_4": 0.7386292552313269,
        "model_5_multimer_v3_pred_0": 0.7582145677782962,
        "model_5_multimer_v3_pred_1": 0.7083499237873047,
        "model_5_multimer_v3_pred_2": 0.7443648419780615,
        "model_5_multimer_v3_pred_3": 0.746023316683108,
        "model_5_multimer_v3_pred_4": 0.7588318262747656
    },
    "order": [
        "model_2_multimer_v3_pred_1",
        "model_5_multimer_v3_pred_4",
        "model_5_multimer_v3_pred_0",
        "model_4_multimer_v3_pred_2",
        "model_2_multimer_v3_pred_2",
        "model_1_multimer_v3_pred_1",
        "model_1_multimer_v3_pred_4",
        "model_3_multimer_v3_pred_0",
        "model_1_multimer_v3_pred_0",
        "model_1_multimer_v3_pred_2",
        "model_5_multimer_v3_pred_3",
        "model_5_multimer_v3_pred_2",
        "model_4_multimer_v3_pred_3",
        "model_3_multimer_v3_pred_2",
        "model_4_multimer_v3_pred_4",
        "model_2_multimer_v3_pred_3",
        "model_4_multimer_v3_pred_0",
        "model_3_multimer_v3_pred_3",
        "model_2_multimer_v3_pred_4",
        "model_1_multimer_v3_pred_3",
        "model_2_multimer_v3_pred_0",
        "model_3_multimer_v3_pred_1",
        "model_3_multimer_v3_pred_4",
        "model_4_multimer_v3_pred_1",
        "model_5_multimer_v3_pred_1"
    ]
}