seed,sample,ranking_score
1,0,0.6906110585292624
1,1,0.7044829700972907
1,2,0.7145906384176927
1,3,0.7362582840684304
1,4,0.7173326821720333
