seed,sample,ranking_score
1,0,0.49449959062248694
1,1,0.4886976124386306
1,2,0.46764308391162707
1,3,0.5150088055647356
1,4,0.5096544948526198
