seed,sample,ranking_score
3,0,0.700146600236528
3,1,0.7128864700184914
3,2,0.6651062660725292
3,3,0.7023917784852368
3,4,0.7084554406843016
