seed,sample,ranking_score
1,0,0.6229442285948973
1,1,0.6316003433857184
1,2,0.630152214612623
1,3,0.6271720837270467
1,4,0.6291012666244629
