seed,sample,ranking_score
1,0,0.9324314568651273
1,1,0.9352869782632145
1,2,0.9397518959681505
1,3,0.9276466411170196
1,4,0.9426149919405561
