seed,sample,ranking_score
1,0,0.5774420065433835
1,1,0.5609866529147205
1,2,0.5665907758934754
1,3,0.5630506027347183
1,4,0.557992163216824
