{
    "features": 0.006455421447753906,
    "process_features_model_1_multimer_v3_pred_0": 3.337860107421875e-06,
    "predict_and_compile_model_1_multimer_v3_pred_0": 158.2444760799408,
    "relax_model_1_multimer_v3_pred_0": 20.126543283462524,
    "process_features_model_1_multimer_v3_pred_1": 2.86102294921875e-06,
    "predict_and_compile_model_1_multimer_v3_pred_1": 64.56998109817505,
    "relax_model_1_multimer_v3_pred_1": 18.973989248275757,
    "process_features_model_1_multimer_v3_pred_2": 2.384185791015625e-06,
    "predict_and_compile_model_1_multimer_v3_pred_2": 59.61682677268982,
    "relax_model_1_multimer_v3_pred_2": 18.32596755027771,
    "process_features_model_1_multimer_v3_pred_3": 4.5299530029296875e-06,
    "predict_and_compile_model_1_multimer_v3_pred_3": 44.8183650970459,
    "relax_model_1_multimer_v3_pred_3": 17.532208681106567,
    "process_features_model_1_multimer_v3_pred_4": 2.6226043701171875e-06,
    "predict_and_compile_model_1_multimer_v3_pred_4": 39.86288857460022,
    "relax_model_1_multimer_v3_pred_4": 18.567561388015747,
    "process_features_model_2_multimer_v3_pred_0": 3.0994415283203125e-06,
    "predict_and_compile_model_2_multimer_v3_pred_0": 218.0228590965271,
    "relax_model_2_multimer_v3_pred_0": 17.775294303894043,
    "process_features_model_2_multimer_v3_pred_1": 2.6226043701171875e-06,
    "predict_and_compile_model_2_multimer_v3_pred_1": 64.521315574646,
    "relax_model_2_multimer_v3_pred_1": 18.0197012424469,
    "process_features_model_2_multimer_v3_pred_2": 3.0994415283203125e-06,
    "predict_and_compile_model_2_multimer_v3_pred_2": 20.127822637557983,
    "relax_model_2_multimer_v3_pred_2": 18.73981213569641,
    "process_features_model_2_multimer_v3_pred_3": 2.6226043701171875e-06,
    "predict_and_compile_model_2_multimer_v3_pred_3": 35.015779972076416,
    "relax_model_2_multimer_v3_pred_3": 18.157845973968506,
    "process_features_model_2_multimer_v3_pred_4": 2.6226043701171875e-06,
    "predict_and_compile_model_2_multimer_v3_pred_4": 55.08787488937378,
    "relax_model_2_multimer_v3_pred_4": 18.568230152130127,
    "process_features_model_3_multimer_v3_pred_0": 2.384185791015625e-06,
    "predict_and_compile_model_3_multimer_v3_pred_0": 160.89235424995422,
    "relax_model_3_multimer_v3_pred_0": 18.40377902984619,
    "process_features_model_3_multimer_v3_pred_1": 2.6226043701171875e-06,
    "predict_and_compile_model_3_multimer_v3_pred_1": 54.741071701049805,
    "relax_model_3_multimer_v3_pred_1": 18.653769969940186,
    "process_features_model_3_multimer_v3_pred_2": 2.6226043701171875e-06,
    "predict_and_compile_model_3_multimer_v3_pred_2": 34.97462749481201,
    "relax_model_3_multimer_v3_pred_2": 17.662155866622925,
    "process_features_model_3_multimer_v3_pred_3": 2.86102294921875e-06,
    "predict_and_compile_model_3_multimer_v3_pred_3": 55.043954849243164,
    "relax_model_3_multimer_v3_pred_3": 32.279640436172485,
    "process_features_model_3_multimer_v3_pred_4": 3.814697265625e-06,
    "predict_and_compile_model_3_multimer_v3_pred_4": 44.7771430015564,
    "relax_model_3_multimer_v3_pred_4": 19.149691104888916,
    "process_features_model_4_multimer_v3_pred_0": 2.86102294921875e-06,
    "predict_and_compile_model_4_multimer_v3_pred_0": 193.50803327560425,
    "relax_model_4_multimer_v3_pred_0": 17.72506284713745,
    "process_features_model_4_multimer_v3_pred_1": 2.384185791015625e-06,
    "predict_and_compile_model_4_multimer_v3_pred_1": 53.75258684158325,
    "relax_model_4_multimer_v3_pred_1": 19.298195123672485,
    "process_features_model_4_multimer_v3_pred_2": 2.86102294921875e-06,
    "predict_and_compile_model_4_multimer_v3_pred_2": 29.654653310775757,
    "relax_model_4_multimer_v3_pred_2": 19.617324352264404,
    "process_features_model_4_multimer_v3_pred_3": 2.86102294921875e-06,
    "predict_and_compile_model_4_multimer_v3_pred_3": 43.74336767196655,
    "relax_model_4_multimer_v3_pred_3": 18.726486682891846,
    "process_features_model_4_multimer_v3_pred_4": 2.86102294921875e-06,
    "predict_and_compile_model_4_multimer_v3_pred_4": 58.282445192337036,
    "relax_model_4_multimer_v3_pred_4": 18.207270860671997,
    "process_features_model_5_multimer_v3_pred_0": 3.337860107421875e-06,
    "predict_and_compile_model_5_multimer_v3_pred_0": 157.00589871406555,
    "relax_model_5_multimer_v3_pred_0": 17.989332675933838,
    "process_features_model_5_multimer_v3_pred_1": 4.0531158447265625e-06,
    "predict_and_compile_model_5_multimer_v3_pred_1": 38.98053288459778,
    "relax_model_5_multimer_v3_pred_1": 19.556479930877686,
    "process_features_model_5_multimer_v3_pred_2": 2.384185791015625e-06,
    "predict_and_compile_model_5_multimer_v3_pred_2": 48.63733267784119,
    "relax_model_5_multimer_v3_pred_2": 17.884894371032715,
    "process_features_model_5_multimer_v3_pred_3": 3.0994415283203125e-06,
    "predict_and_compile_model_5_multimer_v3_pred_3": 58.36732769012451,
    "relax_model_5_multimer_v3_pred_3": 17.60835886001587,
    "process_features_model_5_multimer_v3_pred_4": 3.0994415283203125e-06,
    "predict_and_compile_model_5_multimer_v3_pred_4": 48.59622406959534,
    "relax_model_5_multimer_v3_pred_4": 18.26329255104065
}