{
    "features": 0.27429842948913574,
    "process_features_model_1_multimer_v3_pred_0": 4.5299530029296875e-06,
    "predict_and_compile_model_1_multimer_v3_pred_0": 1466.6386466026306,
    "predict_benchmark_model_1_multimer_v3_pred_0": 1327.5365056991577,
    "process_features_model_2_multimer_v3_pred_0": 3.814697265625e-06,
    "predict_and_compile_model_2_multimer_v3_pred_0": 1449.0498230457306,
    "predict_benchmark_model_2_multimer_v3_pred_0": 1327.9524137973785,
    "process_features_model_3_multimer_v3_pred_0": 1.1444091796875e-05,
    "predict_and_compile_model_3_multimer_v3_pred_0": 1449.605549812317,
    "predict_benchmark_model_3_multimer_v3_pred_0": 1332.0327742099762,
    "process_features_model_4_multimer_v3_pred_0": 1.0967254638671875e-05,
    "predict_and_compile_model_4_multimer_v3_pred_0": 1414.8302807807922,
    "predict_benchmark_model_4_multimer_v3_pred_0": 1297.6880915164948,
    "process_features_model_5_multimer_v3_pred_0": 4.291534423828125e-06,
    "predict_and_compile_model_5_multimer_v3_pred_0": 1411.2693455219269,
    "predict_benchmark_model_5_multimer_v3_pred_0": 1293.4190287590027
}