seed,sample,ranking_score
1,0,0.6250001547516675
1,1,0.6092223316989763
1,2,0.6239091144987018
1,3,0.6170655052748029
1,4,0.6235397333028637
