seed,sample,ranking_score
1,0,0.6838666637913955
1,1,0.6689701319979949
1,2,0.669622246661475
1,3,0.646633442697403
1,4,0.6694438812700919
