seed,sample,ranking_score
1,0,0.7885283462720744
1,1,0.7747825021771022
1,2,0.7764986507967295
1,3,0.7630737210431507
1,4,0.754673571806042
