seed,sample,ranking_score
1,0,0.8984949172057408
1,1,0.8747661540298537
1,2,0.8954547454009688
1,3,0.8790377063582054
1,4,0.8932436931486909
