seed,sample,ranking_score
5,0,0.8846328051910359
5,1,0.8846165451487459
5,2,0.876388068860399
5,3,0.8797880628934138
5,4,0.8794374246602049
