seed,sample,ranking_score
1,0,0.8843537549868559
1,1,0.8958771627224744
1,2,0.8833482221134332
1,3,0.9005597731271829
1,4,0.9044576592740922
