seed,sample,ranking_score
1,0,0.6574579268631006
1,1,0.6799624415152726
1,2,0.6723780017201471
1,3,0.6596314816889217
1,4,0.6681850800105694
