seed,sample,ranking_score
1,0,0.7382996957756894
1,1,0.6633805559923396
1,2,0.7222611036839977
1,3,0.7050546397518944
1,4,0.6934272061079698
