seed,sample,ranking_score
1,0,0.621820489880597
1,1,0.6251327076902488
1,2,0.6223738218681263
1,3,0.5920865352169029
1,4,0.5786521590409385
