seed,sample,ranking_score
1,0,0.3685151429959612
1,1,0.40175479459940916
1,2,0.4281924606279168
1,3,0.42387277585665206
1,4,0.375060504845512
