seed,sample,ranking_score
1,0,0.5556196256322833
1,1,0.5591168776141073
1,2,0.5624171840839263
1,3,0.5540947200417665
1,4,0.5599013426781219
