seed,sample,ranking_score
1,0,0.5123628839731524
1,1,0.5324289832350272
1,2,0.48722535908068293
1,3,0.502803971596537
1,4,0.44186861048333814
