seed,sample,ranking_score
1,0,0.4734155759413034
1,1,0.5026039505138667
1,2,0.48875167374985673
1,3,0.4661102590611459
1,4,0.4802233997192591
