{
    "features": 3.981876850128174,
    "process_features_model_1_multimer_v3_pred_0": 2.6226043701171875e-05,
    "predict_and_compile_model_1_multimer_v3_pred_0": 1399.6195340156555,
    "predict_benchmark_model_1_multimer_v3_pred_0": 1228.504710674286,
    "process_features_model_2_multimer_v3_pred_0": 4.76837158203125e-06,
    "predict_and_compile_model_2_multimer_v3_pred_0": 1381.085752248764,
    "predict_benchmark_model_2_multimer_v3_pred_0": 1228.1345126628876,
    "process_features_model_3_multimer_v3_pred_0": 5.0067901611328125e-06,
    "predict_and_compile_model_3_multimer_v3_pred_0": 1384.4752144813538,
    "predict_benchmark_model_3_multimer_v3_pred_0": 1225.6648197174072,
    "process_features_model_4_multimer_v3_pred_0": 2.765655517578125e-05,
    "predict_and_compile_model_4_multimer_v3_pred_0": 1368.174076795578,
    "predict_benchmark_model_4_multimer_v3_pred_0": 1200.4603834152222,
    "process_features_model_5_multimer_v3_pred_0": 5.0067901611328125e-06,
    "predict_and_compile_model_5_multimer_v3_pred_0": 1353.2637162208557,
    "predict_benchmark_model_5_multimer_v3_pred_0": 1200.4087903499603
}