seed,sample,ranking_score
1,0,0.4221347912311201
1,1,0.41432628802793414
1,2,0.4322822631603611
1,3,0.40759919077607965
1,4,0.38957055169631927
