{
    "iptm+ptm": {
        "model_1_multimer_v3_pred_0": 0.7408057977370823,
        "model_1_multimer_v3_pred_1": 0.7419683431443931,
        "model_1_multimer_v3_pred_2": 0.7429721255127542,
        "model_1_multimer_v3_pred_3": 0.708138823546992,
        "model_1_multimer_v3_pred_4": 0.712139579196489,
        "model_2_multimer_v3_pred_0": 0.86949256608584,
        "model_2_multimer_v3_pred_1": 0.7142665836728748,
        "model_2_multimer_v3_pred_2": 0.6662505917725912,
        "model_2_multimer_v3_pred_3": 0.7331016198225699,
        "model_2_multimer_v3_pred_4": 0.7354081169488005,
        "model_3_multimer_v3_pred_0": 0.8657252676188921,
        "model_3_multimer_v3_pred_1": 0.8704478533963236,
        "model_3_multimer_v3_pred_2": 0.7067548767337678,
        "model_3_multimer_v3_pred_3": 0.8878318513078951,
        "model_3_multimer_v3_pred_4": 0.8750625653045778,
        "model_4_multimer_v3_pred_0": 0.7040386655285266,
        "model_4_multimer_v3_pred_1": 0.6448805500224251,
        "model_4_multimer_v3_pred_2": 0.7362418196239722,
        "model_4_multimer_v3_pred_3": 0.7050167687663375,
        "model_4_multimer_v3_pred_4": 0.7162669898657766,
        "model_5_multimer_v3_pred_0": 0.6530461009068375,
        "model_5_multimer_v3_pred_1": 0.6461187023032635,
        "model_5_multimer_v3_pred_2": 0.8730106051390164,
        "model_5_multimer_v3_pred_3": 0.6475882999716718,
        "model_5_multimer_v3_pred_4": 0.6377547181627536
    },
    "order": [
        "model_3_multimer_v3_pred_3",
        "model_3_multimer_v3_pred_4",
        "model_5_multimer_v3_pred_2",
        "model_3_multimer_v3_pred_1",
        "model_2_multimer_v3_pred_0",
        "model_3_multimer_v3_pred_0",
        "model_1_multimer_v3_pred_2",
        "model_1_multimer_v3_pred_1",
        "model_1_multimer_v3_pred_0",
        "model_4_multimer_v3_pred_2",
        "model_2_multimer_v3_pred_4",
        "model_2_multimer_v3_pred_3",
        "model_4_multimer_v3_pred_4",
        "model_2_multimer_v3_pred_1",
        "model_1_multimer_v3_pred_4",
        "model_1_multimer_v3_pred_3",
        "model_3_multimer_v3_pred_2",
        "model_4_multimer_v3_pred_3",
        "model_4_multimer_v3_pred_0",
        "model_2_multimer_v3_pred_2",
        "model_5_multimer_v3_pred_0",
        "model_5_multimer_v3_pred_3",
        "model_5_multimer_v3_pred_1",
        "model_4_multimer_v3_pred_1",
        "model_5_multimer_v3_pred_4"
    ]
}