seed,sample,ranking_score
1,0,0.6831849874315067
1,1,0.6950950273900438
1,2,0.6681712451355594
1,3,0.6424100547944199
1,4,0.675141925810868
