{
    "features": 0.26094985008239746,
    "process_features_model_1_multimer_v3_pred_0": 7.3909759521484375e-06,
    "predict_and_compile_model_1_multimer_v3_pred_0": 123.34675574302673,
    "predict_benchmark_model_1_multimer_v3_pred_0": 33.89589858055115,
    "process_features_model_2_multimer_v3_pred_0": 3.24249267578125e-05,
    "predict_and_compile_model_2_multimer_v3_pred_0": 117.24832677841187,
    "predict_benchmark_model_2_multimer_v3_pred_0": 33.809027910232544,
    "process_features_model_3_multimer_v3_pred_0": 1.239776611328125e-05,
    "predict_and_compile_model_3_multimer_v3_pred_0": 127.89147067070007,
    "predict_benchmark_model_3_multimer_v3_pred_0": 44.96404695510864,
    "process_features_model_4_multimer_v3_pred_0": 1.9788742065429688e-05,
    "predict_and_compile_model_4_multimer_v3_pred_0": 144.87961173057556,
    "predict_benchmark_model_4_multimer_v3_pred_0": 60.788485050201416,
    "process_features_model_5_multimer_v3_pred_0": 1.8596649169921875e-05,
    "predict_and_compile_model_5_multimer_v3_pred_0": 134.88299345970154,
    "predict_benchmark_model_5_multimer_v3_pred_0": 49.87646698951721
}