seed,sample,ranking_score
1,0,0.5042113853548992
1,1,0.5351921636039814
1,2,0.5452627437321709
1,3,0.5341734138551238
1,4,0.566332649812811
