seed,sample,ranking_score
1,0,0.6680282219790363
1,1,0.7292420473629593
1,2,0.7173232035457117
1,3,0.7198105000697348
1,4,0.662257211449244
