seed,sample,ranking_score
1,0,0.47094804228155773
1,1,0.4722997189225262
1,2,0.47266671147484096
1,3,0.4582280325476674
1,4,0.49006989845390364
