seed,sample,ranking_score
1,0,1.0274692438934625
1,1,1.0307602841415169
1,2,1.0238647956790532
1,3,1.0275018040863302
1,4,1.0269661573724136
