seed,sample,ranking_score
4,0,0.7762960313199888
4,1,0.7522819158204048
4,2,0.7587505289095129
4,3,0.7553225355414473
4,4,0.7637041336420455
