seed,sample,ranking_score
1,0,0.46451440589644355
1,1,0.5061764151201689
1,2,0.5149857821257308
1,3,0.4905467752307652
1,4,0.46561977156422285
