seed,sample,ranking_score
1,0,0.5362164817398102
1,1,0.5467090658903039
1,2,0.5132110989036445
1,3,0.514965450911914
1,4,0.5196802935251611
