seed,sample,ranking_score
1,0,0.6039687476453885
1,1,0.6811604078993306
1,2,0.6522111022157053
1,3,0.6538237084566064
1,4,0.6523759211562938
