{
    "features": 7.515059471130371,
    "process_features_model_1_multimer_v3_pred_0": 6.4373016357421875e-06,
    "predict_and_compile_model_1_multimer_v3_pred_0": 187.20851278305054,
    "predict_benchmark_model_1_multimer_v3_pred_0": 105.61646461486816,
    "process_features_model_2_multimer_v3_pred_0": 2.2649765014648438e-05,
    "predict_and_compile_model_2_multimer_v3_pred_0": 187.96147418022156,
    "predict_benchmark_model_2_multimer_v3_pred_0": 105.69492697715759,
    "process_features_model_3_multimer_v3_pred_0": 2.5272369384765625e-05,
    "predict_and_compile_model_3_multimer_v3_pred_0": 160.01518297195435,
    "predict_benchmark_model_3_multimer_v3_pred_0": 72.77093029022217,
    "process_features_model_4_multimer_v3_pred_0": 2.6226043701171875e-05,
    "predict_and_compile_model_4_multimer_v3_pred_0": 124.40008282661438,
    "predict_benchmark_model_4_multimer_v3_pred_0": 38.20866274833679,
    "process_features_model_5_multimer_v3_pred_0": 2.384185791015625e-05,
    "predict_and_compile_model_5_multimer_v3_pred_0": 184.6895661354065,
    "predict_benchmark_model_5_multimer_v3_pred_0": 102.37261533737183
}