{
    "features": 0.046709299087524414,
    "process_features_model_1_multimer_v3_pred_0": 4.291534423828125e-06,
    "predict_and_compile_model_1_multimer_v3_pred_0": 114.92482542991638,
    "predict_benchmark_model_1_multimer_v3_pred_0": 29.5780086517334,
    "process_features_model_2_multimer_v3_pred_0": 3.075599670410156e-05,
    "predict_and_compile_model_2_multimer_v3_pred_0": 186.02197790145874,
    "predict_benchmark_model_2_multimer_v3_pred_0": 102.59847450256348,
    "process_features_model_3_multimer_v3_pred_0": 1.71661376953125e-05,
    "predict_and_compile_model_3_multimer_v3_pred_0": 186.67819333076477,
    "predict_benchmark_model_3_multimer_v3_pred_0": 102.7378089427948,
    "process_features_model_4_multimer_v3_pred_0": 1.3589859008789062e-05,
    "predict_and_compile_model_4_multimer_v3_pred_0": 145.7579083442688,
    "predict_benchmark_model_4_multimer_v3_pred_0": 62.59163236618042,
    "process_features_model_5_multimer_v3_pred_0": 1.0967254638671875e-05,
    "predict_and_compile_model_5_multimer_v3_pred_0": 136.18669819831848,
    "predict_benchmark_model_5_multimer_v3_pred_0": 52.960002183914185
}