seed,sample,ranking_score
1,0,0.79808376294437
1,1,0.778395383356781
1,2,0.7724279119014985
1,3,0.7670578277910857
1,4,0.7493074929686375
