seed,sample,ranking_score
1,0,0.5946162709705146
1,1,0.5910487950317936
1,2,0.5938393219785447
1,3,0.5863939768845998
1,4,0.5924590474098416
