{
    "iptm+ptm": {
        "model_1_multimer_v3_pred_0": 0.4828574941777385,
        "model_1_multimer_v3_pred_1": 0.5215895183400376,
        "model_1_multimer_v3_pred_2": 0.4826888872423045,
        "model_1_multimer_v3_pred_3": 0.5205770659683571,
        "model_1_multimer_v3_pred_4": 0.5048486597757509,
        "model_2_multimer_v3_pred_0": 0.45764185018777853,
        "model_2_multimer_v3_pred_1": 0.49286209251250607,
        "model_2_multimer_v3_pred_2": 0.5286777942736819,
        "model_2_multimer_v3_pred_3": 0.44599589363503056,
        "model_2_multimer_v3_pred_4": 0.5410822412158768,
        "model_3_multimer_v3_pred_0": 0.547951031200183,
        "model_3_multimer_v3_pred_1": 0.5401922614767221,
        "model_3_multimer_v3_pred_2": 0.5516629626756293,
        "model_3_multimer_v3_pred_3": 0.5500255412273602,
        "model_3_multimer_v3_pred_4": 0.5538650152335041,
        "model_4_multimer_v3_pred_0": 0.5416057753138284,
        "model_4_multimer_v3_pred_1": 0.5353838383231833,
        "model_4_multimer_v3_pred_2": 0.5326923343133442,
        "model_4_multimer_v3_pred_3": 0.5074955524210232,
        "model_4_multimer_v3_pred_4": 0.524239108561973,
        "model_5_multimer_v3_pred_0": 0.5197695947519192,
        "model_5_multimer_v3_pred_1": 0.5142656656184218,
        "model_5_multimer_v3_pred_2": 0.5652889342217448,
        "model_5_multimer_v3_pred_3": 0.4633996179694866,
        "model_5_multimer_v3_pred_4": 0.4749627161073716
    },
    "order": [
        "model_5_multimer_v3_pred_2",
        "model_3_multimer_v3_pred_4",
        "model_3_multimer_v3_pred_2",
        "model_3_multimer_v3_pred_3",
        "model_3_multimer_v3_pred_0",
        "model_4_multimer_v3_pred_0",
        "model_2_multimer_v3_pred_4",
        "model_3_multimer_v3_pred_1",
        "model_4_multimer_v3_pred_1",
        "model_4_multimer_v3_pred_2",
        "model_2_multimer_v3_pred_2",
        "model_4_multimer_v3_pred_4",
        "model_1_multimer_v3_pred_1",
        "model_1_multimer_v3_pred_3",
        "model_5_multimer_v3_pred_0",
        "model_5_multimer_v3_pred_1",
        "model_4_multimer_v3_pred_3",
        "model_1_multimer_v3_pred_4",
        "model_2_multimer_v3_pred_1",
        "model_1_multimer_v3_pred_0",
        "model_1_multimer_v3_pred_2",
        "model_5_multimer_v3_pred_4",
        "model_5_multimer_v3_pred_3",
        "model_2_multimer_v3_pred_0",
        "model_2_multimer_v3_pred_3"
    ]
}