{
    "features": 0.017145395278930664,
    "process_features_model_1_multimer_v3_pred_0": 3.5762786865234375e-06,
    "predict_and_compile_model_1_multimer_v3_pred_0": 125.5984239578247,
    "predict_benchmark_model_1_multimer_v3_pred_0": 33.49535298347473,
    "process_features_model_2_multimer_v3_pred_0": 1.239776611328125e-05,
    "predict_and_compile_model_2_multimer_v3_pred_0": 112.66736698150635,
    "predict_benchmark_model_2_multimer_v3_pred_0": 27.93825650215149,
    "process_features_model_3_multimer_v3_pred_0": 2.5272369384765625e-05,
    "predict_and_compile_model_3_multimer_v3_pred_0": 112.48464703559875,
    "predict_benchmark_model_3_multimer_v3_pred_0": 27.918609619140625,
    "process_features_model_4_multimer_v3_pred_0": 3.3855438232421875e-05,
    "predict_and_compile_model_4_multimer_v3_pred_0": 114.60898733139038,
    "predict_benchmark_model_4_multimer_v3_pred_0": 27.15426778793335,
    "process_features_model_5_multimer_v3_pred_0": 2.7894973754882812e-05,
    "predict_and_compile_model_5_multimer_v3_pred_0": 112.41384553909302,
    "predict_benchmark_model_5_multimer_v3_pred_0": 26.965142250061035
}