seed,sample,ranking_score
1,0,0.5819368862836471
1,1,0.5744068668616698
1,2,0.573645904398861
1,3,0.5396920192460104
1,4,0.5789758821669608
