{
    "features": 0.005128383636474609,
    "process_features_model_1_multimer_v3_pred_0": 4.291534423828125e-06,
    "predict_and_compile_model_1_multimer_v3_pred_0": 142.5263650417328,
    "relax_model_1_multimer_v3_pred_0": 18.199682235717773,
    "process_features_model_1_multimer_v3_pred_1": 3.0994415283203125e-06,
    "predict_and_compile_model_1_multimer_v3_pred_1": 24.32803177833557,
    "relax_model_1_multimer_v3_pred_1": 16.51165223121643,
    "process_features_model_1_multimer_v3_pred_2": 2.384185791015625e-06,
    "predict_and_compile_model_1_multimer_v3_pred_2": 29.11826252937317,
    "relax_model_1_multimer_v3_pred_2": 16.216465950012207,
    "process_features_model_1_multimer_v3_pred_3": 2.384185791015625e-06,
    "predict_and_compile_model_1_multimer_v3_pred_3": 24.37363600730896,
    "relax_model_1_multimer_v3_pred_3": 17.120216846466064,
    "process_features_model_1_multimer_v3_pred_4": 2.384185791015625e-06,
    "predict_and_compile_model_1_multimer_v3_pred_4": 24.352121829986572,
    "relax_model_1_multimer_v3_pred_4": 15.795758962631226,
    "process_features_model_2_multimer_v3_pred_0": 2.6226043701171875e-06,
    "predict_and_compile_model_2_multimer_v3_pred_0": 138.96906518936157,
    "relax_model_2_multimer_v3_pred_0": 16.98885703086853,
    "process_features_model_2_multimer_v3_pred_1": 3.337860107421875e-06,
    "predict_and_compile_model_2_multimer_v3_pred_1": 24.32210421562195,
    "relax_model_2_multimer_v3_pred_1": 15.990324258804321,
    "process_features_model_2_multimer_v3_pred_2": 2.1457672119140625e-06,
    "predict_and_compile_model_2_multimer_v3_pred_2": 33.973912954330444,
    "relax_model_2_multimer_v3_pred_2": 15.969476699829102,
    "process_features_model_2_multimer_v3_pred_3": 2.86102294921875e-06,
    "predict_and_compile_model_2_multimer_v3_pred_3": 19.518381118774414,
    "relax_model_2_multimer_v3_pred_3": 15.62580394744873,
    "process_features_model_2_multimer_v3_pred_4": 3.0994415283203125e-06,
    "predict_and_compile_model_2_multimer_v3_pred_4": 24.3468816280365,
    "relax_model_2_multimer_v3_pred_4": 16.199774980545044,
    "process_features_model_3_multimer_v3_pred_0": 2.6226043701171875e-06,
    "predict_and_compile_model_3_multimer_v3_pred_0": 146.33901643753052,
    "relax_model_3_multimer_v3_pred_0": 18.267925024032593,
    "process_features_model_3_multimer_v3_pred_1": 3.337860107421875e-06,
    "predict_and_compile_model_3_multimer_v3_pred_1": 43.57383179664612,
    "relax_model_3_multimer_v3_pred_1": 26.91974925994873,
    "process_features_model_3_multimer_v3_pred_2": 2.1457672119140625e-06,
    "predict_and_compile_model_3_multimer_v3_pred_2": 53.080060958862305,
    "relax_model_3_multimer_v3_pred_2": 15.793377161026001,
    "process_features_model_3_multimer_v3_pred_3": 2.384185791015625e-06,
    "predict_and_compile_model_3_multimer_v3_pred_3": 29.092005252838135,
    "relax_model_3_multimer_v3_pred_3": 16.634150743484497,
    "process_features_model_3_multimer_v3_pred_4": 2.1457672119140625e-06,
    "predict_and_compile_model_3_multimer_v3_pred_4": 62.70292806625366,
    "relax_model_3_multimer_v3_pred_4": 16.915766716003418,
    "process_features_model_4_multimer_v3_pred_0": 2.6226043701171875e-06,
    "predict_and_compile_model_4_multimer_v3_pred_0": 167.44259071350098,
    "relax_model_4_multimer_v3_pred_0": 16.401509761810303,
    "process_features_model_4_multimer_v3_pred_1": 3.0994415283203125e-06,
    "predict_and_compile_model_4_multimer_v3_pred_1": 42.85190749168396,
    "relax_model_4_multimer_v3_pred_1": 16.368563175201416,
    "process_features_model_4_multimer_v3_pred_2": 2.6226043701171875e-06,
    "predict_and_compile_model_4_multimer_v3_pred_2": 33.342249631881714,
    "relax_model_4_multimer_v3_pred_2": 16.07181692123413,
    "process_features_model_4_multimer_v3_pred_3": 2.384185791015625e-06,
    "predict_and_compile_model_4_multimer_v3_pred_3": 28.613300561904907,
    "relax_model_4_multimer_v3_pred_3": 16.630088567733765,
    "process_features_model_4_multimer_v3_pred_4": 2.384185791015625e-06,
    "predict_and_compile_model_4_multimer_v3_pred_4": 23.899842977523804,
    "relax_model_4_multimer_v3_pred_4": 15.959902286529541,
    "process_features_model_5_multimer_v3_pred_0": 2.384185791015625e-06,
    "predict_and_compile_model_5_multimer_v3_pred_0": 192.81784439086914,
    "relax_model_5_multimer_v3_pred_0": 19.877557039260864,
    "process_features_model_5_multimer_v3_pred_1": 2.86102294921875e-06,
    "predict_and_compile_model_5_multimer_v3_pred_1": 28.61769938468933,
    "relax_model_5_multimer_v3_pred_1": 16.690303087234497,
    "process_features_model_5_multimer_v3_pred_2": 2.1457672119140625e-06,
    "predict_and_compile_model_5_multimer_v3_pred_2": 47.44256353378296,
    "relax_model_5_multimer_v3_pred_2": 24.168420791625977,
    "process_features_model_5_multimer_v3_pred_3": 2.86102294921875e-06,
    "predict_and_compile_model_5_multimer_v3_pred_3": 33.37649321556091,
    "relax_model_5_multimer_v3_pred_3": 21.758882761001587,
    "process_features_model_5_multimer_v3_pred_4": 2.384185791015625e-06,
    "predict_and_compile_model_5_multimer_v3_pred_4": 28.634416341781616,
    "relax_model_5_multimer_v3_pred_4": 16.511679887771606
}