seed,sample,ranking_score
1,0,0.5181846314007656
1,1,0.5090901440691937
1,2,0.5005826162547703
1,3,0.5264396280550243
1,4,0.5210588130901885
