seed,sample,ranking_score
1,0,0.5780079107721614
1,1,0.5575645004774921
1,2,0.570304490630514
1,3,0.5684874172569415
1,4,0.573371608216525
