seed,sample,ranking_score
1,0,0.4209550433176342
1,1,0.4251796161036525
1,2,0.4469574044279693
1,3,0.42357680396846814
1,4,0.42943922430791087
