{
    "features": 0.04957461357116699,
    "process_features_model_1_multimer_v3_pred_0": 2.86102294921875e-06,
    "predict_and_compile_model_1_multimer_v3_pred_0": 120.6584882736206,
    "predict_benchmark_model_1_multimer_v3_pred_0": 41.48281192779541,
    "process_features_model_2_multimer_v3_pred_0": 1.6689300537109375e-05,
    "predict_and_compile_model_2_multimer_v3_pred_0": 124.47684812545776,
    "predict_benchmark_model_2_multimer_v3_pred_0": 41.1058874130249,
    "process_features_model_3_multimer_v3_pred_0": 2.09808349609375e-05,
    "predict_and_compile_model_3_multimer_v3_pred_0": 226.10090374946594,
    "predict_benchmark_model_3_multimer_v3_pred_0": 143.3701171875,
    "process_features_model_4_multimer_v3_pred_0": 3.337860107421875e-05,
    "predict_and_compile_model_4_multimer_v3_pred_0": 125.42348170280457,
    "predict_benchmark_model_4_multimer_v3_pred_0": 39.886183977127075,
    "process_features_model_5_multimer_v3_pred_0": 2.1457672119140625e-05,
    "predict_and_compile_model_5_multimer_v3_pred_0": 128.93079233169556,
    "predict_benchmark_model_5_multimer_v3_pred_0": 46.49032759666443
}