{
    "features": 0.0273134708404541,
    "process_features_model_1_multimer_v3_pred_0": 3.814697265625e-06,
    "predict_and_compile_model_1_multimer_v3_pred_0": 370.99289751052856,
    "predict_benchmark_model_1_multimer_v3_pred_0": 292.3215880393982,
    "process_features_model_2_multimer_v3_pred_0": 1.6927719116210938e-05,
    "predict_and_compile_model_2_multimer_v3_pred_0": 370.0611696243286,
    "predict_benchmark_model_2_multimer_v3_pred_0": 292.45350551605225,
    "process_features_model_3_multimer_v3_pred_0": 1.9550323486328125e-05,
    "predict_and_compile_model_3_multimer_v3_pred_0": 376.56495904922485,
    "predict_benchmark_model_3_multimer_v3_pred_0": 292.5671503543854,
    "process_features_model_4_multimer_v3_pred_0": 2.0265579223632812e-05,
    "predict_and_compile_model_4_multimer_v3_pred_0": 361.8156762123108,
    "predict_benchmark_model_4_multimer_v3_pred_0": 284.0525104999542,
    "process_features_model_5_multimer_v3_pred_0": 2.8371810913085938e-05,
    "predict_and_compile_model_5_multimer_v3_pred_0": 361.34196162223816,
    "predict_benchmark_model_5_multimer_v3_pred_0": 283.9604308605194
}