seed,sample,ranking_score
1,0,0.6544924190698228
1,1,0.6633444364208717
1,2,0.6132767457836452
1,3,0.6375744389698155
1,4,0.6327004689158221
