seed,sample,ranking_score
1,0,0.47349951836407866
1,1,0.45440130314904376
1,2,0.4659343661311515
1,3,0.4273503687346894
1,4,0.44878562170740993
