{
    "features": 0.03229689598083496,
    "process_features_model_1_multimer_v3_pred_0": 4.0531158447265625e-06,
    "predict_and_compile_model_1_multimer_v3_pred_0": 361.116331577301,
    "predict_benchmark_model_1_multimer_v3_pred_0": 274.1982214450836,
    "process_features_model_2_multimer_v3_pred_0": 2.288818359375e-05,
    "predict_and_compile_model_2_multimer_v3_pred_0": 718.0507545471191,
    "predict_benchmark_model_2_multimer_v3_pred_0": 638.2506411075592,
    "process_features_model_3_multimer_v3_pred_0": 1.8358230590820312e-05,
    "predict_and_compile_model_3_multimer_v3_pred_0": 709.6327097415924,
    "predict_benchmark_model_3_multimer_v3_pred_0": 638.4201068878174,
    "process_features_model_4_multimer_v3_pred_0": 2.09808349609375e-05,
    "predict_and_compile_model_4_multimer_v3_pred_0": 702.8520121574402,
    "predict_benchmark_model_4_multimer_v3_pred_0": 628.6264228820801,
    "process_features_model_5_multimer_v3_pred_0": 2.4557113647460938e-05,
    "predict_and_compile_model_5_multimer_v3_pred_0": 705.699170589447,
    "predict_benchmark_model_5_multimer_v3_pred_0": 630.7385046482086
}