seed,sample,ranking_score
1,0,0.6353301918842182
1,1,0.5772284859628142
1,2,0.6546602273073077
1,3,0.606880271877764
1,4,0.6221745381952952
