seed,sample,ranking_score
1,0,0.5802510584113337
1,1,0.5903335302488081
1,2,0.5824828847393049
1,3,0.5674034804589118
1,4,0.5704940401899257
