{
    "features": 0.4594757556915283,
    "process_features_model_1_multimer_v3_pred_0": 4.5299530029296875e-06,
    "predict_and_compile_model_1_multimer_v3_pred_0": 358.89866518974304,
    "predict_benchmark_model_1_multimer_v3_pred_0": 241.900488615036,
    "process_features_model_2_multimer_v3_pred_0": 3.337860107421875e-06,
    "predict_and_compile_model_2_multimer_v3_pred_0": 355.47747707366943,
    "predict_benchmark_model_2_multimer_v3_pred_0": 241.62654900550842,
    "process_features_model_3_multimer_v3_pred_0": 3.5762786865234375e-06,
    "predict_and_compile_model_3_multimer_v3_pred_0": 357.83482027053833,
    "predict_benchmark_model_3_multimer_v3_pred_0": 241.45902800559998,
    "process_features_model_4_multimer_v3_pred_0": 2.86102294921875e-06,
    "predict_and_compile_model_4_multimer_v3_pred_0": 354.218820810318,
    "predict_benchmark_model_4_multimer_v3_pred_0": 234.63932943344116,
    "process_features_model_5_multimer_v3_pred_0": 3.814697265625e-06,
    "predict_and_compile_model_5_multimer_v3_pred_0": 350.4702899456024,
    "predict_benchmark_model_5_multimer_v3_pred_0": 234.488920211792
}