seed,sample,ranking_score
1,0,0.5307130506721156
1,1,0.505984241100092
1,2,0.47875003091506596
1,3,0.5167625033982661
1,4,0.5355762700587176
