seed,sample,ranking_score
1,0,0.5020171928375621
1,1,0.5042027943698009
1,2,0.49881231251372643
1,3,0.5004968434860582
1,4,0.5036351350287613
