seed,sample,ranking_score
1,0,0.6901253087245005
1,1,0.6761974522346546
1,2,0.675360948757765
1,3,0.6782278692826953
1,4,0.6555543873501225
