seed,sample,ranking_score
1,0,0.8627733303825624
1,1,0.8635981884809626
1,2,0.8593251825114532
1,3,0.8655709045956512
1,4,0.8647302177869898
