{
    "features": 0.007358551025390625,
    "process_features_model_1_multimer_v3_pred_0": 3.337860107421875e-06,
    "predict_and_compile_model_1_multimer_v3_pred_0": 163.99908781051636,
    "relax_model_1_multimer_v3_pred_0": 26.264835357666016,
    "process_features_model_1_multimer_v3_pred_1": 3.0994415283203125e-06,
    "predict_and_compile_model_1_multimer_v3_pred_1": 45.44018912315369,
    "relax_model_1_multimer_v3_pred_1": 24.175334930419922,
    "process_features_model_1_multimer_v3_pred_2": 3.0994415283203125e-06,
    "predict_and_compile_model_1_multimer_v3_pred_2": 38.94611358642578,
    "relax_model_1_multimer_v3_pred_2": 23.675687789916992,
    "process_features_model_1_multimer_v3_pred_3": 2.6226043701171875e-06,
    "predict_and_compile_model_1_multimer_v3_pred_3": 77.57987332344055,
    "relax_model_1_multimer_v3_pred_3": 33.131455183029175,
    "process_features_model_1_multimer_v3_pred_4": 3.0994415283203125e-06,
    "predict_and_compile_model_1_multimer_v3_pred_4": 45.48574876785278,
    "relax_model_1_multimer_v3_pred_4": 23.817004203796387,
    "process_features_model_2_multimer_v3_pred_0": 2.384185791015625e-06,
    "predict_and_compile_model_2_multimer_v3_pred_0": 160.8925702571869,
    "relax_model_2_multimer_v3_pred_0": 24.06317949295044,
    "process_features_model_2_multimer_v3_pred_1": 3.0994415283203125e-06,
    "predict_and_compile_model_2_multimer_v3_pred_1": 51.76930499076843,
    "relax_model_2_multimer_v3_pred_1": 23.31008243560791,
    "process_features_model_2_multimer_v3_pred_2": 3.337860107421875e-06,
    "predict_and_compile_model_2_multimer_v3_pred_2": 64.67485904693604,
    "relax_model_2_multimer_v3_pred_2": 24.205337285995483,
    "process_features_model_2_multimer_v3_pred_3": 2.6226043701171875e-06,
    "predict_and_compile_model_2_multimer_v3_pred_3": 51.87745499610901,
    "relax_model_2_multimer_v3_pred_3": 23.187554836273193,
    "process_features_model_2_multimer_v3_pred_4": 2.86102294921875e-06,
    "predict_and_compile_model_2_multimer_v3_pred_4": 38.968584060668945,
    "relax_model_2_multimer_v3_pred_4": 23.590094566345215,
    "process_features_model_3_multimer_v3_pred_0": 2.6226043701171875e-06,
    "predict_and_compile_model_3_multimer_v3_pred_0": 180.72596549987793,
    "relax_model_3_multimer_v3_pred_0": 25.663589239120483,
    "process_features_model_3_multimer_v3_pred_1": 2.86102294921875e-06,
    "predict_and_compile_model_3_multimer_v3_pred_1": 32.65868091583252,
    "relax_model_3_multimer_v3_pred_1": 24.518149614334106,
    "process_features_model_3_multimer_v3_pred_2": 2.6226043701171875e-06,
    "predict_and_compile_model_3_multimer_v3_pred_2": 32.58549523353577,
    "relax_model_3_multimer_v3_pred_2": 45.80497646331787,
    "process_features_model_3_multimer_v3_pred_3": 3.5762786865234375e-06,
    "predict_and_compile_model_3_multimer_v3_pred_3": 32.58723473548889,
    "relax_model_3_multimer_v3_pred_3": 24.786128044128418,
    "process_features_model_3_multimer_v3_pred_4": 3.0994415283203125e-06,
    "predict_and_compile_model_3_multimer_v3_pred_4": 45.47014045715332,
    "relax_model_3_multimer_v3_pred_4": 26.07909107208252,
    "process_features_model_4_multimer_v3_pred_0": 2.86102294921875e-06,
    "predict_and_compile_model_4_multimer_v3_pred_0": 252.8816328048706,
    "relax_model_4_multimer_v3_pred_0": 23.71395182609558,
    "process_features_model_4_multimer_v3_pred_1": 3.0994415283203125e-06,
    "predict_and_compile_model_4_multimer_v3_pred_1": 130.89591002464294,
    "relax_model_4_multimer_v3_pred_1": 30.499881267547607,
    "process_features_model_4_multimer_v3_pred_2": 2.86102294921875e-06,
    "predict_and_compile_model_4_multimer_v3_pred_2": 131.02864575386047,
    "relax_model_4_multimer_v3_pred_2": 23.57374334335327,
    "process_features_model_4_multimer_v3_pred_3": 2.86102294921875e-06,
    "predict_and_compile_model_4_multimer_v3_pred_3": 37.71289372444153,
    "relax_model_4_multimer_v3_pred_3": 24.19779372215271,
    "process_features_model_4_multimer_v3_pred_4": 2.6226043701171875e-06,
    "predict_and_compile_model_4_multimer_v3_pred_4": 130.90534377098083,
    "relax_model_4_multimer_v3_pred_4": 25.064318418502808,
    "process_features_model_5_multimer_v3_pred_0": 3.0994415283203125e-06,
    "predict_and_compile_model_5_multimer_v3_pred_0": 168.07043504714966,
    "relax_model_5_multimer_v3_pred_0": 42.97983694076538,
    "process_features_model_5_multimer_v3_pred_1": 2.86102294921875e-06,
    "predict_and_compile_model_5_multimer_v3_pred_1": 87.57838749885559,
    "relax_model_5_multimer_v3_pred_1": 23.752589464187622,
    "process_features_model_5_multimer_v3_pred_2": 3.0994415283203125e-06,
    "predict_and_compile_model_5_multimer_v3_pred_2": 43.924904346466064,
    "relax_model_5_multimer_v3_pred_2": 44.06785249710083,
    "process_features_model_5_multimer_v3_pred_3": 3.0994415283203125e-06,
    "predict_and_compile_model_5_multimer_v3_pred_3": 62.731064558029175,
    "relax_model_5_multimer_v3_pred_3": 23.1443989276886,
    "process_features_model_5_multimer_v3_pred_4": 3.337860107421875e-06,
    "predict_and_compile_model_5_multimer_v3_pred_4": 56.55362367630005,
    "relax_model_5_multimer_v3_pred_4": 23.870068073272705
}