seed,sample,ranking_score
1,0,0.6565208845929988
1,1,0.6646293155542063
1,2,0.6522638952403159
1,3,0.6298918701971807
1,4,0.6351720149633807
