seed,sample,ranking_score
1,0,0.5983626219024379
1,1,0.547934937321705
1,2,0.6080143622358415
1,3,0.5368906393719745
1,4,0.5378455390571663
