seed,sample,ranking_score
1,0,0.7630745233381634
1,1,0.7736949924735845
1,2,0.7742497307671429
1,3,0.7738742691778727
1,4,0.7760194316266101
