seed,sample,ranking_score
1,0,0.564860171384742
1,1,0.5694777596350984
1,2,0.5452611635224295
1,3,0.5683491661780039
1,4,0.5716015129713969
