{
    "features": 0.32086896896362305,
    "process_features_model_1_multimer_v3_pred_0": 5.9604644775390625e-06,
    "predict_and_compile_model_1_multimer_v3_pred_0": 812.0955357551575,
    "predict_benchmark_model_1_multimer_v3_pred_0": 708.219569683075,
    "process_features_model_2_multimer_v3_pred_0": 2.1696090698242188e-05,
    "predict_and_compile_model_2_multimer_v3_pred_0": 790.6193089485168,
    "predict_benchmark_model_2_multimer_v3_pred_0": 710.1738269329071,
    "process_features_model_3_multimer_v3_pred_0": 2.2411346435546875e-05,
    "predict_and_compile_model_3_multimer_v3_pred_0": 830.0768003463745,
    "predict_benchmark_model_3_multimer_v3_pred_0": 708.7226505279541,
    "process_features_model_4_multimer_v3_pred_0": 2.3603439331054688e-05,
    "predict_and_compile_model_4_multimer_v3_pred_0": 805.2094838619232,
    "predict_benchmark_model_4_multimer_v3_pred_0": 690.7651190757751,
    "process_features_model_5_multimer_v3_pred_0": 2.3603439331054688e-05,
    "predict_and_compile_model_5_multimer_v3_pred_0": 798.1008839607239,
    "predict_benchmark_model_5_multimer_v3_pred_0": 691.1144032478333
}