seed,sample,ranking_score
4,0,0.8090670904727417
4,1,0.8229391649092826
4,2,0.8345086247953115
4,3,0.81428341285324
4,4,0.8282703119818218
