seed,sample,ranking_score
1,0,0.4412211911103367
1,1,0.4480604319485421
1,2,0.4699219588204395
1,3,0.43946384531613775
1,4,0.46445181506732824
