seed,sample,ranking_score
1,0,0.8210815592907531
1,1,0.8313553463289529
1,2,0.7777055844420883
1,3,0.8059741010116253
1,4,0.7886366407024235
