seed,sample,ranking_score
1,0,0.3690538457257355
1,1,0.36192897062849916
1,2,0.3605439405902298
1,3,0.3535314394754188
1,4,0.35162492561886066
