{
    "features": 0.03999757766723633,
    "process_features_model_1_multimer_v3_pred_0": 3.337860107421875e-06,
    "predict_and_compile_model_1_multimer_v3_pred_0": 112.38132166862488,
    "predict_benchmark_model_1_multimer_v3_pred_0": 36.654000759124756,
    "process_features_model_2_multimer_v3_pred_0": 1.0251998901367188e-05,
    "predict_and_compile_model_2_multimer_v3_pred_0": 184.10206007957458,
    "predict_benchmark_model_2_multimer_v3_pred_0": 109.65014958381653,
    "process_features_model_3_multimer_v3_pred_0": 2.1696090698242188e-05,
    "predict_and_compile_model_3_multimer_v3_pred_0": 188.754967212677,
    "predict_benchmark_model_3_multimer_v3_pred_0": 109.62419486045837,
    "process_features_model_4_multimer_v3_pred_0": 1.9311904907226562e-05,
    "predict_and_compile_model_4_multimer_v3_pred_0": 183.65771102905273,
    "predict_benchmark_model_4_multimer_v3_pred_0": 106.33052587509155,
    "process_features_model_5_multimer_v3_pred_0": 9.059906005859375e-06,
    "predict_and_compile_model_5_multimer_v3_pred_0": 184.5696017742157,
    "predict_benchmark_model_5_multimer_v3_pred_0": 106.18063879013062
}