{
    "iptm+ptm": {
        "model_1_multimer_v3_pred_0": 0.35630839212381027,
        "model_1_multimer_v3_pred_1": 0.3714430455139058,
        "model_1_multimer_v3_pred_2": 0.3463535355693505,
        "model_1_multimer_v3_pred_3": 0.3956096844830016,
        "model_1_multimer_v3_pred_4": 0.3418380238634515,
        "model_2_multimer_v3_pred_0": 0.3723485576469552,
        "model_2_multimer_v3_pred_1": 0.376987069217337,
        "model_2_multimer_v3_pred_2": 0.37572385916422896,
        "model_2_multimer_v3_pred_3": 0.3852568368303543,
        "model_2_multimer_v3_pred_4": 0.38313326488847615,
        "model_3_multimer_v3_pred_0": 0.4026772467656906,
        "model_3_multimer_v3_pred_1": 0.40196132210968694,
        "model_3_multimer_v3_pred_2": 0.4129897355985878,
        "model_3_multimer_v3_pred_3": 0.3968577689618137,
        "model_3_multimer_v3_pred_4": 0.38901571306000693,
        "model_4_multimer_v3_pred_0": 0.39225519771246636,
        "model_4_multimer_v3_pred_1": 0.388243846432754,
        "model_4_multimer_v3_pred_2": 0.3873022783392498,
        "model_4_multimer_v3_pred_3": 0.3873310912898732,
        "model_4_multimer_v3_pred_4": 0.3793775802038174,
        "model_5_multimer_v3_pred_0": 0.4278146505053323,
        "model_5_multimer_v3_pred_1": 0.37657417834765183,
        "model_5_multimer_v3_pred_2": 0.41517862136833084,
        "model_5_multimer_v3_pred_3": 0.3713945300885496,
        "model_5_multimer_v3_pred_4": 0.37189729278263783
    },
    "order": [
        "model_5_multimer_v3_pred_0",
        "model_5_multimer_v3_pred_2",
        "model_3_multimer_v3_pred_2",
        "model_3_multimer_v3_pred_0",
        "model_3_multimer_v3_pred_1",
        "model_3_multimer_v3_pred_3",
        "model_1_multimer_v3_pred_3",
        "model_4_multimer_v3_pred_0",
        "model_3_multimer_v3_pred_4",
        "model_4_multimer_v3_pred_1",
        "model_4_multimer_v3_pred_3",
        "model_4_multimer_v3_pred_2",
        "model_2_multimer_v3_pred_3",
        "model_2_multimer_v3_pred_4",
        "model_4_multimer_v3_pred_4",
        "model_2_multimer_v3_pred_1",
        "model_5_multimer_v3_pred_1",
        "model_2_multimer_v3_pred_2",
        "model_2_multimer_v3_pred_0",
        "model_5_multimer_v3_pred_4",
        "model_1_multimer_v3_pred_1",
        "model_5_multimer_v3_pred_3",
        "model_1_multimer_v3_pred_0",
        "model_1_multimer_v3_pred_2",
        "model_1_multimer_v3_pred_4"
    ]
}