seed,sample,ranking_score
1,0,0.7112611118249823
1,1,0.7138914570241047
1,2,0.7155781961241009
1,3,0.7519196131634274
1,4,0.7369079487934291
