{
    "features": 0.015601158142089844,
    "process_features_model_1_multimer_v3_pred_0": 5.245208740234375e-06,
    "predict_and_compile_model_1_multimer_v3_pred_0": 123.84710001945496,
    "predict_benchmark_model_1_multimer_v3_pred_0": 42.642455101013184,
    "process_features_model_2_multimer_v3_pred_0": 1.811981201171875e-05,
    "predict_and_compile_model_2_multimer_v3_pred_0": 195.08723330497742,
    "predict_benchmark_model_2_multimer_v3_pred_0": 111.73260045051575,
    "process_features_model_3_multimer_v3_pred_0": 2.1696090698242188e-05,
    "predict_and_compile_model_3_multimer_v3_pred_0": 143.68618655204773,
    "predict_benchmark_model_3_multimer_v3_pred_0": 58.42962908744812,
    "process_features_model_4_multimer_v3_pred_0": 2.6941299438476562e-05,
    "predict_and_compile_model_4_multimer_v3_pred_0": 121.55284142494202,
    "predict_benchmark_model_4_multimer_v3_pred_0": 36.189183712005615,
    "process_features_model_5_multimer_v3_pred_0": 2.288818359375e-05,
    "predict_and_compile_model_5_multimer_v3_pred_0": 197.08884286880493,
    "predict_benchmark_model_5_multimer_v3_pred_0": 108.07768535614014
}