{
    "features": 0.015137910842895508,
    "process_features_model_1_multimer_v3_pred_0": 5.245208740234375e-06,
    "predict_and_compile_model_1_multimer_v3_pred_0": 132.1489942073822,
    "predict_benchmark_model_1_multimer_v3_pred_0": 54.98398804664612,
    "process_features_model_2_multimer_v3_pred_0": 1.71661376953125e-05,
    "predict_and_compile_model_2_multimer_v3_pred_0": 132.6791274547577,
    "predict_benchmark_model_2_multimer_v3_pred_0": 50.41618800163269,
    "process_features_model_3_multimer_v3_pred_0": 2.2649765014648438e-05,
    "predict_and_compile_model_3_multimer_v3_pred_0": 131.2064814567566,
    "predict_benchmark_model_3_multimer_v3_pred_0": 50.53424048423767,
    "process_features_model_4_multimer_v3_pred_0": 2.8371810913085938e-05,
    "predict_and_compile_model_4_multimer_v3_pred_0": 141.5258457660675,
    "predict_benchmark_model_4_multimer_v3_pred_0": 53.03276324272156,
    "process_features_model_5_multimer_v3_pred_0": 1.4543533325195312e-05,
    "predict_and_compile_model_5_multimer_v3_pred_0": 175.13965773582458,
    "predict_benchmark_model_5_multimer_v3_pred_0": 92.78809690475464
}