{
    "iptm+ptm": {
        "model_1_multimer_v3_pred_0": 0.551433548595365,
        "model_1_multimer_v3_pred_1": 0.5022771008971137,
        "model_1_multimer_v3_pred_2": 0.5243884866351624,
        "model_1_multimer_v3_pred_3": 0.5087373625252617,
        "model_1_multimer_v3_pred_4": 0.4934307102680019,
        "model_2_multimer_v3_pred_0": 0.506131697016858,
        "model_2_multimer_v3_pred_1": 0.547764258400011,
        "model_2_multimer_v3_pred_2": 0.5167735919115417,
        "model_2_multimer_v3_pred_3": 0.5068595426763053,
        "model_2_multimer_v3_pred_4": 0.5155875114178322,
        "model_3_multimer_v3_pred_0": 0.49346586758988803,
        "model_3_multimer_v3_pred_1": 0.5429916947937843,
        "model_3_multimer_v3_pred_2": 0.5014068951740496,
        "model_3_multimer_v3_pred_3": 0.4989199817851305,
        "model_3_multimer_v3_pred_4": 0.4799954907170798,
        "model_4_multimer_v3_pred_0": 0.5194809761033081,
        "model_4_multimer_v3_pred_1": 0.49308858919787557,
        "model_4_multimer_v3_pred_2": 0.5055828248425303,
        "model_4_multimer_v3_pred_3": 0.552663071419608,
        "model_4_multimer_v3_pred_4": 0.5036082503057103,
        "model_5_multimer_v3_pred_0": 0.5014662256472968,
        "model_5_multimer_v3_pred_1": 0.5135691203711734,
        "model_5_multimer_v3_pred_2": 0.5513216733519064,
        "model_5_multimer_v3_pred_3": 0.5477369859819952,
        "model_5_multimer_v3_pred_4": 0.5466956657299786
    },
    "order": [
        "model_4_multimer_v3_pred_3",
        "model_1_multimer_v3_pred_0",
        "model_5_multimer_v3_pred_2",
        "model_2_multimer_v3_pred_1",
        "model_5_multimer_v3_pred_3",
        "model_5_multimer_v3_pred_4",
        "model_3_multimer_v3_pred_1",
        "model_1_multimer_v3_pred_2",
        "model_4_multimer_v3_pred_0",
        "model_2_multimer_v3_pred_2",
        "model_2_multimer_v3_pred_4",
        "model_5_multimer_v3_pred_1",
        "model_1_multimer_v3_pred_3",
        "model_2_multimer_v3_pred_3",
        "model_2_multimer_v3_pred_0",
        "model_4_multimer_v3_pred_2",
        "model_4_multimer_v3_pred_4",
        "model_1_multimer_v3_pred_1",
        "model_5_multimer_v3_pred_0",
        "model_3_multimer_v3_pred_2",
        "model_3_multimer_v3_pred_3",
        "model_3_multimer_v3_pred_0",
        "model_1_multimer_v3_pred_4",
        "model_4_multimer_v3_pred_1",
        "model_3_multimer_v3_pred_4"
    ]
}