seed,sample,ranking_score
1,0,0.690065036634517
1,1,0.6726433624616195
1,2,0.662720459289026
1,3,0.6688909355880286
1,4,0.677267680085779
