{
    "features": 0.3365659713745117,
    "process_features_model_1_multimer_v3_pred_0": 5.0067901611328125e-06,
    "predict_and_compile_model_1_multimer_v3_pred_0": 353.2717981338501,
    "predict_benchmark_model_1_multimer_v3_pred_0": 233.32534551620483,
    "process_features_model_2_multimer_v3_pred_0": 3.5762786865234375e-06,
    "predict_and_compile_model_2_multimer_v3_pred_0": 348.08925104141235,
    "predict_benchmark_model_2_multimer_v3_pred_0": 233.32329416275024,
    "process_features_model_3_multimer_v3_pred_0": 3.5762786865234375e-06,
    "predict_and_compile_model_3_multimer_v3_pred_0": 351.1106712818146,
    "predict_benchmark_model_3_multimer_v3_pred_0": 233.32895469665527,
    "process_features_model_4_multimer_v3_pred_0": 5.0067901611328125e-06,
    "predict_and_compile_model_4_multimer_v3_pred_0": 348.03703236579895,
    "predict_benchmark_model_4_multimer_v3_pred_0": 226.48417711257935,
    "process_features_model_5_multimer_v3_pred_0": 3.814697265625e-06,
    "predict_and_compile_model_5_multimer_v3_pred_0": 347.07936120033264,
    "predict_benchmark_model_5_multimer_v3_pred_0": 226.53177976608276
}