seed,sample,ranking_score
1,0,0.7239851609608792
1,1,0.713655356328287
1,2,0.7651553577759738
1,3,0.7429693142223041
1,4,0.7178343294918961
