seed,sample,ranking_score
1,0,0.6163080849000343
1,1,0.573204921434683
1,2,0.6368244187128813
1,3,0.5752506842816159
1,4,0.572913899525377
