seed,sample,ranking_score
1,0,0.939090770544371
1,1,0.9362828838735593
1,2,0.9285179144126351
1,3,0.9389548515271576
1,4,0.9274587152884305
