seed,sample,ranking_score
1,0,0.6443278605945293
1,1,0.7055919133529964
1,2,0.6755089011280739
1,3,0.7037232564912332
1,4,0.670530991498587
