seed,sample,ranking_score
1,0,0.29073785194067164
1,1,0.2859765807428981
1,2,0.28255627304953373
1,3,0.277811956929291
1,4,0.2843721247618786
