seed,sample,ranking_score
1,0,0.34544716877277815
1,1,0.3433785148565898
1,2,0.3032004396045801
1,3,0.2889081948736101
1,4,0.28534275538036336
