seed,sample,ranking_score
1,0,0.6562891131293845
1,1,0.6458575813447304
1,2,0.6568096578025979
1,3,0.6617240643807656
1,4,0.6774668361727955
