seed,sample,ranking_score
1,0,0.6221535323135441
1,1,0.6068358235912708
1,2,0.6157853882173756
1,3,0.6526387491839424
1,4,0.6134598130600363
