seed,sample,ranking_score
1,0,0.5903801792090527
1,1,0.5668366179463846
1,2,0.60338894300361
1,3,0.5840441809723619
1,4,0.5674329235032665
