seed,sample,ranking_score
4,0,0.8321094342733687
4,1,0.7985992056511697
4,2,0.8124490337853173
4,3,0.8057041356592741
4,4,0.8226128725050069
