seed,sample,ranking_score
1,0,0.3639600684809009
1,1,0.4104576479383358
1,2,0.3990970989859709
1,3,0.3929205532405479
1,4,0.41184081678712925
