seed,sample,ranking_score
2,0,0.8713941470052096
2,1,0.8716871854665379
2,2,0.8835827631122236
2,3,0.8640359168208729
2,4,0.8692615156318503
