seed,sample,ranking_score
1,0,0.45921489162301066
1,1,0.4537010022947269
1,2,0.47802633629127655
1,3,0.4713580437827673
1,4,0.48243071199265636
