seed,sample,ranking_score
1,0,0.4632454134081817
1,1,0.45963797109853755
1,2,0.45663401066294407
1,3,0.4529284481660211
1,4,0.464084197358709
