seed,sample,ranking_score
1,0,0.5030310703227756
1,1,0.5148376529564647
1,2,0.5020957993065037
1,3,0.5153269652945806
1,4,0.5073097958740032
