seed,sample,ranking_score
1,0,0.29236901860512277
1,1,0.3524210451199796
1,2,0.35321035036736287
1,3,0.39631698414905814
1,4,0.34873909883157306
