seed,sample,ranking_score
1,0,0.909766389096579
1,1,0.925410791270392
1,2,0.9153474008554262
1,3,0.9231096541337633
1,4,0.9250250199622558
