seed,sample,ranking_score
1,0,0.5681774319063332
1,1,0.5780693527893372
1,2,0.5688586629907679
1,3,0.5730445056335629
1,4,0.595809107554736
