seed,sample,ranking_score
1,0,0.4087455083276496
1,1,0.4190642902423991
1,2,0.4102181257651507
1,3,0.4155383203305209
1,4,0.41308762923617415
