seed,sample,ranking_score
1,0,0.6316567919546056
1,1,0.655695032677407
1,2,0.6408255471245653
1,3,0.6489260682463501
1,4,0.6372566616544987
