seed,sample,ranking_score
1,0,0.6533282368645261
1,1,0.6798882671164004
1,2,0.6824409172764776
1,3,0.7005577334502237
1,4,0.6863925034309383
