seed,sample,ranking_score
1,0,0.8416753604361249
1,1,0.8331418183601456
1,2,0.8191734248766205
1,3,0.8416886276825768
1,4,0.8460533822507057
