{
    "features": 0.32055211067199707,
    "process_features_model_1_multimer_v3_pred_0": 5.0067901611328125e-06,
    "predict_and_compile_model_1_multimer_v3_pred_0": 563.7971076965332,
    "predict_benchmark_model_1_multimer_v3_pred_0": 442.7668204307556,
    "process_features_model_2_multimer_v3_pred_0": 3.337860107421875e-06,
    "predict_and_compile_model_2_multimer_v3_pred_0": 559.6409413814545,
    "predict_benchmark_model_2_multimer_v3_pred_0": 443.08951115608215,
    "process_features_model_3_multimer_v3_pred_0": 3.814697265625e-06,
    "predict_and_compile_model_3_multimer_v3_pred_0": 561.5638298988342,
    "predict_benchmark_model_3_multimer_v3_pred_0": 443.3655114173889,
    "process_features_model_4_multimer_v3_pred_0": 4.0531158447265625e-06,
    "predict_and_compile_model_4_multimer_v3_pred_0": 553.1941583156586,
    "predict_benchmark_model_4_multimer_v3_pred_0": 432.6545536518097,
    "process_features_model_5_multimer_v3_pred_0": 1.0013580322265625e-05,
    "predict_and_compile_model_5_multimer_v3_pred_0": 549.8086342811584,
    "predict_benchmark_model_5_multimer_v3_pred_0": 431.6967794895172
}