seed,sample,ranking_score
1,0,0.570588114649942
1,1,0.5685252467878241
1,2,0.5651620355999265
1,3,0.5703726565038958
1,4,0.5660613671662567
