{
    "features": 0.01451873779296875,
    "process_features_model_1_multimer_v3_pred_0": 2.384185791015625e-06,
    "predict_and_compile_model_1_multimer_v3_pred_0": 175.312739610672,
    "predict_benchmark_model_1_multimer_v3_pred_0": 97.35949063301086,
    "process_features_model_2_multimer_v3_pred_0": 1.2636184692382812e-05,
    "predict_and_compile_model_2_multimer_v3_pred_0": 174.41175079345703,
    "predict_benchmark_model_2_multimer_v3_pred_0": 97.37536954879761,
    "process_features_model_3_multimer_v3_pred_0": 7.867813110351562e-06,
    "predict_and_compile_model_3_multimer_v3_pred_0": 174.24481892585754,
    "predict_benchmark_model_3_multimer_v3_pred_0": 97.8211030960083,
    "process_features_model_4_multimer_v3_pred_0": 1.33514404296875e-05,
    "predict_and_compile_model_4_multimer_v3_pred_0": 177.63746762275696,
    "predict_benchmark_model_4_multimer_v3_pred_0": 95.74049210548401,
    "process_features_model_5_multimer_v3_pred_0": 1.1205673217773438e-05,
    "predict_and_compile_model_5_multimer_v3_pred_0": 171.93419218063354,
    "predict_benchmark_model_5_multimer_v3_pred_0": 95.53636693954468
}