seed,sample,ranking_score
1,0,0.49656076085453127
1,1,0.481005824814531
1,2,0.48496057229363854
1,3,0.5136633668916241
1,4,0.480350248661078
