seed,sample,ranking_score
1,0,0.3726318864558226
1,1,0.3734332049498149
1,2,0.3908221647276809
1,3,0.3847361817699624
1,4,0.3967358261946346
