seed,sample,ranking_score
1,0,0.5059577739697569
1,1,0.5145474961858418
1,2,0.5180617835261854
1,3,0.517707140415547
1,4,0.5192291095190115
