{
    "features": 0.09735941886901855,
    "process_features_model_1_multimer_v3_pred_0": 2.6226043701171875e-06,
    "predict_and_compile_model_1_multimer_v3_pred_0": 201.05097198486328,
    "predict_benchmark_model_1_multimer_v3_pred_0": 120.72286868095398,
    "process_features_model_2_multimer_v3_pred_0": 8.821487426757812e-06,
    "predict_and_compile_model_2_multimer_v3_pred_0": 145.49539732933044,
    "predict_benchmark_model_2_multimer_v3_pred_0": 69.06454181671143,
    "process_features_model_3_multimer_v3_pred_0": 1.5497207641601562e-05,
    "predict_and_compile_model_3_multimer_v3_pred_0": 197.34456658363342,
    "predict_benchmark_model_3_multimer_v3_pred_0": 120.54221153259277,
    "process_features_model_4_multimer_v3_pred_0": 1.049041748046875e-05,
    "predict_and_compile_model_4_multimer_v3_pred_0": 195.08977794647217,
    "predict_benchmark_model_4_multimer_v3_pred_0": 116.7215211391449,
    "process_features_model_5_multimer_v3_pred_0": 1.0728836059570312e-05,
    "predict_and_compile_model_5_multimer_v3_pred_0": 198.78047609329224,
    "predict_benchmark_model_5_multimer_v3_pred_0": 116.70892977714539
}