seed,sample,ranking_score
1,0,0.4696566185270711
1,1,0.4835943062419585
1,2,0.45230787300668984
1,3,0.4475493301462502
1,4,0.48069585786355495
