{
    "iptm+ptm": {
        "model_1_multimer_v3_pred_0": 0.8073122708047054,
        "model_1_multimer_v3_pred_1": 0.7994350009190379,
        "model_1_multimer_v3_pred_2": 0.7854778693379519,
        "model_1_multimer_v3_pred_3": 0.788381854604796,
        "model_1_multimer_v3_pred_4": 0.7815685617829322,
        "model_2_multimer_v3_pred_0": 0.6674681989381063,
        "model_2_multimer_v3_pred_1": 0.647963750819674,
        "model_2_multimer_v3_pred_2": 0.6897529144426457,
        "model_2_multimer_v3_pred_3": 0.6816760550433901,
        "model_2_multimer_v3_pred_4": 0.6524811978893557,
        "model_3_multimer_v3_pred_0": 0.7428981171192047,
        "model_3_multimer_v3_pred_1": 0.7318928005295959,
        "model_3_multimer_v3_pred_2": 0.7344446441793324,
        "model_3_multimer_v3_pred_3": 0.73918425317183,
        "model_3_multimer_v3_pred_4": 0.7461151189255967,
        "model_4_multimer_v3_pred_0": 0.8265854073590617,
        "model_4_multimer_v3_pred_1": 0.8139688208006753,
        "model_4_multimer_v3_pred_2": 0.8229625669307973,
        "model_4_multimer_v3_pred_3": 0.8232510884813309,
        "model_4_multimer_v3_pred_4": 0.7983033739571845,
        "model_5_multimer_v3_pred_0": 0.754801991764606,
        "model_5_multimer_v3_pred_1": 0.6991904479453659,
        "model_5_multimer_v3_pred_2": 0.7509703597982076,
        "model_5_multimer_v3_pred_3": 0.6777597247169457,
        "model_5_multimer_v3_pred_4": 0.6710084146019679
    },
    "order": [
        "model_4_multimer_v3_pred_0",
        "model_4_multimer_v3_pred_3",
        "model_4_multimer_v3_pred_2",
        "model_4_multimer_v3_pred_1",
        "model_1_multimer_v3_pred_0",
        "model_1_multimer_v3_pred_1",
        "model_4_multimer_v3_pred_4",
        "model_1_multimer_v3_pred_3",
        "model_1_multimer_v3_pred_2",
        "model_1_multimer_v3_pred_4",
        "model_5_multimer_v3_pred_0",
        "model_5_multimer_v3_pred_2",
        "model_3_multimer_v3_pred_4",
        "model_3_multimer_v3_pred_0",
        "model_3_multimer_v3_pred_3",
        "model_3_multimer_v3_pred_2",
        "model_3_multimer_v3_pred_1",
        "model_5_multimer_v3_pred_1",
        "model_2_multimer_v3_pred_2",
        "model_2_multimer_v3_pred_3",
        "model_5_multimer_v3_pred_3",
        "model_5_multimer_v3_pred_4",
        "model_2_multimer_v3_pred_0",
        "model_2_multimer_v3_pred_4",
        "model_2_multimer_v3_pred_1"
    ]
}