seed,sample,ranking_score
1,0,0.7033357107771426
1,1,0.7095632399872105
1,2,0.6891391422723548
1,3,0.6935822916858307
1,4,0.7083027057678065
