seed,sample,ranking_score
1,0,0.3721747721129763
1,1,0.39816332648998193
1,2,0.376602058525986
1,3,0.39140270459140886
1,4,0.39529213741354824
