seed,sample,ranking_score
1,0,0.8009289834181189
1,1,0.794270397198215
1,2,0.7991084256375094
1,3,0.8000891309100282
1,4,0.7996317232545931
