seed,sample,ranking_score
5,0,0.8413147411035548
5,1,0.8459618952723829
5,2,0.8307108630173689
5,3,0.7972029574825091
5,4,0.8287796891758176
