seed,sample,ranking_score
1,0,0.8093049344052119
1,1,0.805655487666324
1,2,0.7917872731373093
1,3,0.8099541501082108
1,4,0.8001877248191374
