seed,sample,ranking_score
1,0,0.4963817164407465
1,1,0.5190639051396058
1,2,0.49350565471406943
1,3,0.5158018902315099
1,4,0.48639992280918704
