seed,sample,ranking_score
1,0,0.645606746013053
1,1,0.6609138016172126
1,2,0.6158249858388443
1,3,0.6417259677174385
1,4,0.6486719430570296
