{
    "features": 0.1399097442626953,
    "process_features_model_1_multimer_v3_pred_0": 5.245208740234375e-06,
    "predict_and_compile_model_1_multimer_v3_pred_0": 688.0739483833313,
    "predict_benchmark_model_1_multimer_v3_pred_0": 520.528169631958,
    "process_features_model_2_multimer_v3_pred_0": 5.4836273193359375e-06,
    "predict_and_compile_model_2_multimer_v3_pred_0": 668.87935090065,
    "predict_benchmark_model_2_multimer_v3_pred_0": 520.5968840122223,
    "process_features_model_3_multimer_v3_pred_0": 4.5299530029296875e-06,
    "predict_and_compile_model_3_multimer_v3_pred_0": 672.6139976978302,
    "predict_benchmark_model_3_multimer_v3_pred_0": 522.7162868976593,
    "process_features_model_4_multimer_v3_pred_0": 5.245208740234375e-06,
    "predict_and_compile_model_4_multimer_v3_pred_0": 667.8525335788727,
    "predict_benchmark_model_4_multimer_v3_pred_0": 509.14072346687317,
    "process_features_model_5_multimer_v3_pred_0": 1.1205673217773438e-05,
    "predict_and_compile_model_5_multimer_v3_pred_0": 661.9823346138,
    "predict_benchmark_model_5_multimer_v3_pred_0": 511.4803683757782
}