seed,sample,ranking_score
1,0,0.768722291365074
1,1,0.8002125291761464
1,2,0.7377729698780922
1,3,0.7464031911308949
1,4,0.768025006574062
