seed,sample,ranking_score
5,0,0.4205491517182295
5,1,0.41447974663357673
5,2,0.4110264816737629
5,3,0.4047362984750329
5,4,0.40464449261352337
