seed,sample,ranking_score
5,0,0.9726651171990401
5,1,0.9674097077060649
5,2,0.9779695975001074
5,3,0.9609183969474053
5,4,0.9701969470308996
