seed,sample,ranking_score
5,0,0.9175937819520634
5,1,0.9245859313656495
5,2,0.9177768664622158
5,3,0.9235929898930326
5,4,0.9205996405511169
