seed,sample,ranking_score
1,0,0.5719587850292804
1,1,0.6048505206479846
1,2,0.5895067738887958
1,3,0.5896235966009938
1,4,0.5998127798232408
