seed,sample,ranking_score
1,0,0.5752166871813494
1,1,0.604873405633955
1,2,0.582919819256072
1,3,0.5821488878680814
1,4,0.5839257556161113
