{
    "features": 0.1222841739654541,
    "process_features_model_1_multimer_v3_pred_0": 4.291534423828125e-06,
    "predict_and_compile_model_1_multimer_v3_pred_0": 621.5759987831116,
    "predict_benchmark_model_1_multimer_v3_pred_0": 459.1695828437805,
    "process_features_model_2_multimer_v3_pred_0": 3.5762786865234375e-06,
    "predict_and_compile_model_2_multimer_v3_pred_0": 397.3783857822418,
    "predict_benchmark_model_2_multimer_v3_pred_0": 240.79197931289673,
    "process_features_model_3_multimer_v3_pred_0": 4.0531158447265625e-06,
    "predict_and_compile_model_3_multimer_v3_pred_0": 610.3806567192078,
    "predict_benchmark_model_3_multimer_v3_pred_0": 459.13140988349915,
    "process_features_model_4_multimer_v3_pred_0": 4.291534423828125e-06,
    "predict_and_compile_model_4_multimer_v3_pred_0": 608.0778241157532,
    "predict_benchmark_model_4_multimer_v3_pred_0": 452.2666311264038,
    "process_features_model_5_multimer_v3_pred_0": 5.0067901611328125e-06,
    "predict_and_compile_model_5_multimer_v3_pred_0": 598.7877945899963,
    "predict_benchmark_model_5_multimer_v3_pred_0": 451.79756021499634
}