{
    "features": 0.029485702514648438,
    "process_features_model_1_multimer_v3_pred_0": 6.198883056640625e-06,
    "predict_and_compile_model_1_multimer_v3_pred_0": 287.1258735656738,
    "predict_benchmark_model_1_multimer_v3_pred_0": 211.80449271202087,
    "process_features_model_2_multimer_v3_pred_0": 1.621246337890625e-05,
    "predict_and_compile_model_2_multimer_v3_pred_0": 286.4165849685669,
    "predict_benchmark_model_2_multimer_v3_pred_0": 211.35796070098877,
    "process_features_model_3_multimer_v3_pred_0": 1.2874603271484375e-05,
    "predict_and_compile_model_3_multimer_v3_pred_0": 294.87889552116394,
    "predict_benchmark_model_3_multimer_v3_pred_0": 211.43029713630676,
    "process_features_model_4_multimer_v3_pred_0": 2.4557113647460938e-05,
    "predict_and_compile_model_4_multimer_v3_pred_0": 284.7330131530762,
    "predict_benchmark_model_4_multimer_v3_pred_0": 205.7348005771637,
    "process_features_model_5_multimer_v3_pred_0": 5.364418029785156e-05,
    "predict_and_compile_model_5_multimer_v3_pred_0": 290.3666455745697,
    "predict_benchmark_model_5_multimer_v3_pred_0": 205.77069759368896
}