seed,sample,ranking_score
1,0,0.513207017221808
1,1,0.5346625912776918
1,2,0.5543154741419994
1,3,0.5278033903423026
1,4,0.5420669096417796
