seed,sample,ranking_score
1,0,0.6788115494337474
1,1,0.7437443810077995
1,2,0.7034003889033665
1,3,0.6754029860161546
1,4,0.6722143493938565
