{
    "features": 0.010673761367797852,
    "process_features_model_1_multimer_v3_pred_0": 4.0531158447265625e-06,
    "predict_and_compile_model_1_multimer_v3_pred_0": 520.2886636257172,
    "relax_model_1_multimer_v3_pred_0": 47.62254595756531,
    "process_features_model_1_multimer_v3_pred_1": 3.0994415283203125e-06,
    "predict_and_compile_model_1_multimer_v3_pred_1": 340.8786852359772,
    "relax_model_1_multimer_v3_pred_1": 25.649967432022095,
    "process_features_model_1_multimer_v3_pred_2": 3.814697265625e-06,
    "predict_and_compile_model_1_multimer_v3_pred_2": 340.9102580547333,
    "relax_model_1_multimer_v3_pred_2": 26.48193907737732,
    "process_features_model_1_multimer_v3_pred_3": 3.0994415283203125e-06,
    "predict_and_compile_model_1_multimer_v3_pred_3": 340.97127985954285,
    "relax_model_1_multimer_v3_pred_3": 26.35802936553955,
    "process_features_model_1_multimer_v3_pred_4": 2.86102294921875e-06,
    "predict_and_compile_model_1_multimer_v3_pred_4": 341.3341763019562,
    "relax_model_1_multimer_v3_pred_4": 35.070101261138916,
    "process_features_model_2_multimer_v3_pred_0": 4.291534423828125e-06,
    "predict_and_compile_model_2_multimer_v3_pred_0": 366.66555857658386,
    "relax_model_2_multimer_v3_pred_0": 27.323977947235107,
    "process_features_model_2_multimer_v3_pred_1": 3.814697265625e-06,
    "predict_and_compile_model_2_multimer_v3_pred_1": 162.63630604743958,
    "relax_model_2_multimer_v3_pred_1": 25.47483229637146,
    "process_features_model_2_multimer_v3_pred_2": 3.0994415283203125e-06,
    "predict_and_compile_model_2_multimer_v3_pred_2": 146.38605213165283,
    "relax_model_2_multimer_v3_pred_2": 27.049707889556885,
    "process_features_model_2_multimer_v3_pred_3": 3.0994415283203125e-06,
    "predict_and_compile_model_2_multimer_v3_pred_3": 97.71562719345093,
    "relax_model_2_multimer_v3_pred_3": 34.49177074432373,
    "process_features_model_2_multimer_v3_pred_4": 2.86102294921875e-06,
    "predict_and_compile_model_2_multimer_v3_pred_4": 227.27667212486267,
    "relax_model_2_multimer_v3_pred_4": 26.694498777389526,
    "process_features_model_3_multimer_v3_pred_0": 3.0994415283203125e-06,
    "predict_and_compile_model_3_multimer_v3_pred_0": 321.25111079216003,
    "relax_model_3_multimer_v3_pred_0": 45.39694786071777,
    "process_features_model_3_multimer_v3_pred_1": 2.86102294921875e-06,
    "predict_and_compile_model_3_multimer_v3_pred_1": 130.21169114112854,
    "relax_model_3_multimer_v3_pred_1": 45.3507125377655,
    "process_features_model_3_multimer_v3_pred_2": 2.86102294921875e-06,
    "predict_and_compile_model_3_multimer_v3_pred_2": 194.88690376281738,
    "relax_model_3_multimer_v3_pred_2": 52.505449295043945,
    "process_features_model_3_multimer_v3_pred_3": 3.0994415283203125e-06,
    "predict_and_compile_model_3_multimer_v3_pred_3": 340.51547169685364,
    "relax_model_3_multimer_v3_pred_3": 45.96766519546509,
    "process_features_model_3_multimer_v3_pred_4": 4.291534423828125e-06,
    "predict_and_compile_model_3_multimer_v3_pred_4": 340.8537120819092,
    "relax_model_3_multimer_v3_pred_4": 44.56690692901611,
    "process_features_model_4_multimer_v3_pred_0": 3.0994415283203125e-06,
    "predict_and_compile_model_4_multimer_v3_pred_0": 513.6454377174377,
    "relax_model_4_multimer_v3_pred_0": 25.707433700561523,
    "process_features_model_4_multimer_v3_pred_1": 3.0994415283203125e-06,
    "predict_and_compile_model_4_multimer_v3_pred_1": 335.5440447330475,
    "relax_model_4_multimer_v3_pred_1": 35.61167883872986,
    "process_features_model_4_multimer_v3_pred_2": 3.814697265625e-06,
    "predict_and_compile_model_4_multimer_v3_pred_2": 335.21839570999146,
    "relax_model_4_multimer_v3_pred_2": 34.76054525375366,
    "process_features_model_4_multimer_v3_pred_3": 4.291534423828125e-06,
    "predict_and_compile_model_4_multimer_v3_pred_3": 335.22032165527344,
    "relax_model_4_multimer_v3_pred_3": 35.82346844673157,
    "process_features_model_4_multimer_v3_pred_4": 4.0531158447265625e-06,
    "predict_and_compile_model_4_multimer_v3_pred_4": 335.46892070770264,
    "relax_model_4_multimer_v3_pred_4": 36.299527168273926,
    "process_features_model_5_multimer_v3_pred_0": 3.337860107421875e-06,
    "predict_and_compile_model_5_multimer_v3_pred_0": 381.54901933670044,
    "relax_model_5_multimer_v3_pred_0": 25.88791847229004,
    "process_features_model_5_multimer_v3_pred_1": 3.337860107421875e-06,
    "predict_and_compile_model_5_multimer_v3_pred_1": 335.255841255188,
    "relax_model_5_multimer_v3_pred_1": 27.778422355651855,
    "process_features_model_5_multimer_v3_pred_2": 2.86102294921875e-06,
    "predict_and_compile_model_5_multimer_v3_pred_2": 335.1531856060028,
    "relax_model_5_multimer_v3_pred_2": 27.690317630767822,
    "process_features_model_5_multimer_v3_pred_3": 2.6226043701171875e-06,
    "predict_and_compile_model_5_multimer_v3_pred_3": 335.5311563014984,
    "relax_model_5_multimer_v3_pred_3": 36.15182375907898,
    "process_features_model_5_multimer_v3_pred_4": 1.2159347534179688e-05,
    "predict_and_compile_model_5_multimer_v3_pred_4": 143.95495128631592,
    "relax_model_5_multimer_v3_pred_4": 31.863704204559326
}