seed,sample,ranking_score
1,0,0.711613836525768
1,1,0.7335220191445183
1,2,0.7200093609587201
1,3,0.6992344983615296
1,4,0.7209751930187903
