{
    "features": 0.012198448181152344,
    "process_features_model_1_multimer_v3_pred_0": 2.6226043701171875e-06,
    "predict_and_compile_model_1_multimer_v3_pred_0": 143.87748670578003,
    "predict_benchmark_model_1_multimer_v3_pred_0": 67.05633020401001,
    "process_features_model_2_multimer_v3_pred_0": 7.867813110351562e-06,
    "predict_and_compile_model_2_multimer_v3_pred_0": 104.98446345329285,
    "predict_benchmark_model_2_multimer_v3_pred_0": 26.871041297912598,
    "process_features_model_3_multimer_v3_pred_0": 6.67572021484375e-06,
    "predict_and_compile_model_3_multimer_v3_pred_0": 137.60507726669312,
    "predict_benchmark_model_3_multimer_v3_pred_0": 58.04646849632263,
    "process_features_model_4_multimer_v3_pred_0": 1.4781951904296875e-05,
    "predict_and_compile_model_4_multimer_v3_pred_0": 129.5821192264557,
    "predict_benchmark_model_4_multimer_v3_pred_0": 48.08655333518982,
    "process_features_model_5_multimer_v3_pred_0": 9.298324584960938e-06,
    "predict_and_compile_model_5_multimer_v3_pred_0": 110.67248940467834,
    "predict_benchmark_model_5_multimer_v3_pred_0": 30.69977378845215
}