{
    "features": 0.16170358657836914,
    "process_features_model_1_multimer_v3_pred_0": 5.4836273193359375e-06,
    "predict_and_compile_model_1_multimer_v3_pred_0": 466.8028447628021,
    "predict_benchmark_model_1_multimer_v3_pred_0": 346.26614928245544,
    "process_features_model_2_multimer_v3_pred_0": 3.814697265625e-06,
    "predict_and_compile_model_2_multimer_v3_pred_0": 462.63545417785645,
    "predict_benchmark_model_2_multimer_v3_pred_0": 345.98265075683594,
    "process_features_model_3_multimer_v3_pred_0": 4.0531158447265625e-06,
    "predict_and_compile_model_3_multimer_v3_pred_0": 462.57428216934204,
    "predict_benchmark_model_3_multimer_v3_pred_0": 345.60782074928284,
    "process_features_model_4_multimer_v3_pred_0": 3.814697265625e-06,
    "predict_and_compile_model_4_multimer_v3_pred_0": 456.8714532852173,
    "predict_benchmark_model_4_multimer_v3_pred_0": 336.9618093967438,
    "process_features_model_5_multimer_v3_pred_0": 4.0531158447265625e-06,
    "predict_and_compile_model_5_multimer_v3_pred_0": 451.9475486278534,
    "predict_benchmark_model_5_multimer_v3_pred_0": 336.74395990371704
}