{
    "features": 0.005566596984863281,
    "process_features_model_1_multimer_v3_pred_0": 3.5762786865234375e-06,
    "predict_and_compile_model_1_multimer_v3_pred_0": 298.7469415664673,
    "relax_model_1_multimer_v3_pred_0": 48.51333403587341,
    "process_features_model_1_multimer_v3_pred_1": 3.0994415283203125e-06,
    "predict_and_compile_model_1_multimer_v3_pred_1": 188.44361686706543,
    "relax_model_1_multimer_v3_pred_1": 48.16295027732849,
    "process_features_model_1_multimer_v3_pred_2": 2.384185791015625e-06,
    "predict_and_compile_model_1_multimer_v3_pred_2": 188.48139810562134,
    "relax_model_1_multimer_v3_pred_2": 43.68990731239319,
    "process_features_model_1_multimer_v3_pred_3": 2.6226043701171875e-06,
    "predict_and_compile_model_1_multimer_v3_pred_3": 188.40639424324036,
    "relax_model_1_multimer_v3_pred_3": 41.5921790599823,
    "process_features_model_1_multimer_v3_pred_4": 2.6226043701171875e-06,
    "predict_and_compile_model_1_multimer_v3_pred_4": 188.29981136322021,
    "relax_model_1_multimer_v3_pred_4": 46.628199100494385,
    "process_features_model_2_multimer_v3_pred_0": 2.6226043701171875e-06,
    "predict_and_compile_model_2_multimer_v3_pred_0": 297.5121560096741,
    "relax_model_2_multimer_v3_pred_0": 50.035149812698364,
    "process_features_model_2_multimer_v3_pred_1": 3.0994415283203125e-06,
    "predict_and_compile_model_2_multimer_v3_pred_1": 188.58697986602783,
    "relax_model_2_multimer_v3_pred_1": 42.2211697101593,
    "process_features_model_2_multimer_v3_pred_2": 2.384185791015625e-06,
    "predict_and_compile_model_2_multimer_v3_pred_2": 188.69710159301758,
    "relax_model_2_multimer_v3_pred_2": 43.108325719833374,
    "process_features_model_2_multimer_v3_pred_3": 2.384185791015625e-06,
    "predict_and_compile_model_2_multimer_v3_pred_3": 188.78094959259033,
    "relax_model_2_multimer_v3_pred_3": 48.16232633590698,
    "process_features_model_2_multimer_v3_pred_4": 2.6226043701171875e-06,
    "predict_and_compile_model_2_multimer_v3_pred_4": 188.63136458396912,
    "relax_model_2_multimer_v3_pred_4": 43.92334461212158,
    "process_features_model_3_multimer_v3_pred_0": 2.384185791015625e-06,
    "predict_and_compile_model_3_multimer_v3_pred_0": 298.916321516037,
    "relax_model_3_multimer_v3_pred_0": 24.914479970932007,
    "process_features_model_3_multimer_v3_pred_1": 2.86102294921875e-06,
    "predict_and_compile_model_3_multimer_v3_pred_1": 188.5347490310669,
    "relax_model_3_multimer_v3_pred_1": 43.13948655128479,
    "process_features_model_3_multimer_v3_pred_2": 2.384185791015625e-06,
    "predict_and_compile_model_3_multimer_v3_pred_2": 188.64027881622314,
    "relax_model_3_multimer_v3_pred_2": 43.12488842010498,
    "process_features_model_3_multimer_v3_pred_3": 2.6226043701171875e-06,
    "predict_and_compile_model_3_multimer_v3_pred_3": 189.00754809379578,
    "relax_model_3_multimer_v3_pred_3": 44.454612731933594,
    "process_features_model_3_multimer_v3_pred_4": 2.1457672119140625e-06,
    "predict_and_compile_model_3_multimer_v3_pred_4": 188.5924208164215,
    "relax_model_3_multimer_v3_pred_4": 47.12333393096924,
    "process_features_model_4_multimer_v3_pred_0": 2.6226043701171875e-06,
    "predict_and_compile_model_4_multimer_v3_pred_0": 299.52899622917175,
    "relax_model_4_multimer_v3_pred_0": 42.12458658218384,
    "process_features_model_4_multimer_v3_pred_1": 2.86102294921875e-06,
    "predict_and_compile_model_4_multimer_v3_pred_1": 185.83078503608704,
    "relax_model_4_multimer_v3_pred_1": 42.65696477890015,
    "process_features_model_4_multimer_v3_pred_2": 2.1457672119140625e-06,
    "predict_and_compile_model_4_multimer_v3_pred_2": 185.6364347934723,
    "relax_model_4_multimer_v3_pred_2": 43.414433002471924,
    "process_features_model_4_multimer_v3_pred_3": 2.6226043701171875e-06,
    "predict_and_compile_model_4_multimer_v3_pred_3": 185.7567262649536,
    "relax_model_4_multimer_v3_pred_3": 41.82295370101929,
    "process_features_model_4_multimer_v3_pred_4": 2.384185791015625e-06,
    "predict_and_compile_model_4_multimer_v3_pred_4": 185.86366415023804,
    "relax_model_4_multimer_v3_pred_4": 42.24876832962036,
    "process_features_model_5_multimer_v3_pred_0": 2.384185791015625e-06,
    "predict_and_compile_model_5_multimer_v3_pred_0": 296.9690146446228,
    "relax_model_5_multimer_v3_pred_0": 25.236536264419556,
    "process_features_model_5_multimer_v3_pred_1": 2.86102294921875e-06,
    "predict_and_compile_model_5_multimer_v3_pred_1": 185.81781697273254,
    "relax_model_5_multimer_v3_pred_1": 36.52135181427002,
    "process_features_model_5_multimer_v3_pred_2": 2.384185791015625e-06,
    "predict_and_compile_model_5_multimer_v3_pred_2": 185.88858294487,
    "relax_model_5_multimer_v3_pred_2": 39.77018857002258,
    "process_features_model_5_multimer_v3_pred_3": 3.337860107421875e-06,
    "predict_and_compile_model_5_multimer_v3_pred_3": 186.28112745285034,
    "relax_model_5_multimer_v3_pred_3": 25.59623146057129,
    "process_features_model_5_multimer_v3_pred_4": 2.384185791015625e-06,
    "predict_and_compile_model_5_multimer_v3_pred_4": 185.84165215492249,
    "relax_model_5_multimer_v3_pred_4": 25.126418590545654
}