seed,sample,ranking_score
1,0,0.7805499228048938
1,1,0.8162115418107198
1,2,0.8065013888776593
1,3,0.8111035338711576
1,4,0.8115524699868613
