seed,sample,ranking_score
1,0,0.36870243990144164
1,1,0.3805908645246225
1,2,0.3445415853887752
1,3,0.4244127299139663
1,4,0.36547277926702604
