{
    "features": 0.01845097541809082,
    "process_features_model_1_multimer_v3_pred_0": 2.1457672119140625e-06,
    "predict_and_compile_model_1_multimer_v3_pred_0": 160.28783798217773,
    "predict_benchmark_model_1_multimer_v3_pred_0": 71.76601219177246,
    "process_features_model_2_multimer_v3_pred_0": 2.193450927734375e-05,
    "predict_and_compile_model_2_multimer_v3_pred_0": 199.52362179756165,
    "predict_benchmark_model_2_multimer_v3_pred_0": 115.57464742660522,
    "process_features_model_3_multimer_v3_pred_0": 2.6941299438476562e-05,
    "predict_and_compile_model_3_multimer_v3_pred_0": 151.67434978485107,
    "predict_benchmark_model_3_multimer_v3_pred_0": 66.14938688278198,
    "process_features_model_4_multimer_v3_pred_0": 2.1219253540039062e-05,
    "predict_and_compile_model_4_multimer_v3_pred_0": 144.4142804145813,
    "predict_benchmark_model_4_multimer_v3_pred_0": 58.8758819103241,
    "process_features_model_5_multimer_v3_pred_0": 2.4557113647460938e-05,
    "predict_and_compile_model_5_multimer_v3_pred_0": 198.98384547233582,
    "predict_benchmark_model_5_multimer_v3_pred_0": 112.10845708847046
}