seed,sample,ranking_score
1,0,0.6843719622530143
1,1,0.6508245617815178
1,2,0.6763748544100774
1,3,0.6920926191664277
1,4,0.6789790058042136
