{
    "features": 0.01876544952392578,
    "process_features_model_1_multimer_v3_pred_0": 2.6226043701171875e-06,
    "predict_and_compile_model_1_multimer_v3_pred_0": 199.06875944137573,
    "predict_benchmark_model_1_multimer_v3_pred_0": 112.89368438720703,
    "process_features_model_2_multimer_v3_pred_0": 4.57763671875e-05,
    "predict_and_compile_model_2_multimer_v3_pred_0": 109.20613884925842,
    "predict_benchmark_model_2_multimer_v3_pred_0": 26.866405248641968,
    "process_features_model_3_multimer_v3_pred_0": 2.1457672119140625e-05,
    "predict_and_compile_model_3_multimer_v3_pred_0": 192.31668281555176,
    "predict_benchmark_model_3_multimer_v3_pred_0": 113.10981392860413,
    "process_features_model_4_multimer_v3_pred_0": 2.2411346435546875e-05,
    "predict_and_compile_model_4_multimer_v3_pred_0": 191.14674520492554,
    "predict_benchmark_model_4_multimer_v3_pred_0": 108.75271415710449,
    "process_features_model_5_multimer_v3_pred_0": 3.24249267578125e-05,
    "predict_and_compile_model_5_multimer_v3_pred_0": 139.47863960266113,
    "predict_benchmark_model_5_multimer_v3_pred_0": 57.02588152885437
}