seed,sample,ranking_score
1,0,0.5515640469624921
1,1,0.5475682808390906
1,2,0.5424734651565105
1,3,0.598266740257229
1,4,0.5390870369896167
