seed,sample,ranking_score
1,0,0.7105475894333401
1,1,0.7208207392659929
1,2,0.7520093704034779
1,3,0.7254110251841418
1,4,0.7029584636482178
