seed,sample,ranking_score
1,0,0.6352772778387985
1,1,0.6350069657065942
1,2,0.6294009262906936
1,3,0.6198858749199918
1,4,0.640997230159006
