seed,sample,ranking_score
1,0,0.43240444237533743
1,1,0.5810692795112511
1,2,0.5616745875682386
1,3,0.5805109122411493
1,4,0.5602104981349498
