seed,sample,ranking_score
1,0,0.501981931626994
1,1,0.49927533947291336
1,2,0.5110061254852344
1,3,0.5209742510353278
1,4,0.5304988345768351
