seed,sample,ranking_score
1,0,0.5795439450983382
1,1,0.5492705945293682
1,2,0.5903028242943336
1,3,0.5620932694732074
1,4,0.5806756760082161
