seed,sample,ranking_score
1,0,0.9864032478078205
1,1,0.9814996517226601
1,2,0.9851545336564095
1,3,0.9779004211474873
1,4,0.9807151584820138
