{
    "features": 0.0055315494537353516,
    "process_features_model_1_multimer_v3_pred_0": 3.337860107421875e-06,
    "predict_and_compile_model_1_multimer_v3_pred_0": 164.9555745124817,
    "relax_model_1_multimer_v3_pred_0": 32.794886350631714,
    "process_features_model_1_multimer_v3_pred_1": 2.86102294921875e-06,
    "predict_and_compile_model_1_multimer_v3_pred_1": 107.84762501716614,
    "relax_model_1_multimer_v3_pred_1": 15.308376550674438,
    "process_features_model_1_multimer_v3_pred_2": 2.384185791015625e-06,
    "predict_and_compile_model_1_multimer_v3_pred_2": 56.64968729019165,
    "relax_model_1_multimer_v3_pred_2": 30.303043127059937,
    "process_features_model_1_multimer_v3_pred_3": 2.1457672119140625e-06,
    "predict_and_compile_model_1_multimer_v3_pred_3": 46.45206332206726,
    "relax_model_1_multimer_v3_pred_3": 16.2010760307312,
    "process_features_model_1_multimer_v3_pred_4": 3.337860107421875e-06,
    "predict_and_compile_model_1_multimer_v3_pred_4": 107.89600229263306,
    "relax_model_1_multimer_v3_pred_4": 16.843925952911377,
    "process_features_model_2_multimer_v3_pred_0": 2.384185791015625e-06,
    "predict_and_compile_model_2_multimer_v3_pred_0": 208.04109406471252,
    "relax_model_2_multimer_v3_pred_0": 28.71751308441162,
    "process_features_model_2_multimer_v3_pred_1": 2.86102294921875e-06,
    "predict_and_compile_model_2_multimer_v3_pred_1": 51.545435667037964,
    "relax_model_2_multimer_v3_pred_1": 15.627684116363525,
    "process_features_model_2_multimer_v3_pred_2": 2.6226043701171875e-06,
    "predict_and_compile_model_2_multimer_v3_pred_2": 92.43402099609375,
    "relax_model_2_multimer_v3_pred_2": 29.707654237747192,
    "process_features_model_2_multimer_v3_pred_3": 2.1457672119140625e-06,
    "predict_and_compile_model_2_multimer_v3_pred_3": 56.99080276489258,
    "relax_model_2_multimer_v3_pred_3": 20.289817810058594,
    "process_features_model_2_multimer_v3_pred_4": 2.86102294921875e-06,
    "predict_and_compile_model_2_multimer_v3_pred_4": 87.39053010940552,
    "relax_model_2_multimer_v3_pred_4": 19.119774103164673,
    "process_features_model_3_multimer_v3_pred_0": 2.1457672119140625e-06,
    "predict_and_compile_model_3_multimer_v3_pred_0": 173.9154622554779,
    "relax_model_3_multimer_v3_pred_0": 16.188925743103027,
    "process_features_model_3_multimer_v3_pred_1": 3.337860107421875e-06,
    "predict_and_compile_model_3_multimer_v3_pred_1": 107.57308220863342,
    "relax_model_3_multimer_v3_pred_1": 21.528667211532593,
    "process_features_model_3_multimer_v3_pred_2": 2.86102294921875e-06,
    "predict_and_compile_model_3_multimer_v3_pred_2": 30.978737831115723,
    "relax_model_3_multimer_v3_pred_2": 15.616132020950317,
    "process_features_model_3_multimer_v3_pred_3": 2.6226043701171875e-06,
    "predict_and_compile_model_3_multimer_v3_pred_3": 72.00909185409546,
    "relax_model_3_multimer_v3_pred_3": 17.51094627380371,
    "process_features_model_3_multimer_v3_pred_4": 2.6226043701171875e-06,
    "predict_and_compile_model_3_multimer_v3_pred_4": 56.61052966117859,
    "relax_model_3_multimer_v3_pred_4": 15.704041481018066,
    "process_features_model_4_multimer_v3_pred_0": 2.384185791015625e-06,
    "predict_and_compile_model_4_multimer_v3_pred_0": 226.74110627174377,
    "relax_model_4_multimer_v3_pred_0": 17.37956142425537,
    "process_features_model_4_multimer_v3_pred_1": 3.0994415283203125e-06,
    "predict_and_compile_model_4_multimer_v3_pred_1": 90.94841456413269,
    "relax_model_4_multimer_v3_pred_1": 15.965533256530762,
    "process_features_model_4_multimer_v3_pred_2": 2.6226043701171875e-06,
    "predict_and_compile_model_4_multimer_v3_pred_2": 105.81367182731628,
    "relax_model_4_multimer_v3_pred_2": 17.720062494277954,
    "process_features_model_4_multimer_v3_pred_3": 1.9073486328125e-06,
    "predict_and_compile_model_4_multimer_v3_pred_3": 105.75490379333496,
    "relax_model_4_multimer_v3_pred_3": 18.203620433807373,
    "process_features_model_4_multimer_v3_pred_4": 2.6226043701171875e-06,
    "predict_and_compile_model_4_multimer_v3_pred_4": 105.91995024681091,
    "relax_model_4_multimer_v3_pred_4": 19.619518041610718,
    "process_features_model_5_multimer_v3_pred_0": 2.384185791015625e-06,
    "predict_and_compile_model_5_multimer_v3_pred_0": 221.8513641357422,
    "relax_model_5_multimer_v3_pred_0": 15.699043273925781,
    "process_features_model_5_multimer_v3_pred_1": 2.86102294921875e-06,
    "predict_and_compile_model_5_multimer_v3_pred_1": 106.0487654209137,
    "relax_model_5_multimer_v3_pred_1": 18.907590627670288,
    "process_features_model_5_multimer_v3_pred_2": 2.1457672119140625e-06,
    "predict_and_compile_model_5_multimer_v3_pred_2": 105.98318815231323,
    "relax_model_5_multimer_v3_pred_2": 16.022047758102417,
    "process_features_model_5_multimer_v3_pred_3": 2.384185791015625e-06,
    "predict_and_compile_model_5_multimer_v3_pred_3": 106.06363868713379,
    "relax_model_5_multimer_v3_pred_3": 16.74333095550537,
    "process_features_model_5_multimer_v3_pred_4": 1.9073486328125e-06,
    "predict_and_compile_model_5_multimer_v3_pred_4": 75.66271328926086,
    "relax_model_5_multimer_v3_pred_4": 18.719546794891357
}