seed,sample,ranking_score
1,0,0.7139448209588223
1,1,0.733369213969573
1,2,0.7307954020266615
1,3,0.6989139105676117
1,4,0.7239841616220695
