{
    "features": 0.027410030364990234,
    "process_features_model_1_multimer_v3_pred_0": 2.86102294921875e-06,
    "predict_and_compile_model_1_multimer_v3_pred_0": 109.76698684692383,
    "predict_benchmark_model_1_multimer_v3_pred_0": 28.150630712509155,
    "process_features_model_2_multimer_v3_pred_0": 6.0558319091796875e-05,
    "predict_and_compile_model_2_multimer_v3_pred_0": 120.85579538345337,
    "predict_benchmark_model_2_multimer_v3_pred_0": 42.07798933982849,
    "process_features_model_3_multimer_v3_pred_0": 2.3126602172851562e-05,
    "predict_and_compile_model_3_multimer_v3_pred_0": 177.21033692359924,
    "predict_benchmark_model_3_multimer_v3_pred_0": 97.89454436302185,
    "process_features_model_4_multimer_v3_pred_0": 2.1696090698242188e-05,
    "predict_and_compile_model_4_multimer_v3_pred_0": 118.42140889167786,
    "predict_benchmark_model_4_multimer_v3_pred_0": 36.741379261016846,
    "process_features_model_5_multimer_v3_pred_0": 1.5735626220703125e-05,
    "predict_and_compile_model_5_multimer_v3_pred_0": 177.1243760585785,
    "predict_benchmark_model_5_multimer_v3_pred_0": 96.13473677635193
}