seed,sample,ranking_score
1,0,0.3003670242372474
1,1,0.253276431796832
1,2,0.2565986413253641
1,3,0.2602458482819496
1,4,0.26995459321525805
