seed,sample,ranking_score
3,0,0.7178491272260245
3,1,0.7241917752266749
3,2,0.7028929175436183
3,3,0.711023272533563
3,4,0.7080878952770102
