{
    "features": 0.010535240173339844,
    "process_features_model_1_multimer_v3_pred_0": 2.86102294921875e-06,
    "predict_and_compile_model_1_multimer_v3_pred_0": 533.8321063518524,
    "relax_model_1_multimer_v3_pred_0": 49.53395390510559,
    "process_features_model_1_multimer_v3_pred_1": 4.0531158447265625e-06,
    "predict_and_compile_model_1_multimer_v3_pred_1": 513.542754650116,
    "relax_model_1_multimer_v3_pred_1": 42.70797252655029,
    "process_features_model_1_multimer_v3_pred_2": 3.337860107421875e-06,
    "predict_and_compile_model_1_multimer_v3_pred_2": 513.5145163536072,
    "relax_model_1_multimer_v3_pred_2": 42.76345491409302,
    "process_features_model_1_multimer_v3_pred_3": 3.0994415283203125e-06,
    "predict_and_compile_model_1_multimer_v3_pred_3": 512.6248717308044,
    "relax_model_1_multimer_v3_pred_3": 58.81026577949524,
    "process_features_model_1_multimer_v3_pred_4": 3.5762786865234375e-06,
    "predict_and_compile_model_1_multimer_v3_pred_4": 512.8511271476746,
    "relax_model_1_multimer_v3_pred_4": 41.06903433799744,
    "process_features_model_2_multimer_v3_pred_0": 2.6226043701171875e-06,
    "predict_and_compile_model_2_multimer_v3_pred_0": 684.2450692653656,
    "relax_model_2_multimer_v3_pred_0": 45.64574980735779,
    "process_features_model_2_multimer_v3_pred_1": 2.6226043701171875e-06,
    "predict_and_compile_model_2_multimer_v3_pred_1": 512.1262736320496,
    "relax_model_2_multimer_v3_pred_1": 41.77226161956787,
    "process_features_model_2_multimer_v3_pred_2": 2.86102294921875e-06,
    "predict_and_compile_model_2_multimer_v3_pred_2": 512.5532302856445,
    "relax_model_2_multimer_v3_pred_2": 43.87534284591675,
    "process_features_model_2_multimer_v3_pred_3": 2.86102294921875e-06,
    "predict_and_compile_model_2_multimer_v3_pred_3": 513.6134107112885,
    "relax_model_2_multimer_v3_pred_3": 59.07312846183777,
    "process_features_model_2_multimer_v3_pred_4": 2.86102294921875e-06,
    "predict_and_compile_model_2_multimer_v3_pred_4": 513.5428042411804,
    "relax_model_2_multimer_v3_pred_4": 41.02146244049072,
    "process_features_model_3_multimer_v3_pred_0": 3.0994415283203125e-06,
    "predict_and_compile_model_3_multimer_v3_pred_0": 675.7819516658783,
    "relax_model_3_multimer_v3_pred_0": 47.53732204437256,
    "process_features_model_3_multimer_v3_pred_1": 2.6226043701171875e-06,
    "predict_and_compile_model_3_multimer_v3_pred_1": 512.8805019855499,
    "relax_model_3_multimer_v3_pred_1": 41.40234160423279,
    "process_features_model_3_multimer_v3_pred_2": 3.0994415283203125e-06,
    "predict_and_compile_model_3_multimer_v3_pred_2": 512.8364980220795,
    "relax_model_3_multimer_v3_pred_2": 40.88483929634094,
    "process_features_model_3_multimer_v3_pred_3": 2.86102294921875e-06,
    "predict_and_compile_model_3_multimer_v3_pred_3": 513.5967371463776,
    "relax_model_3_multimer_v3_pred_3": 55.196934938430786,
    "process_features_model_3_multimer_v3_pred_4": 3.814697265625e-06,
    "predict_and_compile_model_3_multimer_v3_pred_4": 513.3710849285126,
    "relax_model_3_multimer_v3_pred_4": 55.82684803009033,
    "process_features_model_4_multimer_v3_pred_0": 3.5762786865234375e-06,
    "predict_and_compile_model_4_multimer_v3_pred_0": 666.7165577411652,
    "relax_model_4_multimer_v3_pred_0": 72.78743863105774,
    "process_features_model_4_multimer_v3_pred_1": 2.86102294921875e-06,
    "predict_and_compile_model_4_multimer_v3_pred_1": 503.97545289993286,
    "relax_model_4_multimer_v3_pred_1": 72.73318290710449,
    "process_features_model_4_multimer_v3_pred_2": 2.86102294921875e-06,
    "predict_and_compile_model_4_multimer_v3_pred_2": 359.913955450058,
    "relax_model_4_multimer_v3_pred_2": 57.70272445678711,
    "process_features_model_4_multimer_v3_pred_3": 2.6226043701171875e-06,
    "predict_and_compile_model_4_multimer_v3_pred_3": 503.75471591949463,
    "relax_model_4_multimer_v3_pred_3": 41.22127318382263,
    "process_features_model_4_multimer_v3_pred_4": 3.0994415283203125e-06,
    "predict_and_compile_model_4_multimer_v3_pred_4": 504.839652299881,
    "relax_model_4_multimer_v3_pred_4": 73.03832268714905,
    "process_features_model_5_multimer_v3_pred_0": 2.86102294921875e-06,
    "predict_and_compile_model_5_multimer_v3_pred_0": 659.1941604614258,
    "relax_model_5_multimer_v3_pred_0": 69.52311587333679,
    "process_features_model_5_multimer_v3_pred_1": 2.384185791015625e-06,
    "predict_and_compile_model_5_multimer_v3_pred_1": 503.95445704460144,
    "relax_model_5_multimer_v3_pred_1": 73.1473879814148,
    "process_features_model_5_multimer_v3_pred_2": 2.86102294921875e-06,
    "predict_and_compile_model_5_multimer_v3_pred_2": 383.9322783946991,
    "relax_model_5_multimer_v3_pred_2": 44.35110688209534,
    "process_features_model_5_multimer_v3_pred_3": 2.86102294921875e-06,
    "predict_and_compile_model_5_multimer_v3_pred_3": 504.04713702201843,
    "relax_model_5_multimer_v3_pred_3": 72.55410361289978,
    "process_features_model_5_multimer_v3_pred_4": 3.0994415283203125e-06,
    "predict_and_compile_model_5_multimer_v3_pred_4": 479.25206875801086,
    "relax_model_5_multimer_v3_pred_4": 44.38680863380432
}