seed,sample,ranking_score
5,0,0.9810253509828561
5,1,1.0031360261485085
5,2,1.0053326701264713
5,3,0.9599540960789932
5,4,0.9817684519158631
