{
    "features": 0.6910254955291748,
    "process_features_model_1_multimer_v3_pred_0": 5.245208740234375e-06,
    "predict_and_compile_model_1_multimer_v3_pred_0": 284.2323188781738,
    "predict_benchmark_model_1_multimer_v3_pred_0": 173.62766647338867,
    "process_features_model_2_multimer_v3_pred_0": 4.0531158447265625e-06,
    "predict_and_compile_model_2_multimer_v3_pred_0": 280.9285776615143,
    "predict_benchmark_model_2_multimer_v3_pred_0": 173.85840487480164,
    "process_features_model_3_multimer_v3_pred_0": 4.0531158447265625e-06,
    "predict_and_compile_model_3_multimer_v3_pred_0": 282.93372893333435,
    "predict_benchmark_model_3_multimer_v3_pred_0": 173.83744192123413,
    "process_features_model_4_multimer_v3_pred_0": 4.5299530029296875e-06,
    "predict_and_compile_model_4_multimer_v3_pred_0": 281.23009514808655,
    "predict_benchmark_model_4_multimer_v3_pred_0": 168.37988448143005,
    "process_features_model_5_multimer_v3_pred_0": 4.5299530029296875e-06,
    "predict_and_compile_model_5_multimer_v3_pred_0": 278.2397665977478,
    "predict_benchmark_model_5_multimer_v3_pred_0": 168.3232958316803
}