seed,sample,ranking_score
1,0,0.4835883481404827
1,1,0.4872263854486114
1,2,0.4868022599463635
1,3,0.46880149429003937
1,4,0.4827770854137184
