seed,sample,ranking_score
1,0,0.7831121675889688
1,1,0.7983989538808666
1,2,0.7584825887908813
1,3,0.7630858563307371
1,4,0.7576765930889388
