seed,sample,ranking_score
1,0,0.710614592083099
1,1,0.7248237005509032
1,2,0.718398683468464
1,3,0.7205072413375708
1,4,0.7152246740624398
