seed,sample,ranking_score
1,0,0.5047594755803234
1,1,0.5019222493594008
1,2,0.5058641357709799
1,3,0.5035215053522984
1,4,0.5072374207962194
