seed,sample,ranking_score
1,0,0.5831389505230371
1,1,0.5931391127657407
1,2,0.5776678466300724
1,3,0.5464286468730198
1,4,0.570505042646203
