seed,sample,ranking_score
1,0,0.8011846734867115
1,1,0.7990367934323932
1,2,0.7967833047317687
1,3,0.7941486892079272
1,4,0.8047073048627305
