seed,sample,ranking_score
2,0,0.5625561425447039
2,1,0.5334971249796725
2,2,0.5443102083879635
2,3,0.5414577849300815
2,4,0.5565345129130344
