seed,sample,ranking_score
4,0,0.9217498868772172
4,1,0.9257931114527448
4,2,0.8918509746917549
4,3,0.924156978400004
4,4,0.9129999424292425
