seed,sample,ranking_score
1,0,0.5890091057409954
1,1,0.5030610471980004
1,2,0.5825027365840474
1,3,0.5865678935656168
1,4,0.552486535064696
