seed,sample,ranking_score
1,0,0.5136774604503178
1,1,0.5255725156320432
1,2,0.5232920967236458
1,3,0.5197859269022541
1,4,0.5125674307198661
