seed,sample,ranking_score
1,0,0.6849458660478259
1,1,0.7057575505273348
1,2,0.7009714751049962
1,3,0.7054008452987938
1,4,0.7101211307641684
