{
    "features": 0.025565147399902344,
    "process_features_model_1_multimer_v3_pred_0": 3.337860107421875e-06,
    "predict_and_compile_model_1_multimer_v3_pred_0": 145.33465909957886,
    "predict_benchmark_model_1_multimer_v3_pred_0": 57.31418418884277,
    "process_features_model_2_multimer_v3_pred_0": 3.0994415283203125e-05,
    "predict_and_compile_model_2_multimer_v3_pred_0": 140.2256224155426,
    "predict_benchmark_model_2_multimer_v3_pred_0": 57.65664553642273,
    "process_features_model_3_multimer_v3_pred_0": 7.3909759521484375e-06,
    "predict_and_compile_model_3_multimer_v3_pred_0": 141.35342836380005,
    "predict_benchmark_model_3_multimer_v3_pred_0": 57.296051025390625,
    "process_features_model_4_multimer_v3_pred_0": 2.1219253540039062e-05,
    "predict_and_compile_model_4_multimer_v3_pred_0": 188.17944288253784,
    "predict_benchmark_model_4_multimer_v3_pred_0": 108.36999607086182,
    "process_features_model_5_multimer_v3_pred_0": 8.106231689453125e-06,
    "predict_and_compile_model_5_multimer_v3_pred_0": 190.82609581947327,
    "predict_benchmark_model_5_multimer_v3_pred_0": 108.06303143501282
}