{
    "features": 0.3772099018096924,
    "process_features_model_1_multimer_v3_pred_0": 4.5299530029296875e-06,
    "predict_and_compile_model_1_multimer_v3_pred_0": 147.95138931274414,
    "predict_benchmark_model_1_multimer_v3_pred_0": 65.10745692253113,
    "process_features_model_2_multimer_v3_pred_0": 1.811981201171875e-05,
    "predict_and_compile_model_2_multimer_v3_pred_0": 109.5999345779419,
    "predict_benchmark_model_2_multimer_v3_pred_0": 25.072678804397583,
    "process_features_model_3_multimer_v3_pred_0": 1.1682510375976562e-05,
    "predict_and_compile_model_3_multimer_v3_pred_0": 125.92037916183472,
    "predict_benchmark_model_3_multimer_v3_pred_0": 40.187694787979126,
    "process_features_model_4_multimer_v3_pred_0": 2.5987625122070312e-05,
    "predict_and_compile_model_4_multimer_v3_pred_0": 110.62279772758484,
    "predict_benchmark_model_4_multimer_v3_pred_0": 19.711825132369995,
    "process_features_model_5_multimer_v3_pred_0": 8.273124694824219e-05,
    "predict_and_compile_model_5_multimer_v3_pred_0": 132.89657878875732,
    "predict_benchmark_model_5_multimer_v3_pred_0": 44.39889574050903
}