seed,sample,ranking_score
1,0,0.6456774082165401
1,1,0.6455532654606925
1,2,0.6629303440050442
1,3,0.6486193346444157
1,4,0.6463384182116644
