seed,sample,ranking_score
1,0,0.6751243635136824
1,1,0.6741643540822235
1,2,0.6737997036350966
1,3,0.6694281159971263
1,4,0.659607153193367
