seed,sample,ranking_score
1,0,0.6304902835453706
1,1,0.6461415297046047
1,2,0.6544409894490675
1,3,0.6433871028414357
1,4,0.652657315121935
