seed,sample,ranking_score
2,0,0.8750040079702212
2,1,0.8630189277100062
2,2,0.8757358344483143
2,3,0.86512902092847
2,4,0.8575469011539326
