seed,sample,ranking_score
1,0,0.5060144465226775
1,1,0.5169946124382893
1,2,0.5068000401103411
1,3,0.4982088657364889
1,4,0.4998909348482
