{
    "features": 0.17806053161621094,
    "process_features_model_1_multimer_v3_pred_0": 5.245208740234375e-06,
    "predict_and_compile_model_1_multimer_v3_pred_0": 458.5597093105316,
    "predict_benchmark_model_1_multimer_v3_pred_0": 340.08015298843384,
    "process_features_model_2_multimer_v3_pred_0": 4.5299530029296875e-06,
    "predict_and_compile_model_2_multimer_v3_pred_0": 452.8351686000824,
    "predict_benchmark_model_2_multimer_v3_pred_0": 339.79747772216797,
    "process_features_model_3_multimer_v3_pred_0": 4.5299530029296875e-06,
    "predict_and_compile_model_3_multimer_v3_pred_0": 454.86369252204895,
    "predict_benchmark_model_3_multimer_v3_pred_0": 339.9846053123474,
    "process_features_model_4_multimer_v3_pred_0": 4.291534423828125e-06,
    "predict_and_compile_model_4_multimer_v3_pred_0": 451.0836191177368,
    "predict_benchmark_model_4_multimer_v3_pred_0": 330.6919991970062,
    "process_features_model_5_multimer_v3_pred_0": 4.76837158203125e-06,
    "predict_and_compile_model_5_multimer_v3_pred_0": 446.6252472400665,
    "predict_benchmark_model_5_multimer_v3_pred_0": 330.63086318969727
}