seed,sample,ranking_score
1,0,0.4568521250739974
1,1,0.448264734428099
1,2,0.461926241885007
1,3,0.4758565398123628
1,4,0.4700400851240662
