seed,sample,ranking_score
1,0,0.5260505715587969
1,1,0.49520396591286464
1,2,0.5281656759082475
1,3,0.5245252396312183
1,4,0.39406430777852336
