seed,sample,ranking_score
1,0,0.3599740241998908
1,1,0.3430592211952874
1,2,0.3421645957126406
1,3,0.33025169083266775
1,4,0.33909603045139475
