seed,sample,ranking_score
5,0,0.9657664239756779
5,1,0.9611493498384172
5,2,0.9613606598118899
5,3,0.9601197039546526
5,4,0.9610529172441048
