seed,sample,ranking_score
1,0,0.9099595578335534
1,1,0.9138353795355748
1,2,0.9091034334740018
1,3,0.910899144832957
1,4,0.9065069594990561
