seed,sample,ranking_score
3,0,0.8641182602846399
3,1,0.8746927926116357
3,2,0.8588935521812959
3,3,0.8726715324840392
3,4,0.8710155122438112
