{
    "features": 0.07831764221191406,
    "process_features_model_1_multimer_v3_pred_0": 5.245208740234375e-06,
    "predict_and_compile_model_1_multimer_v3_pred_0": 266.8136911392212,
    "predict_benchmark_model_1_multimer_v3_pred_0": 183.32186460494995,
    "process_features_model_2_multimer_v3_pred_0": 3.7670135498046875e-05,
    "predict_and_compile_model_2_multimer_v3_pred_0": 268.618079662323,
    "predict_benchmark_model_2_multimer_v3_pred_0": 183.4233512878418,
    "process_features_model_3_multimer_v3_pred_0": 2.0265579223632812e-05,
    "predict_and_compile_model_3_multimer_v3_pred_0": 267.61815214157104,
    "predict_benchmark_model_3_multimer_v3_pred_0": 183.36503195762634,
    "process_features_model_4_multimer_v3_pred_0": 3.5762786865234375e-05,
    "predict_and_compile_model_4_multimer_v3_pred_0": 266.15028166770935,
    "predict_benchmark_model_4_multimer_v3_pred_0": 180.08247065544128,
    "process_features_model_5_multimer_v3_pred_0": 3.552436828613281e-05,
    "predict_and_compile_model_5_multimer_v3_pred_0": 265.70418334007263,
    "predict_benchmark_model_5_multimer_v3_pred_0": 180.32266902923584
}