seed,sample,ranking_score
1,0,0.4341470566073585
1,1,0.4336917424473512
1,2,0.447704145879123
1,3,0.4648346573788189
1,4,0.45194540874399824
