seed,sample,ranking_score
2,0,0.9414686362116766
2,1,0.9373624619393619
2,2,0.9403957112001282
2,3,0.9476812102865091
2,4,0.9341951557160202
