seed,sample,ranking_score
1,0,0.254358061232931
1,1,0.2383701133156028
1,2,0.24829085020563635
1,3,0.2967341081546882
1,4,0.30033950660095354
