seed,sample,ranking_score
1,0,0.6055721051222571
1,1,0.6357911223063817
1,2,0.6286684385650504
1,3,0.5690615121993138
1,4,0.575109239456848
