seed,sample,ranking_score
1,0,0.41546970740793043
1,1,0.4153924877796006
1,2,0.425539142458055
1,3,0.442122201248813
1,4,0.436889438797326
