seed,sample,ranking_score
1,0,0.4711704682024677
1,1,0.492453425627944
1,2,0.4848294449036654
1,3,0.4973726049726244
1,4,0.49220415650780436
