{
    "features": 0.0045013427734375,
    "process_features_model_1_multimer_v3_pred_0": 3.814697265625e-06,
    "predict_and_compile_model_1_multimer_v3_pred_0": 165.59310626983643,
    "relax_model_1_multimer_v3_pred_0": 18.67912793159485,
    "process_features_model_1_multimer_v3_pred_1": 3.337860107421875e-06,
    "predict_and_compile_model_1_multimer_v3_pred_1": 37.461031675338745,
    "relax_model_1_multimer_v3_pred_1": 17.436498880386353,
    "process_features_model_1_multimer_v3_pred_2": 3.337860107421875e-06,
    "predict_and_compile_model_1_multimer_v3_pred_2": 63.949936866760254,
    "relax_model_1_multimer_v3_pred_2": 16.090902090072632,
    "process_features_model_1_multimer_v3_pred_3": 2.86102294921875e-06,
    "predict_and_compile_model_1_multimer_v3_pred_3": 74.63657259941101,
    "relax_model_1_multimer_v3_pred_3": 16.9055278301239,
    "process_features_model_1_multimer_v3_pred_4": 3.0994415283203125e-06,
    "predict_and_compile_model_1_multimer_v3_pred_4": 53.63731837272644,
    "relax_model_1_multimer_v3_pred_4": 16.599106311798096,
    "process_features_model_2_multimer_v3_pred_0": 3.337860107421875e-06,
    "predict_and_compile_model_2_multimer_v3_pred_0": 146.24510407447815,
    "relax_model_2_multimer_v3_pred_0": 16.862985372543335,
    "process_features_model_2_multimer_v3_pred_1": 3.814697265625e-06,
    "predict_and_compile_model_2_multimer_v3_pred_1": 69.31833291053772,
    "relax_model_2_multimer_v3_pred_1": 16.696173191070557,
    "process_features_model_2_multimer_v3_pred_2": 2.86102294921875e-06,
    "predict_and_compile_model_2_multimer_v3_pred_2": 79.73630166053772,
    "relax_model_2_multimer_v3_pred_2": 27.555527448654175,
    "process_features_model_2_multimer_v3_pred_3": 3.0994415283203125e-06,
    "predict_and_compile_model_2_multimer_v3_pred_3": 79.77387595176697,
    "relax_model_2_multimer_v3_pred_3": 23.382405042648315,
    "process_features_model_2_multimer_v3_pred_4": 3.0994415283203125e-06,
    "predict_and_compile_model_2_multimer_v3_pred_4": 111.46400189399719,
    "relax_model_2_multimer_v3_pred_4": 16.919864654541016,
    "process_features_model_3_multimer_v3_pred_0": 3.5762786865234375e-06,
    "predict_and_compile_model_3_multimer_v3_pred_0": 191.75556445121765,
    "relax_model_3_multimer_v3_pred_0": 17.13176703453064,
    "process_features_model_3_multimer_v3_pred_1": 3.5762786865234375e-06,
    "predict_and_compile_model_3_multimer_v3_pred_1": 111.51347541809082,
    "relax_model_3_multimer_v3_pred_1": 16.087947845458984,
    "process_features_model_3_multimer_v3_pred_2": 3.5762786865234375e-06,
    "predict_and_compile_model_3_multimer_v3_pred_2": 53.28574061393738,
    "relax_model_3_multimer_v3_pred_2": 19.196288347244263,
    "process_features_model_3_multimer_v3_pred_3": 3.337860107421875e-06,
    "predict_and_compile_model_3_multimer_v3_pred_3": 42.70414900779724,
    "relax_model_3_multimer_v3_pred_3": 17.361877918243408,
    "process_features_model_3_multimer_v3_pred_4": 3.337860107421875e-06,
    "predict_and_compile_model_3_multimer_v3_pred_4": 53.30936527252197,
    "relax_model_3_multimer_v3_pred_4": 16.4461886882782,
    "process_features_model_4_multimer_v3_pred_0": 4.0531158447265625e-06,
    "predict_and_compile_model_4_multimer_v3_pred_0": 175.7543022632599,
    "relax_model_4_multimer_v3_pred_0": 17.179399967193604,
    "process_features_model_4_multimer_v3_pred_1": 3.0994415283203125e-06,
    "predict_and_compile_model_4_multimer_v3_pred_1": 47.219064712524414,
    "relax_model_4_multimer_v3_pred_1": 16.98841667175293,
    "process_features_model_4_multimer_v3_pred_2": 3.5762786865234375e-06,
    "predict_and_compile_model_4_multimer_v3_pred_2": 62.928818702697754,
    "relax_model_4_multimer_v3_pred_2": 24.47436833381653,
    "process_features_model_4_multimer_v3_pred_3": 3.5762786865234375e-06,
    "predict_and_compile_model_4_multimer_v3_pred_3": 57.66393327713013,
    "relax_model_4_multimer_v3_pred_3": 17.23940634727478,
    "process_features_model_4_multimer_v3_pred_4": 3.0994415283203125e-06,
    "predict_and_compile_model_4_multimer_v3_pred_4": 52.362821102142334,
    "relax_model_4_multimer_v3_pred_4": 23.007702112197876,
    "process_features_model_5_multimer_v3_pred_0": 3.0994415283203125e-06,
    "predict_and_compile_model_5_multimer_v3_pred_0": 169.49143314361572,
    "relax_model_5_multimer_v3_pred_0": 17.139317274093628,
    "process_features_model_5_multimer_v3_pred_1": 3.0994415283203125e-06,
    "predict_and_compile_model_5_multimer_v3_pred_1": 83.63877558708191,
    "relax_model_5_multimer_v3_pred_1": 16.293462991714478,
    "process_features_model_5_multimer_v3_pred_2": 3.0994415283203125e-06,
    "predict_and_compile_model_5_multimer_v3_pred_2": 94.06538271903992,
    "relax_model_5_multimer_v3_pred_2": 16.782958984375,
    "process_features_model_5_multimer_v3_pred_3": 3.337860107421875e-06,
    "predict_and_compile_model_5_multimer_v3_pred_3": 109.87574005126953,
    "relax_model_5_multimer_v3_pred_3": 16.727530241012573,
    "process_features_model_5_multimer_v3_pred_4": 3.337860107421875e-06,
    "predict_and_compile_model_5_multimer_v3_pred_4": 73.26636981964111,
    "relax_model_5_multimer_v3_pred_4": 16.83143186569214
}