seed,sample,ranking_score
1,0,0.5792597970187153
1,1,0.5999241647551923
1,2,0.5978675995621733
1,3,0.6257156336435252
1,4,0.5855007741492021
