{
    "features": 0.0052607059478759766,
    "process_features_model_1_multimer_v3_pred_0": 3.814697265625e-06,
    "predict_and_compile_model_1_multimer_v3_pred_0": 163.53623485565186,
    "relax_model_1_multimer_v3_pred_0": 17.27194118499756,
    "process_features_model_1_multimer_v3_pred_1": 2.86102294921875e-06,
    "predict_and_compile_model_1_multimer_v3_pred_1": 41.9045889377594,
    "relax_model_1_multimer_v3_pred_1": 14.310988426208496,
    "process_features_model_1_multimer_v3_pred_2": 2.86102294921875e-06,
    "predict_and_compile_model_1_multimer_v3_pred_2": 46.61230444908142,
    "relax_model_1_multimer_v3_pred_2": 13.961188316345215,
    "process_features_model_1_multimer_v3_pred_3": 3.337860107421875e-06,
    "predict_and_compile_model_1_multimer_v3_pred_3": 37.30318570137024,
    "relax_model_1_multimer_v3_pred_3": 14.092098712921143,
    "process_features_model_1_multimer_v3_pred_4": 2.86102294921875e-06,
    "predict_and_compile_model_1_multimer_v3_pred_4": 46.633687019348145,
    "relax_model_1_multimer_v3_pred_4": 14.146595001220703,
    "process_features_model_2_multimer_v3_pred_0": 3.337860107421875e-06,
    "predict_and_compile_model_2_multimer_v3_pred_0": 151.88965487480164,
    "relax_model_2_multimer_v3_pred_0": 13.8110933303833,
    "process_features_model_2_multimer_v3_pred_1": 2.86102294921875e-06,
    "predict_and_compile_model_2_multimer_v3_pred_1": 32.68074107170105,
    "relax_model_2_multimer_v3_pred_1": 13.719432830810547,
    "process_features_model_2_multimer_v3_pred_2": 3.0994415283203125e-06,
    "predict_and_compile_model_2_multimer_v3_pred_2": 32.71936368942261,
    "relax_model_2_multimer_v3_pred_2": 14.645342826843262,
    "process_features_model_2_multimer_v3_pred_3": 3.5762786865234375e-06,
    "predict_and_compile_model_2_multimer_v3_pred_3": 28.06485342979431,
    "relax_model_2_multimer_v3_pred_3": 13.889154195785522,
    "process_features_model_2_multimer_v3_pred_4": 3.337860107421875e-06,
    "predict_and_compile_model_2_multimer_v3_pred_4": 41.91425704956055,
    "relax_model_2_multimer_v3_pred_4": 13.7726469039917,
    "process_features_model_3_multimer_v3_pred_0": 3.814697265625e-06,
    "predict_and_compile_model_3_multimer_v3_pred_0": 144.36836624145508,
    "relax_model_3_multimer_v3_pred_0": 14.698104858398438,
    "process_features_model_3_multimer_v3_pred_1": 2.86102294921875e-06,
    "predict_and_compile_model_3_multimer_v3_pred_1": 37.309250593185425,
    "relax_model_3_multimer_v3_pred_1": 19.99398636817932,
    "process_features_model_3_multimer_v3_pred_2": 3.337860107421875e-06,
    "predict_and_compile_model_3_multimer_v3_pred_2": 41.97365069389343,
    "relax_model_3_multimer_v3_pred_2": 14.026132583618164,
    "process_features_model_3_multimer_v3_pred_3": 3.0994415283203125e-06,
    "predict_and_compile_model_3_multimer_v3_pred_3": 46.574180126190186,
    "relax_model_3_multimer_v3_pred_3": 14.582256555557251,
    "process_features_model_3_multimer_v3_pred_4": 2.86102294921875e-06,
    "predict_and_compile_model_3_multimer_v3_pred_4": 28.05513596534729,
    "relax_model_3_multimer_v3_pred_4": 14.269885063171387,
    "process_features_model_4_multimer_v3_pred_0": 2.86102294921875e-06,
    "predict_and_compile_model_4_multimer_v3_pred_0": 145.5065062046051,
    "relax_model_4_multimer_v3_pred_0": 19.454155683517456,
    "process_features_model_4_multimer_v3_pred_1": 3.0994415283203125e-06,
    "predict_and_compile_model_4_multimer_v3_pred_1": 45.81037425994873,
    "relax_model_4_multimer_v3_pred_1": 15.24922227859497,
    "process_features_model_4_multimer_v3_pred_2": 3.0994415283203125e-06,
    "predict_and_compile_model_4_multimer_v3_pred_2": 36.70311403274536,
    "relax_model_4_multimer_v3_pred_2": 14.862133264541626,
    "process_features_model_4_multimer_v3_pred_3": 2.86102294921875e-06,
    "predict_and_compile_model_4_multimer_v3_pred_3": 68.68591594696045,
    "relax_model_4_multimer_v3_pred_3": 19.85959482192993,
    "process_features_model_4_multimer_v3_pred_4": 2.6226043701171875e-06,
    "predict_and_compile_model_4_multimer_v3_pred_4": 45.81062698364258,
    "relax_model_4_multimer_v3_pred_4": 14.813557386398315,
    "process_features_model_5_multimer_v3_pred_0": 3.337860107421875e-06,
    "predict_and_compile_model_5_multimer_v3_pred_0": 208.75956296920776,
    "relax_model_5_multimer_v3_pred_0": 14.705058813095093,
    "process_features_model_5_multimer_v3_pred_1": 2.6226043701171875e-06,
    "predict_and_compile_model_5_multimer_v3_pred_1": 59.417834997177124,
    "relax_model_5_multimer_v3_pred_1": 15.23780107498169,
    "process_features_model_5_multimer_v3_pred_2": 3.0994415283203125e-06,
    "predict_and_compile_model_5_multimer_v3_pred_2": 95.72641968727112,
    "relax_model_5_multimer_v3_pred_2": 13.815494298934937,
    "process_features_model_5_multimer_v3_pred_3": 2.86102294921875e-06,
    "predict_and_compile_model_5_multimer_v3_pred_3": 95.8327407836914,
    "relax_model_5_multimer_v3_pred_3": 15.075990915298462,
    "process_features_model_5_multimer_v3_pred_4": 2.86102294921875e-06,
    "predict_and_compile_model_5_multimer_v3_pred_4": 95.8016586303711,
    "relax_model_5_multimer_v3_pred_4": 14.502703189849854
}