seed,sample,ranking_score
1,0,0.6084685640034824
1,1,0.5975695509037189
1,2,0.5768308325257038
1,3,0.41361985125927514
1,4,0.6159086221976413
