seed,sample,ranking_score
1,0,0.4570527406419729
1,1,0.46249589808732977
1,2,0.44877305954234026
1,3,0.45641677239269113
1,4,0.46169297233525924
