seed,sample,ranking_score
1,0,0.6258299930641846
1,1,0.6087745355215866
1,2,0.5872731646545422
1,3,0.6304761448986047
1,4,0.6275163690000697
