{
    "features": 0.2559041976928711,
    "process_features_model_1_multimer_v3_pred_0": 4.76837158203125e-06,
    "predict_and_compile_model_1_multimer_v3_pred_0": 1006.1601803302765,
    "predict_benchmark_model_1_multimer_v3_pred_0": 884.2724795341492,
    "process_features_model_2_multimer_v3_pred_0": 3.5762786865234375e-06,
    "predict_and_compile_model_2_multimer_v3_pred_0": 997.319463968277,
    "predict_benchmark_model_2_multimer_v3_pred_0": 883.9493434429169,
    "process_features_model_3_multimer_v3_pred_0": 3.0994415283203125e-06,
    "predict_and_compile_model_3_multimer_v3_pred_0": 998.641802072525,
    "predict_benchmark_model_3_multimer_v3_pred_0": 884.1955366134644,
    "process_features_model_4_multimer_v3_pred_0": 4.291534423828125e-06,
    "predict_and_compile_model_4_multimer_v3_pred_0": 982.3876106739044,
    "predict_benchmark_model_4_multimer_v3_pred_0": 860.7244110107422,
    "process_features_model_5_multimer_v3_pred_0": 1.0013580322265625e-05,
    "predict_and_compile_model_5_multimer_v3_pred_0": 978.728809595108,
    "predict_benchmark_model_5_multimer_v3_pred_0": 860.8682105541229
}