seed,sample,ranking_score
1,0,0.7342832432253381
1,1,0.7008729027605014
1,2,0.6859313850829916
1,3,0.7124762770172675
1,4,0.7461563785457975
