seed,sample,ranking_score
1,0,0.6599385384957918
1,1,0.6471962248227102
1,2,0.6187284894090096
1,3,0.6473265506407521
1,4,0.6326216094406988
