seed,sample,ranking_score
1,0,0.639147208420878
1,1,0.6343733339120942
1,2,0.6250161942356973
1,3,0.6526516304356189
1,4,0.6509656901534635
