seed,sample,ranking_score
1,0,0.9427918376720381
1,1,0.9428596576112018
1,2,0.9476619694842583
1,3,0.9544591361199888
1,4,0.9561518097135636
