seed,sample,ranking_score
2,0,0.6545205840893322
2,1,0.649884062380475
2,2,0.6601676587302747
2,3,0.6531221569337383
2,4,0.6693332653986612
