{
    "features": 0.01853013038635254,
    "process_features_model_1_multimer_v3_pred_0": 5.245208740234375e-06,
    "predict_and_compile_model_1_multimer_v3_pred_0": 116.65488243103027,
    "predict_benchmark_model_1_multimer_v3_pred_0": 31.670868396759033,
    "process_features_model_2_multimer_v3_pred_0": 1.52587890625e-05,
    "predict_and_compile_model_2_multimer_v3_pred_0": 115.93139505386353,
    "predict_benchmark_model_2_multimer_v3_pred_0": 31.63850426673889,
    "process_features_model_3_multimer_v3_pred_0": 2.3365020751953125e-05,
    "predict_and_compile_model_3_multimer_v3_pred_0": 127.05642604827881,
    "predict_benchmark_model_3_multimer_v3_pred_0": 42.18291640281677,
    "process_features_model_4_multimer_v3_pred_0": 1.9788742065429688e-05,
    "predict_and_compile_model_4_multimer_v3_pred_0": 192.50257015228271,
    "predict_benchmark_model_4_multimer_v3_pred_0": 107.66296219825745,
    "process_features_model_5_multimer_v3_pred_0": 1.621246337890625e-05,
    "predict_and_compile_model_5_multimer_v3_pred_0": 124.30570197105408,
    "predict_benchmark_model_5_multimer_v3_pred_0": 41.06845188140869
}