seed,sample,ranking_score
4,0,1.0138829421908473
4,1,1.0141831615442927
4,2,1.0096949762085916
4,3,1.0176842431129733
4,4,1.0093135523850487
