seed,sample,ranking_score
1,0,0.8752734336859467
1,1,0.8650360277298335
1,2,0.867835262123983
1,3,0.876228188210178
1,4,0.870335428735967
