seed,sample,ranking_score
1,0,0.677675761339581
1,1,0.6530548673272013
1,2,0.6712202195708203
1,3,0.687853447942926
1,4,0.6719821047362181
