seed,sample,ranking_score
1,0,0.5080138895783741
1,1,0.5001646630004116
1,2,0.4602109098156659
1,3,0.46051697874796266
1,4,0.47945298869944314
