seed,sample,ranking_score
3,0,0.3722925922600245
3,1,0.3955550550529539
3,2,0.34764036098810636
3,3,0.3782126520049878
3,4,0.3233369627881269
