{
    "features": 0.315948486328125,
    "process_features_model_1_multimer_v3_pred_0": 4.0531158447265625e-06,
    "predict_and_compile_model_1_multimer_v3_pred_0": 107.82905721664429,
    "predict_benchmark_model_1_multimer_v3_pred_0": 27.94670867919922,
    "process_features_model_2_multimer_v3_pred_0": 1.9073486328125e-05,
    "predict_and_compile_model_2_multimer_v3_pred_0": 124.68578767776489,
    "predict_benchmark_model_2_multimer_v3_pred_0": 46.242456912994385,
    "process_features_model_3_multimer_v3_pred_0": 1.1205673217773438e-05,
    "predict_and_compile_model_3_multimer_v3_pred_0": 118.75343704223633,
    "predict_benchmark_model_3_multimer_v3_pred_0": 37.07795453071594,
    "process_features_model_4_multimer_v3_pred_0": 2.6226043701171875e-05,
    "predict_and_compile_model_4_multimer_v3_pred_0": 175.30474185943604,
    "predict_benchmark_model_4_multimer_v3_pred_0": 94.67076396942139,
    "process_features_model_5_multimer_v3_pred_0": 1.0013580322265625e-05,
    "predict_and_compile_model_5_multimer_v3_pred_0": 110.25417137145996,
    "predict_benchmark_model_5_multimer_v3_pred_0": 31.741506576538086
}