seed,sample,ranking_score
1,0,0.5746565512077266
1,1,0.5475512451136377
1,2,0.5600509327180371
1,3,0.5702946628759616
1,4,0.5917490621733921
