seed,sample,ranking_score
1,0,0.47454540016379365
1,1,0.4709161540969768
1,2,0.47861285857450697
1,3,0.47143634371337395
1,4,0.45452527825330546
