{
    "features": 0.07483673095703125,
    "process_features_model_1_multimer_v3_pred_0": 2.6226043701171875e-06,
    "predict_and_compile_model_1_multimer_v3_pred_0": 175.03222107887268,
    "predict_benchmark_model_1_multimer_v3_pred_0": 90.38172268867493,
    "process_features_model_2_multimer_v3_pred_0": 1.5974044799804688e-05,
    "predict_and_compile_model_2_multimer_v3_pred_0": 185.81505274772644,
    "predict_benchmark_model_2_multimer_v3_pred_0": 103.23560404777527,
    "process_features_model_3_multimer_v3_pred_0": 2.7179718017578125e-05,
    "predict_and_compile_model_3_multimer_v3_pred_0": 224.22981691360474,
    "predict_benchmark_model_3_multimer_v3_pred_0": 135.59843039512634,
    "process_features_model_4_multimer_v3_pred_0": 2.0265579223632812e-05,
    "predict_and_compile_model_4_multimer_v3_pred_0": 217.05898666381836,
    "predict_benchmark_model_4_multimer_v3_pred_0": 131.39741015434265,
    "process_features_model_5_multimer_v3_pred_0": 2.6226043701171875e-05,
    "predict_and_compile_model_5_multimer_v3_pred_0": 222.16373419761658,
    "predict_benchmark_model_5_multimer_v3_pred_0": 131.71641516685486
}