seed,sample,ranking_score
1,0,0.7877573115454326
1,1,0.7877293895687971
1,2,0.8089626246727429
1,3,0.8021380212373839
1,4,0.7977792319637187
