seed,sample,ranking_score
1,0,0.6239047043011166
1,1,0.6216873965023996
1,2,0.6282817816084398
1,3,0.6049560962575878
1,4,0.6216604633690234
