seed,sample,ranking_score
1,0,0.6557576840952226
1,1,0.6546467661425281
1,2,0.6507001985854195
1,3,0.6571601416409498
1,4,0.6561347895230614
