seed,sample,ranking_score
1,0,0.8315868050984399
1,1,0.834898080236063
1,2,0.8451358434141071
1,3,0.8396616592019155
1,4,0.8286787901678602
