seed,sample,ranking_score
1,0,0.3484200695421232
1,1,0.3405295563652912
1,2,0.35496033275978744
1,3,0.33479481563647095
1,4,0.3301790280007006
