seed,sample,ranking_score
1,0,0.44713245022565584
1,1,0.4683354747135662
1,2,0.43584085593006905
1,3,0.46483580317690415
1,4,0.45135076845637045
