seed,sample,ranking_score
3,0,0.5017308794255017
3,1,0.5476172762924074
3,2,0.5407871518453149
3,3,0.5236400802672241
3,4,0.5417910119521887
