seed,sample,ranking_score
5,0,0.744206202522743
5,1,0.7557532341080478
5,2,0.7506924373024016
5,3,0.739298089967624
5,4,0.7414991897440149
