seed,sample,ranking_score
1,0,0.6191985825472791
1,1,0.6537979465537025
1,2,0.6382417327400299
1,3,0.638395968895726
1,4,0.6104943595216128
