seed,sample,ranking_score
1,0,0.5705403935770318
1,1,0.5668588452705365
1,2,0.5379349990109058
1,3,0.5926347620837052
1,4,0.5863278875192618
