seed,sample,ranking_score
2,0,0.7843498432144467
2,1,0.7905902058722658
2,2,0.8351911462616305
2,3,0.8087121812592448
2,4,0.8247853460626542
