seed,sample,ranking_score
2,0,0.8723566806618591
2,1,0.8745114689444455
2,2,0.8511387381942513
2,3,0.886307489030662
2,4,0.8935933950845869
