seed,sample,ranking_score
1,0,0.6148150525290208
1,1,0.5915293343729064
1,2,0.5793494693024853
1,3,0.5896079745535341
1,4,0.5624724178070594
