{
    "features": 0.3532907962799072,
    "process_features_model_1_multimer_v3_pred_0": 5.0067901611328125e-06,
    "predict_and_compile_model_1_multimer_v3_pred_0": 1164.5799787044525,
    "predict_benchmark_model_1_multimer_v3_pred_0": 1038.0685849189758,
    "process_features_model_2_multimer_v3_pred_0": 4.0531158447265625e-06,
    "predict_and_compile_model_2_multimer_v3_pred_0": 1152.6238107681274,
    "predict_benchmark_model_2_multimer_v3_pred_0": 1037.6079349517822,
    "process_features_model_3_multimer_v3_pred_0": 3.5762786865234375e-06,
    "predict_and_compile_model_3_multimer_v3_pred_0": 1157.17862534523,
    "predict_benchmark_model_3_multimer_v3_pred_0": 1038.0259845256805,
    "process_features_model_4_multimer_v3_pred_0": 3.814697265625e-06,
    "predict_and_compile_model_4_multimer_v3_pred_0": 1124.3473069667816,
    "predict_benchmark_model_4_multimer_v3_pred_0": 1012.9861505031586,
    "process_features_model_5_multimer_v3_pred_0": 4.0531158447265625e-06,
    "predict_and_compile_model_5_multimer_v3_pred_0": 1120.596889257431,
    "predict_benchmark_model_5_multimer_v3_pred_0": 1012.7371084690094
}