{
    "features": 0.15465664863586426,
    "process_features_model_1_multimer_v3_pred_0": 2.0503997802734375e-05,
    "predict_and_compile_model_1_multimer_v3_pred_0": 372.90279245376587,
    "predict_benchmark_model_1_multimer_v3_pred_0": 259.9776945114136,
    "process_features_model_2_multimer_v3_pred_0": 4.0531158447265625e-06,
    "predict_and_compile_model_2_multimer_v3_pred_0": 369.13798999786377,
    "predict_benchmark_model_2_multimer_v3_pred_0": 259.98339319229126,
    "process_features_model_3_multimer_v3_pred_0": 4.291534423828125e-06,
    "predict_and_compile_model_3_multimer_v3_pred_0": 368.9655044078827,
    "predict_benchmark_model_3_multimer_v3_pred_0": 259.5085849761963,
    "process_features_model_4_multimer_v3_pred_0": 4.0531158447265625e-06,
    "predict_and_compile_model_4_multimer_v3_pred_0": 367.1695261001587,
    "predict_benchmark_model_4_multimer_v3_pred_0": 253.08450937271118,
    "process_features_model_5_multimer_v3_pred_0": 4.0531158447265625e-06,
    "predict_and_compile_model_5_multimer_v3_pred_0": 365.08607172966003,
    "predict_benchmark_model_5_multimer_v3_pred_0": 253.2329080104828
}