{
    "features": 0.015764236450195312,
    "process_features_model_1_multimer_v3_pred_0": 3.0994415283203125e-06,
    "predict_and_compile_model_1_multimer_v3_pred_0": 115.27986121177673,
    "predict_benchmark_model_1_multimer_v3_pred_0": 31.77397084236145,
    "process_features_model_2_multimer_v3_pred_0": 1.5735626220703125e-05,
    "predict_and_compile_model_2_multimer_v3_pred_0": 121.34136128425598,
    "predict_benchmark_model_2_multimer_v3_pred_0": 36.94649958610535,
    "process_features_model_3_multimer_v3_pred_0": 1.1444091796875e-05,
    "predict_and_compile_model_3_multimer_v3_pred_0": 201.22793745994568,
    "predict_benchmark_model_3_multimer_v3_pred_0": 110.92211627960205,
    "process_features_model_4_multimer_v3_pred_0": 1.3828277587890625e-05,
    "predict_and_compile_model_4_multimer_v3_pred_0": 117.40754389762878,
    "predict_benchmark_model_4_multimer_v3_pred_0": 31.133448123931885,
    "process_features_model_5_multimer_v3_pred_0": 9.5367431640625e-06,
    "predict_and_compile_model_5_multimer_v3_pred_0": 197.40872192382812,
    "predict_benchmark_model_5_multimer_v3_pred_0": 109.08490300178528
}