seed,sample,ranking_score
1,0,0.43767873681141
1,1,0.4888735110906596
1,2,0.4505471390482794
1,3,0.43085727852926736
1,4,0.4339702949274388
