seed,sample,ranking_score
1,0,0.7488709969528501
1,1,0.7678267106161719
1,2,0.7796544800207535
1,3,0.7822905194644486
1,4,0.6593146894725296
