seed,sample,ranking_score
1,0,0.8975652024396458
1,1,0.8911643506364225
1,2,0.8985652021174028
1,3,0.905358881772798
1,4,0.9028164620502337
