{
    "features": 0.2068634033203125,
    "process_features_model_1_multimer_v3_pred_0": 2.6226043701171875e-06,
    "predict_and_compile_model_1_multimer_v3_pred_0": 260.00654339790344,
    "predict_benchmark_model_1_multimer_v3_pred_0": 183.0628035068512,
    "process_features_model_2_multimer_v3_pred_0": 9.298324584960938e-06,
    "predict_and_compile_model_2_multimer_v3_pred_0": 261.9602746963501,
    "predict_benchmark_model_2_multimer_v3_pred_0": 183.7936887741089,
    "process_features_model_3_multimer_v3_pred_0": 1.8596649169921875e-05,
    "predict_and_compile_model_3_multimer_v3_pred_0": 236.26336646080017,
    "predict_benchmark_model_3_multimer_v3_pred_0": 157.0994849205017,
    "process_features_model_4_multimer_v3_pred_0": 1.6927719116210938e-05,
    "predict_and_compile_model_4_multimer_v3_pred_0": 257.63665986061096,
    "predict_benchmark_model_4_multimer_v3_pred_0": 179.60541033744812,
    "process_features_model_5_multimer_v3_pred_0": 1.6450881958007812e-05,
    "predict_and_compile_model_5_multimer_v3_pred_0": 265.517365694046,
    "predict_benchmark_model_5_multimer_v3_pred_0": 179.31650638580322
}