seed,sample,ranking_score
1,0,0.6210091800551965
1,1,0.5936674496440939
1,2,0.6220373558628822
1,3,0.6139606507412725
1,4,0.6117161384313102
