{
    "features": 0.806187629699707,
    "process_features_model_1_multimer_v3_pred_0": 5.7220458984375e-06,
    "predict_and_compile_model_1_multimer_v3_pred_0": 117.77322030067444,
    "predict_benchmark_model_1_multimer_v3_pred_0": 33.993406534194946,
    "process_features_model_2_multimer_v3_pred_0": 1.7404556274414062e-05,
    "predict_and_compile_model_2_multimer_v3_pred_0": 144.43365669250488,
    "predict_benchmark_model_2_multimer_v3_pred_0": 63.080615282058716,
    "process_features_model_3_multimer_v3_pred_0": 1.6689300537109375e-05,
    "predict_and_compile_model_3_multimer_v3_pred_0": 125.77034449577332,
    "predict_benchmark_model_3_multimer_v3_pred_0": 38.86148452758789,
    "process_features_model_4_multimer_v3_pred_0": 3.838539123535156e-05,
    "predict_and_compile_model_4_multimer_v3_pred_0": 167.13810276985168,
    "predict_benchmark_model_4_multimer_v3_pred_0": 81.26303625106812,
    "process_features_model_5_multimer_v3_pred_0": 2.3126602172851562e-05,
    "predict_and_compile_model_5_multimer_v3_pred_0": 123.83052229881287,
    "predict_benchmark_model_5_multimer_v3_pred_0": 33.393550395965576
}