seed,sample,ranking_score
1,0,0.5212811342112122
1,1,0.5088416374592319
1,2,0.521287264289229
1,3,0.5052818636990055
1,4,0.5418368499587374
