seed,sample,ranking_score
1,0,0.6284679105088387
1,1,0.6254408058073923
1,2,0.6334562120346476
1,3,0.6152533956601492
1,4,0.6082582926802171
