seed,sample,ranking_score
1,0,0.6229504107742034
1,1,0.428966011159377
1,2,0.5739115373066443
1,3,0.5919129138210686
1,4,0.5935960866745642
