{
    "features": 0.03313446044921875,
    "process_features_model_1_multimer_v3_pred_0": 3.5762786865234375e-06,
    "predict_and_compile_model_1_multimer_v3_pred_0": 307.91454005241394,
    "predict_benchmark_model_1_multimer_v3_pred_0": 230.80952334403992,
    "process_features_model_2_multimer_v3_pred_0": 1.9550323486328125e-05,
    "predict_and_compile_model_2_multimer_v3_pred_0": 305.80700421333313,
    "predict_benchmark_model_2_multimer_v3_pred_0": 230.20096516609192,
    "process_features_model_3_multimer_v3_pred_0": 2.9087066650390625e-05,
    "predict_and_compile_model_3_multimer_v3_pred_0": 307.574214220047,
    "predict_benchmark_model_3_multimer_v3_pred_0": 230.3411283493042,
    "process_features_model_4_multimer_v3_pred_0": 2.765655517578125e-05,
    "predict_and_compile_model_4_multimer_v3_pred_0": 297.9782729148865,
    "predict_benchmark_model_4_multimer_v3_pred_0": 224.37629103660583,
    "process_features_model_5_multimer_v3_pred_0": 1.9788742065429688e-05,
    "predict_and_compile_model_5_multimer_v3_pred_0": 299.23016595840454,
    "predict_benchmark_model_5_multimer_v3_pred_0": 224.2732002735138
}