seed,sample,ranking_score
1,0,0.7310442274860642
1,1,0.6918889555237933
1,2,0.7128323813930494
1,3,0.7271487401004549
1,4,0.7288822040922501
