seed,sample,ranking_score
3,0,0.9365070785720871
3,1,0.887250157381024
3,2,0.9363053982335126
3,3,0.8999311495333936
3,4,0.8880884155837713
