seed,sample,ranking_score
1,0,0.8206033381650967
1,1,0.8239405676236673
1,2,0.8149204169956883
1,3,0.8109248265366414
1,4,0.8108007362940377
