seed,sample,ranking_score
2,0,0.6359244101264048
2,1,0.4960932849227686
2,2,0.6371518407186776
2,3,0.6418777060872122
2,4,0.6411103492487007
