seed,sample,ranking_score
1,0,0.6278408505311869
1,1,0.6866554998648664
1,2,0.6365585837307792
1,3,0.6131681976881667
1,4,0.5056537488770075
