seed,sample,ranking_score
1,0,0.8343672366906261
1,1,0.8394966420943182
1,2,0.8425612622243439
1,3,0.8468388587319988
1,4,0.8523112766247392
