seed,sample,ranking_score
1,0,0.588772313381769
1,1,0.5813853679948113
1,2,0.5907156193109343
1,3,0.578614156756636
1,4,0.573808782788743
