seed,sample,ranking_score
1,0,1.0046756396287073
1,1,1.0009698910606792
1,2,1.0006817255807345
1,3,1.0011723229604876
1,4,1.0066278884601072
