seed,sample,ranking_score
1,0,0.5592395275881364
1,1,0.5424118625601556
1,2,0.5258951669998622
1,3,0.5511374771002302
1,4,0.538412366768456
