{
    "features": 0.12284588813781738,
    "process_features_model_1_multimer_v3_pred_0": 4.76837158203125e-06,
    "predict_and_compile_model_1_multimer_v3_pred_0": 269.8035616874695,
    "predict_benchmark_model_1_multimer_v3_pred_0": 152.08938193321228,
    "process_features_model_2_multimer_v3_pred_0": 3.337860107421875e-06,
    "predict_and_compile_model_2_multimer_v3_pred_0": 185.8113944530487,
    "predict_benchmark_model_2_multimer_v3_pred_0": 72.67286086082458,
    "process_features_model_3_multimer_v3_pred_0": 3.5762786865234375e-06,
    "predict_and_compile_model_3_multimer_v3_pred_0": 266.924063205719,
    "predict_benchmark_model_3_multimer_v3_pred_0": 152.50554013252258,
    "process_features_model_4_multimer_v3_pred_0": 3.5762786865234375e-06,
    "predict_and_compile_model_4_multimer_v3_pred_0": 268.22870421409607,
    "predict_benchmark_model_4_multimer_v3_pred_0": 147.11453652381897,
    "process_features_model_5_multimer_v3_pred_0": 3.5762786865234375e-06,
    "predict_and_compile_model_5_multimer_v3_pred_0": 263.33362317085266,
    "predict_benchmark_model_5_multimer_v3_pred_0": 147.13707304000854
}