seed,sample,ranking_score
1,0,0.8564124732917144
1,1,0.8691880856707508
1,2,0.8362991787303422
1,3,0.8530618404998405
1,4,0.8361035480915141
