seed,sample,ranking_score
1,0,0.26558578219821255
1,1,0.2894587946381886
1,2,0.25822067030952556
1,3,0.2647358094632112
1,4,0.2601514185140283
