seed,sample,ranking_score
1,0,0.503301791624474
1,1,0.5187370221352862
1,2,0.5181629895747997
1,3,0.5430287326818839
1,4,0.5141518078252763
