seed,sample,ranking_score
1,0,0.5650812671668204
1,1,0.5786248344501037
1,2,0.5676969173009111
1,3,0.573504290444761
1,4,0.5626264348659293
