seed,sample,ranking_score
1,0,0.6344404349553192
1,1,0.6556836379400498
1,2,0.642190998898902
1,3,0.7037796051729471
1,4,0.649936401637478
