seed,sample,ranking_score
1,0,0.6221398825852676
1,1,0.6364545905213971
1,2,0.6389562890811811
1,3,0.6693977010929563
1,4,0.6639344427723108
