seed,sample,ranking_score
1,0,0.747783205040313
1,1,0.7214368788716828
1,2,0.7545747057462466
1,3,0.7393038589971457
1,4,0.7439908941411648
