seed,sample,ranking_score
1,0,0.6847586832111837
1,1,0.6511104260114029
1,2,0.6289737504232056
1,3,0.6394152954392389
1,4,0.6528796243702875
