{
    "features": 0.017059803009033203,
    "process_features_model_1_multimer_v3_pred_0": 3.5762786865234375e-06,
    "predict_and_compile_model_1_multimer_v3_pred_0": 154.53985857963562,
    "predict_benchmark_model_1_multimer_v3_pred_0": 73.13892531394958,
    "process_features_model_2_multimer_v3_pred_0": 1.3589859008789062e-05,
    "predict_and_compile_model_2_multimer_v3_pred_0": 199.75975704193115,
    "predict_benchmark_model_2_multimer_v3_pred_0": 117.69468927383423,
    "process_features_model_3_multimer_v3_pred_0": 3.147125244140625e-05,
    "predict_and_compile_model_3_multimer_v3_pred_0": 203.12078261375427,
    "predict_benchmark_model_3_multimer_v3_pred_0": 118.16558599472046,
    "process_features_model_4_multimer_v3_pred_0": 1.9550323486328125e-05,
    "predict_and_compile_model_4_multimer_v3_pred_0": 199.5139787197113,
    "predict_benchmark_model_4_multimer_v3_pred_0": 115.38924717903137,
    "process_features_model_5_multimer_v3_pred_0": 2.9325485229492188e-05,
    "predict_and_compile_model_5_multimer_v3_pred_0": 177.43832230567932,
    "predict_benchmark_model_5_multimer_v3_pred_0": 93.39783573150635
}