seed,sample,ranking_score
1,0,0.585068962552502
1,1,0.5934882398292817
1,2,0.6070673691638016
1,3,0.6002593474880022
1,4,0.6193760229752517
