seed,sample,ranking_score
1,0,0.5851576883134699
1,1,0.5851129974429566
1,2,0.5816631752436051
1,3,0.5780955071797097
1,4,0.6025203841374439
