seed,sample,ranking_score
5,0,0.7812152727032782
5,1,0.7701174486012398
5,2,0.7632889212132025
5,3,0.7761332463606786
5,4,0.7843402515559772
