seed,sample,ranking_score
1,0,0.6641630843540035
1,1,0.6860290649908055
1,2,0.6789332705317517
1,3,0.6817039073874668
1,4,0.6547076551179611
