seed,sample,ranking_score
1,0,0.5779739551430648
1,1,0.5759415763423388
1,2,0.5669831062180798
1,3,0.5815005775853712
1,4,0.5745119908641603
