seed,sample,ranking_score
2,0,0.9462058813765766
2,1,0.9352684305150085
2,2,0.9530144656805212
2,3,0.9520831733031588
2,4,0.9390246734773127
