seed,sample,ranking_score
1,0,0.9426442040153634
1,1,0.9412113390169793
1,2,0.9356332202764192
1,3,0.9436991960864671
1,4,0.9375071600279024
