seed,sample,ranking_score
1,0,0.6943662482178082
1,1,0.659689330307937
1,2,0.65554222456902
1,3,0.6996974338797417
1,4,0.7153576390456866
