seed,sample,ranking_score
2,0,0.6108176342610377
2,1,0.6425353269842586
2,2,0.6382066217907287
2,3,0.5998779954645077
2,4,0.619642230891587
