seed,sample,ranking_score
1,0,0.570282547459043
1,1,0.5800089246330205
1,2,0.5635703748916729
1,3,0.5468968799588159
1,4,0.5525690681299759
