seed,sample,ranking_score
1,0,0.7879657257128431
1,1,0.7898487983699893
1,2,0.7822359697608392
1,3,0.7886963242476563
1,4,0.7885734695324929
