seed,sample,ranking_score
1,0,0.7562765665665458
1,1,0.7187079395481493
1,2,0.7674674676939883
1,3,0.7332640733077049
1,4,0.7235021181537178
