seed,sample,ranking_score
1,0,0.43899716483856904
1,1,0.45227150754151185
1,2,0.43799611270721606
1,3,0.44832566680275987
1,4,0.43853979526145426
