{
    "features": 0.00802469253540039,
    "process_features_model_1_multimer_v3_pred_0": 3.0994415283203125e-06,
    "predict_and_compile_model_1_multimer_v3_pred_0": 428.50140404701233,
    "relax_model_1_multimer_v3_pred_0": 25.912326097488403,
    "process_features_model_1_multimer_v3_pred_1": 4.291534423828125e-06,
    "predict_and_compile_model_1_multimer_v3_pred_1": 306.54793906211853,
    "relax_model_1_multimer_v3_pred_1": 30.70054793357849,
    "process_features_model_1_multimer_v3_pred_2": 3.337860107421875e-06,
    "predict_and_compile_model_1_multimer_v3_pred_2": 263.12797689437866,
    "relax_model_1_multimer_v3_pred_2": 28.09040927886963,
    "process_features_model_1_multimer_v3_pred_3": 3.814697265625e-06,
    "predict_and_compile_model_1_multimer_v3_pred_3": 175.27117705345154,
    "relax_model_1_multimer_v3_pred_3": 24.459819555282593,
    "process_features_model_1_multimer_v3_pred_4": 4.0531158447265625e-06,
    "predict_and_compile_model_1_multimer_v3_pred_4": 146.2958664894104,
    "relax_model_1_multimer_v3_pred_4": 25.52703833580017,
    "process_features_model_2_multimer_v3_pred_0": 4.291534423828125e-06,
    "predict_and_compile_model_2_multimer_v3_pred_0": 272.07124876976013,
    "relax_model_2_multimer_v3_pred_0": 33.544718503952026,
    "process_features_model_2_multimer_v3_pred_1": 3.814697265625e-06,
    "predict_and_compile_model_2_multimer_v3_pred_1": 131.78862762451172,
    "relax_model_2_multimer_v3_pred_1": 30.111810445785522,
    "process_features_model_2_multimer_v3_pred_2": 3.5762786865234375e-06,
    "predict_and_compile_model_2_multimer_v3_pred_2": 175.7529594898224,
    "relax_model_2_multimer_v3_pred_2": 36.061333417892456,
    "process_features_model_2_multimer_v3_pred_3": 3.0994415283203125e-06,
    "predict_and_compile_model_2_multimer_v3_pred_3": 190.14728331565857,
    "relax_model_2_multimer_v3_pred_3": 29.489448070526123,
    "process_features_model_2_multimer_v3_pred_4": 3.0994415283203125e-06,
    "predict_and_compile_model_2_multimer_v3_pred_4": 204.486674785614,
    "relax_model_2_multimer_v3_pred_4": 22.797932863235474,
    "process_features_model_3_multimer_v3_pred_0": 2.86102294921875e-06,
    "predict_and_compile_model_3_multimer_v3_pred_0": 471.66165232658386,
    "relax_model_3_multimer_v3_pred_0": 23.16764521598816,
    "process_features_model_3_multimer_v3_pred_1": 5.0067901611328125e-06,
    "predict_and_compile_model_3_multimer_v3_pred_1": 307.27438020706177,
    "relax_model_3_multimer_v3_pred_1": 22.48227286338806,
    "process_features_model_3_multimer_v3_pred_2": 3.5762786865234375e-06,
    "predict_and_compile_model_3_multimer_v3_pred_2": 306.71992230415344,
    "relax_model_3_multimer_v3_pred_2": 23.31626868247986,
    "process_features_model_3_multimer_v3_pred_3": 4.5299530029296875e-06,
    "predict_and_compile_model_3_multimer_v3_pred_3": 307.11097049713135,
    "relax_model_3_multimer_v3_pred_3": 35.00990009307861,
    "process_features_model_3_multimer_v3_pred_4": 3.0994415283203125e-06,
    "predict_and_compile_model_3_multimer_v3_pred_4": 307.06182956695557,
    "relax_model_3_multimer_v3_pred_4": 27.837949752807617,
    "process_features_model_4_multimer_v3_pred_0": 4.0531158447265625e-06,
    "predict_and_compile_model_4_multimer_v3_pred_0": 477.8575291633606,
    "relax_model_4_multimer_v3_pred_0": 22.741968393325806,
    "process_features_model_4_multimer_v3_pred_1": 3.5762786865234375e-06,
    "predict_and_compile_model_4_multimer_v3_pred_1": 301.8331241607666,
    "relax_model_4_multimer_v3_pred_1": 24.590431928634644,
    "process_features_model_4_multimer_v3_pred_2": 2.86102294921875e-06,
    "predict_and_compile_model_4_multimer_v3_pred_2": 301.7763352394104,
    "relax_model_4_multimer_v3_pred_2": 40.50681686401367,
    "process_features_model_4_multimer_v3_pred_3": 3.814697265625e-06,
    "predict_and_compile_model_4_multimer_v3_pred_3": 302.0988030433655,
    "relax_model_4_multimer_v3_pred_3": 31.79990839958191,
    "process_features_model_4_multimer_v3_pred_4": 3.5762786865234375e-06,
    "predict_and_compile_model_4_multimer_v3_pred_4": 230.409166097641,
    "relax_model_4_multimer_v3_pred_4": 30.70537233352661,
    "process_features_model_5_multimer_v3_pred_0": 3.337860107421875e-06,
    "predict_and_compile_model_5_multimer_v3_pred_0": 473.182843208313,
    "relax_model_5_multimer_v3_pred_0": 23.599613428115845,
    "process_features_model_5_multimer_v3_pred_1": 4.291534423828125e-06,
    "predict_and_compile_model_5_multimer_v3_pred_1": 302.364866733551,
    "relax_model_5_multimer_v3_pred_1": 25.176789045333862,
    "process_features_model_5_multimer_v3_pred_2": 3.337860107421875e-06,
    "predict_and_compile_model_5_multimer_v3_pred_2": 302.1810200214386,
    "relax_model_5_multimer_v3_pred_2": 38.03449249267578,
    "process_features_model_5_multimer_v3_pred_3": 3.0994415283203125e-06,
    "predict_and_compile_model_5_multimer_v3_pred_3": 302.4864149093628,
    "relax_model_5_multimer_v3_pred_3": 25.20988440513611,
    "process_features_model_5_multimer_v3_pred_4": 3.5762786865234375e-06,
    "predict_and_compile_model_5_multimer_v3_pred_4": 302.1306662559509,
    "relax_model_5_multimer_v3_pred_4": 32.48418045043945
}