seed,sample,ranking_score
4,0,0.9338692004360423
4,1,0.9102267732019267
4,2,0.9191619378599756
4,3,0.9278952494652314
4,4,0.9135629785387289
