{
    "features": 0.00653386116027832,
    "process_features_model_1_multimer_v3_pred_0": 3.337860107421875e-06,
    "predict_and_compile_model_1_multimer_v3_pred_0": 149.40562105178833,
    "relax_model_1_multimer_v3_pred_0": 24.66950798034668,
    "process_features_model_1_multimer_v3_pred_1": 3.337860107421875e-06,
    "predict_and_compile_model_1_multimer_v3_pred_1": 40.318570375442505,
    "relax_model_1_multimer_v3_pred_1": 23.126140117645264,
    "process_features_model_1_multimer_v3_pred_2": 2.384185791015625e-06,
    "predict_and_compile_model_1_multimer_v3_pred_2": 33.567734241485596,
    "relax_model_1_multimer_v3_pred_2": 21.588898420333862,
    "process_features_model_1_multimer_v3_pred_3": 2.1457672119140625e-06,
    "predict_and_compile_model_1_multimer_v3_pred_3": 26.90183925628662,
    "relax_model_1_multimer_v3_pred_3": 21.21614098548889,
    "process_features_model_1_multimer_v3_pred_4": 2.384185791015625e-06,
    "predict_and_compile_model_1_multimer_v3_pred_4": 33.5898494720459,
    "relax_model_1_multimer_v3_pred_4": 22.525850534439087,
    "process_features_model_2_multimer_v3_pred_0": 2.6226043701171875e-06,
    "predict_and_compile_model_2_multimer_v3_pred_0": 153.55555748939514,
    "relax_model_2_multimer_v3_pred_0": 22.873488187789917,
    "process_features_model_2_multimer_v3_pred_1": 3.814697265625e-06,
    "predict_and_compile_model_2_multimer_v3_pred_1": 40.1783652305603,
    "relax_model_2_multimer_v3_pred_1": 21.189558267593384,
    "process_features_model_2_multimer_v3_pred_2": 3.5762786865234375e-06,
    "predict_and_compile_model_2_multimer_v3_pred_2": 33.708131551742554,
    "relax_model_2_multimer_v3_pred_2": 21.47765564918518,
    "process_features_model_2_multimer_v3_pred_3": 3.0994415283203125e-06,
    "predict_and_compile_model_2_multimer_v3_pred_3": 40.192928075790405,
    "relax_model_2_multimer_v3_pred_3": 21.409162998199463,
    "process_features_model_2_multimer_v3_pred_4": 2.384185791015625e-06,
    "predict_and_compile_model_2_multimer_v3_pred_4": 41.29351258277893,
    "relax_model_2_multimer_v3_pred_4": 21.190379858016968,
    "process_features_model_3_multimer_v3_pred_0": 2.86102294921875e-06,
    "predict_and_compile_model_3_multimer_v3_pred_0": 161.70047545433044,
    "relax_model_3_multimer_v3_pred_0": 38.81126928329468,
    "process_features_model_3_multimer_v3_pred_1": 2.6226043701171875e-06,
    "predict_and_compile_model_3_multimer_v3_pred_1": 26.97356390953064,
    "relax_model_3_multimer_v3_pred_1": 168.97741174697876,
    "process_features_model_3_multimer_v3_pred_2": 2.6226043701171875e-06,
    "predict_and_compile_model_3_multimer_v3_pred_2": 40.17818236351013,
    "relax_model_3_multimer_v3_pred_2": 21.452244997024536,
    "process_features_model_3_multimer_v3_pred_3": 2.6226043701171875e-06,
    "predict_and_compile_model_3_multimer_v3_pred_3": 40.1603627204895,
    "relax_model_3_multimer_v3_pred_3": 27.58770251274109,
    "process_features_model_3_multimer_v3_pred_4": 2.384185791015625e-06,
    "predict_and_compile_model_3_multimer_v3_pred_4": 33.580825090408325,
    "relax_model_3_multimer_v3_pred_4": 22.69161319732666,
    "process_features_model_4_multimer_v3_pred_0": 2.6226043701171875e-06,
    "predict_and_compile_model_4_multimer_v3_pred_0": 159.53259015083313,
    "relax_model_4_multimer_v3_pred_0": 23.002402305603027,
    "process_features_model_4_multimer_v3_pred_1": 2.86102294921875e-06,
    "predict_and_compile_model_4_multimer_v3_pred_1": 33.12005090713501,
    "relax_model_4_multimer_v3_pred_1": 22.103692531585693,
    "process_features_model_4_multimer_v3_pred_2": 2.6226043701171875e-06,
    "predict_and_compile_model_4_multimer_v3_pred_2": 45.99822115898132,
    "relax_model_4_multimer_v3_pred_2": 23.03364586830139,
    "process_features_model_4_multimer_v3_pred_3": 2.384185791015625e-06,
    "predict_and_compile_model_4_multimer_v3_pred_3": 46.00970768928528,
    "relax_model_4_multimer_v3_pred_3": 21.42039728164673,
    "process_features_model_4_multimer_v3_pred_4": 2.6226043701171875e-06,
    "predict_and_compile_model_4_multimer_v3_pred_4": 33.152421712875366,
    "relax_model_4_multimer_v3_pred_4": 23.750788927078247,
    "process_features_model_5_multimer_v3_pred_0": 2.384185791015625e-06,
    "predict_and_compile_model_5_multimer_v3_pred_0": 158.98048329353333,
    "relax_model_5_multimer_v3_pred_0": 23.610689163208008,
    "process_features_model_5_multimer_v3_pred_1": 2.6226043701171875e-06,
    "predict_and_compile_model_5_multimer_v3_pred_1": 46.19661831855774,
    "relax_model_5_multimer_v3_pred_1": 22.643298149108887,
    "process_features_model_5_multimer_v3_pred_2": 2.6226043701171875e-06,
    "predict_and_compile_model_5_multimer_v3_pred_2": 39.52966332435608,
    "relax_model_5_multimer_v3_pred_2": 25.838515758514404,
    "process_features_model_5_multimer_v3_pred_3": 3.0994415283203125e-06,
    "predict_and_compile_model_5_multimer_v3_pred_3": 39.55781269073486,
    "relax_model_5_multimer_v3_pred_3": 25.92009735107422,
    "process_features_model_5_multimer_v3_pred_4": 3.337860107421875e-06,
    "predict_and_compile_model_5_multimer_v3_pred_4": 46.08051037788391,
    "relax_model_5_multimer_v3_pred_4": 21.842336177825928
}