seed,sample,ranking_score
1,0,0.536785922909611
1,1,0.5221287134940797
1,2,0.5200975949122175
1,3,0.5212554639432135
1,4,0.5318158948740623
