seed,sample,ranking_score
1,0,0.739334967792217
1,1,0.7499511918021595
1,2,0.7531330938712603
1,3,0.6194964400743979
1,4,0.7479432383564286
