{
    "iptm+ptm": {
        "model_1_multimer_v3_pred_0": 0.7266935513097647,
        "model_1_multimer_v3_pred_1": 0.695889554677649,
        "model_1_multimer_v3_pred_2": 0.6973940793162854,
        "model_1_multimer_v3_pred_3": 0.7059131863986239,
        "model_1_multimer_v3_pred_4": 0.7268908422655962,
        "model_2_multimer_v3_pred_0": 0.702352626841955,
        "model_2_multimer_v3_pred_1": 0.7079077720934096,
        "model_2_multimer_v3_pred_2": 0.7027421156131334,
        "model_2_multimer_v3_pred_3": 0.7003654432168407,
        "model_2_multimer_v3_pred_4": 0.703411699413637,
        "model_3_multimer_v3_pred_0": 0.7220786056596448,
        "model_3_multimer_v3_pred_1": 0.7181425345254887,
        "model_3_multimer_v3_pred_2": 0.7275726052168756,
        "model_3_multimer_v3_pred_3": 0.7253421237573258,
        "model_3_multimer_v3_pred_4": 0.7113713109231014,
        "model_4_multimer_v3_pred_0": 0.7092802780928458,
        "model_4_multimer_v3_pred_1": 0.7097326118293419,
        "model_4_multimer_v3_pred_2": 0.8134486398334732,
        "model_4_multimer_v3_pred_3": 0.8473755692542381,
        "model_4_multimer_v3_pred_4": 0.7233120760975749,
        "model_5_multimer_v3_pred_0": 0.7424255710004061,
        "model_5_multimer_v3_pred_1": 0.7243156508418196,
        "model_5_multimer_v3_pred_2": 0.7310170365091178,
        "model_5_multimer_v3_pred_3": 0.7430451135800248,
        "model_5_multimer_v3_pred_4": 0.7418445908760383
    },
    "order": [
        "model_4_multimer_v3_pred_3",
        "model_4_multimer_v3_pred_2",
        "model_5_multimer_v3_pred_3",
        "model_5_multimer_v3_pred_0",
        "model_5_multimer_v3_pred_4",
        "model_5_multimer_v3_pred_2",
        "model_3_multimer_v3_pred_2",
        "model_1_multimer_v3_pred_4",
        "model_1_multimer_v3_pred_0",
        "model_3_multimer_v3_pred_3",
        "model_5_multimer_v3_pred_1",
        "model_4_multimer_v3_pred_4",
        "model_3_multimer_v3_pred_0",
        "model_3_multimer_v3_pred_1",
        "model_3_multimer_v3_pred_4",
        "model_4_multimer_v3_pred_1",
        "model_4_multimer_v3_pred_0",
        "model_2_multimer_v3_pred_1",
        "model_1_multimer_v3_pred_3",
        "model_2_multimer_v3_pred_4",
        "model_2_multimer_v3_pred_2",
        "model_2_multimer_v3_pred_0",
        "model_2_multimer_v3_pred_3",
        "model_1_multimer_v3_pred_2",
        "model_1_multimer_v3_pred_1"
    ]
}