{
    "features": 0.30240440368652344,
    "process_features_model_1_multimer_v3_pred_0": 5.245208740234375e-06,
    "predict_and_compile_model_1_multimer_v3_pred_0": 401.74289059638977,
    "predict_benchmark_model_1_multimer_v3_pred_0": 283.5301139354706,
    "process_features_model_2_multimer_v3_pred_0": 4.5299530029296875e-06,
    "predict_and_compile_model_2_multimer_v3_pred_0": 397.2714891433716,
    "predict_benchmark_model_2_multimer_v3_pred_0": 283.3747081756592,
    "process_features_model_3_multimer_v3_pred_0": 5.0067901611328125e-06,
    "predict_and_compile_model_3_multimer_v3_pred_0": 401.46844601631165,
    "predict_benchmark_model_3_multimer_v3_pred_0": 283.5625829696655,
    "process_features_model_4_multimer_v3_pred_0": 4.5299530029296875e-06,
    "predict_and_compile_model_4_multimer_v3_pred_0": 398.01138257980347,
    "predict_benchmark_model_4_multimer_v3_pred_0": 276.02034997940063,
    "process_features_model_5_multimer_v3_pred_0": 4.5299530029296875e-06,
    "predict_and_compile_model_5_multimer_v3_pred_0": 394.86061930656433,
    "predict_benchmark_model_5_multimer_v3_pred_0": 275.893226146698
}