seed,sample,ranking_score
1,0,0.6083440872698118
1,1,0.7532759587423594
1,2,0.7608643131334389
1,3,0.775122864797801
1,4,0.7599534367251499
