seed,sample,ranking_score
1,0,0.9008548503592538
1,1,0.9049328132077022
1,2,0.9058900013646359
1,3,0.9079100060166961
1,4,0.8788002620379731
