seed,sample,ranking_score
5,0,0.8448142593284362
5,1,0.8752352289998746
5,2,0.8711062673937771
5,3,0.8765925263637436
5,4,0.856134349921753
