seed,sample,ranking_score
5,0,0.755854124406624
5,1,0.785745823950441
5,2,0.7846062694060171
5,3,0.734120290259555
5,4,0.7936871643581469
