seed,sample,ranking_score
1,0,0.7574257721991119
1,1,0.7949618289396199
1,2,0.7832953011279711
1,3,0.7858061001541186
1,4,0.7313972352504051
