{
    "features": 0.005554914474487305,
    "process_features_model_1_multimer_v3_pred_0": 3.814697265625e-06,
    "predict_and_compile_model_1_multimer_v3_pred_0": 146.41838788986206,
    "relax_model_1_multimer_v3_pred_0": 22.75664472579956,
    "process_features_model_1_multimer_v3_pred_1": 3.0994415283203125e-06,
    "predict_and_compile_model_1_multimer_v3_pred_1": 29.18339490890503,
    "relax_model_1_multimer_v3_pred_1": 17.8124258518219,
    "process_features_model_1_multimer_v3_pred_2": 2.1457672119140625e-06,
    "predict_and_compile_model_1_multimer_v3_pred_2": 19.578722715377808,
    "relax_model_1_multimer_v3_pred_2": 18.73071527481079,
    "process_features_model_1_multimer_v3_pred_3": 2.86102294921875e-06,
    "predict_and_compile_model_1_multimer_v3_pred_3": 33.94904065132141,
    "relax_model_1_multimer_v3_pred_3": 18.704068660736084,
    "process_features_model_1_multimer_v3_pred_4": 2.86102294921875e-06,
    "predict_and_compile_model_1_multimer_v3_pred_4": 57.96929049491882,
    "relax_model_1_multimer_v3_pred_4": 18.355680465698242,
    "process_features_model_2_multimer_v3_pred_0": 2.1457672119140625e-06,
    "predict_and_compile_model_2_multimer_v3_pred_0": 138.74688291549683,
    "relax_model_2_multimer_v3_pred_0": 18.959193468093872,
    "process_features_model_2_multimer_v3_pred_1": 2.86102294921875e-06,
    "predict_and_compile_model_2_multimer_v3_pred_1": 34.0306830406189,
    "relax_model_2_multimer_v3_pred_1": 19.937344312667847,
    "process_features_model_2_multimer_v3_pred_2": 2.86102294921875e-06,
    "predict_and_compile_model_2_multimer_v3_pred_2": 34.09500074386597,
    "relax_model_2_multimer_v3_pred_2": 20.028013467788696,
    "process_features_model_2_multimer_v3_pred_3": 2.384185791015625e-06,
    "predict_and_compile_model_2_multimer_v3_pred_3": 24.430928468704224,
    "relax_model_2_multimer_v3_pred_3": 18.5782687664032,
    "process_features_model_2_multimer_v3_pred_4": 2.6226043701171875e-06,
    "predict_and_compile_model_2_multimer_v3_pred_4": 24.39015030860901,
    "relax_model_2_multimer_v3_pred_4": 19.24385666847229,
    "process_features_model_3_multimer_v3_pred_0": 2.6226043701171875e-06,
    "predict_and_compile_model_3_multimer_v3_pred_0": 150.32545828819275,
    "relax_model_3_multimer_v3_pred_0": 18.351150274276733,
    "process_features_model_3_multimer_v3_pred_1": 2.6226043701171875e-06,
    "predict_and_compile_model_3_multimer_v3_pred_1": 29.201231002807617,
    "relax_model_3_multimer_v3_pred_1": 18.38292670249939,
    "process_features_model_3_multimer_v3_pred_2": 2.384185791015625e-06,
    "predict_and_compile_model_3_multimer_v3_pred_2": 34.0631639957428,
    "relax_model_3_multimer_v3_pred_2": 18.682074546813965,
    "process_features_model_3_multimer_v3_pred_3": 2.1457672119140625e-06,
    "predict_and_compile_model_3_multimer_v3_pred_3": 38.74756479263306,
    "relax_model_3_multimer_v3_pred_3": 18.978378534317017,
    "process_features_model_3_multimer_v3_pred_4": 2.86102294921875e-06,
    "predict_and_compile_model_3_multimer_v3_pred_4": 33.980592012405396,
    "relax_model_3_multimer_v3_pred_4": 123.09106707572937,
    "process_features_model_4_multimer_v3_pred_0": 2.384185791015625e-06,
    "predict_and_compile_model_4_multimer_v3_pred_0": 152.56534552574158,
    "relax_model_4_multimer_v3_pred_0": 18.603660345077515,
    "process_features_model_4_multimer_v3_pred_1": 2.384185791015625e-06,
    "predict_and_compile_model_4_multimer_v3_pred_1": 33.40529990196228,
    "relax_model_4_multimer_v3_pred_1": 19.138418674468994,
    "process_features_model_4_multimer_v3_pred_2": 2.384185791015625e-06,
    "predict_and_compile_model_4_multimer_v3_pred_2": 28.847804069519043,
    "relax_model_4_multimer_v3_pred_2": 18.8594970703125,
    "process_features_model_4_multimer_v3_pred_3": 2.384185791015625e-06,
    "predict_and_compile_model_4_multimer_v3_pred_3": 23.974472045898438,
    "relax_model_4_multimer_v3_pred_3": 18.710726499557495,
    "process_features_model_4_multimer_v3_pred_4": 2.86102294921875e-06,
    "predict_and_compile_model_4_multimer_v3_pred_4": 23.96661114692688,
    "relax_model_4_multimer_v3_pred_4": 18.04001522064209,
    "process_features_model_5_multimer_v3_pred_0": 3.0994415283203125e-06,
    "predict_and_compile_model_5_multimer_v3_pred_0": 141.13152384757996,
    "relax_model_5_multimer_v3_pred_0": 20.561180353164673,
    "process_features_model_5_multimer_v3_pred_1": 2.1457672119140625e-06,
    "predict_and_compile_model_5_multimer_v3_pred_1": 23.981554985046387,
    "relax_model_5_multimer_v3_pred_1": 18.8482506275177,
    "process_features_model_5_multimer_v3_pred_2": 2.384185791015625e-06,
    "predict_and_compile_model_5_multimer_v3_pred_2": 47.51741290092468,
    "relax_model_5_multimer_v3_pred_2": 18.47514057159424,
    "process_features_model_5_multimer_v3_pred_3": 2.384185791015625e-06,
    "predict_and_compile_model_5_multimer_v3_pred_3": 42.969773292541504,
    "relax_model_5_multimer_v3_pred_3": 19.123896837234497,
    "process_features_model_5_multimer_v3_pred_4": 3.337860107421875e-06,
    "predict_and_compile_model_5_multimer_v3_pred_4": 47.56201481819153,
    "relax_model_5_multimer_v3_pred_4": 19.043575763702393
}