seed,sample,ranking_score
1,0,0.698357548860659
1,1,0.7066357388184697
1,2,0.7039523745632446
1,3,0.7008760178290093
1,4,0.74116192605078
