seed,sample,ranking_score
1,0,0.4125016588564083
1,1,0.4314590633112705
1,2,0.3800312925083994
1,3,0.39684284187648333
1,4,0.42367906203467764
