seed,sample,ranking_score
1,0,0.6237991975139482
1,1,0.5965069697271685
1,2,0.6203384951883315
1,3,0.6025318013431018
1,4,0.6004309049740228
