{
    "features": 0.007272958755493164,
    "process_features_model_1_multimer_v3_pred_0": 3.814697265625e-06,
    "predict_and_compile_model_1_multimer_v3_pred_0": 292.1488711833954,
    "relax_model_1_multimer_v3_pred_0": 64.88212561607361,
    "process_features_model_1_multimer_v3_pred_1": 4.0531158447265625e-06,
    "predict_and_compile_model_1_multimer_v3_pred_1": 116.29398703575134,
    "relax_model_1_multimer_v3_pred_1": 94.54717302322388,
    "process_features_model_1_multimer_v3_pred_2": 5.245208740234375e-06,
    "predict_and_compile_model_1_multimer_v3_pred_2": 115.64129734039307,
    "relax_model_1_multimer_v3_pred_2": 36.97058081626892,
    "process_features_model_1_multimer_v3_pred_3": 4.5299530029296875e-06,
    "predict_and_compile_model_1_multimer_v3_pred_3": 77.16059851646423,
    "relax_model_1_multimer_v3_pred_3": 20.859885215759277,
    "process_features_model_1_multimer_v3_pred_4": 4.291534423828125e-06,
    "predict_and_compile_model_1_multimer_v3_pred_4": 116.12370347976685,
    "relax_model_1_multimer_v3_pred_4": 20.721757650375366,
    "process_features_model_2_multimer_v3_pred_0": 3.814697265625e-06,
    "predict_and_compile_model_2_multimer_v3_pred_0": 266.51153540611267,
    "relax_model_2_multimer_v3_pred_0": 37.6535849571228,
    "process_features_model_2_multimer_v3_pred_1": 3.814697265625e-06,
    "predict_and_compile_model_2_multimer_v3_pred_1": 77.46949124336243,
    "relax_model_2_multimer_v3_pred_1": 45.074623107910156,
    "process_features_model_2_multimer_v3_pred_2": 4.291534423828125e-06,
    "predict_and_compile_model_2_multimer_v3_pred_2": 77.34668278694153,
    "relax_model_2_multimer_v3_pred_2": 33.538496017456055,
    "process_features_model_2_multimer_v3_pred_3": 3.5762786865234375e-06,
    "predict_and_compile_model_2_multimer_v3_pred_3": 77.54628920555115,
    "relax_model_2_multimer_v3_pred_3": 21.291523218154907,
    "process_features_model_2_multimer_v3_pred_4": 3.337860107421875e-06,
    "predict_and_compile_model_2_multimer_v3_pred_4": 77.53227686882019,
    "relax_model_2_multimer_v3_pred_4": 22.236051321029663,
    "process_features_model_3_multimer_v3_pred_0": 3.5762786865234375e-06,
    "predict_and_compile_model_3_multimer_v3_pred_0": 231.98715925216675,
    "relax_model_3_multimer_v3_pred_0": 29.99128484725952,
    "process_features_model_3_multimer_v3_pred_1": 2.86102294921875e-06,
    "predict_and_compile_model_3_multimer_v3_pred_1": 108.64421892166138,
    "relax_model_3_multimer_v3_pred_1": 222.9367871284485,
    "process_features_model_3_multimer_v3_pred_2": 3.5762786865234375e-06,
    "predict_and_compile_model_3_multimer_v3_pred_2": 77.60401797294617,
    "relax_model_3_multimer_v3_pred_2": 24.4759202003479,
    "process_features_model_3_multimer_v3_pred_3": 3.5762786865234375e-06,
    "predict_and_compile_model_3_multimer_v3_pred_3": 64.7338707447052,
    "relax_model_3_multimer_v3_pred_3": 27.991966247558594,
    "process_features_model_3_multimer_v3_pred_4": 3.337860107421875e-06,
    "predict_and_compile_model_3_multimer_v3_pred_4": 64.75800013542175,
    "relax_model_3_multimer_v3_pred_4": 31.502068281173706,
    "process_features_model_4_multimer_v3_pred_0": 3.0994415283203125e-06,
    "predict_and_compile_model_4_multimer_v3_pred_0": 264.45327639579773,
    "relax_model_4_multimer_v3_pred_0": 21.62855553627014,
    "process_features_model_4_multimer_v3_pred_1": 3.814697265625e-06,
    "predict_and_compile_model_4_multimer_v3_pred_1": 81.27940583229065,
    "relax_model_4_multimer_v3_pred_1": 21.41757345199585,
    "process_features_model_4_multimer_v3_pred_2": 3.0994415283203125e-06,
    "predict_and_compile_model_4_multimer_v3_pred_2": 102.29201436042786,
    "relax_model_4_multimer_v3_pred_2": 21.408361434936523,
    "process_features_model_4_multimer_v3_pred_3": 4.291534423828125e-06,
    "predict_and_compile_model_4_multimer_v3_pred_3": 102.21535444259644,
    "relax_model_4_multimer_v3_pred_3": 50.733656883239746,
    "process_features_model_4_multimer_v3_pred_4": 3.5762786865234375e-06,
    "predict_and_compile_model_4_multimer_v3_pred_4": 209.64032244682312,
    "relax_model_4_multimer_v3_pred_4": 24.171762228012085,
    "process_features_model_5_multimer_v3_pred_0": 3.814697265625e-06,
    "predict_and_compile_model_5_multimer_v3_pred_0": 288.43718338012695,
    "relax_model_5_multimer_v3_pred_0": 80.80700588226318,
    "process_features_model_5_multimer_v3_pred_1": 4.0531158447265625e-06,
    "predict_and_compile_model_5_multimer_v3_pred_1": 102.0908899307251,
    "relax_model_5_multimer_v3_pred_1": 29.08099865913391,
    "process_features_model_5_multimer_v3_pred_2": 3.814697265625e-06,
    "predict_and_compile_model_5_multimer_v3_pred_2": 89.20949721336365,
    "relax_model_5_multimer_v3_pred_2": 37.4000449180603,
    "process_features_model_5_multimer_v3_pred_3": 4.5299530029296875e-06,
    "predict_and_compile_model_5_multimer_v3_pred_3": 89.10149812698364,
    "relax_model_5_multimer_v3_pred_3": 34.67226505279541,
    "process_features_model_5_multimer_v3_pred_4": 3.814697265625e-06,
    "predict_and_compile_model_5_multimer_v3_pred_4": 76.35696125030518,
    "relax_model_5_multimer_v3_pred_4": 21.9764621257782
}