seed,sample,ranking_score
1,0,0.647448751860513
1,1,0.6458633768232256
1,2,0.6501387272384723
1,3,0.6547416203171964
1,4,0.6403578036725595
