seed,sample,ranking_score
1,0,0.740464927198285
1,1,0.7441924627073305
1,2,0.7469227471405774
1,3,0.7597381214032534
1,4,0.7389327739219634
