seed,sample,ranking_score
1,0,0.6912885226207443
1,1,0.7061122905726509
1,2,0.6901289485041823
1,3,0.6583991087232696
1,4,0.6409107633348298
