seed,sample,ranking_score
1,0,0.3906968799199584
1,1,0.39642670003474845
1,2,0.4255864961111608
1,3,0.30904747938067256
1,4,0.4268230066432287
