seed,sample,ranking_score
1,0,0.8422428949730463
1,1,0.804772137863458
1,2,0.8106260391056013
1,3,0.8112256100339472
1,4,0.809812796231603
