{
    "iptm+ptm": {
        "model_1_multimer_v3_pred_0": 0.8352471665517553,
        "model_1_multimer_v3_pred_1": 0.7785428285468852,
        "model_1_multimer_v3_pred_2": 0.8819917641655082,
        "model_1_multimer_v3_pred_3": 0.8835336980466142,
        "model_1_multimer_v3_pred_4": 0.8741988620870489,
        "model_2_multimer_v3_pred_0": 0.8764870859905802,
        "model_2_multimer_v3_pred_1": 0.8449116483479866,
        "model_2_multimer_v3_pred_2": 0.8427331615779545,
        "model_2_multimer_v3_pred_3": 0.8482008027844121,
        "model_2_multimer_v3_pred_4": 0.8369823952727288,
        "model_3_multimer_v3_pred_0": 0.8474325645734415,
        "model_3_multimer_v3_pred_1": 0.8503252099473928,
        "model_3_multimer_v3_pred_2": 0.8466587940678787,
        "model_3_multimer_v3_pred_3": 0.8418362987452207,
        "model_3_multimer_v3_pred_4": 0.821984061286001,
        "model_4_multimer_v3_pred_0": 0.8882778687104687,
        "model_4_multimer_v3_pred_1": 0.8752992263809404,
        "model_4_multimer_v3_pred_2": 0.8792886401154462,
        "model_4_multimer_v3_pred_3": 0.8804936217796477,
        "model_4_multimer_v3_pred_4": 0.8826553569455114,
        "model_5_multimer_v3_pred_0": 0.8726644031554613,
        "model_5_multimer_v3_pred_1": 0.8696389822792439,
        "model_5_multimer_v3_pred_2": 0.8813460017945427,
        "model_5_multimer_v3_pred_3": 0.8670629227534212,
        "model_5_multimer_v3_pred_4": 0.8694941862337346
    },
    "order": [
        "model_4_multimer_v3_pred_0",
        "model_1_multimer_v3_pred_3",
        "model_4_multimer_v3_pred_4",
        "model_1_multimer_v3_pred_2",
        "model_5_multimer_v3_pred_2",
        "model_4_multimer_v3_pred_3",
        "model_4_multimer_v3_pred_2",
        "model_2_multimer_v3_pred_0",
        "model_4_multimer_v3_pred_1",
        "model_1_multimer_v3_pred_4",
        "model_5_multimer_v3_pred_0",
        "model_5_multimer_v3_pred_1",
        "model_5_multimer_v3_pred_4",
        "model_5_multimer_v3_pred_3",
        "model_3_multimer_v3_pred_1",
        "model_2_multimer_v3_pred_3",
        "model_3_multimer_v3_pred_0",
        "model_3_multimer_v3_pred_2",
        "model_2_multimer_v3_pred_1",
        "model_2_multimer_v3_pred_2",
        "model_3_multimer_v3_pred_3",
        "model_2_multimer_v3_pred_4",
        "model_1_multimer_v3_pred_0",
        "model_3_multimer_v3_pred_4",
        "model_1_multimer_v3_pred_1"
    ]
}