{
    "features": 0.008012533187866211,
    "process_features_model_1_multimer_v3_pred_0": 3.814697265625e-06,
    "predict_and_compile_model_1_multimer_v3_pred_0": 352.67665123939514,
    "relax_model_1_multimer_v3_pred_0": 31.56836986541748,
    "process_features_model_1_multimer_v3_pred_1": 4.0531158447265625e-06,
    "predict_and_compile_model_1_multimer_v3_pred_1": 148.37968397140503,
    "relax_model_1_multimer_v3_pred_1": 26.832340955734253,
    "process_features_model_1_multimer_v3_pred_2": 2.86102294921875e-06,
    "predict_and_compile_model_1_multimer_v3_pred_2": 148.40100121498108,
    "relax_model_1_multimer_v3_pred_2": 24.15691328048706,
    "process_features_model_1_multimer_v3_pred_3": 3.0994415283203125e-06,
    "predict_and_compile_model_1_multimer_v3_pred_3": 163.37398886680603,
    "relax_model_1_multimer_v3_pred_3": 24.288474082946777,
    "process_features_model_1_multimer_v3_pred_4": 3.337860107421875e-06,
    "predict_and_compile_model_1_multimer_v3_pred_4": 148.26185393333435,
    "relax_model_1_multimer_v3_pred_4": 34.388330936431885,
    "process_features_model_2_multimer_v3_pred_0": 3.337860107421875e-06,
    "predict_and_compile_model_2_multimer_v3_pred_0": 280.7860178947449,
    "relax_model_2_multimer_v3_pred_0": 25.45423460006714,
    "process_features_model_2_multimer_v3_pred_1": 3.814697265625e-06,
    "predict_and_compile_model_2_multimer_v3_pred_1": 222.74861884117126,
    "relax_model_2_multimer_v3_pred_1": 24.470917224884033,
    "process_features_model_2_multimer_v3_pred_2": 2.6226043701171875e-06,
    "predict_and_compile_model_2_multimer_v3_pred_2": 118.80904626846313,
    "relax_model_2_multimer_v3_pred_2": 25.639530420303345,
    "process_features_model_2_multimer_v3_pred_3": 4.0531158447265625e-06,
    "predict_and_compile_model_2_multimer_v3_pred_3": 118.88386917114258,
    "relax_model_2_multimer_v3_pred_3": 25.512524366378784,
    "process_features_model_2_multimer_v3_pred_4": 3.337860107421875e-06,
    "predict_and_compile_model_2_multimer_v3_pred_4": 118.79324221611023,
    "relax_model_2_multimer_v3_pred_4": 24.661967039108276,
    "process_features_model_3_multimer_v3_pred_0": 3.5762786865234375e-06,
    "predict_and_compile_model_3_multimer_v3_pred_0": 313.3390908241272,
    "relax_model_3_multimer_v3_pred_0": 25.016008138656616,
    "process_features_model_3_multimer_v3_pred_1": 4.0531158447265625e-06,
    "predict_and_compile_model_3_multimer_v3_pred_1": 311.1207513809204,
    "relax_model_3_multimer_v3_pred_1": 34.357637882232666,
    "process_features_model_3_multimer_v3_pred_2": 3.337860107421875e-06,
    "predict_and_compile_model_3_multimer_v3_pred_2": 103.98706459999084,
    "relax_model_3_multimer_v3_pred_2": 25.24677062034607,
    "process_features_model_3_multimer_v3_pred_3": 3.0994415283203125e-06,
    "predict_and_compile_model_3_multimer_v3_pred_3": 310.8554413318634,
    "relax_model_3_multimer_v3_pred_3": 25.48654317855835,
    "process_features_model_3_multimer_v3_pred_4": 3.0994415283203125e-06,
    "predict_and_compile_model_3_multimer_v3_pred_4": 207.9324860572815,
    "relax_model_3_multimer_v3_pred_4": 25.49092173576355,
    "process_features_model_4_multimer_v3_pred_0": 4.76837158203125e-06,
    "predict_and_compile_model_4_multimer_v3_pred_0": 326.3431644439697,
    "relax_model_4_multimer_v3_pred_0": 28.714328289031982,
    "process_features_model_4_multimer_v3_pred_1": 4.291534423828125e-06,
    "predict_and_compile_model_4_multimer_v3_pred_1": 306.89485001564026,
    "relax_model_4_multimer_v3_pred_1": 27.167115926742554,
    "process_features_model_4_multimer_v3_pred_2": 3.814697265625e-06,
    "predict_and_compile_model_4_multimer_v3_pred_2": 307.3545742034912,
    "relax_model_4_multimer_v3_pred_2": 34.76804447174072,
    "process_features_model_4_multimer_v3_pred_3": 3.5762786865234375e-06,
    "predict_and_compile_model_4_multimer_v3_pred_3": 307.9199788570404,
    "relax_model_4_multimer_v3_pred_3": 25.069453954696655,
    "process_features_model_4_multimer_v3_pred_4": 3.337860107421875e-06,
    "predict_and_compile_model_4_multimer_v3_pred_4": 277.8323783874512,
    "relax_model_4_multimer_v3_pred_4": 26.48847007751465,
    "process_features_model_5_multimer_v3_pred_0": 3.814697265625e-06,
    "predict_and_compile_model_5_multimer_v3_pred_0": 352.3505644798279,
    "relax_model_5_multimer_v3_pred_0": 26.80073571205139,
    "process_features_model_5_multimer_v3_pred_1": 4.291534423828125e-06,
    "predict_and_compile_model_5_multimer_v3_pred_1": 249.1121597290039,
    "relax_model_5_multimer_v3_pred_1": 25.208914518356323,
    "process_features_model_5_multimer_v3_pred_2": 3.337860107421875e-06,
    "predict_and_compile_model_5_multimer_v3_pred_2": 205.0202877521515,
    "relax_model_5_multimer_v3_pred_2": 25.508686542510986,
    "process_features_model_5_multimer_v3_pred_3": 3.337860107421875e-06,
    "predict_and_compile_model_5_multimer_v3_pred_3": 161.39813542366028,
    "relax_model_5_multimer_v3_pred_3": 33.81555509567261,
    "process_features_model_5_multimer_v3_pred_4": 3.0994415283203125e-06,
    "predict_and_compile_model_5_multimer_v3_pred_4": 307.48175072669983,
    "relax_model_5_multimer_v3_pred_4": 25.142438411712646
}