seed,sample,ranking_score
1,0,0.3570182480427188
1,1,0.35019029178787425
1,2,0.3491883915905666
1,3,0.3464742672923142
1,4,0.34383037530436705
