seed,sample,ranking_score
1,0,0.5158761382106314
1,1,0.4752779591033282
1,2,0.5002529637391455
1,3,0.47587751151468327
1,4,0.518921842238815
