seed,sample,ranking_score
1,0,0.8891086652588529
1,1,0.8400172410515102
1,2,0.8429383620024367
1,3,0.8608014013529363
1,4,0.8830337370147184
