seed,sample,ranking_score
1,0,0.5302409886224729
1,1,0.5319416396951335
1,2,0.5221833522462995
1,3,0.5136833485401416
1,4,0.5203220065297568
