{
    "iptm+ptm": {
        "model_1_multimer_v3_pred_0": 0.8609184342767033,
        "model_1_multimer_v3_pred_1": 0.8647523490071923,
        "model_1_multimer_v3_pred_2": 0.8625259305507199,
        "model_1_multimer_v3_pred_3": 0.8612976802828096,
        "model_1_multimer_v3_pred_4": 0.8607567478881535,
        "model_2_multimer_v3_pred_0": 0.8640478163451547,
        "model_2_multimer_v3_pred_1": 0.8621974854981543,
        "model_2_multimer_v3_pred_2": 0.8691335523407002,
        "model_2_multimer_v3_pred_3": 0.8609391929887662,
        "model_2_multimer_v3_pred_4": 0.8634298891556031,
        "model_3_multimer_v3_pred_0": 0.8710956124816802,
        "model_3_multimer_v3_pred_1": 0.8830307048462386,
        "model_3_multimer_v3_pred_2": 0.86925473521619,
        "model_3_multimer_v3_pred_3": 0.8768674698097703,
        "model_3_multimer_v3_pred_4": 0.8847953309403798,
        "model_4_multimer_v3_pred_0": 0.8577053655900945,
        "model_4_multimer_v3_pred_1": 0.8579447042186326,
        "model_4_multimer_v3_pred_2": 0.8594904311815502,
        "model_4_multimer_v3_pred_3": 0.8579549330373717,
        "model_4_multimer_v3_pred_4": 0.8593980496942553,
        "model_5_multimer_v3_pred_0": 0.8759053612866825,
        "model_5_multimer_v3_pred_1": 0.8866557552729514,
        "model_5_multimer_v3_pred_2": 0.8886767992359765,
        "model_5_multimer_v3_pred_3": 0.878851127120591,
        "model_5_multimer_v3_pred_4": 0.8710025645354919
    },
    "order": [
        "model_5_multimer_v3_pred_2",
        "model_5_multimer_v3_pred_1",
        "model_3_multimer_v3_pred_4",
        "model_3_multimer_v3_pred_1",
        "model_5_multimer_v3_pred_3",
        "model_3_multimer_v3_pred_3",
        "model_5_multimer_v3_pred_0",
        "model_3_multimer_v3_pred_0",
        "model_5_multimer_v3_pred_4",
        "model_3_multimer_v3_pred_2",
        "model_2_multimer_v3_pred_2",
        "model_1_multimer_v3_pred_1",
        "model_2_multimer_v3_pred_0",
        "model_2_multimer_v3_pred_4",
        "model_1_multimer_v3_pred_2",
        "model_2_multimer_v3_pred_1",
        "model_1_multimer_v3_pred_3",
        "model_2_multimer_v3_pred_3",
        "model_1_multimer_v3_pred_0",
        "model_1_multimer_v3_pred_4",
        "model_4_multimer_v3_pred_2",
        "model_4_multimer_v3_pred_4",
        "model_4_multimer_v3_pred_3",
        "model_4_multimer_v3_pred_1",
        "model_4_multimer_v3_pred_0"
    ]
}