seed,sample,ranking_score
1,0,0.2437329420890745
1,1,0.2885582673447545
1,2,0.3202160953788033
1,3,0.3126686104754443
1,4,0.3088552991586796
