seed,sample,ranking_score
2,0,0.9349333255306114
2,1,0.9367856515579173
2,2,0.9453094438609561
2,3,0.9489456006360966
2,4,0.9536898223257472
