seed,sample,ranking_score
1,0,0.6353054179516262
1,1,0.6443723667574608
1,2,0.6326671992914472
1,3,0.6611227090790512
1,4,0.646705165883336
