{
    "features": 0.1803743839263916,
    "process_features_model_1_multimer_v3_pred_0": 4.291534423828125e-06,
    "predict_and_compile_model_1_multimer_v3_pred_0": 466.3838493824005,
    "predict_benchmark_model_1_multimer_v3_pred_0": 345.1766276359558,
    "process_features_model_2_multimer_v3_pred_0": 4.0531158447265625e-06,
    "predict_and_compile_model_2_multimer_v3_pred_0": 461.2760877609253,
    "predict_benchmark_model_2_multimer_v3_pred_0": 345.00760865211487,
    "process_features_model_3_multimer_v3_pred_0": 5.0067901611328125e-06,
    "predict_and_compile_model_3_multimer_v3_pred_0": 462.40971398353577,
    "predict_benchmark_model_3_multimer_v3_pred_0": 344.8774642944336,
    "process_features_model_4_multimer_v3_pred_0": 4.5299530029296875e-06,
    "predict_and_compile_model_4_multimer_v3_pred_0": 457.428555727005,
    "predict_benchmark_model_4_multimer_v3_pred_0": 336.0427176952362,
    "process_features_model_5_multimer_v3_pred_0": 4.0531158447265625e-06,
    "predict_and_compile_model_5_multimer_v3_pred_0": 453.6590747833252,
    "predict_benchmark_model_5_multimer_v3_pred_0": 335.7735471725464
}