{
    "features": 0.004411220550537109,
    "process_features_model_1_multimer_v3_pred_0": 3.814697265625e-06,
    "predict_and_compile_model_1_multimer_v3_pred_0": 130.44496369361877,
    "relax_model_1_multimer_v3_pred_0": 17.048490285873413,
    "process_features_model_1_multimer_v3_pred_1": 3.5762786865234375e-06,
    "predict_and_compile_model_1_multimer_v3_pred_1": 14.094340801239014,
    "relax_model_1_multimer_v3_pred_1": 16.28184986114502,
    "process_features_model_1_multimer_v3_pred_2": 3.0994415283203125e-06,
    "predict_and_compile_model_1_multimer_v3_pred_2": 14.111821174621582,
    "relax_model_1_multimer_v3_pred_2": 16.92705249786377,
    "process_features_model_1_multimer_v3_pred_3": 3.814697265625e-06,
    "predict_and_compile_model_1_multimer_v3_pred_3": 14.110929489135742,
    "relax_model_1_multimer_v3_pred_3": 15.050050020217896,
    "process_features_model_1_multimer_v3_pred_4": 3.0994415283203125e-06,
    "predict_and_compile_model_1_multimer_v3_pred_4": 14.096683025360107,
    "relax_model_1_multimer_v3_pred_4": 14.981574296951294,
    "process_features_model_2_multimer_v3_pred_0": 2.86102294921875e-06,
    "predict_and_compile_model_2_multimer_v3_pred_0": 127.98354077339172,
    "relax_model_2_multimer_v3_pred_0": 15.1165292263031,
    "process_features_model_2_multimer_v3_pred_1": 3.337860107421875e-06,
    "predict_and_compile_model_2_multimer_v3_pred_1": 14.080394744873047,
    "relax_model_2_multimer_v3_pred_1": 15.227289199829102,
    "process_features_model_2_multimer_v3_pred_2": 3.0994415283203125e-06,
    "predict_and_compile_model_2_multimer_v3_pred_2": 14.098294496536255,
    "relax_model_2_multimer_v3_pred_2": 14.990140438079834,
    "process_features_model_2_multimer_v3_pred_3": 3.0994415283203125e-06,
    "predict_and_compile_model_2_multimer_v3_pred_3": 17.556821584701538,
    "relax_model_2_multimer_v3_pred_3": 15.363455533981323,
    "process_features_model_2_multimer_v3_pred_4": 3.337860107421875e-06,
    "predict_and_compile_model_2_multimer_v3_pred_4": 14.109555006027222,
    "relax_model_2_multimer_v3_pred_4": 14.764480352401733,
    "process_features_model_3_multimer_v3_pred_0": 2.86102294921875e-06,
    "predict_and_compile_model_3_multimer_v3_pred_0": 128.97676301002502,
    "relax_model_3_multimer_v3_pred_0": 15.631803274154663,
    "process_features_model_3_multimer_v3_pred_1": 3.814697265625e-06,
    "predict_and_compile_model_3_multimer_v3_pred_1": 14.129918098449707,
    "relax_model_3_multimer_v3_pred_1": 15.046502590179443,
    "process_features_model_3_multimer_v3_pred_2": 3.5762786865234375e-06,
    "predict_and_compile_model_3_multimer_v3_pred_2": 14.088328123092651,
    "relax_model_3_multimer_v3_pred_2": 14.988759279251099,
    "process_features_model_3_multimer_v3_pred_3": 3.5762786865234375e-06,
    "predict_and_compile_model_3_multimer_v3_pred_3": 14.10100507736206,
    "relax_model_3_multimer_v3_pred_3": 15.16015887260437,
    "process_features_model_3_multimer_v3_pred_4": 3.5762786865234375e-06,
    "predict_and_compile_model_3_multimer_v3_pred_4": 14.079589128494263,
    "relax_model_3_multimer_v3_pred_4": 15.446720123291016,
    "process_features_model_4_multimer_v3_pred_0": 2.86102294921875e-06,
    "predict_and_compile_model_4_multimer_v3_pred_0": 132.7627818584442,
    "relax_model_4_multimer_v3_pred_0": 16.648273944854736,
    "process_features_model_4_multimer_v3_pred_1": 3.0994415283203125e-06,
    "predict_and_compile_model_4_multimer_v3_pred_1": 13.81788420677185,
    "relax_model_4_multimer_v3_pred_1": 15.502018213272095,
    "process_features_model_4_multimer_v3_pred_2": 3.0994415283203125e-06,
    "predict_and_compile_model_4_multimer_v3_pred_2": 13.80319094657898,
    "relax_model_4_multimer_v3_pred_2": 16.21830701828003,
    "process_features_model_4_multimer_v3_pred_3": 3.0994415283203125e-06,
    "predict_and_compile_model_4_multimer_v3_pred_3": 17.217119216918945,
    "relax_model_4_multimer_v3_pred_3": 15.565062522888184,
    "process_features_model_4_multimer_v3_pred_4": 3.337860107421875e-06,
    "predict_and_compile_model_4_multimer_v3_pred_4": 13.788743257522583,
    "relax_model_4_multimer_v3_pred_4": 14.944143533706665,
    "process_features_model_5_multimer_v3_pred_0": 3.337860107421875e-06,
    "predict_and_compile_model_5_multimer_v3_pred_0": 129.71471190452576,
    "relax_model_5_multimer_v3_pred_0": 16.35409188270569,
    "process_features_model_5_multimer_v3_pred_1": 3.0994415283203125e-06,
    "predict_and_compile_model_5_multimer_v3_pred_1": 13.818122625350952,
    "relax_model_5_multimer_v3_pred_1": 15.256511449813843,
    "process_features_model_5_multimer_v3_pred_2": 3.337860107421875e-06,
    "predict_and_compile_model_5_multimer_v3_pred_2": 13.818771123886108,
    "relax_model_5_multimer_v3_pred_2": 15.270060539245605,
    "process_features_model_5_multimer_v3_pred_3": 2.86102294921875e-06,
    "predict_and_compile_model_5_multimer_v3_pred_3": 13.820285558700562,
    "relax_model_5_multimer_v3_pred_3": 15.702436923980713,
    "process_features_model_5_multimer_v3_pred_4": 3.0994415283203125e-06,
    "predict_and_compile_model_5_multimer_v3_pred_4": 13.825549364089966,
    "relax_model_5_multimer_v3_pred_4": 14.994287729263306
}