seed,sample,ranking_score
1,0,0.5611896222661193
1,1,0.5736015817971418
1,2,0.5488887492886243
1,3,0.5584966730826127
1,4,0.5458603671316563
