seed,sample,ranking_score
1,0,0.5131723677909715
1,1,0.5283920493561021
1,2,0.5420691718299091
1,3,0.5078999209862952
1,4,0.5094919424476579
