seed,sample,ranking_score
1,0,0.3358428708665389
1,1,0.35644478751861575
1,2,0.2866539294989641
1,3,0.3424064687711952
1,4,0.28513349887211914
