seed,sample,ranking_score
1,0,0.4978527447469953
1,1,0.49596621302093435
1,2,0.4918132771232461
1,3,0.4949978587192606
1,4,0.5157782058692566
