seed,sample,ranking_score
5,0,0.8410301025384046
5,1,0.8444000419438409
5,2,0.8408153427237948
5,3,0.835023799271551
5,4,0.8570993142459603
