{
    "features": 0.027704477310180664,
    "process_features_model_1_multimer_v3_pred_0": 3.0994415283203125e-06,
    "predict_and_compile_model_1_multimer_v3_pred_0": 288.9187834262848,
    "predict_benchmark_model_1_multimer_v3_pred_0": 207.05715918540955,
    "process_features_model_2_multimer_v3_pred_0": 3.790855407714844e-05,
    "predict_and_compile_model_2_multimer_v3_pred_0": 294.07329416275024,
    "predict_benchmark_model_2_multimer_v3_pred_0": 207.07469654083252,
    "process_features_model_3_multimer_v3_pred_0": 2.0265579223632812e-05,
    "predict_and_compile_model_3_multimer_v3_pred_0": 291.8963966369629,
    "predict_benchmark_model_3_multimer_v3_pred_0": 206.77904081344604,
    "process_features_model_4_multimer_v3_pred_0": 2.384185791015625e-05,
    "predict_and_compile_model_4_multimer_v3_pred_0": 283.7692515850067,
    "predict_benchmark_model_4_multimer_v3_pred_0": 200.51414966583252,
    "process_features_model_5_multimer_v3_pred_0": 2.6226043701171875e-05,
    "predict_and_compile_model_5_multimer_v3_pred_0": 283.294025182724,
    "predict_benchmark_model_5_multimer_v3_pred_0": 200.52654027938843
}