seed,sample,ranking_score
1,0,0.9448032359298472
1,1,0.9645528480994517
1,2,0.9636112597766383
1,3,0.9571546316488128
1,4,0.957781473133467
