{
    "features": 0.010923385620117188,
    "process_features_model_1_multimer_v3_pred_0": 3.337860107421875e-06,
    "predict_and_compile_model_1_multimer_v3_pred_0": 301.74730014801025,
    "relax_model_1_multimer_v3_pred_0": 43.62427830696106,
    "process_features_model_1_multimer_v3_pred_1": 3.337860107421875e-06,
    "predict_and_compile_model_1_multimer_v3_pred_1": 276.376736164093,
    "relax_model_1_multimer_v3_pred_1": 40.123435735702515,
    "process_features_model_1_multimer_v3_pred_2": 3.814697265625e-06,
    "predict_and_compile_model_1_multimer_v3_pred_2": 276.83844923973083,
    "relax_model_1_multimer_v3_pred_2": 39.20516490936279,
    "process_features_model_1_multimer_v3_pred_3": 3.5762786865234375e-06,
    "predict_and_compile_model_1_multimer_v3_pred_3": 138.52179098129272,
    "relax_model_1_multimer_v3_pred_3": 70.60736227035522,
    "process_features_model_1_multimer_v3_pred_4": 3.337860107421875e-06,
    "predict_and_compile_model_1_multimer_v3_pred_4": 161.0615999698639,
    "relax_model_1_multimer_v3_pred_4": 40.17646050453186,
    "process_features_model_2_multimer_v3_pred_0": 2.86102294921875e-06,
    "predict_and_compile_model_2_multimer_v3_pred_0": 366.0320544242859,
    "relax_model_2_multimer_v3_pred_0": 42.48156523704529,
    "process_features_model_2_multimer_v3_pred_1": 4.0531158447265625e-06,
    "predict_and_compile_model_2_multimer_v3_pred_1": 184.18436431884766,
    "relax_model_2_multimer_v3_pred_1": 53.17062306404114,
    "process_features_model_2_multimer_v3_pred_2": 3.337860107421875e-06,
    "predict_and_compile_model_2_multimer_v3_pred_2": 230.04729795455933,
    "relax_model_2_multimer_v3_pred_2": 37.78982067108154,
    "process_features_model_2_multimer_v3_pred_3": 3.337860107421875e-06,
    "predict_and_compile_model_2_multimer_v3_pred_3": 276.49618911743164,
    "relax_model_2_multimer_v3_pred_3": 39.362059593200684,
    "process_features_model_2_multimer_v3_pred_4": 3.0994415283203125e-06,
    "predict_and_compile_model_2_multimer_v3_pred_4": 138.37890481948853,
    "relax_model_2_multimer_v3_pred_4": 38.33108425140381,
    "process_features_model_3_multimer_v3_pred_0": 2.86102294921875e-06,
    "predict_and_compile_model_3_multimer_v3_pred_0": 344.1904683113098,
    "relax_model_3_multimer_v3_pred_0": 42.245829582214355,
    "process_features_model_3_multimer_v3_pred_1": 3.5762786865234375e-06,
    "predict_and_compile_model_3_multimer_v3_pred_1": 161.456848859787,
    "relax_model_3_multimer_v3_pred_1": 40.46958518028259,
    "process_features_model_3_multimer_v3_pred_2": 3.0994415283203125e-06,
    "predict_and_compile_model_3_multimer_v3_pred_2": 230.44357538223267,
    "relax_model_3_multimer_v3_pred_2": 71.33649635314941,
    "process_features_model_3_multimer_v3_pred_3": 3.337860107421875e-06,
    "predict_and_compile_model_3_multimer_v3_pred_3": 161.65070843696594,
    "relax_model_3_multimer_v3_pred_3": 47.7781035900116,
    "process_features_model_3_multimer_v3_pred_4": 3.5762786865234375e-06,
    "predict_and_compile_model_3_multimer_v3_pred_4": 207.46866416931152,
    "relax_model_3_multimer_v3_pred_4": 54.70229506492615,
    "process_features_model_4_multimer_v3_pred_0": 4.0531158447265625e-06,
    "predict_and_compile_model_4_multimer_v3_pred_0": 569.9227983951569,
    "relax_model_4_multimer_v3_pred_0": 40.599849700927734,
    "process_features_model_4_multimer_v3_pred_1": 4.76837158203125e-06,
    "predict_and_compile_model_4_multimer_v3_pred_1": 272.2506778240204,
    "relax_model_4_multimer_v3_pred_1": 40.5604202747345,
    "process_features_model_4_multimer_v3_pred_2": 3.0994415283203125e-06,
    "predict_and_compile_model_4_multimer_v3_pred_2": 250.64637327194214,
    "relax_model_4_multimer_v3_pred_2": 43.19376182556152,
    "process_features_model_4_multimer_v3_pred_3": 3.5762786865234375e-06,
    "predict_and_compile_model_4_multimer_v3_pred_3": 227.94257879257202,
    "relax_model_4_multimer_v3_pred_3": 68.9932975769043,
    "process_features_model_4_multimer_v3_pred_4": 3.814697265625e-06,
    "predict_and_compile_model_4_multimer_v3_pred_4": 272.75457668304443,
    "relax_model_4_multimer_v3_pred_4": 83.34469985961914,
    "process_features_model_5_multimer_v3_pred_0": 3.5762786865234375e-06,
    "predict_and_compile_model_5_multimer_v3_pred_0": 640.5411441326141,
    "relax_model_5_multimer_v3_pred_0": 46.99801540374756,
    "process_features_model_5_multimer_v3_pred_1": 4.5299530029296875e-06,
    "predict_and_compile_model_5_multimer_v3_pred_1": 182.42202353477478,
    "relax_model_5_multimer_v3_pred_1": 39.71526527404785,
    "process_features_model_5_multimer_v3_pred_2": 3.0994415283203125e-06,
    "predict_and_compile_model_5_multimer_v3_pred_2": 341.36385917663574,
    "relax_model_5_multimer_v3_pred_2": 40.240753173828125,
    "process_features_model_5_multimer_v3_pred_3": 3.5762786865234375e-06,
    "predict_and_compile_model_5_multimer_v3_pred_3": 318.69281697273254,
    "relax_model_5_multimer_v3_pred_3": 55.564371824264526,
    "process_features_model_5_multimer_v3_pred_4": 3.337860107421875e-06,
    "predict_and_compile_model_5_multimer_v3_pred_4": 136.87267208099365,
    "relax_model_5_multimer_v3_pred_4": 56.511921882629395
}