seed,sample,ranking_score
5,0,0.7477075316188646
5,1,0.8121822187492974
5,2,0.8090158074485372
5,3,0.804911579912925
5,4,0.8212024469459295
