seed,sample,ranking_score
5,0,1.0098001156669565
5,1,1.0045489773237881
5,2,0.9997275057098068
5,3,1.0074514403003698
5,4,1.010128114282796
