seed,sample,ranking_score
1,0,0.3618903943249774
1,1,0.36529540098989915
1,2,0.4322445974646838
1,3,0.39274883277279976
1,4,0.40333401893964965
