{
    "features": 0.024229764938354492,
    "process_features_model_1_multimer_v3_pred_0": 3.0994415283203125e-06,
    "predict_and_compile_model_1_multimer_v3_pred_0": 242.8638231754303,
    "predict_benchmark_model_1_multimer_v3_pred_0": 164.81049823760986,
    "process_features_model_2_multimer_v3_pred_0": 1.2159347534179688e-05,
    "predict_and_compile_model_2_multimer_v3_pred_0": 243.41690373420715,
    "predict_benchmark_model_2_multimer_v3_pred_0": 164.7788758277893,
    "process_features_model_3_multimer_v3_pred_0": 1.1920928955078125e-05,
    "predict_and_compile_model_3_multimer_v3_pred_0": 246.59201288223267,
    "predict_benchmark_model_3_multimer_v3_pred_0": 164.439927816391,
    "process_features_model_4_multimer_v3_pred_0": 4.0531158447265625e-05,
    "predict_and_compile_model_4_multimer_v3_pred_0": 244.49038314819336,
    "predict_benchmark_model_4_multimer_v3_pred_0": 159.71024250984192,
    "process_features_model_5_multimer_v3_pred_0": 2.2172927856445312e-05,
    "predict_and_compile_model_5_multimer_v3_pred_0": 247.84797620773315,
    "predict_benchmark_model_5_multimer_v3_pred_0": 159.9529411792755
}