seed,sample,ranking_score
1,0,0.605581980001053
1,1,0.5845005687569731
1,2,0.5909205649324851
1,3,0.5786407920415316
1,4,0.5883635862775313
