seed,sample,ranking_score
1,0,0.9914751232294448
1,1,0.998039975861197
1,2,0.9965969665250546
1,3,0.9935534678257306
1,4,1.0047275519853982
