seed,sample,ranking_score
1,0,0.638732832692325
1,1,0.6365901378730174
1,2,0.5696284886890832
1,3,0.6301611942822589
1,4,0.6468257602299174
