seed,sample,ranking_score
1,0,0.9106693542208992
1,1,0.9140905817107814
1,2,0.8955004432921706
1,3,0.9027229498204095
1,4,0.9248702073408266
