seed,sample,ranking_score
1,0,0.6141074881787574
1,1,0.5115292143659588
1,2,0.605319747390837
1,3,0.2921493631197708
1,4,0.6033826769595425
