seed,sample,ranking_score
1,0,0.5504401805817799
1,1,0.5883927400210011
1,2,0.5826439721407918
1,3,0.5545236196662878
1,4,0.5525461171810818
