seed,sample,ranking_score
4,0,0.7708897398153199
4,1,0.784857611572668
4,2,0.7702382974942125
4,3,0.7817491004177959
4,4,0.7859248474977182
