seed,sample,ranking_score
1,0,0.6987439737295946
1,1,0.646297356785256
1,2,0.6990178716966581
1,3,0.6495824289359846
1,4,0.6906042226218155
