seed,sample,ranking_score
1,0,0.43705196472459673
1,1,0.464826236682486
1,2,0.4693781705641468
1,3,0.4609081434557913
1,4,0.4530234824067062
