seed,sample,ranking_score
3,0,0.8628454502533172
3,1,0.8238064631676182
3,2,0.8398760046689802
3,3,0.8109828129238497
3,4,0.8225181019859046
