seed,sample,ranking_score
5,0,0.7237592083354927
5,1,0.6798100636195223
5,2,0.6809944350034367
5,3,0.680834205341929
5,4,0.7087618201835425
