{
    "features": 0.004997730255126953,
    "process_features_model_1_multimer_v3_pred_0": 3.5762786865234375e-06,
    "predict_and_compile_model_1_multimer_v3_pred_0": 133.4785077571869,
    "relax_model_1_multimer_v3_pred_0": 15.458550691604614,
    "process_features_model_1_multimer_v3_pred_1": 2.86102294921875e-06,
    "predict_and_compile_model_1_multimer_v3_pred_1": 20.333261489868164,
    "relax_model_1_multimer_v3_pred_1": 15.322921514511108,
    "process_features_model_1_multimer_v3_pred_2": 2.384185791015625e-06,
    "predict_and_compile_model_1_multimer_v3_pred_2": 20.2431001663208,
    "relax_model_1_multimer_v3_pred_2": 19.732690811157227,
    "process_features_model_1_multimer_v3_pred_3": 2.1457672119140625e-06,
    "predict_and_compile_model_1_multimer_v3_pred_3": 20.283711671829224,
    "relax_model_1_multimer_v3_pred_3": 17.319645166397095,
    "process_features_model_1_multimer_v3_pred_4": 2.384185791015625e-06,
    "predict_and_compile_model_1_multimer_v3_pred_4": 20.281742095947266,
    "relax_model_1_multimer_v3_pred_4": 14.50076675415039,
    "process_features_model_2_multimer_v3_pred_0": 2.384185791015625e-06,
    "predict_and_compile_model_2_multimer_v3_pred_0": 134.85561871528625,
    "relax_model_2_multimer_v3_pred_0": 14.357406616210938,
    "process_features_model_2_multimer_v3_pred_1": 2.86102294921875e-06,
    "predict_and_compile_model_2_multimer_v3_pred_1": 20.275057315826416,
    "relax_model_2_multimer_v3_pred_1": 15.08172869682312,
    "process_features_model_2_multimer_v3_pred_2": 2.384185791015625e-06,
    "predict_and_compile_model_2_multimer_v3_pred_2": 16.244486570358276,
    "relax_model_2_multimer_v3_pred_2": 14.383339405059814,
    "process_features_model_2_multimer_v3_pred_3": 2.6226043701171875e-06,
    "predict_and_compile_model_2_multimer_v3_pred_3": 20.271270990371704,
    "relax_model_2_multimer_v3_pred_3": 15.888533353805542,
    "process_features_model_2_multimer_v3_pred_4": 2.384185791015625e-06,
    "predict_and_compile_model_2_multimer_v3_pred_4": 24.291745901107788,
    "relax_model_2_multimer_v3_pred_4": 14.238832473754883,
    "process_features_model_3_multimer_v3_pred_0": 2.384185791015625e-06,
    "predict_and_compile_model_3_multimer_v3_pred_0": 145.46572613716125,
    "relax_model_3_multimer_v3_pred_0": 14.122674942016602,
    "process_features_model_3_multimer_v3_pred_1": 3.0994415283203125e-06,
    "predict_and_compile_model_3_multimer_v3_pred_1": 20.261148691177368,
    "relax_model_3_multimer_v3_pred_1": 20.087324619293213,
    "process_features_model_3_multimer_v3_pred_2": 2.1457672119140625e-06,
    "predict_and_compile_model_3_multimer_v3_pred_2": 28.245117902755737,
    "relax_model_3_multimer_v3_pred_2": 14.789885520935059,
    "process_features_model_3_multimer_v3_pred_3": 3.0994415283203125e-06,
    "predict_and_compile_model_3_multimer_v3_pred_3": 24.254348039627075,
    "relax_model_3_multimer_v3_pred_3": 15.043729782104492,
    "process_features_model_3_multimer_v3_pred_4": 2.384185791015625e-06,
    "predict_and_compile_model_3_multimer_v3_pred_4": 24.30715298652649,
    "relax_model_3_multimer_v3_pred_4": 19.226216554641724,
    "process_features_model_4_multimer_v3_pred_0": 2.6226043701171875e-06,
    "predict_and_compile_model_4_multimer_v3_pred_0": 144.13015937805176,
    "relax_model_4_multimer_v3_pred_0": 26.44467329978943,
    "process_features_model_4_multimer_v3_pred_1": 3.0994415283203125e-06,
    "predict_and_compile_model_4_multimer_v3_pred_1": 19.836166858673096,
    "relax_model_4_multimer_v3_pred_1": 15.325744867324829,
    "process_features_model_4_multimer_v3_pred_2": 2.6226043701171875e-06,
    "predict_and_compile_model_4_multimer_v3_pred_2": 19.841994762420654,
    "relax_model_4_multimer_v3_pred_2": 16.465362548828125,
    "process_features_model_4_multimer_v3_pred_3": 2.384185791015625e-06,
    "predict_and_compile_model_4_multimer_v3_pred_3": 19.8788161277771,
    "relax_model_4_multimer_v3_pred_3": 23.839576959609985,
    "process_features_model_4_multimer_v3_pred_4": 2.384185791015625e-06,
    "predict_and_compile_model_4_multimer_v3_pred_4": 19.89097237586975,
    "relax_model_4_multimer_v3_pred_4": 15.772644519805908,
    "process_features_model_5_multimer_v3_pred_0": 1.049041748046875e-05,
    "predict_and_compile_model_5_multimer_v3_pred_0": 134.94826483726501,
    "relax_model_5_multimer_v3_pred_0": 14.074503183364868,
    "process_features_model_5_multimer_v3_pred_1": 2.86102294921875e-06,
    "predict_and_compile_model_5_multimer_v3_pred_1": 15.952433347702026,
    "relax_model_5_multimer_v3_pred_1": 24.342563152313232,
    "process_features_model_5_multimer_v3_pred_2": 2.6226043701171875e-06,
    "predict_and_compile_model_5_multimer_v3_pred_2": 23.78601384162903,
    "relax_model_5_multimer_v3_pred_2": 14.003989934921265,
    "process_features_model_5_multimer_v3_pred_3": 2.6226043701171875e-06,
    "predict_and_compile_model_5_multimer_v3_pred_3": 15.953307390213013,
    "relax_model_5_multimer_v3_pred_3": 14.701783180236816,
    "process_features_model_5_multimer_v3_pred_4": 2.384185791015625e-06,
    "predict_and_compile_model_5_multimer_v3_pred_4": 15.930659770965576,
    "relax_model_5_multimer_v3_pred_4": 14.401108026504517
}