seed,sample,ranking_score
1,0,0.7025896566654748
1,1,0.6899980686983671
1,2,0.6944407873089393
1,3,0.6891603151421437
1,4,0.7036661256444019
