{
    "features": 0.21849632263183594,
    "process_features_model_1_multimer_v3_pred_0": 4.0531158447265625e-06,
    "predict_and_compile_model_1_multimer_v3_pred_0": 134.12915420532227,
    "predict_benchmark_model_1_multimer_v3_pred_0": 50.89406490325928,
    "process_features_model_2_multimer_v3_pred_0": 1.9073486328125e-05,
    "predict_and_compile_model_2_multimer_v3_pred_0": 105.88592028617859,
    "predict_benchmark_model_2_multimer_v3_pred_0": 23.22467303276062,
    "process_features_model_3_multimer_v3_pred_0": 7.867813110351562e-06,
    "predict_and_compile_model_3_multimer_v3_pred_0": 182.17105841636658,
    "predict_benchmark_model_3_multimer_v3_pred_0": 97.16907262802124,
    "process_features_model_4_multimer_v3_pred_0": 3.504753112792969e-05,
    "predict_and_compile_model_4_multimer_v3_pred_0": 109.00283408164978,
    "predict_benchmark_model_4_multimer_v3_pred_0": 22.789040088653564,
    "process_features_model_5_multimer_v3_pred_0": 1.6927719116210938e-05,
    "predict_and_compile_model_5_multimer_v3_pred_0": 113.62018489837646,
    "predict_benchmark_model_5_multimer_v3_pred_0": 27.16870617866516
}