{
    "features": 0.020754098892211914,
    "process_features_model_1_multimer_v3_pred_0": 3.814697265625e-06,
    "predict_and_compile_model_1_multimer_v3_pred_0": 195.16342854499817,
    "predict_benchmark_model_1_multimer_v3_pred_0": 114.09494471549988,
    "process_features_model_2_multimer_v3_pred_0": 2.1219253540039062e-05,
    "predict_and_compile_model_2_multimer_v3_pred_0": 145.76085591316223,
    "predict_benchmark_model_2_multimer_v3_pred_0": 65.22090148925781,
    "process_features_model_3_multimer_v3_pred_0": 2.3365020751953125e-05,
    "predict_and_compile_model_3_multimer_v3_pred_0": 197.65419006347656,
    "predict_benchmark_model_3_multimer_v3_pred_0": 113.98873138427734,
    "process_features_model_4_multimer_v3_pred_0": 3.1948089599609375e-05,
    "predict_and_compile_model_4_multimer_v3_pred_0": 141.50268507003784,
    "predict_benchmark_model_4_multimer_v3_pred_0": 57.89414596557617,
    "process_features_model_5_multimer_v3_pred_0": 2.5272369384765625e-05,
    "predict_and_compile_model_5_multimer_v3_pred_0": 189.18384957313538,
    "predict_benchmark_model_5_multimer_v3_pred_0": 110.3162887096405
}