seed,sample,ranking_score
1,0,0.7986360160472283
1,1,0.7943088991478771
1,2,0.7962548986116388
1,3,0.7959613372732316
1,4,0.7959760383646719
