seed,sample,ranking_score
1,0,0.5374443214080162
1,1,0.507466580494156
1,2,0.5368486493771784
1,3,0.5558078416472093
1,4,0.43152256216571583
