seed,sample,ranking_score
1,0,0.48649738174454593
1,1,0.5011542003068752
1,2,0.522267869070073
1,3,0.5074866023036455
1,4,0.4906013180567004
