seed,sample,ranking_score
1,0,0.4872402590867616
1,1,0.4708568301918414
1,2,0.44432489864172353
1,3,0.48914125439577283
1,4,0.4749205058105799
