seed,sample,ranking_score
1,0,0.7942705506997915
1,1,0.805354868653927
1,2,0.7992847843639364
1,3,0.813266779246168
1,4,0.8141506328497397
