seed,sample,ranking_score
1,0,0.6200086328148181
1,1,0.6077081376167002
1,2,0.5862093955967029
1,3,0.567447179615733
1,4,0.6133390719549557
