{
    "features": 0.005439043045043945,
    "process_features_model_1_multimer_v3_pred_0": 3.5762786865234375e-06,
    "predict_and_compile_model_1_multimer_v3_pred_0": 138.05672454833984,
    "relax_model_1_multimer_v3_pred_0": 25.928367137908936,
    "process_features_model_1_multimer_v3_pred_1": 3.0994415283203125e-06,
    "predict_and_compile_model_1_multimer_v3_pred_1": 20.30251121520996,
    "relax_model_1_multimer_v3_pred_1": 15.454169988632202,
    "process_features_model_1_multimer_v3_pred_2": 2.86102294921875e-06,
    "predict_and_compile_model_1_multimer_v3_pred_2": 20.212668418884277,
    "relax_model_1_multimer_v3_pred_2": 14.596396207809448,
    "process_features_model_1_multimer_v3_pred_3": 3.814697265625e-06,
    "predict_and_compile_model_1_multimer_v3_pred_3": 24.56999659538269,
    "relax_model_1_multimer_v3_pred_3": 16.671438217163086,
    "process_features_model_1_multimer_v3_pred_4": 3.337860107421875e-06,
    "predict_and_compile_model_1_multimer_v3_pred_4": 20.194928646087646,
    "relax_model_1_multimer_v3_pred_4": 13.811540365219116,
    "process_features_model_2_multimer_v3_pred_0": 3.0994415283203125e-06,
    "predict_and_compile_model_2_multimer_v3_pred_0": 141.74968314170837,
    "relax_model_2_multimer_v3_pred_0": 13.843826532363892,
    "process_features_model_2_multimer_v3_pred_1": 3.0994415283203125e-06,
    "predict_and_compile_model_2_multimer_v3_pred_1": 25.08182144165039,
    "relax_model_2_multimer_v3_pred_1": 14.206146001815796,
    "process_features_model_2_multimer_v3_pred_2": 2.86102294921875e-06,
    "predict_and_compile_model_2_multimer_v3_pred_2": 16.23844838142395,
    "relax_model_2_multimer_v3_pred_2": 14.284085750579834,
    "process_features_model_2_multimer_v3_pred_3": 2.86102294921875e-06,
    "predict_and_compile_model_2_multimer_v3_pred_3": 20.27197575569153,
    "relax_model_2_multimer_v3_pred_3": 14.843111038208008,
    "process_features_model_2_multimer_v3_pred_4": 3.5762786865234375e-06,
    "predict_and_compile_model_2_multimer_v3_pred_4": 24.30522632598877,
    "relax_model_2_multimer_v3_pred_4": 20.149747371673584,
    "process_features_model_3_multimer_v3_pred_0": 3.0994415283203125e-06,
    "predict_and_compile_model_3_multimer_v3_pred_0": 145.11586594581604,
    "relax_model_3_multimer_v3_pred_0": 14.184999704360962,
    "process_features_model_3_multimer_v3_pred_1": 2.6226043701171875e-06,
    "predict_and_compile_model_3_multimer_v3_pred_1": 20.222550868988037,
    "relax_model_3_multimer_v3_pred_1": 20.40504813194275,
    "process_features_model_3_multimer_v3_pred_2": 3.5762786865234375e-06,
    "predict_and_compile_model_3_multimer_v3_pred_2": 28.194058418273926,
    "relax_model_3_multimer_v3_pred_2": 14.43565821647644,
    "process_features_model_3_multimer_v3_pred_3": 2.6226043701171875e-06,
    "predict_and_compile_model_3_multimer_v3_pred_3": 28.25265598297119,
    "relax_model_3_multimer_v3_pred_3": 49.91387915611267,
    "process_features_model_3_multimer_v3_pred_4": 3.337860107421875e-06,
    "predict_and_compile_model_3_multimer_v3_pred_4": 30.699528694152832,
    "relax_model_3_multimer_v3_pred_4": 14.602641820907593,
    "process_features_model_4_multimer_v3_pred_0": 3.5762786865234375e-06,
    "predict_and_compile_model_4_multimer_v3_pred_0": 144.26191115379333,
    "relax_model_4_multimer_v3_pred_0": 31.760781049728394,
    "process_features_model_4_multimer_v3_pred_1": 3.5762786865234375e-06,
    "predict_and_compile_model_4_multimer_v3_pred_1": 19.844965934753418,
    "relax_model_4_multimer_v3_pred_1": 15.79720401763916,
    "process_features_model_4_multimer_v3_pred_2": 3.337860107421875e-06,
    "predict_and_compile_model_4_multimer_v3_pred_2": 22.499500513076782,
    "relax_model_4_multimer_v3_pred_2": 32.12174463272095,
    "process_features_model_4_multimer_v3_pred_3": 2.86102294921875e-06,
    "predict_and_compile_model_4_multimer_v3_pred_3": 19.848088264465332,
    "relax_model_4_multimer_v3_pred_3": 17.9024875164032,
    "process_features_model_4_multimer_v3_pred_4": 3.0994415283203125e-06,
    "predict_and_compile_model_4_multimer_v3_pred_4": 19.849655628204346,
    "relax_model_4_multimer_v3_pred_4": 14.262349605560303,
    "process_features_model_5_multimer_v3_pred_0": 2.86102294921875e-06,
    "predict_and_compile_model_5_multimer_v3_pred_0": 136.25467348098755,
    "relax_model_5_multimer_v3_pred_0": 14.988109350204468,
    "process_features_model_5_multimer_v3_pred_1": 2.86102294921875e-06,
    "predict_and_compile_model_5_multimer_v3_pred_1": 15.951944828033447,
    "relax_model_5_multimer_v3_pred_1": 24.114837169647217,
    "process_features_model_5_multimer_v3_pred_2": 3.0994415283203125e-06,
    "predict_and_compile_model_5_multimer_v3_pred_2": 37.32249426841736,
    "relax_model_5_multimer_v3_pred_2": 14.339958667755127,
    "process_features_model_5_multimer_v3_pred_3": 3.0994415283203125e-06,
    "predict_and_compile_model_5_multimer_v3_pred_3": 15.90585970878601,
    "relax_model_5_multimer_v3_pred_3": 14.62668251991272,
    "process_features_model_5_multimer_v3_pred_4": 3.337860107421875e-06,
    "predict_and_compile_model_5_multimer_v3_pred_4": 15.917917966842651,
    "relax_model_5_multimer_v3_pred_4": 52.06495237350464
}