seed,sample,ranking_score
1,0,0.5728858653064108
1,1,0.6119310645533967
1,2,0.6114910436231196
1,3,0.5877686374563109
1,4,0.6031504199252147
