seed,sample,ranking_score
1,0,0.5237007812132526
1,1,0.4855713170372984
1,2,0.5118823803733528
1,3,0.5158586019562991
1,4,0.5465176196461775
