seed,sample,ranking_score
1,0,0.8853379207437473
1,1,0.888748268836707
1,2,0.8834441825950148
1,3,0.8948392026160386
1,4,0.8942684559169287
