{
    "features": 0.6185197830200195,
    "process_features_model_1_multimer_v3_pred_0": 5.0067901611328125e-06,
    "predict_and_compile_model_1_multimer_v3_pred_0": 383.1464202404022,
    "predict_benchmark_model_1_multimer_v3_pred_0": 263.86423444747925,
    "process_features_model_2_multimer_v3_pred_0": 4.0531158447265625e-06,
    "predict_and_compile_model_2_multimer_v3_pred_0": 378.93044328689575,
    "predict_benchmark_model_2_multimer_v3_pred_0": 264.1246483325958,
    "process_features_model_3_multimer_v3_pred_0": 4.0531158447265625e-06,
    "predict_and_compile_model_3_multimer_v3_pred_0": 382.257919549942,
    "predict_benchmark_model_3_multimer_v3_pred_0": 264.7067377567291,
    "process_features_model_4_multimer_v3_pred_0": 4.291534423828125e-06,
    "predict_and_compile_model_4_multimer_v3_pred_0": 377.5892894268036,
    "predict_benchmark_model_4_multimer_v3_pred_0": 256.57124161720276,
    "process_features_model_5_multimer_v3_pred_0": 3.814697265625e-06,
    "predict_and_compile_model_5_multimer_v3_pred_0": 372.25689816474915,
    "predict_benchmark_model_5_multimer_v3_pred_0": 256.7707076072693
}