seed,sample,ranking_score
3,0,0.742178597990162
3,1,0.7365689090854117
3,2,0.7495486741899408
3,3,0.7437567789439329
3,4,0.7505146997633192
