seed,sample,ranking_score
1,0,0.6468925463668111
1,1,0.6716928638658841
1,2,0.5402759782443924
1,3,0.6918139291125277
1,4,0.6955754349075629
