seed,sample,ranking_score
1,0,0.6673864031726165
1,1,0.7075232938536469
1,2,0.7079501337977302
1,3,0.7172404397664055
1,4,0.7094375708800128
