seed,sample,ranking_score
5,0,0.6577732460765988
5,1,0.631652017904409
5,2,0.6550483160262913
5,3,0.6227588276045924
5,4,0.6425581319128353
