seed,sample,ranking_score
1,0,0.6949885241765885
1,1,0.7340479107051758
1,2,0.7086615474651943
1,3,0.7191960322943753
1,4,0.7769091114941147
