seed,sample,ranking_score
1,0,0.6116755080076414
1,1,0.700812025734584
1,2,0.7023433180217697
1,3,0.6689226194639715
1,4,0.6969963836857836
