seed,sample,ranking_score
1,0,0.8095169303609072
1,1,0.842135036534575
1,2,0.8513689216334158
1,3,0.8273912025945073
1,4,0.814972104677113
