seed,sample,ranking_score
1,0,0.5093418389398501
1,1,0.5291554741500163
1,2,0.5325921626674148
1,3,0.5394644542460455
1,4,0.5387422760603284
