{
    "features": 0.023101091384887695,
    "process_features_model_1_multimer_v3_pred_0": 3.0994415283203125e-06,
    "predict_and_compile_model_1_multimer_v3_pred_0": 246.99075031280518,
    "predict_benchmark_model_1_multimer_v3_pred_0": 159.46083450317383,
    "process_features_model_2_multimer_v3_pred_0": 1.811981201171875e-05,
    "predict_and_compile_model_2_multimer_v3_pred_0": 252.1099145412445,
    "predict_benchmark_model_2_multimer_v3_pred_0": 159.5444416999817,
    "process_features_model_3_multimer_v3_pred_0": 2.384185791015625e-05,
    "predict_and_compile_model_3_multimer_v3_pred_0": 255.08462500572205,
    "predict_benchmark_model_3_multimer_v3_pred_0": 159.4410490989685,
    "process_features_model_4_multimer_v3_pred_0": 3.4809112548828125e-05,
    "predict_and_compile_model_4_multimer_v3_pred_0": 253.15082049369812,
    "predict_benchmark_model_4_multimer_v3_pred_0": 156.89501118659973,
    "process_features_model_5_multimer_v3_pred_0": 2.7179718017578125e-05,
    "predict_and_compile_model_5_multimer_v3_pred_0": 253.614675283432,
    "predict_benchmark_model_5_multimer_v3_pred_0": 157.17344284057617
}