seed,sample,ranking_score
1,0,0.5752015969423683
1,1,0.5520796872912144
1,2,0.5666538067647294
1,3,0.5770051549103216
1,4,0.5027872193008256
