{
    "features": 0.01723194122314453,
    "process_features_model_1_multimer_v3_pred_0": 3.5762786865234375e-06,
    "predict_and_compile_model_1_multimer_v3_pred_0": 197.13921761512756,
    "predict_benchmark_model_1_multimer_v3_pred_0": 113.9139506816864,
    "process_features_model_2_multimer_v3_pred_0": 2.6226043701171875e-05,
    "predict_and_compile_model_2_multimer_v3_pred_0": 198.3249912261963,
    "predict_benchmark_model_2_multimer_v3_pred_0": 113.9705023765564,
    "process_features_model_3_multimer_v3_pred_0": 2.1457672119140625e-05,
    "predict_and_compile_model_3_multimer_v3_pred_0": 199.00150275230408,
    "predict_benchmark_model_3_multimer_v3_pred_0": 114.22493004798889,
    "process_features_model_4_multimer_v3_pred_0": 1.7881393432617188e-05,
    "predict_and_compile_model_4_multimer_v3_pred_0": 196.7747483253479,
    "predict_benchmark_model_4_multimer_v3_pred_0": 110.40771055221558,
    "process_features_model_5_multimer_v3_pred_0": 2.193450927734375e-05,
    "predict_and_compile_model_5_multimer_v3_pred_0": 198.26186990737915,
    "predict_benchmark_model_5_multimer_v3_pred_0": 110.30053091049194
}