{
    "features": 0.005497455596923828,
    "process_features_model_1_multimer_v3_pred_0": 4.0531158447265625e-06,
    "predict_and_compile_model_1_multimer_v3_pred_0": 146.85069394111633,
    "relax_model_1_multimer_v3_pred_0": 20.2165789604187,
    "process_features_model_1_multimer_v3_pred_1": 2.86102294921875e-06,
    "predict_and_compile_model_1_multimer_v3_pred_1": 36.16427779197693,
    "relax_model_1_multimer_v3_pred_1": 18.040828704833984,
    "process_features_model_1_multimer_v3_pred_2": 3.0994415283203125e-06,
    "predict_and_compile_model_1_multimer_v3_pred_2": 36.136236906051636,
    "relax_model_1_multimer_v3_pred_2": 20.8106689453125,
    "process_features_model_1_multimer_v3_pred_3": 2.86102294921875e-06,
    "predict_and_compile_model_1_multimer_v3_pred_3": 42.091164350509644,
    "relax_model_1_multimer_v3_pred_3": 21.547280073165894,
    "process_features_model_1_multimer_v3_pred_4": 3.0994415283203125e-06,
    "predict_and_compile_model_1_multimer_v3_pred_4": 30.20139217376709,
    "relax_model_1_multimer_v3_pred_4": 18.692208528518677,
    "process_features_model_2_multimer_v3_pred_0": 2.86102294921875e-06,
    "predict_and_compile_model_2_multimer_v3_pred_0": 149.53131866455078,
    "relax_model_2_multimer_v3_pred_0": 18.546526432037354,
    "process_features_model_2_multimer_v3_pred_1": 3.337860107421875e-06,
    "predict_and_compile_model_2_multimer_v3_pred_1": 30.233935356140137,
    "relax_model_2_multimer_v3_pred_1": 19.502720594406128,
    "process_features_model_2_multimer_v3_pred_2": 2.86102294921875e-06,
    "predict_and_compile_model_2_multimer_v3_pred_2": 42.17658853530884,
    "relax_model_2_multimer_v3_pred_2": 18.45981240272522,
    "process_features_model_2_multimer_v3_pred_3": 2.86102294921875e-06,
    "predict_and_compile_model_2_multimer_v3_pred_3": 24.227811813354492,
    "relax_model_2_multimer_v3_pred_3": 18.703333139419556,
    "process_features_model_2_multimer_v3_pred_4": 3.337860107421875e-06,
    "predict_and_compile_model_2_multimer_v3_pred_4": 36.125370264053345,
    "relax_model_2_multimer_v3_pred_4": 18.313464164733887,
    "process_features_model_3_multimer_v3_pred_0": 2.6226043701171875e-06,
    "predict_and_compile_model_3_multimer_v3_pred_0": 138.79360628128052,
    "relax_model_3_multimer_v3_pred_0": 18.22183871269226,
    "process_features_model_3_multimer_v3_pred_1": 3.0994415283203125e-06,
    "predict_and_compile_model_3_multimer_v3_pred_1": 30.147119522094727,
    "relax_model_3_multimer_v3_pred_1": 18.46964168548584,
    "process_features_model_3_multimer_v3_pred_2": 3.337860107421875e-06,
    "predict_and_compile_model_3_multimer_v3_pred_2": 24.250168323516846,
    "relax_model_3_multimer_v3_pred_2": 18.848072290420532,
    "process_features_model_3_multimer_v3_pred_3": 3.337860107421875e-06,
    "predict_and_compile_model_3_multimer_v3_pred_3": 30.171748876571655,
    "relax_model_3_multimer_v3_pred_3": 17.892268180847168,
    "process_features_model_3_multimer_v3_pred_4": 3.0994415283203125e-06,
    "predict_and_compile_model_3_multimer_v3_pred_4": 24.227171897888184,
    "relax_model_3_multimer_v3_pred_4": 18.62964653968811,
    "process_features_model_4_multimer_v3_pred_0": 3.0994415283203125e-06,
    "predict_and_compile_model_4_multimer_v3_pred_0": 142.43412923812866,
    "relax_model_4_multimer_v3_pred_0": 18.059953927993774,
    "process_features_model_4_multimer_v3_pred_1": 2.6226043701171875e-06,
    "predict_and_compile_model_4_multimer_v3_pred_1": 23.76724600791931,
    "relax_model_4_multimer_v3_pred_1": 19.67896842956543,
    "process_features_model_4_multimer_v3_pred_2": 3.0994415283203125e-06,
    "predict_and_compile_model_4_multimer_v3_pred_2": 35.407326221466064,
    "relax_model_4_multimer_v3_pred_2": 18.10166835784912,
    "process_features_model_4_multimer_v3_pred_3": 2.86102294921875e-06,
    "predict_and_compile_model_4_multimer_v3_pred_3": 29.579402685165405,
    "relax_model_4_multimer_v3_pred_3": 18.98589587211609,
    "process_features_model_4_multimer_v3_pred_4": 3.337860107421875e-06,
    "predict_and_compile_model_4_multimer_v3_pred_4": 35.44452786445618,
    "relax_model_4_multimer_v3_pred_4": 18.88192057609558,
    "process_features_model_5_multimer_v3_pred_0": 3.0994415283203125e-06,
    "predict_and_compile_model_5_multimer_v3_pred_0": 141.42230868339539,
    "relax_model_5_multimer_v3_pred_0": 19.127442598342896,
    "process_features_model_5_multimer_v3_pred_1": 2.86102294921875e-06,
    "predict_and_compile_model_5_multimer_v3_pred_1": 29.60550284385681,
    "relax_model_5_multimer_v3_pred_1": 18.67786407470703,
    "process_features_model_5_multimer_v3_pred_2": 3.337860107421875e-06,
    "predict_and_compile_model_5_multimer_v3_pred_2": 29.632043838500977,
    "relax_model_5_multimer_v3_pred_2": 18.343329668045044,
    "process_features_model_5_multimer_v3_pred_3": 2.86102294921875e-06,
    "predict_and_compile_model_5_multimer_v3_pred_3": 41.32775926589966,
    "relax_model_5_multimer_v3_pred_3": 19.506303548812866,
    "process_features_model_5_multimer_v3_pred_4": 3.0994415283203125e-06,
    "predict_and_compile_model_5_multimer_v3_pred_4": 29.616129636764526,
    "relax_model_5_multimer_v3_pred_4": 18.870676040649414
}