{
    "features": 0.3000321388244629,
    "process_features_model_1_multimer_v3_pred_0": 4.76837158203125e-06,
    "predict_and_compile_model_1_multimer_v3_pred_0": 455.2300019264221,
    "predict_benchmark_model_1_multimer_v3_pred_0": 336.7259123325348,
    "process_features_model_2_multimer_v3_pred_0": 4.0531158447265625e-06,
    "predict_and_compile_model_2_multimer_v3_pred_0": 450.503808259964,
    "predict_benchmark_model_2_multimer_v3_pred_0": 336.98755049705505,
    "process_features_model_3_multimer_v3_pred_0": 3.814697265625e-06,
    "predict_and_compile_model_3_multimer_v3_pred_0": 452.11493587493896,
    "predict_benchmark_model_3_multimer_v3_pred_0": 336.74251317977905,
    "process_features_model_4_multimer_v3_pred_0": 3.814697265625e-06,
    "predict_and_compile_model_4_multimer_v3_pred_0": 448.30149936676025,
    "predict_benchmark_model_4_multimer_v3_pred_0": 327.6192307472229,
    "process_features_model_5_multimer_v3_pred_0": 3.814697265625e-06,
    "predict_and_compile_model_5_multimer_v3_pred_0": 445.5494933128357,
    "predict_benchmark_model_5_multimer_v3_pred_0": 327.9049825668335
}