seed,sample,ranking_score
1,0,0.32426609999579525
1,1,0.33810936099342426
1,2,0.35711526362998275
1,3,0.3221708525808754
1,4,0.3373131852924391
