{
    "features": 0.1234133243560791,
    "process_features_model_1_multimer_v3_pred_0": 5.245208740234375e-06,
    "predict_and_compile_model_1_multimer_v3_pred_0": 435.92759370803833,
    "predict_benchmark_model_1_multimer_v3_pred_0": 314.28935980796814,
    "process_features_model_2_multimer_v3_pred_0": 3.5762786865234375e-06,
    "predict_and_compile_model_2_multimer_v3_pred_0": 430.96781611442566,
    "predict_benchmark_model_2_multimer_v3_pred_0": 314.33177733421326,
    "process_features_model_3_multimer_v3_pred_0": 3.337860107421875e-06,
    "predict_and_compile_model_3_multimer_v3_pred_0": 432.9038174152374,
    "predict_benchmark_model_3_multimer_v3_pred_0": 315.4255259037018,
    "process_features_model_4_multimer_v3_pred_0": 4.76837158203125e-06,
    "predict_and_compile_model_4_multimer_v3_pred_0": 426.0623595714569,
    "predict_benchmark_model_4_multimer_v3_pred_0": 306.78727555274963,
    "process_features_model_5_multimer_v3_pred_0": 2.86102294921875e-06,
    "predict_and_compile_model_5_multimer_v3_pred_0": 422.10889744758606,
    "predict_benchmark_model_5_multimer_v3_pred_0": 306.47155356407166
}