seed,sample,ranking_score
1,0,0.5715136293944176
1,1,0.5645776658689325
1,2,0.5841571170089426
1,3,0.5818924883148803
1,4,0.5640597930902618
