seed,sample,ranking_score
2,0,0.898118981880899
2,1,0.8868570304783493
2,2,0.900203767664219
2,3,0.8812853929247177
2,4,0.8737744607874001
