seed,sample,ranking_score
1,0,0.4399474665206149
1,1,0.42659587011838207
1,2,0.43814059873408034
1,3,0.3207307738426842
1,4,0.4386980844351822
