seed,sample,ranking_score
2,0,0.7421128670837669
2,1,0.7413891095906053
2,2,0.7461831795728199
2,3,0.7333115377609436
2,4,0.7366515125298706
