seed,sample,ranking_score
1,0,0.6756845922190566
1,1,0.6675150075036621
1,2,0.5848643673510832
1,3,0.6682638125312531
1,4,0.6751187536834723
