seed,sample,ranking_score
1,0,0.46637689940783755
1,1,0.4729805747294276
1,2,0.45217583191979616
1,3,0.46597837524661667
1,4,0.4399922990293103
