seed,sample,ranking_score
1,0,0.5885572257602214
1,1,0.5831755645023968
1,2,0.5601295856872772
1,3,0.5886890440326698
1,4,0.556019458712433
