seed,sample,ranking_score
1,0,0.6931802121580664
1,1,0.7101397320437556
1,2,0.6960545479141057
1,3,0.7065076005996327
1,4,0.6898095839027873
