{
    "features": 0.06271719932556152,
    "process_features_model_1_multimer_v3_pred_0": 3.5762786865234375e-06,
    "predict_and_compile_model_1_multimer_v3_pred_0": 224.46148109436035,
    "predict_benchmark_model_1_multimer_v3_pred_0": 137.57863879203796,
    "process_features_model_2_multimer_v3_pred_0": 3.814697265625e-05,
    "predict_and_compile_model_2_multimer_v3_pred_0": 117.71946096420288,
    "predict_benchmark_model_2_multimer_v3_pred_0": 32.90351057052612,
    "process_features_model_3_multimer_v3_pred_0": 1.5735626220703125e-05,
    "predict_and_compile_model_3_multimer_v3_pred_0": 221.93870615959167,
    "predict_benchmark_model_3_multimer_v3_pred_0": 137.56211590766907,
    "process_features_model_4_multimer_v3_pred_0": 3.409385681152344e-05,
    "predict_and_compile_model_4_multimer_v3_pred_0": 217.95528411865234,
    "predict_benchmark_model_4_multimer_v3_pred_0": 134.02148866653442,
    "process_features_model_5_multimer_v3_pred_0": 3.075599670410156e-05,
    "predict_and_compile_model_5_multimer_v3_pred_0": 166.186105966568,
    "predict_benchmark_model_5_multimer_v3_pred_0": 82.71264839172363
}