seed,sample,ranking_score
4,0,0.6614190266802756
4,1,0.6490075683874907
4,2,0.3742719447302569
4,3,0.6476703220663993
4,4,0.35717105732609133
