seed,sample,ranking_score
1,0,0.5066980122653334
1,1,0.5068902760035138
1,2,0.5137746196917242
1,3,0.4980311072369532
1,4,0.5093048196061076
