seed,sample,ranking_score
2,0,0.9510690163921305
2,1,0.9558144513848474
2,2,0.9524146034039314
2,3,0.9471103142208329
2,4,0.9504647043711942
