seed,sample,ranking_score
1,0,0.5234941944109031
1,1,0.44395142948045785
1,2,0.503698733355589
1,3,0.43833588386918065
1,4,0.5088141355436646
