seed,sample,ranking_score
1,0,0.7242556115687693
1,1,0.7343364554631278
1,2,0.7547630806065219
1,3,0.7369826393708273
1,4,0.7376625181075549
