seed,sample,ranking_score
1,0,0.6420817379832291
1,1,0.6475910382351324
1,2,0.647573149982233
1,3,0.6529340865083824
1,4,0.6680852817552319
