{
    "features": 0.3516848087310791,
    "process_features_model_1_multimer_v3_pred_0": 4.5299530029296875e-06,
    "predict_and_compile_model_1_multimer_v3_pred_0": 169.05015230178833,
    "predict_benchmark_model_1_multimer_v3_pred_0": 87.5708224773407,
    "process_features_model_2_multimer_v3_pred_0": 8.821487426757812e-06,
    "predict_and_compile_model_2_multimer_v3_pred_0": 108.2262716293335,
    "predict_benchmark_model_2_multimer_v3_pred_0": 25.08471441268921,
    "process_features_model_3_multimer_v3_pred_0": 1.1920928955078125e-05,
    "predict_and_compile_model_3_multimer_v3_pred_0": 118.45183658599854,
    "predict_benchmark_model_3_multimer_v3_pred_0": 33.395779848098755,
    "process_features_model_4_multimer_v3_pred_0": 3.123283386230469e-05,
    "predict_and_compile_model_4_multimer_v3_pred_0": 173.288010597229,
    "predict_benchmark_model_4_multimer_v3_pred_0": 86.05900001525879,
    "process_features_model_5_multimer_v3_pred_0": 3.3855438232421875e-05,
    "predict_and_compile_model_5_multimer_v3_pred_0": 122.59754228591919,
    "predict_benchmark_model_5_multimer_v3_pred_0": 36.94539952278137
}