{
    "features": 0.5356712341308594,
    "process_features_model_1_multimer_v3_pred_0": 4.291534423828125e-06,
    "predict_and_compile_model_1_multimer_v3_pred_0": 191.39629864692688,
    "predict_benchmark_model_1_multimer_v3_pred_0": 113.78476428985596,
    "process_features_model_2_multimer_v3_pred_0": 1.0728836059570312e-05,
    "predict_and_compile_model_2_multimer_v3_pred_0": 192.56185865402222,
    "predict_benchmark_model_2_multimer_v3_pred_0": 114.21832156181335,
    "process_features_model_3_multimer_v3_pred_0": 1.0251998901367188e-05,
    "predict_and_compile_model_3_multimer_v3_pred_0": 122.51354551315308,
    "predict_benchmark_model_3_multimer_v3_pred_0": 43.46941900253296,
    "process_features_model_4_multimer_v3_pred_0": 6.4373016357421875e-06,
    "predict_and_compile_model_4_multimer_v3_pred_0": 145.88359951972961,
    "predict_benchmark_model_4_multimer_v3_pred_0": 63.054879903793335,
    "process_features_model_5_multimer_v3_pred_0": 1.33514404296875e-05,
    "predict_and_compile_model_5_multimer_v3_pred_0": 134.108656167984,
    "predict_benchmark_model_5_multimer_v3_pred_0": 52.58983874320984
}