seed,sample,ranking_score
1,0,0.7176774433928332
1,1,0.7271552215691023
1,2,0.7191879933533268
1,3,0.731647966161736
1,4,0.742083383370701
