seed,sample,ranking_score
1,0,0.5252356961359231
1,1,0.5667041559320027
1,2,0.49604194892822784
1,3,0.5119099993635795
1,4,0.5084918285842145
