{
    "features": 0.23711943626403809,
    "process_features_model_1_multimer_v3_pred_0": 7.62939453125e-06,
    "predict_and_compile_model_1_multimer_v3_pred_0": 924.1470198631287,
    "predict_benchmark_model_1_multimer_v3_pred_0": 810.5073344707489,
    "process_features_model_2_multimer_v3_pred_0": 3.2901763916015625e-05,
    "predict_and_compile_model_2_multimer_v3_pred_0": 897.4054193496704,
    "predict_benchmark_model_2_multimer_v3_pred_0": 816.4767191410065,
    "process_features_model_3_multimer_v3_pred_0": 2.5033950805664062e-05,
    "predict_and_compile_model_3_multimer_v3_pred_0": 933.5847837924957,
    "predict_benchmark_model_3_multimer_v3_pred_0": 812.3674056529999,
    "process_features_model_4_multimer_v3_pred_0": 2.2172927856445312e-05,
    "predict_and_compile_model_4_multimer_v3_pred_0": 911.8413143157959,
    "predict_benchmark_model_4_multimer_v3_pred_0": 792.4729835987091,
    "process_features_model_5_multimer_v3_pred_0": 2.47955322265625e-05,
    "predict_and_compile_model_5_multimer_v3_pred_0": 909.0519590377808,
    "predict_benchmark_model_5_multimer_v3_pred_0": 792.5616569519043
}