seed,sample,ranking_score
1,0,0.6132039853524167
1,1,0.6247568785351141
1,2,0.61976269825653
1,3,0.5968926124233844
1,4,0.6067606750968866
