seed,sample,ranking_score
4,0,0.9228924638752644
4,1,0.9213065468293274
4,2,0.9327141070332629
4,3,0.9318377279699536
4,4,0.9235328062210821
