seed,sample,ranking_score
1,0,0.6993123671568094
1,1,0.649585002590131
1,2,0.6703717030311557
1,3,0.6854868579029233
1,4,0.6612800006699532
