seed,sample,ranking_score
5,0,0.8596876038301238
5,1,0.8710261493479853
5,2,0.8247655155584461
5,3,0.8685235554192288
5,4,0.8491356900451623
