seed,sample,ranking_score
5,0,0.7426036708453434
5,1,0.7597354096343532
5,2,0.7357928441028143
5,3,0.7374245201788739
5,4,0.7287953362510899
