seed,sample,ranking_score
1,0,0.61233126484876
1,1,0.619140479664202
1,2,0.6266233405341073
1,3,0.6384043918079856
1,4,0.6224323037126103
