seed,sample,ranking_score
1,0,0.5948207560213784
1,1,0.6105078510645519
1,2,0.6050441408317394
1,3,0.608137880908725
1,4,0.6078938408709453
