seed,sample,ranking_score
1,0,0.5949113158245971
1,1,0.547553444781168
1,2,0.5986402537579423
1,3,0.5990993434242403
1,4,0.5667245267794203
