seed,sample,ranking_score
1,0,0.7238055621424304
1,1,0.7213921184679646
1,2,0.7424039633987194
1,3,0.7169368619167504
1,4,0.744631172924084
