seed,sample,ranking_score
3,0,0.9047166450829323
3,1,0.9164868703907216
3,2,0.9126689846693556
3,3,0.905295127882302
3,4,0.9184282019579146
