seed,sample,ranking_score
1,0,0.5771218486277164
1,1,0.5769314854934571
1,2,0.5550419575167914
1,3,0.5784388716377863
1,4,0.5767503809988153
