seed,sample,ranking_score
1,0,0.6787658206365272
1,1,0.6812275597369951
1,2,0.7400771344331422
1,3,0.6703959598667405
1,4,0.6930968189873777
