{
    "features": 0.01909780502319336,
    "process_features_model_1_multimer_v3_pred_0": 4.0531158447265625e-06,
    "predict_and_compile_model_1_multimer_v3_pred_0": 146.0847454071045,
    "predict_benchmark_model_1_multimer_v3_pred_0": 61.65191435813904,
    "process_features_model_2_multimer_v3_pred_0": 7.05718994140625e-05,
    "predict_and_compile_model_2_multimer_v3_pred_0": 210.03188943862915,
    "predict_benchmark_model_2_multimer_v3_pred_0": 117.50014805793762,
    "process_features_model_3_multimer_v3_pred_0": 5.1975250244140625e-05,
    "predict_and_compile_model_3_multimer_v3_pred_0": 206.46556329727173,
    "predict_benchmark_model_3_multimer_v3_pred_0": 117.93613505363464,
    "process_features_model_4_multimer_v3_pred_0": 3.62396240234375e-05,
    "predict_and_compile_model_4_multimer_v3_pred_0": 194.36012864112854,
    "predict_benchmark_model_4_multimer_v3_pred_0": 114.75501418113708,
    "process_features_model_5_multimer_v3_pred_0": 2.4080276489257812e-05,
    "predict_and_compile_model_5_multimer_v3_pred_0": 216.77378726005554,
    "predict_benchmark_model_5_multimer_v3_pred_0": 114.38694739341736
}