seed,sample,ranking_score
1,0,0.699569565960143
1,1,0.6922867097630354
1,2,0.7086898622222355
1,3,0.7128961602120487
1,4,0.7246694196618846
