seed,sample,ranking_score
1,0,0.45156504321800367
1,1,0.448028971183525
1,2,0.4636840062404577
1,3,0.4494370620834807
1,4,0.4616783809733457
