seed,sample,ranking_score
3,0,0.778912583539138
3,1,0.7776397087498419
3,2,0.7788394321419582
3,3,0.776484210387227
3,4,0.7801903531956944
