{
    "features": 0.015564203262329102,
    "process_features_model_1_multimer_v3_pred_0": 2.6226043701171875e-06,
    "predict_and_compile_model_1_multimer_v3_pred_0": 113.56023597717285,
    "predict_benchmark_model_1_multimer_v3_pred_0": 30.065799474716187,
    "process_features_model_2_multimer_v3_pred_0": 2.0503997802734375e-05,
    "predict_and_compile_model_2_multimer_v3_pred_0": 117.81287503242493,
    "predict_benchmark_model_2_multimer_v3_pred_0": 34.92600345611572,
    "process_features_model_3_multimer_v3_pred_0": 2.1457672119140625e-05,
    "predict_and_compile_model_3_multimer_v3_pred_0": 122.1003692150116,
    "predict_benchmark_model_3_multimer_v3_pred_0": 39.965903997421265,
    "process_features_model_4_multimer_v3_pred_0": 8.821487426757812e-06,
    "predict_and_compile_model_4_multimer_v3_pred_0": 124.89734745025635,
    "predict_benchmark_model_4_multimer_v3_pred_0": 43.98106908798218,
    "process_features_model_5_multimer_v3_pred_0": 7.62939453125e-06,
    "predict_and_compile_model_5_multimer_v3_pred_0": 138.10666942596436,
    "predict_benchmark_model_5_multimer_v3_pred_0": 58.931907653808594
}