{
    "iptm+ptm": {
        "model_1_multimer_v3_pred_0": 0.5895172635687647,
        "model_1_multimer_v3_pred_1": 0.5809737664222675,
        "model_1_multimer_v3_pred_2": 0.5918359859997094,
        "model_1_multimer_v3_pred_3": 0.5988379982070389,
        "model_1_multimer_v3_pred_4": 0.5889754698635766,
        "model_2_multimer_v3_pred_0": 0.6254000603508161,
        "model_2_multimer_v3_pred_1": 0.6190814487342884,
        "model_2_multimer_v3_pred_2": 0.627463920650381,
        "model_2_multimer_v3_pred_3": 0.6228471308068282,
        "model_2_multimer_v3_pred_4": 0.6219156554660745,
        "model_3_multimer_v3_pred_0": 0.6343959338728427,
        "model_3_multimer_v3_pred_1": 0.6475186289253165,
        "model_3_multimer_v3_pred_2": 0.6331293837503311,
        "model_3_multimer_v3_pred_3": 0.6279196829051761,
        "model_3_multimer_v3_pred_4": 0.6282364088943904,
        "model_4_multimer_v3_pred_0": 0.6428225454566301,
        "model_4_multimer_v3_pred_1": 0.6656873616579766,
        "model_4_multimer_v3_pred_2": 0.6553990034200196,
        "model_4_multimer_v3_pred_3": 0.6388845955162064,
        "model_4_multimer_v3_pred_4": 0.6299325386852205,
        "model_5_multimer_v3_pred_0": 0.6239081947609979,
        "model_5_multimer_v3_pred_1": 0.6371620467429214,
        "model_5_multimer_v3_pred_2": 0.6257285072638052,
        "model_5_multimer_v3_pred_3": 0.6211500059870837,
        "model_5_multimer_v3_pred_4": 0.6390253856504138
    },
    "order": [
        "model_4_multimer_v3_pred_1",
        "model_4_multimer_v3_pred_2",
        "model_3_multimer_v3_pred_1",
        "model_4_multimer_v3_pred_0",
        "model_5_multimer_v3_pred_4",
        "model_4_multimer_v3_pred_3",
        "model_5_multimer_v3_pred_1",
        "model_3_multimer_v3_pred_0",
        "model_3_multimer_v3_pred_2",
        "model_4_multimer_v3_pred_4",
        "model_3_multimer_v3_pred_4",
        "model_3_multimer_v3_pred_3",
        "model_2_multimer_v3_pred_2",
        "model_5_multimer_v3_pred_2",
        "model_2_multimer_v3_pred_0",
        "model_5_multimer_v3_pred_0",
        "model_2_multimer_v3_pred_3",
        "model_2_multimer_v3_pred_4",
        "model_5_multimer_v3_pred_3",
        "model_2_multimer_v3_pred_1",
        "model_1_multimer_v3_pred_3",
        "model_1_multimer_v3_pred_2",
        "model_1_multimer_v3_pred_0",
        "model_1_multimer_v3_pred_4",
        "model_1_multimer_v3_pred_1"
    ]
}