seed,sample,ranking_score
1,0,0.6663388876522525
1,1,0.6877482292090409
1,2,0.6981329905412152
1,3,0.6851901287196189
1,4,0.6807322902671802
