seed,sample,ranking_score
1,0,0.7165387103077978
1,1,0.7618426648304351
1,2,0.7675775743756554
1,3,0.7308286989573846
1,4,0.7787818374227854
