seed,sample,ranking_score
1,0,0.4322201204672985
1,1,0.38828575404147847
1,2,0.4363834010874793
1,3,0.4348945010330016
1,4,0.3895619536914922
