seed,sample,ranking_score
2,0,0.6337130519247558
2,1,0.6495951782162954
2,2,0.6199358392506584
2,3,0.6518110159484238
2,4,0.6525892755538358
