{
    "features": 0.35953259468078613,
    "process_features_model_1_multimer_v3_pred_0": 4.76837158203125e-06,
    "predict_and_compile_model_1_multimer_v3_pred_0": 480.60359716415405,
    "predict_benchmark_model_1_multimer_v3_pred_0": 366.8064036369324,
    "process_features_model_2_multimer_v3_pred_0": 4.0531158447265625e-06,
    "predict_and_compile_model_2_multimer_v3_pred_0": 284.37226819992065,
    "predict_benchmark_model_2_multimer_v3_pred_0": 175.05586552619934,
    "process_features_model_3_multimer_v3_pred_0": 3.814697265625e-06,
    "predict_and_compile_model_3_multimer_v3_pred_0": 477.0462009906769,
    "predict_benchmark_model_3_multimer_v3_pred_0": 366.6160979270935,
    "process_features_model_4_multimer_v3_pred_0": 3.814697265625e-06,
    "predict_and_compile_model_4_multimer_v3_pred_0": 471.8844544887543,
    "predict_benchmark_model_4_multimer_v3_pred_0": 356.6396872997284,
    "process_features_model_5_multimer_v3_pred_0": 4.291534423828125e-06,
    "predict_and_compile_model_5_multimer_v3_pred_0": 466.9546802043915,
    "predict_benchmark_model_5_multimer_v3_pred_0": 356.8343858718872
}