seed,sample,ranking_score
1,0,0.608830631906296
1,1,0.6204735728758346
1,2,0.6187815846360689
1,3,0.6194804519756096
1,4,0.6218022980228471
