seed,sample,ranking_score
1,0,0.6404811372833388
1,1,0.6638306552633952
1,2,0.6610314794693781
1,3,0.6592660050482031
1,4,0.6575245230945371
