seed,sample,ranking_score
1,0,0.4350310517554471
1,1,0.4217085409282577
1,2,0.41756331298969007
1,3,0.41681621807889907
1,4,0.4164504332235352
