seed,sample,ranking_score
1,0,0.6745464801374684
1,1,0.6911673829984278
1,2,0.6692051811367525
1,3,0.6930339267934745
1,4,0.6898897773159084
