seed,sample,ranking_score
1,0,0.6253430167204104
1,1,0.6294997350120702
1,2,0.641864986797669
1,3,0.6313421796807273
1,4,0.6348885751813135
