{
    "features": 0.005980014801025391,
    "process_features_model_1_multimer_v3_pred_0": 3.814697265625e-06,
    "predict_and_compile_model_1_multimer_v3_pred_0": 153.57767057418823,
    "relax_model_1_multimer_v3_pred_0": 29.782827377319336,
    "process_features_model_1_multimer_v3_pred_1": 3.337860107421875e-06,
    "predict_and_compile_model_1_multimer_v3_pred_1": 50.03368067741394,
    "relax_model_1_multimer_v3_pred_1": 27.09557008743286,
    "process_features_model_1_multimer_v3_pred_2": 3.0994415283203125e-06,
    "predict_and_compile_model_1_multimer_v3_pred_2": 90.85242676734924,
    "relax_model_1_multimer_v3_pred_2": 43.771021366119385,
    "process_features_model_1_multimer_v3_pred_3": 2.86102294921875e-06,
    "predict_and_compile_model_1_multimer_v3_pred_3": 49.9431791305542,
    "relax_model_1_multimer_v3_pred_3": 49.272449016571045,
    "process_features_model_1_multimer_v3_pred_4": 2.86102294921875e-06,
    "predict_and_compile_model_1_multimer_v3_pred_4": 58.058191537857056,
    "relax_model_1_multimer_v3_pred_4": 27.660813808441162,
    "process_features_model_2_multimer_v3_pred_0": 2.6226043701171875e-06,
    "predict_and_compile_model_2_multimer_v3_pred_0": 159.6087625026703,
    "relax_model_2_multimer_v3_pred_0": 28.235228538513184,
    "process_features_model_2_multimer_v3_pred_1": 3.0994415283203125e-06,
    "predict_and_compile_model_2_multimer_v3_pred_1": 58.58556795120239,
    "relax_model_2_multimer_v3_pred_1": 37.29249167442322,
    "process_features_model_2_multimer_v3_pred_2": 3.0994415283203125e-06,
    "predict_and_compile_model_2_multimer_v3_pred_2": 58.24225068092346,
    "relax_model_2_multimer_v3_pred_2": 26.871779441833496,
    "process_features_model_2_multimer_v3_pred_3": 3.337860107421875e-06,
    "predict_and_compile_model_2_multimer_v3_pred_3": 99.37304878234863,
    "relax_model_2_multimer_v3_pred_3": 27.649070739746094,
    "process_features_model_2_multimer_v3_pred_4": 3.337860107421875e-06,
    "predict_and_compile_model_2_multimer_v3_pred_4": 49.95727515220642,
    "relax_model_2_multimer_v3_pred_4": 27.510811805725098,
    "process_features_model_3_multimer_v3_pred_0": 3.0994415283203125e-06,
    "predict_and_compile_model_3_multimer_v3_pred_0": 177.1721007823944,
    "relax_model_3_multimer_v3_pred_0": 32.54382634162903,
    "process_features_model_3_multimer_v3_pred_1": 2.86102294921875e-06,
    "predict_and_compile_model_3_multimer_v3_pred_1": 50.02161908149719,
    "relax_model_3_multimer_v3_pred_1": 28.33478093147278,
    "process_features_model_3_multimer_v3_pred_2": 3.0994415283203125e-06,
    "predict_and_compile_model_3_multimer_v3_pred_2": 82.6971800327301,
    "relax_model_3_multimer_v3_pred_2": 50.39334750175476,
    "process_features_model_3_multimer_v3_pred_3": 2.6226043701171875e-06,
    "predict_and_compile_model_3_multimer_v3_pred_3": 58.11111330986023,
    "relax_model_3_multimer_v3_pred_3": 51.38568902015686,
    "process_features_model_3_multimer_v3_pred_4": 2.86102294921875e-06,
    "predict_and_compile_model_3_multimer_v3_pred_4": 115.40254831314087,
    "relax_model_3_multimer_v3_pred_4": 28.476512670516968,
    "process_features_model_4_multimer_v3_pred_0": 2.86102294921875e-06,
    "predict_and_compile_model_4_multimer_v3_pred_0": 202.98824834823608,
    "relax_model_4_multimer_v3_pred_0": 28.47997736930847,
    "process_features_model_4_multimer_v3_pred_1": 2.86102294921875e-06,
    "predict_and_compile_model_4_multimer_v3_pred_1": 138.1293342113495,
    "relax_model_4_multimer_v3_pred_1": 43.8698935508728,
    "process_features_model_4_multimer_v3_pred_2": 2.86102294921875e-06,
    "predict_and_compile_model_4_multimer_v3_pred_2": 97.4821925163269,
    "relax_model_4_multimer_v3_pred_2": 28.40940833091736,
    "process_features_model_4_multimer_v3_pred_3": 3.337860107421875e-06,
    "predict_and_compile_model_4_multimer_v3_pred_3": 41.034544467926025,
    "relax_model_4_multimer_v3_pred_3": 53.29776334762573,
    "process_features_model_4_multimer_v3_pred_4": 3.0994415283203125e-06,
    "predict_and_compile_model_4_multimer_v3_pred_4": 97.73012447357178,
    "relax_model_4_multimer_v3_pred_4": 52.13334655761719,
    "process_features_model_5_multimer_v3_pred_0": 2.86102294921875e-06,
    "predict_and_compile_model_5_multimer_v3_pred_0": 264.24183559417725,
    "relax_model_5_multimer_v3_pred_0": 28.463539600372314,
    "process_features_model_5_multimer_v3_pred_1": 3.0994415283203125e-06,
    "predict_and_compile_model_5_multimer_v3_pred_1": 137.93826007843018,
    "relax_model_5_multimer_v3_pred_1": 27.864006996154785,
    "process_features_model_5_multimer_v3_pred_2": 3.337860107421875e-06,
    "predict_and_compile_model_5_multimer_v3_pred_2": 105.65795588493347,
    "relax_model_5_multimer_v3_pred_2": 31.766605615615845,
    "process_features_model_5_multimer_v3_pred_3": 3.0994415283203125e-06,
    "predict_and_compile_model_5_multimer_v3_pred_3": 89.67739534378052,
    "relax_model_5_multimer_v3_pred_3": 51.782859086990356,
    "process_features_model_5_multimer_v3_pred_4": 3.5762786865234375e-06,
    "predict_and_compile_model_5_multimer_v3_pred_4": 49.92478847503662,
    "relax_model_5_multimer_v3_pred_4": 30.134509086608887
}