seed,sample,ranking_score
1,0,0.47330722597331865
1,1,0.46526444810547135
1,2,0.46714094110014937
1,3,0.5488866566313861
1,4,0.502193666006634
