seed,sample,ranking_score
1,0,0.6418262295238382
1,1,0.6237667903663562
1,2,0.6143237327748976
1,3,0.6233585408780963
1,4,0.6340889943864118
