seed,sample,ranking_score
1,0,0.5095033004697185
1,1,0.52914357002364
1,2,0.4678977295141777
1,3,0.5005263937644698
1,4,0.5282227108157784
