seed,sample,ranking_score
1,0,0.4037559736319519
1,1,0.31329399135019786
1,2,0.4114448183752886
1,3,0.2940615504177217
1,4,0.4000201494481638
