seed,sample,ranking_score
1,0,0.6559526382243281
1,1,0.6486100684645552
1,2,0.6601105392591594
1,3,0.6470638137636453
1,4,0.6353779654002882
