seed,sample,ranking_score
1,0,0.6044861354058022
1,1,0.6887020621602996
1,2,0.6802474206960398
1,3,0.6865506423014724
1,4,0.6972026140246157
