seed,sample,ranking_score
1,0,0.28673733350953134
1,1,0.28869384286873595
1,2,0.2623388824157758
1,3,0.289911697731013
1,4,0.256635911140917
