{
    "features": 1.1762635707855225,
    "process_features_model_1_multimer_v3_pred_0": 4.0531158447265625e-06,
    "predict_and_compile_model_1_multimer_v3_pred_0": 142.06910395622253,
    "predict_benchmark_model_1_multimer_v3_pred_0": 53.34125018119812,
    "process_features_model_2_multimer_v3_pred_0": 3.647804260253906e-05,
    "predict_and_compile_model_2_multimer_v3_pred_0": 149.59935569763184,
    "predict_benchmark_model_2_multimer_v3_pred_0": 60.04708671569824,
    "process_features_model_3_multimer_v3_pred_0": 4.38690185546875e-05,
    "predict_and_compile_model_3_multimer_v3_pred_0": 150.11485195159912,
    "predict_benchmark_model_3_multimer_v3_pred_0": 53.31279277801514,
    "process_features_model_4_multimer_v3_pred_0": 3.4332275390625e-05,
    "predict_and_compile_model_4_multimer_v3_pred_0": 118.78453803062439,
    "predict_benchmark_model_4_multimer_v3_pred_0": 39.1764190196991,
    "process_features_model_5_multimer_v3_pred_0": 2.3126602172851562e-05,
    "predict_and_compile_model_5_multimer_v3_pred_0": 228.30266189575195,
    "predict_benchmark_model_5_multimer_v3_pred_0": 137.0061228275299
}