seed,sample,ranking_score
1,0,0.9353848522668948
1,1,0.9505629413059378
1,2,0.9563016075450084
1,3,0.9386349707712666
1,4,0.9336130322376999
