seed,sample,ranking_score
1,0,0.5203200440530317
1,1,0.528475903578778
1,2,0.5208726199732439
1,3,0.5323428192375299
1,4,0.5187726054353388
