seed,sample,ranking_score
3,0,0.7261238669944905
3,1,0.7215568372995127
3,2,0.732534230516399
3,3,0.7399118552972506
3,4,0.7360410292090158
