seed,sample,ranking_score
1,0,0.6358317352498265
1,1,0.5398034878901502
1,2,0.6292310963272458
1,3,0.6129571745019169
1,4,0.6365853437260331
