seed,sample,ranking_score
1,0,0.3396899685601451
1,1,0.3092451437771627
1,2,0.3520579357677124
1,3,0.32989453609236224
1,4,0.34888640229090273
