seed,sample,ranking_score
3,0,0.7334248464197447
3,1,0.7311889529866055
3,2,0.7393125598765408
3,3,0.7519695677444594
3,4,0.7309875454074121
