seed,sample,ranking_score
1,0,0.6067243794880279
1,1,0.5959017992985817
1,2,0.634055275681812
1,3,0.5906608267423697
1,4,0.5953511510508406
