seed,sample,ranking_score
1,0,0.701199294364232
1,1,0.6870473870422428
1,2,0.7208680440715519
1,3,0.6917302356550025
1,4,0.6917812660260557
