seed,sample,ranking_score
1,0,0.6750347007348074
1,1,0.6579289578694126
1,2,0.6673930398859937
1,3,0.6596730156403752
1,4,0.6563356153962201
