seed,sample,ranking_score
1,0,0.5974773673531363
1,1,0.5559253509713138
1,2,0.5883853558334362
1,3,0.5755468814026139
1,4,0.5756177489372187
