seed,sample,ranking_score
1,0,0.8322846914240123
1,1,0.8434754319910602
1,2,0.8460838078303461
1,3,0.8413178090356144
1,4,0.8309754548579824
