seed,sample,ranking_score
1,0,0.5909090826616987
1,1,0.539926633078406
1,2,0.48900949468542776
1,3,0.5915767442924272
1,4,0.586515428122327
