seed,sample,ranking_score
1,0,0.8184071809816469
1,1,0.8316045942580835
1,2,0.8467338560107861
1,3,0.8321435525240347
1,4,0.8261592595083996
