{
    "features": 0.18933510780334473,
    "process_features_model_1_multimer_v3_pred_0": 5.4836273193359375e-06,
    "predict_and_compile_model_1_multimer_v3_pred_0": 299.842702627182,
    "predict_benchmark_model_1_multimer_v3_pred_0": 180.7046937942505,
    "process_features_model_2_multimer_v3_pred_0": 3.5762786865234375e-06,
    "predict_and_compile_model_2_multimer_v3_pred_0": 295.31844568252563,
    "predict_benchmark_model_2_multimer_v3_pred_0": 180.77812218666077,
    "process_features_model_3_multimer_v3_pred_0": 4.76837158203125e-06,
    "predict_and_compile_model_3_multimer_v3_pred_0": 297.1762504577637,
    "predict_benchmark_model_3_multimer_v3_pred_0": 180.7257845401764,
    "process_features_model_4_multimer_v3_pred_0": 3.814697265625e-06,
    "predict_and_compile_model_4_multimer_v3_pred_0": 296.373407125473,
    "predict_benchmark_model_4_multimer_v3_pred_0": 175.3745255470276,
    "process_features_model_5_multimer_v3_pred_0": 4.0531158447265625e-06,
    "predict_and_compile_model_5_multimer_v3_pred_0": 291.7758045196533,
    "predict_benchmark_model_5_multimer_v3_pred_0": 175.35257124900818
}