seed,sample,ranking_score
1,0,0.8859400744375056
1,1,0.8826747890123521
1,2,0.8971133490375065
1,3,0.8912943227042714
1,4,0.8832874887532638
