{
    "features": 0.3014528751373291,
    "process_features_model_1_multimer_v3_pred_0": 4.5299530029296875e-06,
    "predict_and_compile_model_1_multimer_v3_pred_0": 927.0043065547943,
    "predict_benchmark_model_1_multimer_v3_pred_0": 804.1412401199341,
    "process_features_model_2_multimer_v3_pred_0": 3.814697265625e-06,
    "predict_and_compile_model_2_multimer_v3_pred_0": 919.151360988617,
    "predict_benchmark_model_2_multimer_v3_pred_0": 803.9238111972809,
    "process_features_model_3_multimer_v3_pred_0": 4.76837158203125e-06,
    "predict_and_compile_model_3_multimer_v3_pred_0": 921.9683909416199,
    "predict_benchmark_model_3_multimer_v3_pred_0": 805.2231328487396,
    "process_features_model_4_multimer_v3_pred_0": 4.0531158447265625e-06,
    "predict_and_compile_model_4_multimer_v3_pred_0": 895.2027115821838,
    "predict_benchmark_model_4_multimer_v3_pred_0": 775.8015899658203,
    "process_features_model_5_multimer_v3_pred_0": 4.0531158447265625e-06,
    "predict_and_compile_model_5_multimer_v3_pred_0": 883.9719591140747,
    "predict_benchmark_model_5_multimer_v3_pred_0": 776.0455396175385
}