seed,sample,ranking_score
3,0,0.7452806170909172
3,1,0.7293993151294824
3,2,0.7355915221625975
3,3,0.7480781261330403
3,4,0.7390019851927071
