seed,sample,ranking_score
3,0,0.941210214727746
3,1,0.9592466261119335
3,2,0.933848884794246
3,3,0.9306053983311484
3,4,0.94468428627685
