seed,sample,ranking_score
1,0,0.9113856075371218
1,1,0.9082268724117929
1,2,0.9075647240619593
1,3,0.9102429915387342
1,4,0.9081398081486074
