seed,sample,ranking_score
1,0,0.7664091532438339
1,1,0.7907066049246563
1,2,0.7704759885985324
1,3,0.7908354734637392
1,4,0.7735430920282228
