{
    "features": 0.013884305953979492,
    "process_features_model_1_multimer_v3_pred_0": 2.86102294921875e-06,
    "predict_and_compile_model_1_multimer_v3_pred_0": 159.48015427589417,
    "predict_benchmark_model_1_multimer_v3_pred_0": 75.21317768096924,
    "process_features_model_2_multimer_v3_pred_0": 1.8358230590820312e-05,
    "predict_and_compile_model_2_multimer_v3_pred_0": 150.87492322921753,
    "predict_benchmark_model_2_multimer_v3_pred_0": 60.27904415130615,
    "process_features_model_3_multimer_v3_pred_0": 1.0013580322265625e-05,
    "predict_and_compile_model_3_multimer_v3_pred_0": 190.7085826396942,
    "predict_benchmark_model_3_multimer_v3_pred_0": 105.40655899047852,
    "process_features_model_4_multimer_v3_pred_0": 1.5974044799804688e-05,
    "predict_and_compile_model_4_multimer_v3_pred_0": 167.55153632164001,
    "predict_benchmark_model_4_multimer_v3_pred_0": 83.93826818466187,
    "process_features_model_5_multimer_v3_pred_0": 1.239776611328125e-05,
    "predict_and_compile_model_5_multimer_v3_pred_0": 189.39074277877808,
    "predict_benchmark_model_5_multimer_v3_pred_0": 103.46441173553467
}