seed,sample,ranking_score
1,0,0.9546875070489829
1,1,0.9335198580071133
1,2,0.947588123140833
1,3,0.9405360179568298
1,4,0.9393070413843896
