seed,sample,ranking_score
5,0,0.6340697313293965
5,1,0.5855890202783698
5,2,0.5981427481137227
5,3,0.6352658374550212
5,4,0.6366893972566671
