seed,sample,ranking_score
1,0,0.4745199212927376
1,1,0.46937775042392915
1,2,0.46213646297232064
1,3,0.4341153914737206
1,4,0.4512432821570811
