seed,sample,ranking_score
1,0,0.8972851278049765
1,1,0.9026376251680353
1,2,0.9049919723857505
1,3,0.9087106221276199
1,4,0.9150420066130578
