seed,sample,ranking_score
1,0,0.7827402092176057
1,1,0.7875251868201448
1,2,0.7855044653610443
1,3,0.7934394738787119
1,4,0.7827003796636229
