seed,sample,ranking_score
1,0,0.6963979432108347
1,1,0.6625587993955521
1,2,0.6939657910691439
1,3,0.7006724626773886
1,4,0.6878831375505889
