seed,sample,ranking_score
1,0,0.6608149248742978
1,1,0.683098481680505
1,2,0.6790240390149758
1,3,0.6676213311695809
1,4,0.6635071568477391
