{
    "iptm+ptm": {
        "model_1_multimer_v3_pred_0": 0.7213607201500727,
        "model_2_multimer_v3_pred_0": 0.6681357752362671,
        "model_3_multimer_v3_pred_0": 0.7135221594566727,
        "model_4_multimer_v3_pred_0": 0.8063105249925239,
        "model_5_multimer_v3_pred_0": 0.7616391551044096
    },
    "order": [
        "model_4_multimer_v3_pred_0",
        "model_5_multimer_v3_pred_0",
        "model_1_multimer_v3_pred_0",
        "model_3_multimer_v3_pred_0",
        "model_2_multimer_v3_pred_0"
    ]
}