{
    "iptm+ptm": {
        "model_1_multimer_v3_pred_0": 0.6878369055423321,
        "model_1_multimer_v3_pred_1": 0.7813052754664733,
        "model_1_multimer_v3_pred_2": 0.6721575766501187,
        "model_1_multimer_v3_pred_3": 0.788496404920754,
        "model_1_multimer_v3_pred_4": 0.6225529187814579,
        "model_2_multimer_v3_pred_0": 0.6532230704488672,
        "model_2_multimer_v3_pred_1": 0.7318703800335983,
        "model_2_multimer_v3_pred_2": 0.653781581523264,
        "model_2_multimer_v3_pred_3": 0.7540015839690898,
        "model_2_multimer_v3_pred_4": 0.6702414351867306,
        "model_3_multimer_v3_pred_0": 0.6762716298007373,
        "model_3_multimer_v3_pred_1": 0.6696757955907717,
        "model_3_multimer_v3_pred_2": 0.6848632671068972,
        "model_3_multimer_v3_pred_3": 0.7420869957434847,
        "model_3_multimer_v3_pred_4": 0.6804400266207933,
        "model_4_multimer_v3_pred_0": 0.8197447934229974,
        "model_4_multimer_v3_pred_1": 0.8214112652985768,
        "model_4_multimer_v3_pred_2": 0.8204287018155088,
        "model_4_multimer_v3_pred_3": 0.8172506863187935,
        "model_4_multimer_v3_pred_4": 0.8260115769526843,
        "model_5_multimer_v3_pred_0": 0.6927075991110468,
        "model_5_multimer_v3_pred_1": 0.7009264953887414,
        "model_5_multimer_v3_pred_2": 0.7435295174695916,
        "model_5_multimer_v3_pred_3": 0.6970871115740568,
        "model_5_multimer_v3_pred_4": 0.7060456285764125
    },
    "order": [
        "model_4_multimer_v3_pred_4",
        "model_4_multimer_v3_pred_1",
        "model_4_multimer_v3_pred_2",
        "model_4_multimer_v3_pred_0",
        "model_4_multimer_v3_pred_3",
        "model_1_multimer_v3_pred_3",
        "model_1_multimer_v3_pred_1",
        "model_2_multimer_v3_pred_3",
        "model_5_multimer_v3_pred_2",
        "model_3_multimer_v3_pred_3",
        "model_2_multimer_v3_pred_1",
        "model_5_multimer_v3_pred_4",
        "model_5_multimer_v3_pred_1",
        "model_5_multimer_v3_pred_3",
        "model_5_multimer_v3_pred_0",
        "model_1_multimer_v3_pred_0",
        "model_3_multimer_v3_pred_2",
        "model_3_multimer_v3_pred_4",
        "model_3_multimer_v3_pred_0",
        "model_1_multimer_v3_pred_2",
        "model_2_multimer_v3_pred_4",
        "model_3_multimer_v3_pred_1",
        "model_2_multimer_v3_pred_2",
        "model_2_multimer_v3_pred_0",
        "model_1_multimer_v3_pred_4"
    ]
}