seed,sample,ranking_score
1,0,0.6199737398005121
1,1,0.6423996519476414
1,2,0.6223383473719736
1,3,0.6218164535462514
1,4,0.6217566574509177
