seed,sample,ranking_score
1,0,0.4203876065198083
1,1,0.45407970605703046
1,2,0.4101411058242935
1,3,0.4582874969400988
1,4,0.3937800756893472
