seed,sample,ranking_score
1,0,0.7641998695345477
1,1,0.7247233501819254
1,2,0.7530303497116029
1,3,0.7441413751304193
1,4,0.7337139319477058
