{
    "features": 0.010895490646362305,
    "process_features_model_1_multimer_v3_pred_0": 3.5762786865234375e-06,
    "predict_and_compile_model_1_multimer_v3_pred_0": 547.4107234477997,
    "relax_model_1_multimer_v3_pred_0": 53.61965298652649,
    "process_features_model_1_multimer_v3_pred_1": 4.0531158447265625e-06,
    "predict_and_compile_model_1_multimer_v3_pred_1": 245.96175169944763,
    "relax_model_1_multimer_v3_pred_1": 49.90390133857727,
    "process_features_model_1_multimer_v3_pred_2": 3.814697265625e-06,
    "predict_and_compile_model_1_multimer_v3_pred_2": 87.97482013702393,
    "relax_model_1_multimer_v3_pred_2": 31.722458124160767,
    "process_features_model_1_multimer_v3_pred_3": 4.0531158447265625e-06,
    "predict_and_compile_model_1_multimer_v3_pred_3": 315.9449977874756,
    "relax_model_1_multimer_v3_pred_3": 33.98038029670715,
    "process_features_model_1_multimer_v3_pred_4": 5.0067901611328125e-06,
    "predict_and_compile_model_1_multimer_v3_pred_4": 158.26213240623474,
    "relax_model_1_multimer_v3_pred_4": 31.10243797302246,
    "process_features_model_2_multimer_v3_pred_0": 4.0531158447265625e-06,
    "predict_and_compile_model_2_multimer_v3_pred_0": 311.41912293434143,
    "relax_model_2_multimer_v3_pred_0": 59.91177177429199,
    "process_features_model_2_multimer_v3_pred_1": 4.0531158447265625e-06,
    "predict_and_compile_model_2_multimer_v3_pred_1": 88.03863787651062,
    "relax_model_2_multimer_v3_pred_1": 51.45243692398071,
    "process_features_model_2_multimer_v3_pred_2": 4.5299530029296875e-06,
    "predict_and_compile_model_2_multimer_v3_pred_2": 158.01334404945374,
    "relax_model_2_multimer_v3_pred_2": 48.978763580322266,
    "process_features_model_2_multimer_v3_pred_3": 4.0531158447265625e-06,
    "predict_and_compile_model_2_multimer_v3_pred_3": 140.46424269676208,
    "relax_model_2_multimer_v3_pred_3": 39.842002868652344,
    "process_features_model_2_multimer_v3_pred_4": 4.0531158447265625e-06,
    "predict_and_compile_model_2_multimer_v3_pred_4": 140.4823067188263,
    "relax_model_2_multimer_v3_pred_4": 50.80671310424805,
    "process_features_model_3_multimer_v3_pred_0": 3.814697265625e-06,
    "predict_and_compile_model_3_multimer_v3_pred_0": 328.25990533828735,
    "relax_model_3_multimer_v3_pred_0": 41.00540018081665,
    "process_features_model_3_multimer_v3_pred_1": 3.814697265625e-06,
    "predict_and_compile_model_3_multimer_v3_pred_1": 175.55565309524536,
    "relax_model_3_multimer_v3_pred_1": 27.820836067199707,
    "process_features_model_3_multimer_v3_pred_2": 3.5762786865234375e-06,
    "predict_and_compile_model_3_multimer_v3_pred_2": 158.22024273872375,
    "relax_model_3_multimer_v3_pred_2": 29.696674823760986,
    "process_features_model_3_multimer_v3_pred_3": 4.291534423828125e-06,
    "predict_and_compile_model_3_multimer_v3_pred_3": 175.68284916877747,
    "relax_model_3_multimer_v3_pred_3": 29.04469871520996,
    "process_features_model_3_multimer_v3_pred_4": 4.291534423828125e-06,
    "predict_and_compile_model_3_multimer_v3_pred_4": 368.2320306301117,
    "relax_model_3_multimer_v3_pred_4": 50.022191286087036,
    "process_features_model_4_multimer_v3_pred_0": 4.291534423828125e-06,
    "predict_and_compile_model_4_multimer_v3_pred_0": 307.23273611068726,
    "relax_model_4_multimer_v3_pred_0": 28.03277087211609,
    "process_features_model_4_multimer_v3_pred_1": 3.5762786865234375e-06,
    "predict_and_compile_model_4_multimer_v3_pred_1": 120.80693531036377,
    "relax_model_4_multimer_v3_pred_1": 40.14189434051514,
    "process_features_model_4_multimer_v3_pred_2": 3.337860107421875e-06,
    "predict_and_compile_model_4_multimer_v3_pred_2": 120.85774564743042,
    "relax_model_4_multimer_v3_pred_2": 27.8549644947052,
    "process_features_model_4_multimer_v3_pred_3": 3.5762786865234375e-06,
    "predict_and_compile_model_4_multimer_v3_pred_3": 327.81583404541016,
    "relax_model_4_multimer_v3_pred_3": 31.372644424438477,
    "process_features_model_4_multimer_v3_pred_4": 3.814697265625e-06,
    "predict_and_compile_model_4_multimer_v3_pred_4": 138.07742190361023,
    "relax_model_4_multimer_v3_pred_4": 28.430311679840088,
    "process_features_model_5_multimer_v3_pred_0": 4.291534423828125e-06,
    "predict_and_compile_model_5_multimer_v3_pred_0": 524.6964178085327,
    "relax_model_5_multimer_v3_pred_0": 30.349794387817383,
    "process_features_model_5_multimer_v3_pred_1": 3.814697265625e-06,
    "predict_and_compile_model_5_multimer_v3_pred_1": 361.6468539237976,
    "relax_model_5_multimer_v3_pred_1": 28.124556064605713,
    "process_features_model_5_multimer_v3_pred_2": 3.814697265625e-06,
    "predict_and_compile_model_5_multimer_v3_pred_2": 361.89153838157654,
    "relax_model_5_multimer_v3_pred_2": 38.129266023635864,
    "process_features_model_5_multimer_v3_pred_3": 3.5762786865234375e-06,
    "predict_and_compile_model_5_multimer_v3_pred_3": 362.264769077301,
    "relax_model_5_multimer_v3_pred_3": 30.487428665161133,
    "process_features_model_5_multimer_v3_pred_4": 3.5762786865234375e-06,
    "predict_and_compile_model_5_multimer_v3_pred_4": 327.48575830459595,
    "relax_model_5_multimer_v3_pred_4": 37.96385836601257
}