seed,sample,ranking_score
1,0,0.6739420479563777
1,1,0.6748059249545928
1,2,0.6354555898466099
1,3,0.6295295128408419
1,4,0.6701703377172439
