seed,sample,ranking_score
1,0,0.39838422480883007
1,1,0.3571957906649272
1,2,0.3662420858190482
1,3,0.405634154532549
1,4,0.3525919090301568
