seed,sample,ranking_score
1,0,0.2967053359923455
1,1,0.6090810341763645
1,2,0.6221794811364638
1,3,0.5139055361847427
1,4,0.6332610512368283
