seed,sample,ranking_score
1,0,0.5576765373993539
1,1,0.5601371502083687
1,2,0.5597726296874761
1,3,0.5813563470054933
1,4,0.5483832721219414
