seed,sample,ranking_score
1,0,0.5760214431579594
1,1,0.6079898039313381
1,2,0.6164857373969785
1,3,0.623833538414911
1,4,0.619766464851743
