seed,sample,ranking_score
1,0,0.7210128864347511
1,1,0.6830327780698694
1,2,0.6946957977111525
1,3,0.6591003454813603
1,4,0.6669743342363514
