seed,sample,ranking_score
1,0,0.8131182608981545
1,1,0.8137011586917038
1,2,0.8228839724332072
1,3,0.8215093770473635
1,4,0.8166679098085693
