seed,sample,ranking_score
1,0,0.6710861109037543
1,1,0.6657740206432047
1,2,0.6555438493392152
1,3,0.669538011569535
1,4,0.6711331909383029
