seed,sample,ranking_score
1,0,0.8656350710424303
1,1,0.8570075750612485
1,2,0.8705773905916135
1,3,0.8885781103773522
1,4,0.8509726892231838
