seed,sample,ranking_score
1,0,0.6648195095582411
1,1,0.6613054942180595
1,2,0.6539022925118061
1,3,0.660858805908269
1,4,0.702139788089596
