seed,sample,ranking_score
3,0,0.6571833051227576
3,1,0.7280380642957291
3,2,0.7546684369433144
3,3,0.7643099072782513
3,4,0.7582160489287589
