seed,sample,ranking_score
1,0,0.7332422511666361
1,1,0.7385966328086111
1,2,0.724881158296224
1,3,0.7420527405198071
1,4,0.7313193219028934
