{
    "features": 0.004808187484741211,
    "process_features_model_1_multimer_v3_pred_0": 3.814697265625e-06,
    "predict_and_compile_model_1_multimer_v3_pred_0": 205.7148082256317,
    "relax_model_1_multimer_v3_pred_0": 29.001805067062378,
    "process_features_model_1_multimer_v3_pred_1": 2.6226043701171875e-06,
    "predict_and_compile_model_1_multimer_v3_pred_1": 61.81758689880371,
    "relax_model_1_multimer_v3_pred_1": 15.880406856536865,
    "process_features_model_1_multimer_v3_pred_2": 2.86102294921875e-06,
    "predict_and_compile_model_1_multimer_v3_pred_2": 30.902421951293945,
    "relax_model_1_multimer_v3_pred_2": 16.445629596710205,
    "process_features_model_1_multimer_v3_pred_3": 2.6226043701171875e-06,
    "predict_and_compile_model_1_multimer_v3_pred_3": 41.0666229724884,
    "relax_model_1_multimer_v3_pred_3": 27.4225013256073,
    "process_features_model_1_multimer_v3_pred_4": 3.5762786865234375e-06,
    "predict_and_compile_model_1_multimer_v3_pred_4": 41.03396701812744,
    "relax_model_1_multimer_v3_pred_4": 16.144302129745483,
    "process_features_model_2_multimer_v3_pred_0": 2.86102294921875e-06,
    "predict_and_compile_model_2_multimer_v3_pred_0": 161.91098976135254,
    "relax_model_2_multimer_v3_pred_0": 21.47102689743042,
    "process_features_model_2_multimer_v3_pred_1": 2.6226043701171875e-06,
    "predict_and_compile_model_2_multimer_v3_pred_1": 35.99248027801514,
    "relax_model_2_multimer_v3_pred_1": 21.33805251121521,
    "process_features_model_2_multimer_v3_pred_2": 3.0994415283203125e-06,
    "predict_and_compile_model_2_multimer_v3_pred_2": 61.352176904678345,
    "relax_model_2_multimer_v3_pred_2": 23.406890869140625,
    "process_features_model_2_multimer_v3_pred_3": 3.0994415283203125e-06,
    "predict_and_compile_model_2_multimer_v3_pred_3": 35.976945877075195,
    "relax_model_2_multimer_v3_pred_3": 15.641534805297852,
    "process_features_model_2_multimer_v3_pred_4": 3.337860107421875e-06,
    "predict_and_compile_model_2_multimer_v3_pred_4": 46.15553855895996,
    "relax_model_2_multimer_v3_pred_4": 22.50025749206543,
    "process_features_model_3_multimer_v3_pred_0": 3.0994415283203125e-06,
    "predict_and_compile_model_3_multimer_v3_pred_0": 190.11983609199524,
    "relax_model_3_multimer_v3_pred_0": 15.385031938552856,
    "process_features_model_3_multimer_v3_pred_1": 3.0994415283203125e-06,
    "predict_and_compile_model_3_multimer_v3_pred_1": 51.21456241607666,
    "relax_model_3_multimer_v3_pred_1": 15.830617189407349,
    "process_features_model_3_multimer_v3_pred_2": 3.0994415283203125e-06,
    "predict_and_compile_model_3_multimer_v3_pred_2": 97.02670907974243,
    "relax_model_3_multimer_v3_pred_2": 15.202148675918579,
    "process_features_model_3_multimer_v3_pred_3": 2.6226043701171875e-06,
    "predict_and_compile_model_3_multimer_v3_pred_3": 46.172860622406006,
    "relax_model_3_multimer_v3_pred_3": 17.466952562332153,
    "process_features_model_3_multimer_v3_pred_4": 2.86102294921875e-06,
    "predict_and_compile_model_3_multimer_v3_pred_4": 46.1400351524353,
    "relax_model_3_multimer_v3_pred_4": 124.8664562702179,
    "process_features_model_4_multimer_v3_pred_0": 3.0994415283203125e-06,
    "predict_and_compile_model_4_multimer_v3_pred_0": 161.71898651123047,
    "relax_model_4_multimer_v3_pred_0": 17.565215587615967,
    "process_features_model_4_multimer_v3_pred_1": 2.86102294921875e-06,
    "predict_and_compile_model_4_multimer_v3_pred_1": 105.43221020698547,
    "relax_model_4_multimer_v3_pred_1": 15.681573152542114,
    "process_features_model_4_multimer_v3_pred_2": 2.6226043701171875e-06,
    "predict_and_compile_model_4_multimer_v3_pred_2": 70.42807388305664,
    "relax_model_4_multimer_v3_pred_2": 29.005735635757446,
    "process_features_model_4_multimer_v3_pred_3": 2.86102294921875e-06,
    "predict_and_compile_model_4_multimer_v3_pred_3": 65.36813831329346,
    "relax_model_4_multimer_v3_pred_3": 15.560399055480957,
    "process_features_model_4_multimer_v3_pred_4": 3.0994415283203125e-06,
    "predict_and_compile_model_4_multimer_v3_pred_4": 105.21277165412903,
    "relax_model_4_multimer_v3_pred_4": 16.12703800201416,
    "process_features_model_5_multimer_v3_pred_0": 3.814697265625e-06,
    "predict_and_compile_model_5_multimer_v3_pred_0": 221.57141947746277,
    "relax_model_5_multimer_v3_pred_0": 35.466184854507446,
    "process_features_model_5_multimer_v3_pred_1": 2.6226043701171875e-06,
    "predict_and_compile_model_5_multimer_v3_pred_1": 105.31039619445801,
    "relax_model_5_multimer_v3_pred_1": 19.09869360923767,
    "process_features_model_5_multimer_v3_pred_2": 2.86102294921875e-06,
    "predict_and_compile_model_5_multimer_v3_pred_2": 105.32150793075562,
    "relax_model_5_multimer_v3_pred_2": 16.708921194076538,
    "process_features_model_5_multimer_v3_pred_3": 3.0994415283203125e-06,
    "predict_and_compile_model_5_multimer_v3_pred_3": 105.39085364341736,
    "relax_model_5_multimer_v3_pred_3": 16.90219736099243,
    "process_features_model_5_multimer_v3_pred_4": 2.6226043701171875e-06,
    "predict_and_compile_model_5_multimer_v3_pred_4": 105.28332996368408,
    "relax_model_5_multimer_v3_pred_4": 27.42609405517578
}