seed,sample,ranking_score
4,0,0.9384134088423354
4,1,0.9376255365747287
4,2,0.9419598647854232
4,3,0.9424345613244132
4,4,0.9423441021453905
