seed,sample,ranking_score
1,0,0.7851337437884238
1,1,0.7993018676435705
1,2,0.7228697708649128
1,3,0.7448385107342453
1,4,0.7734474941068854
