seed,sample,ranking_score
1,0,0.6535844611258791
1,1,0.7025455203901536
1,2,0.7133645027003728
1,3,0.6798576264016987
1,4,0.6900418088127487
