{
    "features": 0.0859229564666748,
    "process_features_model_1_multimer_v3_pred_0": 3.814697265625e-06,
    "predict_and_compile_model_1_multimer_v3_pred_0": 131.83385348320007,
    "predict_benchmark_model_1_multimer_v3_pred_0": 46.65437316894531,
    "process_features_model_2_multimer_v3_pred_0": 5.9604644775390625e-06,
    "predict_and_compile_model_2_multimer_v3_pred_0": 226.3674554824829,
    "predict_benchmark_model_2_multimer_v3_pred_0": 139.19808149337769,
    "process_features_model_3_multimer_v3_pred_0": 8.821487426757812e-06,
    "predict_and_compile_model_3_multimer_v3_pred_0": 227.33269095420837,
    "predict_benchmark_model_3_multimer_v3_pred_0": 139.14702725410461,
    "process_features_model_4_multimer_v3_pred_0": 1.1205673217773438e-05,
    "predict_and_compile_model_4_multimer_v3_pred_0": 227.805340051651,
    "predict_benchmark_model_4_multimer_v3_pred_0": 135.58467960357666,
    "process_features_model_5_multimer_v3_pred_0": 2.288818359375e-05,
    "predict_and_compile_model_5_multimer_v3_pred_0": 228.1287543773651,
    "predict_benchmark_model_5_multimer_v3_pred_0": 134.9448561668396
}