seed,sample,ranking_score
1,0,0.3517507580289992
1,1,0.34900060972188746
1,2,0.2761313917835475
1,3,0.3484225020350237
1,4,0.38369227969721453
