seed,sample,ranking_score
1,0,0.5723456461464544
1,1,0.6016719161276202
1,2,0.6146522453995287
1,3,0.6047902829752126
1,4,0.5971694049611559
