seed,sample,ranking_score
4,0,0.8555279504885933
4,1,0.8320382784114372
4,2,0.8336028351462985
4,3,0.847660798145703
4,4,0.842719683568709
