seed,sample,ranking_score
1,0,0.3322254925841426
1,1,0.30108597985038765
1,2,0.3369606005679499
1,3,0.35207437240000317
1,4,0.30342466717663685
