{
    "features": 0.015789270401000977,
    "process_features_model_1_multimer_v3_pred_0": 3.814697265625e-06,
    "predict_and_compile_model_1_multimer_v3_pred_0": 246.57820057868958,
    "predict_benchmark_model_1_multimer_v3_pred_0": 151.4989423751831,
    "process_features_model_2_multimer_v3_pred_0": 2.8133392333984375e-05,
    "predict_and_compile_model_2_multimer_v3_pred_0": 264.879287481308,
    "predict_benchmark_model_2_multimer_v3_pred_0": 129.52531814575195,
    "process_features_model_3_multimer_v3_pred_0": 2.288818359375e-05,
    "predict_and_compile_model_3_multimer_v3_pred_0": 304.3937072753906,
    "predict_benchmark_model_3_multimer_v3_pred_0": 152.50588941574097,
    "process_features_model_4_multimer_v3_pred_0": 2.7418136596679688e-05,
    "predict_and_compile_model_4_multimer_v3_pred_0": 282.6388897895813,
    "predict_benchmark_model_4_multimer_v3_pred_0": 149.12972354888916,
    "process_features_model_5_multimer_v3_pred_0": 1.9073486328125e-05,
    "predict_and_compile_model_5_multimer_v3_pred_0": 291.34077548980713,
    "predict_benchmark_model_5_multimer_v3_pred_0": 148.73958659172058
}