seed,sample,ranking_score
5,0,0.8732813805897367
5,1,0.9089985224528447
5,2,0.8926987653751806
5,3,0.8903162905111376
5,4,0.8886518072809972
