{
    "features": 0.09578680992126465,
    "process_features_model_1_multimer_v3_pred_0": 4.291534423828125e-06,
    "predict_and_compile_model_1_multimer_v3_pred_0": 271.33623027801514,
    "predict_benchmark_model_1_multimer_v3_pred_0": 152.43890190124512,
    "process_features_model_2_multimer_v3_pred_0": 4.0531158447265625e-06,
    "predict_and_compile_model_2_multimer_v3_pred_0": 195.42121243476868,
    "predict_benchmark_model_2_multimer_v3_pred_0": 79.99184131622314,
    "process_features_model_3_multimer_v3_pred_0": 3.5762786865234375e-06,
    "predict_and_compile_model_3_multimer_v3_pred_0": 248.1055645942688,
    "predict_benchmark_model_3_multimer_v3_pred_0": 130.56618189811707,
    "process_features_model_4_multimer_v3_pred_0": 3.5762786865234375e-06,
    "predict_and_compile_model_4_multimer_v3_pred_0": 268.78828048706055,
    "predict_benchmark_model_4_multimer_v3_pred_0": 149.42951703071594,
    "process_features_model_5_multimer_v3_pred_0": 3.814697265625e-06,
    "predict_and_compile_model_5_multimer_v3_pred_0": 265.6756112575531,
    "predict_benchmark_model_5_multimer_v3_pred_0": 149.54253125190735
}