seed,sample,ranking_score
1,0,0.8585166018422206
1,1,0.8791123412901806
1,2,0.8484598814902862
1,3,0.8725909181503186
1,4,0.8630341090632179
