seed,sample,ranking_score
4,0,0.6248232314087246
4,1,0.6197462191366614
4,2,0.6039671057818462
4,3,0.6212697736289351
4,4,0.6061022834599972
