seed,sample,ranking_score
5,0,0.9034669358829693
5,1,0.9163705350095552
5,2,0.9107360608083837
5,3,0.8777756983924002
5,4,0.8865791583513121
