seed,sample,ranking_score
1,0,0.5170239229872677
1,1,0.49526534272931577
1,2,0.511684385993592
1,3,0.50059741565515
1,4,0.48680082812218106
