seed,sample,ranking_score
1,0,0.5850568440678245
1,1,0.5331074623443974
1,2,0.5791664602748421
1,3,0.5137802276069768
1,4,0.5630906834866715
