seed,sample,ranking_score
1,0,0.727277001630867
1,1,0.7670379891736243
1,2,0.753910315239314
1,3,0.7433550237222069
1,4,0.775033382307089
