seed,sample,ranking_score
5,0,0.7638497224789284
5,1,0.7514696165605423
5,2,0.76106748996868
5,3,0.7593290006265911
5,4,0.7560484709448031
