seed,sample,ranking_score
4,0,0.5549017481161715
4,1,0.551573833268785
4,2,0.5161958658983122
4,3,0.5477470054348869
4,4,0.5418494911931262
