seed,sample,ranking_score
2,0,0.6063983506976923
2,1,0.5482164269415114
2,2,0.5406946573308412
2,3,0.564393582047406
2,4,0.5366455120686883
