seed,sample,ranking_score
1,0,0.5661945494317634
1,1,0.750699233635873
1,2,0.7188040051226924
1,3,0.5870871746244412
1,4,0.7049778522197451
