seed,sample,ranking_score
1,0,0.7864014087897557
1,1,0.7720482415388971
1,2,0.7800026669821641
1,3,0.7897808377000409
1,4,0.7788857288092844
