seed,sample,ranking_score
1,0,0.47565963292351987
1,1,0.47559928972232646
1,2,0.4682999664196706
1,3,0.5182892298709055
1,4,0.45745409154754313
