seed,sample,ranking_score
1,0,1.0087918712430284
1,1,1.014177157373818
1,2,1.0177810333780921
1,3,1.0325433250938467
1,4,1.0284310618280381
