seed,sample,ranking_score
1,0,0.5463588992922586
1,1,0.535282548656155
1,2,0.5668471706031541
1,3,0.5465361796504532
1,4,0.5619259857351957
