seed,sample,ranking_score
1,0,0.9217770233731695
1,1,0.9218894801435946
1,2,0.9003106108275916
1,3,0.9251186045297438
1,4,0.9255113759088793
