seed,sample,ranking_score
1,0,0.8209378996757555
1,1,0.8275647068910948
1,2,0.8403553432599188
1,3,0.8273602866361465
1,4,0.8298576102838242
