seed,sample,ranking_score
1,0,0.513682439184912
1,1,0.5076273395880126
1,2,0.5066811898604513
1,3,0.5118309651237682
1,4,0.5014144840936657
