seed,sample,ranking_score
1,0,0.6091297165680432
1,1,0.6026147216746777
1,2,0.5933525235311956
1,3,0.5772438396075276
1,4,0.5880796380649531
