seed,sample,ranking_score
1,0,0.8802023839773885
1,1,0.8824334653091914
1,2,0.8875897072355309
1,3,0.8743063468764732
1,4,0.876720195249781
