seed,sample,ranking_score
1,0,0.8599371261810228
1,1,0.8641329566557271
1,2,0.8578608316214761
1,3,0.8582380216114863
1,4,0.8559192282609511
