seed,sample,ranking_score
1,0,0.4273970617197221
1,1,0.3902125945787055
1,2,0.3268330979786225
1,3,0.4323383353865276
1,4,0.42166550869218367
