seed,sample,ranking_score
1,0,0.4911516480390858
1,1,0.5246331188234904
1,2,0.5075462553325496
1,3,0.47997621673192825
1,4,0.5070792593720594
