seed,sample,ranking_score
1,0,0.548122236098829
1,1,0.5422638360572799
1,2,0.7583360795547016
1,3,0.5281094442877527
1,4,0.5125970597535064
