seed,sample,ranking_score
3,0,0.8535852011012942
3,1,0.8509329168900323
3,2,0.8379226831003209
3,3,0.8659267597308676
3,4,0.8570615182028639
