seed,sample,ranking_score
1,0,0.6846879558195529
1,1,0.6997829091700386
1,2,0.6785545960738235
1,3,0.659639668929463
1,4,0.5935761897989132
