seed,sample,ranking_score
1,0,0.32526036636756683
1,1,0.32719726144934325
1,2,0.3369544991396908
1,3,0.3486107070803396
1,4,0.34067898510540234
