seed,sample,ranking_score
1,0,0.6034265024132581
1,1,0.590577871818349
1,2,0.5682993934951928
1,3,0.5844840057664675
1,4,0.5927163567086331
