seed,sample,ranking_score
1,0,0.38858962012028986
1,1,0.3224044129039211
1,2,0.3893473887388297
1,3,0.39429666342384007
1,4,0.393227941587045
