seed,sample,ranking_score
1,0,0.4870044945042081
1,1,0.47867753927386003
1,2,0.47941752122823456
1,3,0.4834116045904157
1,4,0.4948365423901244
