seed,sample,ranking_score
1,0,0.7407866960214323
1,1,0.7161055323576999
1,2,0.7296708769205249
1,3,0.7259048700948961
1,4,0.7005908781402874
