{
    "features": 0.6239802837371826,
    "process_features_model_1_multimer_v3_pred_0": 4.76837158203125e-06,
    "predict_and_compile_model_1_multimer_v3_pred_0": 1369.474442243576,
    "predict_benchmark_model_1_multimer_v3_pred_0": 1241.5192558765411,
    "process_features_model_2_multimer_v3_pred_0": 4.0531158447265625e-06,
    "predict_and_compile_model_2_multimer_v3_pred_0": 1358.377860069275,
    "predict_benchmark_model_2_multimer_v3_pred_0": 1240.6192562580109,
    "process_features_model_3_multimer_v3_pred_0": 5.9604644775390625e-06,
    "predict_and_compile_model_3_multimer_v3_pred_0": 1359.6038963794708,
    "predict_benchmark_model_3_multimer_v3_pred_0": 1241.7465727329254,
    "process_features_model_4_multimer_v3_pred_0": 4.291534423828125e-06,
    "predict_and_compile_model_4_multimer_v3_pred_0": 1328.0863602161407,
    "predict_benchmark_model_4_multimer_v3_pred_0": 1215.2671501636505,
    "process_features_model_5_multimer_v3_pred_0": 4.291534423828125e-06,
    "predict_and_compile_model_5_multimer_v3_pred_0": 1324.979727268219,
    "predict_benchmark_model_5_multimer_v3_pred_0": 1214.0827355384827
}