{
    "features": 0.016991853713989258,
    "process_features_model_1_multimer_v3_pred_0": 5.0067901611328125e-06,
    "predict_and_compile_model_1_multimer_v3_pred_0": 96.05790948867798,
    "predict_benchmark_model_1_multimer_v3_pred_0": 20.837443590164185,
    "process_features_model_2_multimer_v3_pred_0": 1.811981201171875e-05,
    "predict_and_compile_model_2_multimer_v3_pred_0": 100.38790774345398,
    "predict_benchmark_model_2_multimer_v3_pred_0": 20.8071231842041,
    "process_features_model_3_multimer_v3_pred_0": 1.7642974853515625e-05,
    "predict_and_compile_model_3_multimer_v3_pred_0": 111.08694624900818,
    "predict_benchmark_model_3_multimer_v3_pred_0": 29.099661588668823,
    "process_features_model_4_multimer_v3_pred_0": 1.7642974853515625e-05,
    "predict_and_compile_model_4_multimer_v3_pred_0": 104.66130113601685,
    "predict_benchmark_model_4_multimer_v3_pred_0": 24.466159105300903,
    "process_features_model_5_multimer_v3_pred_0": 1.6689300537109375e-05,
    "predict_and_compile_model_5_multimer_v3_pred_0": 104.91033220291138,
    "predict_benchmark_model_5_multimer_v3_pred_0": 24.524773836135864
}