seed,sample,ranking_score
1,0,0.9468444287312922
1,1,0.9460134757497013
1,2,0.957768560395511
1,3,0.9501722502962923
1,4,0.9446589041091746
