seed,sample,ranking_score
1,0,0.6853361553200745
1,1,0.6871188957298026
1,2,0.6786799848948708
1,3,0.6839954140112747
1,4,0.6718655948780108
