seed,sample,ranking_score
1,0,0.5212490398151354
1,1,0.46808934746754405
1,2,0.5181074927022358
1,3,0.48346158171011955
1,4,0.5210144975941506
