seed,sample,ranking_score
1,0,0.46659349567449115
1,1,0.5210892171514587
1,2,0.5036327800179226
1,3,0.4683990077999992
1,4,0.4956914756869012
