seed,sample,ranking_score
1,0,0.7185116759836794
1,1,0.729886665047919
1,2,0.7223724438019611
1,3,0.7257828057580834
1,4,0.7194685968961436
