{
    "features": 0.13013410568237305,
    "process_features_model_1_multimer_v3_pred_0": 3.814697265625e-06,
    "predict_and_compile_model_1_multimer_v3_pred_0": 176.7041721343994,
    "predict_benchmark_model_1_multimer_v3_pred_0": 90.19102215766907,
    "process_features_model_2_multimer_v3_pred_0": 2.9802322387695312e-05,
    "predict_and_compile_model_2_multimer_v3_pred_0": 138.397629737854,
    "predict_benchmark_model_2_multimer_v3_pred_0": 57.4740424156189,
    "process_features_model_3_multimer_v3_pred_0": 1.9550323486328125e-05,
    "predict_and_compile_model_3_multimer_v3_pred_0": 141.25563073158264,
    "predict_benchmark_model_3_multimer_v3_pred_0": 57.486889600753784,
    "process_features_model_4_multimer_v3_pred_0": 1.5735626220703125e-05,
    "predict_and_compile_model_4_multimer_v3_pred_0": 246.3751621246338,
    "predict_benchmark_model_4_multimer_v3_pred_0": 166.76163244247437,
    "process_features_model_5_multimer_v3_pred_0": 8.344650268554688e-06,
    "predict_and_compile_model_5_multimer_v3_pred_0": 158.72032189369202,
    "predict_benchmark_model_5_multimer_v3_pred_0": 79.35872316360474
}