seed,sample,ranking_score
1,0,0.8813171162802301
1,1,0.8790664513523657
1,2,0.9081059397634792
1,3,0.8953379369020233
1,4,0.9109988849704279
