seed,sample,ranking_score
1,0,0.6919072412949572
1,1,0.6815767270323718
1,2,0.6897866080001822
1,3,0.7064934211711902
1,4,0.677014925546388
