{
    "features": 0.022858142852783203,
    "process_features_model_1_multimer_v3_pred_0": 4.291534423828125e-06,
    "predict_and_compile_model_1_multimer_v3_pred_0": 309.3077554702759,
    "predict_benchmark_model_1_multimer_v3_pred_0": 228.5513951778412,
    "process_features_model_2_multimer_v3_pred_0": 1.71661376953125e-05,
    "predict_and_compile_model_2_multimer_v3_pred_0": 310.4882333278656,
    "predict_benchmark_model_2_multimer_v3_pred_0": 227.27618885040283,
    "process_features_model_3_multimer_v3_pred_0": 3.0279159545898438e-05,
    "predict_and_compile_model_3_multimer_v3_pred_0": 310.9917950630188,
    "predict_benchmark_model_3_multimer_v3_pred_0": 227.83617615699768,
    "process_features_model_4_multimer_v3_pred_0": 2.6464462280273438e-05,
    "predict_and_compile_model_4_multimer_v3_pred_0": 305.9210317134857,
    "predict_benchmark_model_4_multimer_v3_pred_0": 225.99216508865356,
    "process_features_model_5_multimer_v3_pred_0": 1.71661376953125e-05,
    "predict_and_compile_model_5_multimer_v3_pred_0": 298.0432815551758,
    "predict_benchmark_model_5_multimer_v3_pred_0": 224.74094557762146
}