seed,sample,ranking_score
1,0,0.4760313266790822
1,1,0.4802634151810513
1,2,0.4703750963903178
1,3,0.4826506446557945
1,4,0.4699532560534423
