seed,sample,ranking_score
1,0,0.9505431173348808
1,1,0.9520584644992182
1,2,0.9545790783761137
1,3,0.9533527312066357
1,4,0.9540203457051498
