seed,sample,ranking_score
1,0,0.873735031131083
1,1,0.8795085835794347
1,2,0.8725165094079932
1,3,0.876588361445487
1,4,0.8778599635195128
