{
    "features": 0.0448606014251709,
    "process_features_model_1_multimer_v3_pred_0": 5.7220458984375e-06,
    "predict_and_compile_model_1_multimer_v3_pred_0": 256.8485791683197,
    "predict_benchmark_model_1_multimer_v3_pred_0": 173.51673460006714,
    "process_features_model_2_multimer_v3_pred_0": 5.4836273193359375e-06,
    "predict_and_compile_model_2_multimer_v3_pred_0": 366.0074849128723,
    "predict_benchmark_model_2_multimer_v3_pred_0": 289.0341832637787,
    "process_features_model_3_multimer_v3_pred_0": 2.09808349609375e-05,
    "predict_and_compile_model_3_multimer_v3_pred_0": 626.998735666275,
    "predict_benchmark_model_3_multimer_v3_pred_0": 547.553450345993,
    "process_features_model_4_multimer_v3_pred_0": 1.5020370483398438e-05,
    "predict_and_compile_model_4_multimer_v3_pred_0": 685.4177451133728,
    "predict_benchmark_model_4_multimer_v3_pred_0": 596.9364342689514,
    "process_features_model_5_multimer_v3_pred_0": 5.7220458984375e-06,
    "predict_and_compile_model_5_multimer_v3_pred_0": 676.0088577270508,
    "predict_benchmark_model_5_multimer_v3_pred_0": 597.4598639011383
}