seed,sample,ranking_score
1,0,0.960695202777482
1,1,0.9634738850091021
1,2,0.9594531590077866
1,3,0.9592067728723679
1,4,0.9507862853520763
