seed,sample,ranking_score
1,0,0.8793571517805149
1,1,0.8939541887296261
1,2,0.8820751885045913
1,3,0.8896949629486268
1,4,0.88074737403906
