{
    "features": 0.3293421268463135,
    "process_features_model_1_multimer_v3_pred_0": 5.245208740234375e-06,
    "predict_and_compile_model_1_multimer_v3_pred_0": 2101.2616350650787,
    "predict_benchmark_model_1_multimer_v3_pred_0": 1980.0264284610748,
    "process_features_model_2_multimer_v3_pred_0": 1.0728836059570312e-05,
    "predict_and_compile_model_2_multimer_v3_pred_0": 2087.9059824943542,
    "predict_benchmark_model_2_multimer_v3_pred_0": 1979.046528339386,
    "process_features_model_3_multimer_v3_pred_0": 4.0531158447265625e-06,
    "predict_and_compile_model_3_multimer_v3_pred_0": 2075.9618322849274,
    "predict_benchmark_model_3_multimer_v3_pred_0": 1985.3370304107666,
    "process_features_model_4_multimer_v3_pred_0": 1.0251998901367188e-05,
    "predict_and_compile_model_4_multimer_v3_pred_0": 2046.8929233551025,
    "predict_benchmark_model_4_multimer_v3_pred_0": 1936.8946805000305,
    "process_features_model_5_multimer_v3_pred_0": 1.1444091796875e-05,
    "predict_and_compile_model_5_multimer_v3_pred_0": 2037.5788695812225,
    "predict_benchmark_model_5_multimer_v3_pred_0": 1934.6422283649445
}