{
    "features": 0.03225827217102051,
    "process_features_model_1_multimer_v3_pred_0": 3.5762786865234375e-06,
    "predict_and_compile_model_1_multimer_v3_pred_0": 114.0304057598114,
    "predict_benchmark_model_1_multimer_v3_pred_0": 37.65558338165283,
    "process_features_model_2_multimer_v3_pred_0": 2.09808349609375e-05,
    "predict_and_compile_model_2_multimer_v3_pred_0": 105.72260308265686,
    "predict_benchmark_model_2_multimer_v3_pred_0": 27.04656672477722,
    "process_features_model_3_multimer_v3_pred_0": 5.7220458984375e-06,
    "predict_and_compile_model_3_multimer_v3_pred_0": 110.3033356666565,
    "predict_benchmark_model_3_multimer_v3_pred_0": 32.36036825180054,
    "process_features_model_4_multimer_v3_pred_0": 1.811981201171875e-05,
    "predict_and_compile_model_4_multimer_v3_pred_0": 117.00795936584473,
    "predict_benchmark_model_4_multimer_v3_pred_0": 37.217068672180176,
    "process_features_model_5_multimer_v3_pred_0": 9.5367431640625e-06,
    "predict_and_compile_model_5_multimer_v3_pred_0": 132.57425689697266,
    "predict_benchmark_model_5_multimer_v3_pred_0": 53.0877423286438
}