seed,sample,ranking_score
1,0,0.6249226023887053
1,1,0.6444146195707117
1,2,0.6457591388367738
1,3,0.6324037885227031
1,4,0.6272279300996018
