{
    "features": 0.02196812629699707,
    "process_features_model_1_multimer_v3_pred_0": 2.6226043701171875e-06,
    "predict_and_compile_model_1_multimer_v3_pred_0": 100.99744057655334,
    "predict_benchmark_model_1_multimer_v3_pred_0": 17.548119068145752,
    "process_features_model_2_multimer_v3_pred_0": 9.5367431640625e-06,
    "predict_and_compile_model_2_multimer_v3_pred_0": 101.36592721939087,
    "predict_benchmark_model_2_multimer_v3_pred_0": 17.494240283966064,
    "process_features_model_3_multimer_v3_pred_0": 1.1920928955078125e-05,
    "predict_and_compile_model_3_multimer_v3_pred_0": 108.12387800216675,
    "predict_benchmark_model_3_multimer_v3_pred_0": 21.856366395950317,
    "process_features_model_4_multimer_v3_pred_0": 2.3126602172851562e-05,
    "predict_and_compile_model_4_multimer_v3_pred_0": 114.8039243221283,
    "predict_benchmark_model_4_multimer_v3_pred_0": 29.920892000198364,
    "process_features_model_5_multimer_v3_pred_0": 2.193450927734375e-05,
    "predict_and_compile_model_5_multimer_v3_pred_0": 110.89399743080139,
    "predict_benchmark_model_5_multimer_v3_pred_0": 25.682348489761353
}