seed,sample,ranking_score
3,0,0.7099420656815155
3,1,0.7136829252253398
3,2,0.7337964712842745
3,3,0.7062209469995017
3,4,0.6303008599004495
