seed,sample,ranking_score
1,0,0.32095299171384223
1,1,0.28144394318853216
1,2,0.3064940242867614
1,3,0.28087464698535813
1,4,0.2911307221084465
