seed,sample,ranking_score
1,0,0.5644693377801558
1,1,0.5778875311360517
1,2,0.5482569476340454
1,3,0.5577360117153966
1,4,0.5588229611928053
