{
    "features": 0.0051839351654052734,
    "process_features_model_1_multimer_v3_pred_0": 3.814697265625e-06,
    "predict_and_compile_model_1_multimer_v3_pred_0": 233.24949955940247,
    "relax_model_1_multimer_v3_pred_0": 37.288044691085815,
    "process_features_model_1_multimer_v3_pred_1": 2.86102294921875e-06,
    "predict_and_compile_model_1_multimer_v3_pred_1": 115.95868277549744,
    "relax_model_1_multimer_v3_pred_1": 26.31951928138733,
    "process_features_model_1_multimer_v3_pred_2": 3.337860107421875e-06,
    "predict_and_compile_model_1_multimer_v3_pred_2": 115.89768576622009,
    "relax_model_1_multimer_v3_pred_2": 26.66686987876892,
    "process_features_model_1_multimer_v3_pred_3": 3.337860107421875e-06,
    "predict_and_compile_model_1_multimer_v3_pred_3": 115.86919069290161,
    "relax_model_1_multimer_v3_pred_3": 26.79508137702942,
    "process_features_model_1_multimer_v3_pred_4": 2.86102294921875e-06,
    "predict_and_compile_model_1_multimer_v3_pred_4": 115.84720706939697,
    "relax_model_1_multimer_v3_pred_4": 26.83464288711548,
    "process_features_model_2_multimer_v3_pred_0": 3.337860107421875e-06,
    "predict_and_compile_model_2_multimer_v3_pred_0": 231.07789373397827,
    "relax_model_2_multimer_v3_pred_0": 19.725100994110107,
    "process_features_model_2_multimer_v3_pred_1": 3.337860107421875e-06,
    "predict_and_compile_model_2_multimer_v3_pred_1": 38.81177997589111,
    "relax_model_2_multimer_v3_pred_1": 34.80678200721741,
    "process_features_model_2_multimer_v3_pred_2": 3.0994415283203125e-06,
    "predict_and_compile_model_2_multimer_v3_pred_2": 66.34926462173462,
    "relax_model_2_multimer_v3_pred_2": 26.8773832321167,
    "process_features_model_2_multimer_v3_pred_3": 4.5299530029296875e-06,
    "predict_and_compile_model_2_multimer_v3_pred_3": 49.81022500991821,
    "relax_model_2_multimer_v3_pred_3": 34.661370277404785,
    "process_features_model_2_multimer_v3_pred_4": 2.86102294921875e-06,
    "predict_and_compile_model_2_multimer_v3_pred_4": 115.7839035987854,
    "relax_model_2_multimer_v3_pred_4": 36.32029962539673,
    "process_features_model_3_multimer_v3_pred_0": 3.0994415283203125e-06,
    "predict_and_compile_model_3_multimer_v3_pred_0": 233.5439715385437,
    "relax_model_3_multimer_v3_pred_0": 20.43585968017578,
    "process_features_model_3_multimer_v3_pred_1": 3.5762786865234375e-06,
    "predict_and_compile_model_3_multimer_v3_pred_1": 82.90645813941956,
    "relax_model_3_multimer_v3_pred_1": 27.82342267036438,
    "process_features_model_3_multimer_v3_pred_2": 3.5762786865234375e-06,
    "predict_and_compile_model_3_multimer_v3_pred_2": 115.95336937904358,
    "relax_model_3_multimer_v3_pred_2": 35.51763319969177,
    "process_features_model_3_multimer_v3_pred_3": 3.0994415283203125e-06,
    "predict_and_compile_model_3_multimer_v3_pred_3": 115.62914180755615,
    "relax_model_3_multimer_v3_pred_3": 28.618079662322998,
    "process_features_model_3_multimer_v3_pred_4": 3.337860107421875e-06,
    "predict_and_compile_model_3_multimer_v3_pred_4": 115.9109628200531,
    "relax_model_3_multimer_v3_pred_4": 19.7982280254364,
    "process_features_model_4_multimer_v3_pred_0": 3.0994415283203125e-06,
    "predict_and_compile_model_4_multimer_v3_pred_0": 233.25279068946838,
    "relax_model_4_multimer_v3_pred_0": 20.531432151794434,
    "process_features_model_4_multimer_v3_pred_1": 3.337860107421875e-06,
    "predict_and_compile_model_4_multimer_v3_pred_1": 114.4194986820221,
    "relax_model_4_multimer_v3_pred_1": 20.240760326385498,
    "process_features_model_4_multimer_v3_pred_2": 2.86102294921875e-06,
    "predict_and_compile_model_4_multimer_v3_pred_2": 32.79539775848389,
    "relax_model_4_multimer_v3_pred_2": 26.652250289916992,
    "process_features_model_4_multimer_v3_pred_3": 3.0994415283203125e-06,
    "predict_and_compile_model_4_multimer_v3_pred_3": 113.87384629249573,
    "relax_model_4_multimer_v3_pred_3": 27.25932502746582,
    "process_features_model_4_multimer_v3_pred_4": 2.86102294921875e-06,
    "predict_and_compile_model_4_multimer_v3_pred_4": 113.80274486541748,
    "relax_model_4_multimer_v3_pred_4": 27.780608415603638,
    "process_features_model_5_multimer_v3_pred_0": 3.337860107421875e-06,
    "predict_and_compile_model_5_multimer_v3_pred_0": 230.55432748794556,
    "relax_model_5_multimer_v3_pred_0": 19.406590938568115,
    "process_features_model_5_multimer_v3_pred_1": 3.337860107421875e-06,
    "predict_and_compile_model_5_multimer_v3_pred_1": 113.92045521736145,
    "relax_model_5_multimer_v3_pred_1": 20.622452974319458,
    "process_features_model_5_multimer_v3_pred_2": 3.0994415283203125e-06,
    "predict_and_compile_model_5_multimer_v3_pred_2": 113.87329936027527,
    "relax_model_5_multimer_v3_pred_2": 19.265284299850464,
    "process_features_model_5_multimer_v3_pred_3": 3.337860107421875e-06,
    "predict_and_compile_model_5_multimer_v3_pred_3": 113.91825199127197,
    "relax_model_5_multimer_v3_pred_3": 27.632529258728027,
    "process_features_model_5_multimer_v3_pred_4": 5.0067901611328125e-06,
    "predict_and_compile_model_5_multimer_v3_pred_4": 113.79418635368347,
    "relax_model_5_multimer_v3_pred_4": 19.048952341079712
}