seed,sample,ranking_score
1,0,0.9700915161557387
1,1,0.9600812626236817
1,2,0.9641634933486343
1,3,0.9606865920485116
1,4,0.9699849361089429
