seed,sample,ranking_score
2,0,0.850175629720402
2,1,0.8591771440045082
2,2,0.8074682990754072
2,3,0.8020366302284416
2,4,0.8560782369355855
