seed,sample,ranking_score
1,0,0.47337467633312025
1,1,0.4697623091958127
1,2,0.45301649256058485
1,3,0.4655934248472069
1,4,0.47233262257961384
