seed,sample,ranking_score
3,0,0.6874652970860976
3,1,0.6842232413005854
3,2,0.6890189609367242
3,3,0.6913075391921254
3,4,0.6873698872287869
