seed,sample,ranking_score
1,0,1.0046717946255297
1,1,1.0095392267458905
1,2,1.0037022206369615
1,3,1.0112960157353776
1,4,1.0054246379958263
