seed,sample,ranking_score
1,0,0.5192501065787202
1,1,0.5068278126503794
1,2,0.5349473153628825
1,3,0.49570631938902127
1,4,0.5171933698784504
