seed,sample,ranking_score
1,0,0.6635673770948947
1,1,0.6790106590461185
1,2,0.6725705926552663
1,3,0.6753778410217346
1,4,0.6453642599752751
