{
    "features": 0.2534971237182617,
    "process_features_model_1_multimer_v3_pred_0": 4.76837158203125e-06,
    "predict_and_compile_model_1_multimer_v3_pred_0": 684.3504977226257,
    "predict_benchmark_model_1_multimer_v3_pred_0": 567.2318017482758,
    "process_features_model_2_multimer_v3_pred_0": 4.0531158447265625e-06,
    "predict_and_compile_model_2_multimer_v3_pred_0": 677.7910444736481,
    "predict_benchmark_model_2_multimer_v3_pred_0": 566.8565208911896,
    "process_features_model_3_multimer_v3_pred_0": 4.76837158203125e-06,
    "predict_and_compile_model_3_multimer_v3_pred_0": 677.5186970233917,
    "predict_benchmark_model_3_multimer_v3_pred_0": 567.4157135486603,
    "process_features_model_4_multimer_v3_pred_0": 4.291534423828125e-06,
    "predict_and_compile_model_4_multimer_v3_pred_0": 669.6077945232391,
    "predict_benchmark_model_4_multimer_v3_pred_0": 554.3487980365753,
    "process_features_model_5_multimer_v3_pred_0": 4.291534423828125e-06,
    "predict_and_compile_model_5_multimer_v3_pred_0": 666.1983969211578,
    "predict_benchmark_model_5_multimer_v3_pred_0": 554.3855690956116
}