seed,sample,ranking_score
1,0,0.4719388648232943
1,1,0.4649032565155964
1,2,0.4892977052710438
1,3,0.4305334230435949
1,4,0.46505588788804875
