{
    "features": 0.005202770233154297,
    "process_features_model_1_multimer_v3_pred_0": 3.0994415283203125e-06,
    "predict_and_compile_model_1_multimer_v3_pred_0": 233.29903531074524,
    "relax_model_1_multimer_v3_pred_0": 37.071271896362305,
    "process_features_model_1_multimer_v3_pred_1": 2.86102294921875e-06,
    "predict_and_compile_model_1_multimer_v3_pred_1": 114.91075658798218,
    "relax_model_1_multimer_v3_pred_1": 19.200038194656372,
    "process_features_model_1_multimer_v3_pred_2": 3.337860107421875e-06,
    "predict_and_compile_model_1_multimer_v3_pred_2": 114.53050231933594,
    "relax_model_1_multimer_v3_pred_2": 19.20042634010315,
    "process_features_model_1_multimer_v3_pred_3": 2.6226043701171875e-06,
    "predict_and_compile_model_1_multimer_v3_pred_3": 114.65528702735901,
    "relax_model_1_multimer_v3_pred_3": 26.91104555130005,
    "process_features_model_1_multimer_v3_pred_4": 3.337860107421875e-06,
    "predict_and_compile_model_1_multimer_v3_pred_4": 114.71648836135864,
    "relax_model_1_multimer_v3_pred_4": 26.69517683982849,
    "process_features_model_2_multimer_v3_pred_0": 2.6226043701171875e-06,
    "predict_and_compile_model_2_multimer_v3_pred_0": 228.54199528694153,
    "relax_model_2_multimer_v3_pred_0": 34.37221550941467,
    "process_features_model_2_multimer_v3_pred_1": 2.86102294921875e-06,
    "predict_and_compile_model_2_multimer_v3_pred_1": 38.51213574409485,
    "relax_model_2_multimer_v3_pred_1": 34.41990852355957,
    "process_features_model_2_multimer_v3_pred_2": 3.337860107421875e-06,
    "predict_and_compile_model_2_multimer_v3_pred_2": 65.60708618164062,
    "relax_model_2_multimer_v3_pred_2": 34.428486347198486,
    "process_features_model_2_multimer_v3_pred_3": 2.86102294921875e-06,
    "predict_and_compile_model_2_multimer_v3_pred_3": 49.28528189659119,
    "relax_model_2_multimer_v3_pred_3": 34.134907245635986,
    "process_features_model_2_multimer_v3_pred_4": 3.0994415283203125e-06,
    "predict_and_compile_model_2_multimer_v3_pred_4": 114.76708006858826,
    "relax_model_2_multimer_v3_pred_4": 34.62231373786926,
    "process_features_model_3_multimer_v3_pred_0": 2.86102294921875e-06,
    "predict_and_compile_model_3_multimer_v3_pred_0": 231.43408632278442,
    "relax_model_3_multimer_v3_pred_0": 20.9775230884552,
    "process_features_model_3_multimer_v3_pred_1": 2.86102294921875e-06,
    "predict_and_compile_model_3_multimer_v3_pred_1": 81.96581435203552,
    "relax_model_3_multimer_v3_pred_1": 27.8668429851532,
    "process_features_model_3_multimer_v3_pred_2": 2.86102294921875e-06,
    "predict_and_compile_model_3_multimer_v3_pred_2": 114.79583024978638,
    "relax_model_3_multimer_v3_pred_2": 34.9424262046814,
    "process_features_model_3_multimer_v3_pred_3": 2.86102294921875e-06,
    "predict_and_compile_model_3_multimer_v3_pred_3": 114.3829185962677,
    "relax_model_3_multimer_v3_pred_3": 27.942182540893555,
    "process_features_model_3_multimer_v3_pred_4": 3.5762786865234375e-06,
    "predict_and_compile_model_3_multimer_v3_pred_4": 114.81574392318726,
    "relax_model_3_multimer_v3_pred_4": 28.223699808120728,
    "process_features_model_4_multimer_v3_pred_0": 2.6226043701171875e-06,
    "predict_and_compile_model_4_multimer_v3_pred_0": 231.52986645698547,
    "relax_model_4_multimer_v3_pred_0": 20.345709085464478,
    "process_features_model_4_multimer_v3_pred_1": 2.86102294921875e-06,
    "predict_and_compile_model_4_multimer_v3_pred_1": 112.8394238948822,
    "relax_model_4_multimer_v3_pred_1": 19.701238870620728,
    "process_features_model_4_multimer_v3_pred_2": 2.6226043701171875e-06,
    "predict_and_compile_model_4_multimer_v3_pred_2": 32.51985573768616,
    "relax_model_4_multimer_v3_pred_2": 26.48642134666443,
    "process_features_model_4_multimer_v3_pred_3": 3.0994415283203125e-06,
    "predict_and_compile_model_4_multimer_v3_pred_3": 112.78527116775513,
    "relax_model_4_multimer_v3_pred_3": 27.237123250961304,
    "process_features_model_4_multimer_v3_pred_4": 2.384185791015625e-06,
    "predict_and_compile_model_4_multimer_v3_pred_4": 112.5847065448761,
    "relax_model_4_multimer_v3_pred_4": 28.104198932647705,
    "process_features_model_5_multimer_v3_pred_0": 3.337860107421875e-06,
    "predict_and_compile_model_5_multimer_v3_pred_0": 228.28473591804504,
    "relax_model_5_multimer_v3_pred_0": 20.881709575653076,
    "process_features_model_5_multimer_v3_pred_1": 3.0994415283203125e-06,
    "predict_and_compile_model_5_multimer_v3_pred_1": 112.88068389892578,
    "relax_model_5_multimer_v3_pred_1": 22.262818574905396,
    "process_features_model_5_multimer_v3_pred_2": 3.0994415283203125e-06,
    "predict_and_compile_model_5_multimer_v3_pred_2": 112.72265958786011,
    "relax_model_5_multimer_v3_pred_2": 18.999305725097656,
    "process_features_model_5_multimer_v3_pred_3": 3.337860107421875e-06,
    "predict_and_compile_model_5_multimer_v3_pred_3": 112.8210813999176,
    "relax_model_5_multimer_v3_pred_3": 27.72040319442749,
    "process_features_model_5_multimer_v3_pred_4": 2.86102294921875e-06,
    "predict_and_compile_model_5_multimer_v3_pred_4": 112.89916110038757,
    "relax_model_5_multimer_v3_pred_4": 19.0687096118927
}