seed,sample,ranking_score
1,0,0.8246412779739836
1,1,0.814575155950307
1,2,0.8296842468131821
1,3,0.8266619923661493
1,4,0.7781139624966743
