seed,sample,ranking_score
1,0,0.6705945496424819
1,1,0.6559275073192804
1,2,0.6524531065655734
1,3,0.6703180808184631
1,4,0.6661013909876844
