seed,sample,ranking_score
1,0,0.7991230080105198
1,1,0.7780323811197122
1,2,0.7982191295648735
1,3,0.8000260721071131
1,4,0.796088545583872
