seed,sample,ranking_score
1,0,0.7589308414932809
1,1,0.7810648045051282
1,2,0.7421902401170251
1,3,0.7571658876552085
1,4,0.756950658800076
