seed,sample,ranking_score
4,0,0.8895448148192426
4,1,0.9066702219118628
4,2,0.8729861410574773
4,3,0.8909730091420758
4,4,0.9098967629561268
