seed,sample,ranking_score
1,0,0.6531806741679765
1,1,0.6624643346138188
1,2,0.6465300052192591
1,3,0.5978867008067585
1,4,0.658698288234094
