seed,sample,ranking_score
1,0,0.5133039444342065
1,1,0.5430416891201236
1,2,0.5091367701879788
1,3,0.5385617370906186
1,4,0.5409706519039577
