seed,sample,ranking_score
1,0,0.9475024982441526
1,1,0.9554961462648724
1,2,0.9532546262465212
1,3,0.9525348839979055
1,4,0.9445622188358637
