seed,sample,ranking_score
1,0,0.605936837808567
1,1,0.5786922884454994
1,2,0.5831084168408353
1,3,0.5572231866721475
1,4,0.5792317354473581
