seed,sample,ranking_score
1,0,0.6885474892448603
1,1,0.6770846666683178
1,2,0.623874084615138
1,3,0.6896678615851416
1,4,0.6832462745936614
