seed,sample,ranking_score
1,0,0.7978213843454498
1,1,0.7910055114314024
1,2,0.8004647198935704
1,3,0.8041182347579219
1,4,0.7678974502263304
