seed,sample,ranking_score
3,0,0.9771077198759276
3,1,0.9714927638066501
3,2,0.9729315669715022
3,3,0.9700916423373047
3,4,0.9712610112082145
