seed,sample,ranking_score
1,0,0.5061534779752078
1,1,0.5248464701346094
1,2,0.4950091782387332
1,3,0.41338907725661095
1,4,0.5272360955209785
