{
    "iptm+ptm": {
        "model_1_multimer_v3_pred_0": 0.7988516510929984,
        "model_1_multimer_v3_pred_1": 0.818263071284287,
        "model_1_multimer_v3_pred_2": 0.7960574184091411,
        "model_1_multimer_v3_pred_3": 0.8046152640984761,
        "model_1_multimer_v3_pred_4": 0.8104784468244645,
        "model_2_multimer_v3_pred_0": 0.815006044904959,
        "model_2_multimer_v3_pred_1": 0.814187863099648,
        "model_2_multimer_v3_pred_2": 0.8117987051661615,
        "model_2_multimer_v3_pred_3": 0.8165205803469526,
        "model_2_multimer_v3_pred_4": 0.8217871883964207,
        "model_3_multimer_v3_pred_0": 0.8206147865857281,
        "model_3_multimer_v3_pred_1": 0.8205574597250145,
        "model_3_multimer_v3_pred_2": 0.8107649138575806,
        "model_3_multimer_v3_pred_3": 0.8147073867674737,
        "model_3_multimer_v3_pred_4": 0.8126236432275159,
        "model_4_multimer_v3_pred_0": 0.790371445187028,
        "model_4_multimer_v3_pred_1": 0.7912392454376697,
        "model_4_multimer_v3_pred_2": 0.7870366073629206,
        "model_4_multimer_v3_pred_3": 0.8045882061899454,
        "model_4_multimer_v3_pred_4": 0.8081631621997354,
        "model_5_multimer_v3_pred_0": 0.8024125501842314,
        "model_5_multimer_v3_pred_1": 0.8071966492514785,
        "model_5_multimer_v3_pred_2": 0.80397624410252,
        "model_5_multimer_v3_pred_3": 0.8016497617941213,
        "model_5_multimer_v3_pred_4": 0.8026368491779692
    },
    "order": [
        "model_2_multimer_v3_pred_4",
        "model_3_multimer_v3_pred_0",
        "model_3_multimer_v3_pred_1",
        "model_1_multimer_v3_pred_1",
        "model_2_multimer_v3_pred_3",
        "model_2_multimer_v3_pred_0",
        "model_3_multimer_v3_pred_3",
        "model_2_multimer_v3_pred_1",
        "model_3_multimer_v3_pred_4",
        "model_2_multimer_v3_pred_2",
        "model_3_multimer_v3_pred_2",
        "model_1_multimer_v3_pred_4",
        "model_4_multimer_v3_pred_4",
        "model_5_multimer_v3_pred_1",
        "model_1_multimer_v3_pred_3",
        "model_4_multimer_v3_pred_3",
        "model_5_multimer_v3_pred_2",
        "model_5_multimer_v3_pred_4",
        "model_5_multimer_v3_pred_0",
        "model_5_multimer_v3_pred_3",
        "model_1_multimer_v3_pred_0",
        "model_1_multimer_v3_pred_2",
        "model_4_multimer_v3_pred_1",
        "model_4_multimer_v3_pred_0",
        "model_4_multimer_v3_pred_2"
    ]
}