seed,sample,ranking_score
1,0,0.7429806577204332
1,1,0.6867039408567104
1,2,0.7263850397255198
1,3,0.7458710979712543
1,4,0.6944160338627602
