{
    "features": 0.009077787399291992,
    "process_features_model_1_multimer_v3_pred_0": 2.5033950805664062e-05,
    "predict_and_compile_model_1_multimer_v3_pred_0": 383.3443212509155,
    "relax_model_1_multimer_v3_pred_0": 56.56463098526001,
    "process_features_model_1_multimer_v3_pred_1": 4.76837158203125e-06,
    "predict_and_compile_model_1_multimer_v3_pred_1": 263.70427083969116,
    "relax_model_1_multimer_v3_pred_1": 57.82370662689209,
    "process_features_model_1_multimer_v3_pred_2": 2.384185791015625e-06,
    "predict_and_compile_model_1_multimer_v3_pred_2": 263.25208735466003,
    "relax_model_1_multimer_v3_pred_2": 60.0191433429718,
    "process_features_model_1_multimer_v3_pred_3": 2.6226043701171875e-06,
    "predict_and_compile_model_1_multimer_v3_pred_3": 263.7970426082611,
    "relax_model_1_multimer_v3_pred_3": 62.66912269592285,
    "process_features_model_1_multimer_v3_pred_4": 2.6226043701171875e-06,
    "predict_and_compile_model_1_multimer_v3_pred_4": 263.1346914768219,
    "relax_model_1_multimer_v3_pred_4": 64.82311749458313,
    "process_features_model_2_multimer_v3_pred_0": 2.86102294921875e-06,
    "predict_and_compile_model_2_multimer_v3_pred_0": 378.8556396961212,
    "relax_model_2_multimer_v3_pred_0": 62.5952410697937,
    "process_features_model_2_multimer_v3_pred_1": 3.0994415283203125e-06,
    "predict_and_compile_model_2_multimer_v3_pred_1": 263.87342715263367,
    "relax_model_2_multimer_v3_pred_1": 53.7494592666626,
    "process_features_model_2_multimer_v3_pred_2": 2.384185791015625e-06,
    "predict_and_compile_model_2_multimer_v3_pred_2": 263.3842360973358,
    "relax_model_2_multimer_v3_pred_2": 53.22046613693237,
    "process_features_model_2_multimer_v3_pred_3": 2.6226043701171875e-06,
    "predict_and_compile_model_2_multimer_v3_pred_3": 263.5456962585449,
    "relax_model_2_multimer_v3_pred_3": 60.31526255607605,
    "process_features_model_2_multimer_v3_pred_4": 2.6226043701171875e-06,
    "predict_and_compile_model_2_multimer_v3_pred_4": 263.71147775650024,
    "relax_model_2_multimer_v3_pred_4": 59.52702593803406,
    "process_features_model_3_multimer_v3_pred_0": 2.6226043701171875e-06,
    "predict_and_compile_model_3_multimer_v3_pred_0": 380.5404620170593,
    "relax_model_3_multimer_v3_pred_0": 64.16306710243225,
    "process_features_model_3_multimer_v3_pred_1": 2.86102294921875e-06,
    "predict_and_compile_model_3_multimer_v3_pred_1": 213.13674902915955,
    "relax_model_3_multimer_v3_pred_1": 63.996208906173706,
    "process_features_model_3_multimer_v3_pred_2": 2.384185791015625e-06,
    "predict_and_compile_model_3_multimer_v3_pred_2": 264.2848012447357,
    "relax_model_3_multimer_v3_pred_2": 60.31273889541626,
    "process_features_model_3_multimer_v3_pred_3": 2.6226043701171875e-06,
    "predict_and_compile_model_3_multimer_v3_pred_3": 263.6884732246399,
    "relax_model_3_multimer_v3_pred_3": 54.77776479721069,
    "process_features_model_3_multimer_v3_pred_4": 2.1457672119140625e-06,
    "predict_and_compile_model_3_multimer_v3_pred_4": 263.21290946006775,
    "relax_model_3_multimer_v3_pred_4": 54.64768314361572,
    "process_features_model_4_multimer_v3_pred_0": 2.384185791015625e-06,
    "predict_and_compile_model_4_multimer_v3_pred_0": 371.4413561820984,
    "relax_model_4_multimer_v3_pred_0": 54.79171872138977,
    "process_features_model_4_multimer_v3_pred_1": 6.67572021484375e-06,
    "predict_and_compile_model_4_multimer_v3_pred_1": 260.2609918117523,
    "relax_model_4_multimer_v3_pred_1": 56.78532958030701,
    "process_features_model_4_multimer_v3_pred_2": 2.384185791015625e-06,
    "predict_and_compile_model_4_multimer_v3_pred_2": 258.9428734779358,
    "relax_model_4_multimer_v3_pred_2": 67.4778938293457,
    "process_features_model_4_multimer_v3_pred_3": 2.6226043701171875e-06,
    "predict_and_compile_model_4_multimer_v3_pred_3": 259.0035674571991,
    "relax_model_4_multimer_v3_pred_3": 60.95276927947998,
    "process_features_model_4_multimer_v3_pred_4": 2.384185791015625e-06,
    "predict_and_compile_model_4_multimer_v3_pred_4": 259.66976952552795,
    "relax_model_4_multimer_v3_pred_4": 57.90362882614136,
    "process_features_model_5_multimer_v3_pred_0": 2.384185791015625e-06,
    "predict_and_compile_model_5_multimer_v3_pred_0": 366.5980818271637,
    "relax_model_5_multimer_v3_pred_0": 54.420984745025635,
    "process_features_model_5_multimer_v3_pred_1": 3.0994415283203125e-06,
    "predict_and_compile_model_5_multimer_v3_pred_1": 259.01628518104553,
    "relax_model_5_multimer_v3_pred_1": 54.17999768257141,
    "process_features_model_5_multimer_v3_pred_2": 2.6226043701171875e-06,
    "predict_and_compile_model_5_multimer_v3_pred_2": 258.74293780326843,
    "relax_model_5_multimer_v3_pred_2": 56.59834170341492,
    "process_features_model_5_multimer_v3_pred_3": 2.86102294921875e-06,
    "predict_and_compile_model_5_multimer_v3_pred_3": 258.7672710418701,
    "relax_model_5_multimer_v3_pred_3": 59.57915234565735,
    "process_features_model_5_multimer_v3_pred_4": 3.5762786865234375e-06,
    "predict_and_compile_model_5_multimer_v3_pred_4": 259.4389953613281,
    "relax_model_5_multimer_v3_pred_4": 31.97193455696106
}