seed,sample,ranking_score
1,0,0.46250383577750404
1,1,0.4575448634140448
1,2,0.46426178647884747
1,3,0.45319085987931423
1,4,0.45924696190311526
