seed,sample,ranking_score
3,0,0.7832538258684159
3,1,0.7867238610895653
3,2,0.8051299187316637
3,3,0.7868763794561849
3,4,0.8020642903898398
