seed,sample,ranking_score
1,0,0.8201820701239126
1,1,0.8486240401863282
1,2,0.8680533336011707
1,3,0.8860160673119654
1,4,0.8223561214298857
