seed,sample,ranking_score
1,0,0.4944421256378243
1,1,0.5232095667143097
1,2,0.5120125360575921
1,3,0.5273944794222367
1,4,0.5123742188192285
