seed,sample,ranking_score
1,0,0.7991706091627171
1,1,0.7741887946521403
1,2,0.7781297015528458
1,3,0.7783724945220346
1,4,0.8175607765668811
