seed,sample,ranking_score
1,0,0.5661260709408913
1,1,0.5997609038283782
1,2,0.5785507727413883
1,3,0.5976426053810341
1,4,0.5715782187588967
