seed,sample,ranking_score
1,0,0.6983753472357397
1,1,0.6905361866892543
1,2,0.703447217228395
1,3,0.6520667918634437
1,4,0.691278169052516
