seed,sample,ranking_score
1,0,0.39628680359789276
1,1,0.3913610673726105
1,2,0.38021871929236917
1,3,0.37680941185973793
1,4,0.42248799726692027
