seed,sample,ranking_score
1,0,0.8384445245670183
1,1,0.8406810688806747
1,2,0.8355933451014523
1,3,0.840676651623288
1,4,0.8362580367078513
