seed,sample,ranking_score
5,0,0.5811566572651392
5,1,0.5817563268738669
5,2,0.5841058002545675
5,3,0.5764726856281679
5,4,0.592422388087916
