seed,sample,ranking_score
1,0,0.8129336181470815
1,1,0.8281428324033984
1,2,0.8298459879057851
1,3,0.8424141144361392
1,4,0.8352252931390458
