{
    "features": 0.005883216857910156,
    "process_features_model_1_multimer_v3_pred_0": 3.5762786865234375e-06,
    "predict_and_compile_model_1_multimer_v3_pred_0": 280.87468814849854,
    "relax_model_1_multimer_v3_pred_0": 32.13916754722595,
    "process_features_model_1_multimer_v3_pred_1": 3.337860107421875e-06,
    "predict_and_compile_model_1_multimer_v3_pred_1": 108.68047499656677,
    "relax_model_1_multimer_v3_pred_1": 39.061641454696655,
    "process_features_model_1_multimer_v3_pred_2": 3.337860107421875e-06,
    "predict_and_compile_model_1_multimer_v3_pred_2": 162.54743838310242,
    "relax_model_1_multimer_v3_pred_2": 29.58155393600464,
    "process_features_model_1_multimer_v3_pred_3": 2.86102294921875e-06,
    "predict_and_compile_model_1_multimer_v3_pred_3": 162.44139647483826,
    "relax_model_1_multimer_v3_pred_3": 37.76227402687073,
    "process_features_model_1_multimer_v3_pred_4": 3.0994415283203125e-06,
    "predict_and_compile_model_1_multimer_v3_pred_4": 162.85278820991516,
    "relax_model_1_multimer_v3_pred_4": 38.352155685424805,
    "process_features_model_2_multimer_v3_pred_0": 3.337860107421875e-06,
    "predict_and_compile_model_2_multimer_v3_pred_0": 276.85526990890503,
    "relax_model_2_multimer_v3_pred_0": 38.55625343322754,
    "process_features_model_2_multimer_v3_pred_1": 3.814697265625e-06,
    "predict_and_compile_model_2_multimer_v3_pred_1": 163.48293161392212,
    "relax_model_2_multimer_v3_pred_1": 41.35999655723572,
    "process_features_model_2_multimer_v3_pred_2": 3.0994415283203125e-06,
    "predict_and_compile_model_2_multimer_v3_pred_2": 162.4421956539154,
    "relax_model_2_multimer_v3_pred_2": 38.48887252807617,
    "process_features_model_2_multimer_v3_pred_3": 3.0994415283203125e-06,
    "predict_and_compile_model_2_multimer_v3_pred_3": 162.71736121177673,
    "relax_model_2_multimer_v3_pred_3": 38.54065442085266,
    "process_features_model_2_multimer_v3_pred_4": 2.86102294921875e-06,
    "predict_and_compile_model_2_multimer_v3_pred_4": 162.70587038993835,
    "relax_model_2_multimer_v3_pred_4": 29.933627128601074,
    "process_features_model_3_multimer_v3_pred_0": 3.0994415283203125e-06,
    "predict_and_compile_model_3_multimer_v3_pred_0": 279.5991916656494,
    "relax_model_3_multimer_v3_pred_0": 29.944384336471558,
    "process_features_model_3_multimer_v3_pred_1": 3.5762786865234375e-06,
    "predict_and_compile_model_3_multimer_v3_pred_1": 69.98215818405151,
    "relax_model_3_multimer_v3_pred_1": 38.43556809425354,
    "process_features_model_3_multimer_v3_pred_2": 3.0994415283203125e-06,
    "predict_and_compile_model_3_multimer_v3_pred_2": 162.61754894256592,
    "relax_model_3_multimer_v3_pred_2": 37.124237060546875,
    "process_features_model_3_multimer_v3_pred_3": 3.0994415283203125e-06,
    "predict_and_compile_model_3_multimer_v3_pred_3": 163.57059502601624,
    "relax_model_3_multimer_v3_pred_3": 38.89924621582031,
    "process_features_model_3_multimer_v3_pred_4": 3.5762786865234375e-06,
    "predict_and_compile_model_3_multimer_v3_pred_4": 162.74027228355408,
    "relax_model_3_multimer_v3_pred_4": 21.58970069885254,
    "process_features_model_4_multimer_v3_pred_0": 3.337860107421875e-06,
    "predict_and_compile_model_4_multimer_v3_pred_0": 282.8173568248749,
    "relax_model_4_multimer_v3_pred_0": 42.38905334472656,
    "process_features_model_4_multimer_v3_pred_1": 2.86102294921875e-06,
    "predict_and_compile_model_4_multimer_v3_pred_1": 160.22827196121216,
    "relax_model_4_multimer_v3_pred_1": 56.05259585380554,
    "process_features_model_4_multimer_v3_pred_2": 3.0994415283203125e-06,
    "predict_and_compile_model_4_multimer_v3_pred_2": 160.36060214042664,
    "relax_model_4_multimer_v3_pred_2": 42.54843091964722,
    "process_features_model_4_multimer_v3_pred_3": 3.814697265625e-06,
    "predict_and_compile_model_4_multimer_v3_pred_3": 160.17083287239075,
    "relax_model_4_multimer_v3_pred_3": 38.76603102684021,
    "process_features_model_4_multimer_v3_pred_4": 4.0531158447265625e-06,
    "predict_and_compile_model_4_multimer_v3_pred_4": 162.56084775924683,
    "relax_model_4_multimer_v3_pred_4": 38.25435495376587,
    "process_features_model_5_multimer_v3_pred_0": 3.0994415283203125e-06,
    "predict_and_compile_model_5_multimer_v3_pred_0": 211.377516746521,
    "relax_model_5_multimer_v3_pred_0": 21.96434998512268,
    "process_features_model_5_multimer_v3_pred_1": 3.5762786865234375e-06,
    "predict_and_compile_model_5_multimer_v3_pred_1": 160.2848014831543,
    "relax_model_5_multimer_v3_pred_1": 22.98115825653076,
    "process_features_model_5_multimer_v3_pred_2": 3.337860107421875e-06,
    "predict_and_compile_model_5_multimer_v3_pred_2": 160.34718203544617,
    "relax_model_5_multimer_v3_pred_2": 30.053771257400513,
    "process_features_model_5_multimer_v3_pred_3": 3.0994415283203125e-06,
    "predict_and_compile_model_5_multimer_v3_pred_3": 160.16286039352417,
    "relax_model_5_multimer_v3_pred_3": 41.56066679954529,
    "process_features_model_5_multimer_v3_pred_4": 3.5762786865234375e-06,
    "predict_and_compile_model_5_multimer_v3_pred_4": 160.38966846466064,
    "relax_model_5_multimer_v3_pred_4": 47.301697969436646
}