seed,sample,ranking_score
1,0,0.6067440985942701
1,1,0.688991217842944
1,2,0.632206321304689
1,3,0.6396776070917912
1,4,0.6627788871628335
