seed,sample,ranking_score
1,0,0.9031696223419697
1,1,0.8981624936658535
1,2,0.9025064867088222
1,3,0.8807220526931988
1,4,0.8887433682470147
