seed,sample,ranking_score
1,0,0.6509612131589143
1,1,0.6766030870224833
1,2,0.6734188554355705
1,3,0.6653558136367852
1,4,0.6734593538487885
