seed,sample,ranking_score
4,0,0.5900552067560265
4,1,0.5839480665982956
4,2,0.6413345101773157
4,3,0.584082757785282
4,4,0.5857742268586368
