seed,sample,ranking_score
1,0,0.7100927009929473
1,1,0.715526789709486
1,2,0.6641502227721172
1,3,0.650678868888028
1,4,0.7046385691994145
