seed,sample,ranking_score
1,0,0.5099141080126837
1,1,0.5165014864105065
1,2,0.5408216963934768
1,3,0.5002059531931022
1,4,0.5145024674541216
