seed,sample,ranking_score
1,0,0.5389084640548025
1,1,0.5360456094611765
1,2,0.5556078872354858
1,3,0.5341371153629694
1,4,0.5380076567204777
