seed,sample,ranking_score
1,0,0.6968583440329931
1,1,0.6786711918730538
1,2,0.7181994164532128
1,3,0.7271970334762737
1,4,0.7302429403780012
