seed,sample,ranking_score
1,0,0.9242176574802808
1,1,0.9331584589384586
1,2,0.9210770759727942
1,3,0.9257222790740253
1,4,0.9382164344599142
