seed,sample,ranking_score
1,0,0.47195704006620676
1,1,0.6044896168870582
1,2,0.5862137293717131
1,3,0.5938924999229614
1,4,0.604911695535841
