seed,sample,ranking_score
4,0,0.8363556958661112
4,1,0.8647383256034253
4,2,0.8842058244237122
4,3,0.869141802159309
4,4,0.8724775306582544
