seed,sample,ranking_score
1,0,0.5124833544697283
1,1,0.5211707893891262
1,2,0.5089676479790852
1,3,0.5006808312660831
1,4,0.5104976876632821
