seed,sample,ranking_score
1,0,0.4769295360782074
1,1,0.4831917723542503
1,2,0.47480166421605274
1,3,0.4766638240707396
1,4,0.4414209103806159
