seed,sample,ranking_score
1,0,0.4503932256394352
1,1,0.4630542537351837
1,2,0.4278998921292567
1,3,0.4658164350339151
1,4,0.43932175181815625
