{
    "features": 0.029894113540649414,
    "process_features_model_1_multimer_v3_pred_0": 2.6226043701171875e-06,
    "predict_and_compile_model_1_multimer_v3_pred_0": 231.15025234222412,
    "predict_benchmark_model_1_multimer_v3_pred_0": 153.4386100769043,
    "process_features_model_2_multimer_v3_pred_0": 6.9141387939453125e-06,
    "predict_and_compile_model_2_multimer_v3_pred_0": 229.04760074615479,
    "predict_benchmark_model_2_multimer_v3_pred_0": 153.37425756454468,
    "process_features_model_3_multimer_v3_pred_0": 2.5510787963867188e-05,
    "predict_and_compile_model_3_multimer_v3_pred_0": 228.735045671463,
    "predict_benchmark_model_3_multimer_v3_pred_0": 153.8086142539978,
    "process_features_model_4_multimer_v3_pred_0": 2.574920654296875e-05,
    "predict_and_compile_model_4_multimer_v3_pred_0": 224.56518054008484,
    "predict_benchmark_model_4_multimer_v3_pred_0": 148.6996636390686,
    "process_features_model_5_multimer_v3_pred_0": 2.5033950805664062e-05,
    "predict_and_compile_model_5_multimer_v3_pred_0": 224.48547458648682,
    "predict_benchmark_model_5_multimer_v3_pred_0": 148.8028585910797
}