{
    "features": 0.0428006649017334,
    "process_features_model_1_multimer_v3_pred_0": 2.86102294921875e-06,
    "predict_and_compile_model_1_multimer_v3_pred_0": 123.45541334152222,
    "predict_benchmark_model_1_multimer_v3_pred_0": 36.17032074928284,
    "process_features_model_2_multimer_v3_pred_0": 7.486343383789062e-05,
    "predict_and_compile_model_2_multimer_v3_pred_0": 120.0614800453186,
    "predict_benchmark_model_2_multimer_v3_pred_0": 36.10475182533264,
    "process_features_model_3_multimer_v3_pred_0": 3.5762786865234375e-05,
    "predict_and_compile_model_3_multimer_v3_pred_0": 118.0327467918396,
    "predict_benchmark_model_3_multimer_v3_pred_0": 30.139338493347168,
    "process_features_model_4_multimer_v3_pred_0": 3.0279159545898438e-05,
    "predict_and_compile_model_4_multimer_v3_pred_0": 133.57808136940002,
    "predict_benchmark_model_4_multimer_v3_pred_0": 46.3989577293396,
    "process_features_model_5_multimer_v3_pred_0": 4.3392181396484375e-05,
    "predict_and_compile_model_5_multimer_v3_pred_0": 125.45156455039978,
    "predict_benchmark_model_5_multimer_v3_pred_0": 34.96111750602722
}