seed,sample,ranking_score
1,0,0.7683136663643273
1,1,0.7929838348256177
1,2,0.7731362545614026
1,3,0.7895272881073916
1,4,0.773488097993784
