seed,sample,ranking_score
1,0,0.723560517919815
1,1,0.6877209105126734
1,2,0.6857685901400402
1,3,0.7111310122909646
1,4,0.6875962786619607
