{
    "features": 0.6133008003234863,
    "process_features_model_1_multimer_v3_pred_0": 5.7220458984375e-06,
    "predict_and_compile_model_1_multimer_v3_pred_0": 246.48416423797607,
    "predict_benchmark_model_1_multimer_v3_pred_0": 166.21836924552917,
    "process_features_model_2_multimer_v3_pred_0": 3.0279159545898438e-05,
    "predict_and_compile_model_2_multimer_v3_pred_0": 249.40800023078918,
    "predict_benchmark_model_2_multimer_v3_pred_0": 166.80848789215088,
    "process_features_model_3_multimer_v3_pred_0": 2.1457672119140625e-05,
    "predict_and_compile_model_3_multimer_v3_pred_0": 184.5218698978424,
    "predict_benchmark_model_3_multimer_v3_pred_0": 95.06704449653625,
    "process_features_model_4_multimer_v3_pred_0": 3.5762786865234375e-05,
    "predict_and_compile_model_4_multimer_v3_pred_0": 139.49904990196228,
    "predict_benchmark_model_4_multimer_v3_pred_0": 53.58696103096008,
    "process_features_model_5_multimer_v3_pred_0": 3.3855438232421875e-05,
    "predict_and_compile_model_5_multimer_v3_pred_0": 245.7156331539154,
    "predict_benchmark_model_5_multimer_v3_pred_0": 160.95432376861572
}