seed,sample,ranking_score
1,0,0.9238159498762837
1,1,0.9213498652070117
1,2,0.8900015377108174
1,3,0.9319367726518454
1,4,0.9209343894387124
