seed,sample,ranking_score
2,0,0.9363787784040843
2,1,0.9353105790594829
2,2,0.9346669816261696
2,3,0.9402612314580652
2,4,0.9305886047536375
