seed,sample,ranking_score
1,0,0.38359531583858536
1,1,0.4370060197651291
1,2,0.37098478852007366
1,3,0.4036909136705312
1,4,0.34156101869032446
