{
    "features": 0.2467646598815918,
    "process_features_model_1_multimer_v3_pred_0": 4.291534423828125e-06,
    "predict_and_compile_model_1_multimer_v3_pred_0": 728.6333801746368,
    "predict_benchmark_model_1_multimer_v3_pred_0": 606.7713234424591,
    "process_features_model_2_multimer_v3_pred_0": 3.814697265625e-06,
    "predict_and_compile_model_2_multimer_v3_pred_0": 720.4940266609192,
    "predict_benchmark_model_2_multimer_v3_pred_0": 606.538126707077,
    "process_features_model_3_multimer_v3_pred_0": 4.0531158447265625e-06,
    "predict_and_compile_model_3_multimer_v3_pred_0": 722.7155411243439,
    "predict_benchmark_model_3_multimer_v3_pred_0": 606.6216304302216,
    "process_features_model_4_multimer_v3_pred_0": 3.814697265625e-06,
    "predict_and_compile_model_4_multimer_v3_pred_0": 713.7507967948914,
    "predict_benchmark_model_4_multimer_v3_pred_0": 592.2028794288635,
    "process_features_model_5_multimer_v3_pred_0": 3.814697265625e-06,
    "predict_and_compile_model_5_multimer_v3_pred_0": 708.8153610229492,
    "predict_benchmark_model_5_multimer_v3_pred_0": 592.6784415245056
}