seed,sample,ranking_score
1,0,0.5838431821901656
1,1,0.5842389433848257
1,2,0.5480598101020997
1,3,0.5957271525994658
1,4,0.5768502278718377
