seed,sample,ranking_score
1,0,0.649389957803854
1,1,0.6162549656193927
1,2,0.6046836770148135
1,3,0.5875637004548904
1,4,0.6301189739858873
