seed,sample,ranking_score
1,0,0.8707474227628106
1,1,0.8736268899517848
1,2,0.8737333695280609
1,3,0.8739019532667761
1,4,0.8690910215186917
