seed,sample,ranking_score
1,0,0.6016965333892967
1,1,0.5964081435694009
1,2,0.614851686617083
1,3,0.603092287247749
1,4,0.6100246252516164
