{
    "features": 0.017416715621948242,
    "process_features_model_1_multimer_v3_pred_0": 2.6226043701171875e-06,
    "predict_and_compile_model_1_multimer_v3_pred_0": 179.34586310386658,
    "predict_benchmark_model_1_multimer_v3_pred_0": 103.99338459968567,
    "process_features_model_2_multimer_v3_pred_0": 2.5033950805664062e-05,
    "predict_and_compile_model_2_multimer_v3_pred_0": 178.9492049217224,
    "predict_benchmark_model_2_multimer_v3_pred_0": 103.87329339981079,
    "process_features_model_3_multimer_v3_pred_0": 2.2649765014648438e-05,
    "predict_and_compile_model_3_multimer_v3_pred_0": 180.05315518379211,
    "predict_benchmark_model_3_multimer_v3_pred_0": 104.17235136032104,
    "process_features_model_4_multimer_v3_pred_0": 3.0517578125e-05,
    "predict_and_compile_model_4_multimer_v3_pred_0": 178.39355492591858,
    "predict_benchmark_model_4_multimer_v3_pred_0": 101.90655899047852,
    "process_features_model_5_multimer_v3_pred_0": 1.6450881958007812e-05,
    "predict_and_compile_model_5_multimer_v3_pred_0": 179.65813446044922,
    "predict_benchmark_model_5_multimer_v3_pred_0": 102.3248839378357
}