{
    "features": 0.2622520923614502,
    "process_features_model_1_multimer_v3_pred_0": 5.4836273193359375e-06,
    "predict_and_compile_model_1_multimer_v3_pred_0": 1317.6092176437378,
    "predict_benchmark_model_1_multimer_v3_pred_0": 1160.7494614124298,
    "process_features_model_2_multimer_v3_pred_0": 5.0067901611328125e-06,
    "predict_and_compile_model_2_multimer_v3_pred_0": 1307.6673521995544,
    "predict_benchmark_model_2_multimer_v3_pred_0": 1160.3148684501648,
    "process_features_model_3_multimer_v3_pred_0": 2.0265579223632812e-05,
    "predict_and_compile_model_3_multimer_v3_pred_0": 1311.7059140205383,
    "predict_benchmark_model_3_multimer_v3_pred_0": 1157.5468451976776,
    "process_features_model_4_multimer_v3_pred_0": 0.0004763603210449219,
    "predict_and_compile_model_4_multimer_v3_pred_0": 1292.1240351200104,
    "predict_benchmark_model_4_multimer_v3_pred_0": 1133.6459913253784,
    "process_features_model_5_multimer_v3_pred_0": 9.5367431640625e-06,
    "predict_and_compile_model_5_multimer_v3_pred_0": 1278.4807686805725,
    "predict_benchmark_model_5_multimer_v3_pred_0": 1134.2425191402435
}