seed,sample,ranking_score
4,0,0.8699878765249625
4,1,0.8674755071003467
4,2,0.8699865936862055
4,3,0.8685038513560109
4,4,0.8686417097565817
