seed,sample,ranking_score
3,0,0.525323918132314
3,1,0.5478267093522361
3,2,0.5401542189900723
3,3,0.5386639832226964
3,4,0.5544180918564879
