{
    "features": 0.004148960113525391,
    "process_features_model_1_multimer_v3_pred_0": 3.814697265625e-06,
    "predict_and_compile_model_1_multimer_v3_pred_0": 130.29649901390076,
    "relax_model_1_multimer_v3_pred_0": 21.50658869743347,
    "process_features_model_1_multimer_v3_pred_1": 2.86102294921875e-06,
    "predict_and_compile_model_1_multimer_v3_pred_1": 14.216360092163086,
    "relax_model_1_multimer_v3_pred_1": 15.70742654800415,
    "process_features_model_1_multimer_v3_pred_2": 3.337860107421875e-06,
    "predict_and_compile_model_1_multimer_v3_pred_2": 14.182719945907593,
    "relax_model_1_multimer_v3_pred_2": 21.445754766464233,
    "process_features_model_1_multimer_v3_pred_3": 2.86102294921875e-06,
    "predict_and_compile_model_1_multimer_v3_pred_3": 14.178303480148315,
    "relax_model_1_multimer_v3_pred_3": 14.923521041870117,
    "process_features_model_1_multimer_v3_pred_4": 2.384185791015625e-06,
    "predict_and_compile_model_1_multimer_v3_pred_4": 14.176000595092773,
    "relax_model_1_multimer_v3_pred_4": 14.935554504394531,
    "process_features_model_2_multimer_v3_pred_0": 2.86102294921875e-06,
    "predict_and_compile_model_2_multimer_v3_pred_0": 127.53086113929749,
    "relax_model_2_multimer_v3_pred_0": 16.635854959487915,
    "process_features_model_2_multimer_v3_pred_1": 2.6226043701171875e-06,
    "predict_and_compile_model_2_multimer_v3_pred_1": 14.136608839035034,
    "relax_model_2_multimer_v3_pred_1": 15.747711896896362,
    "process_features_model_2_multimer_v3_pred_2": 3.0994415283203125e-06,
    "predict_and_compile_model_2_multimer_v3_pred_2": 14.174513578414917,
    "relax_model_2_multimer_v3_pred_2": 15.137546300888062,
    "process_features_model_2_multimer_v3_pred_3": 3.0994415283203125e-06,
    "predict_and_compile_model_2_multimer_v3_pred_3": 15.281851291656494,
    "relax_model_2_multimer_v3_pred_3": 15.488986730575562,
    "process_features_model_2_multimer_v3_pred_4": 3.337860107421875e-06,
    "predict_and_compile_model_2_multimer_v3_pred_4": 14.442474603652954,
    "relax_model_2_multimer_v3_pred_4": 16.911887884140015,
    "process_features_model_3_multimer_v3_pred_0": 3.5762786865234375e-06,
    "predict_and_compile_model_3_multimer_v3_pred_0": 129.62207984924316,
    "relax_model_3_multimer_v3_pred_0": 16.23569893836975,
    "process_features_model_3_multimer_v3_pred_1": 3.337860107421875e-06,
    "predict_and_compile_model_3_multimer_v3_pred_1": 14.176844596862793,
    "relax_model_3_multimer_v3_pred_1": 15.49712085723877,
    "process_features_model_3_multimer_v3_pred_2": 2.86102294921875e-06,
    "predict_and_compile_model_3_multimer_v3_pred_2": 14.18190860748291,
    "relax_model_3_multimer_v3_pred_2": 15.764883756637573,
    "process_features_model_3_multimer_v3_pred_3": 3.337860107421875e-06,
    "predict_and_compile_model_3_multimer_v3_pred_3": 14.16616415977478,
    "relax_model_3_multimer_v3_pred_3": 15.890906810760498,
    "process_features_model_3_multimer_v3_pred_4": 3.337860107421875e-06,
    "predict_and_compile_model_3_multimer_v3_pred_4": 14.177119255065918,
    "relax_model_3_multimer_v3_pred_4": 17.248472213745117,
    "process_features_model_4_multimer_v3_pred_0": 3.0994415283203125e-06,
    "predict_and_compile_model_4_multimer_v3_pred_0": 133.77479791641235,
    "relax_model_4_multimer_v3_pred_0": 16.23795199394226,
    "process_features_model_4_multimer_v3_pred_1": 3.337860107421875e-06,
    "predict_and_compile_model_4_multimer_v3_pred_1": 17.275916814804077,
    "relax_model_4_multimer_v3_pred_1": 15.947344541549683,
    "process_features_model_4_multimer_v3_pred_2": 2.86102294921875e-06,
    "predict_and_compile_model_4_multimer_v3_pred_2": 13.85526967048645,
    "relax_model_4_multimer_v3_pred_2": 16.54509997367859,
    "process_features_model_4_multimer_v3_pred_3": 2.6226043701171875e-06,
    "predict_and_compile_model_4_multimer_v3_pred_3": 13.885273218154907,
    "relax_model_4_multimer_v3_pred_3": 16.832000494003296,
    "process_features_model_4_multimer_v3_pred_4": 3.337860107421875e-06,
    "predict_and_compile_model_4_multimer_v3_pred_4": 17.266297578811646,
    "relax_model_4_multimer_v3_pred_4": 15.694077014923096,
    "process_features_model_5_multimer_v3_pred_0": 2.86102294921875e-06,
    "predict_and_compile_model_5_multimer_v3_pred_0": 130.78827834129333,
    "relax_model_5_multimer_v3_pred_0": 16.71603298187256,
    "process_features_model_5_multimer_v3_pred_1": 3.5762786865234375e-06,
    "predict_and_compile_model_5_multimer_v3_pred_1": 13.881566524505615,
    "relax_model_5_multimer_v3_pred_1": 16.246183395385742,
    "process_features_model_5_multimer_v3_pred_2": 3.0994415283203125e-06,
    "predict_and_compile_model_5_multimer_v3_pred_2": 14.27403211593628,
    "relax_model_5_multimer_v3_pred_2": 16.524184465408325,
    "process_features_model_5_multimer_v3_pred_3": 3.337860107421875e-06,
    "predict_and_compile_model_5_multimer_v3_pred_3": 14.288535118103027,
    "relax_model_5_multimer_v3_pred_3": 17.87162971496582,
    "process_features_model_5_multimer_v3_pred_4": 3.814697265625e-06,
    "predict_and_compile_model_5_multimer_v3_pred_4": 14.247539043426514,
    "relax_model_5_multimer_v3_pred_4": 15.336804628372192
}