seed,sample,ranking_score
1,0,0.6456162329385242
1,1,0.6406033201084894
1,2,0.6509723493953871
1,3,0.650303826139024
1,4,0.6395456299158796
