{
    "features": 0.031389474868774414,
    "process_features_model_1_multimer_v3_pred_0": 2.86102294921875e-06,
    "predict_and_compile_model_1_multimer_v3_pred_0": 439.4484968185425,
    "predict_benchmark_model_1_multimer_v3_pred_0": 359.52210807800293,
    "process_features_model_2_multimer_v3_pred_0": 2.288818359375e-05,
    "predict_and_compile_model_2_multimer_v3_pred_0": 439.3440215587616,
    "predict_benchmark_model_2_multimer_v3_pred_0": 359.9606742858887,
    "process_features_model_3_multimer_v3_pred_0": 0.0006945133209228516,
    "predict_and_compile_model_3_multimer_v3_pred_0": 442.140340089798,
    "predict_benchmark_model_3_multimer_v3_pred_0": 360.95552015304565,
    "process_features_model_4_multimer_v3_pred_0": 3.218650817871094e-05,
    "predict_and_compile_model_4_multimer_v3_pred_0": 434.3988275527954,
    "predict_benchmark_model_4_multimer_v3_pred_0": 352.32554173469543,
    "process_features_model_5_multimer_v3_pred_0": 1.239776611328125e-05,
    "predict_and_compile_model_5_multimer_v3_pred_0": 429.2823646068573,
    "predict_benchmark_model_5_multimer_v3_pred_0": 351.50771737098694
}