seed,sample,ranking_score
1,0,0.7375592105590254
1,1,0.74123364877778
1,2,0.7166442400432947
1,3,0.7266435535550434
1,4,0.7226467636291374
