seed,sample,ranking_score
1,0,0.5095783049784073
1,1,0.5093800978626593
1,2,0.492855708320881
1,3,0.4880152605115854
1,4,0.4959099984662738
