seed,sample,ranking_score
1,0,0.6424915910059533
1,1,0.6504778156881419
1,2,0.6243166250338166
1,3,0.5972897724843312
1,4,0.6158893897339656
