{
    "features": 0.021369218826293945,
    "process_features_model_1_multimer_v3_pred_0": 2.6226043701171875e-06,
    "predict_and_compile_model_1_multimer_v3_pred_0": 133.5402603149414,
    "predict_benchmark_model_1_multimer_v3_pred_0": 52.74832224845886,
    "process_features_model_2_multimer_v3_pred_0": 3.933906555175781e-05,
    "predict_and_compile_model_2_multimer_v3_pred_0": 161.19830322265625,
    "predict_benchmark_model_2_multimer_v3_pred_0": 82.78176259994507,
    "process_features_model_3_multimer_v3_pred_0": 2.4318695068359375e-05,
    "predict_and_compile_model_3_multimer_v3_pred_0": 238.24260139465332,
    "predict_benchmark_model_3_multimer_v3_pred_0": 157.48910331726074,
    "process_features_model_4_multimer_v3_pred_0": 1.0728836059570312e-05,
    "predict_and_compile_model_4_multimer_v3_pred_0": 146.0540964603424,
    "predict_benchmark_model_4_multimer_v3_pred_0": 65.51014733314514,
    "process_features_model_5_multimer_v3_pred_0": 9.5367431640625e-06,
    "predict_and_compile_model_5_multimer_v3_pred_0": 231.91943311691284,
    "predict_benchmark_model_5_multimer_v3_pred_0": 152.45605969429016
}