seed,sample,ranking_score
1,0,0.508319843678169
1,1,0.5225374650076471
1,2,0.5135430333370883
1,3,0.48314289516038056
1,4,0.5546441821365753
