seed,sample,ranking_score
1,0,1.0239908238641366
1,1,1.0255059701076463
1,2,1.0197804966392963
1,3,1.024425632055228
1,4,1.0222901124458277
