seed,sample,ranking_score
1,0,0.8902295292510216
1,1,0.8891838739228703
1,2,0.8845265585720364
1,3,0.8934174670861564
1,4,0.893449299121277
