seed,sample,ranking_score
2,0,0.8712238503759807
2,1,0.870407471733777
2,2,0.8712010415986119
2,3,0.8670646369935873
2,4,0.8662366417710254
