seed,sample,ranking_score
1,0,0.7158324686423553
1,1,0.7111063478182205
1,2,0.727591229205661
1,3,0.7356410688993763
1,4,0.747140204228232
