seed,sample,ranking_score
1,0,0.7449126598571992
1,1,0.752451197662608
1,2,0.7595644588288428
1,3,0.6274548564552744
1,4,0.7416940753306658
