seed,sample,ranking_score
1,0,0.4233754083226535
1,1,0.4074311533983226
1,2,0.40261565175722475
1,3,0.4135849991647666
1,4,0.40252468618784476
