seed,sample,ranking_score
4,0,0.5330595408336604
4,1,0.5316883266265237
4,2,0.5327958512904531
4,3,0.5329896251779038
4,4,0.5495137459583214
