seed,sample,ranking_score
1,0,0.44963255659243184
1,1,0.4728368003019578
1,2,0.47565977375834845
1,3,0.47067268478438956
1,4,0.4731866789707138
