seed,sample,ranking_score
1,0,0.6243197703425032
1,1,0.6386103541252826
1,2,0.6432632267757551
1,3,0.6390880678419851
1,4,0.625716726320954
