seed,sample,ranking_score
1,0,0.5825339082651866
1,1,0.5883727371646533
1,2,0.5864146553258316
1,3,0.6050080146741024
1,4,0.5970344647130762
