seed,sample,ranking_score
1,0,0.36250275106142055
1,1,0.6753731915300628
1,2,0.6936759279400336
1,3,0.6935221010469663
1,4,0.6779464412188853
