seed,sample,ranking_score
2,0,0.8815844825568632
2,1,0.8866077288502738
2,2,0.8940949402396433
2,3,0.8732215675178083
2,4,0.8948052433382553
