seed,sample,ranking_score
1,0,0.5541737454959474
1,1,0.5576237834871911
1,2,0.5880947272558883
1,3,0.5509535029798043
1,4,0.5532448063941572
