seed,sample,ranking_score
1,0,0.5724430345723537
1,1,0.7233771551539594
1,2,0.663210143668444
1,3,0.684649338820266
1,4,0.7333903723054861
