{
    "features": 0.13340401649475098,
    "process_features_model_1_multimer_v3_pred_0": 5.4836273193359375e-06,
    "predict_and_compile_model_1_multimer_v3_pred_0": 327.657333612442,
    "predict_benchmark_model_1_multimer_v3_pred_0": 178.80582761764526,
    "process_features_model_2_multimer_v3_pred_0": 5.0067901611328125e-06,
    "predict_and_compile_model_2_multimer_v3_pred_0": 420.6052978038788,
    "predict_benchmark_model_2_multimer_v3_pred_0": 278.10208797454834,
    "process_features_model_3_multimer_v3_pred_0": 2.09808349609375e-05,
    "predict_and_compile_model_3_multimer_v3_pred_0": 557.0670363903046,
    "predict_benchmark_model_3_multimer_v3_pred_0": 415.4463703632355,
    "process_features_model_4_multimer_v3_pred_0": 1.3828277587890625e-05,
    "predict_and_compile_model_4_multimer_v3_pred_0": 551.4744493961334,
    "predict_benchmark_model_4_multimer_v3_pred_0": 405.4033637046814,
    "process_features_model_5_multimer_v3_pred_0": 5.245208740234375e-06,
    "predict_and_compile_model_5_multimer_v3_pred_0": 551.1453268527985,
    "predict_benchmark_model_5_multimer_v3_pred_0": 405.5474123954773
}