seed,sample,ranking_score
1,0,0.40161646451482363
1,1,0.4249957461057296
1,2,0.5138317001821976
1,3,0.49448168638035184
1,4,0.4984140872624827
