seed,sample,ranking_score
1,0,0.40177116775267946
1,1,0.3736706105986256
1,2,0.3578409300197638
1,3,0.3407850797730039
1,4,0.3828982949331302
