{
    "features": 0.014685869216918945,
    "process_features_model_1_multimer_v3_pred_0": 2.6226043701171875e-06,
    "predict_and_compile_model_1_multimer_v3_pred_0": 211.37176871299744,
    "predict_benchmark_model_1_multimer_v3_pred_0": 124.43856549263,
    "process_features_model_2_multimer_v3_pred_0": 8.20159912109375e-05,
    "predict_and_compile_model_2_multimer_v3_pred_0": 121.20464158058167,
    "predict_benchmark_model_2_multimer_v3_pred_0": 35.67409110069275,
    "process_features_model_3_multimer_v3_pred_0": 2.4557113647460938e-05,
    "predict_and_compile_model_3_multimer_v3_pred_0": 126.05957841873169,
    "predict_benchmark_model_3_multimer_v3_pred_0": 41.60089707374573,
    "process_features_model_4_multimer_v3_pred_0": 3.24249267578125e-05,
    "predict_and_compile_model_4_multimer_v3_pred_0": 207.4798514842987,
    "predict_benchmark_model_4_multimer_v3_pred_0": 122.13614869117737,
    "process_features_model_5_multimer_v3_pred_0": 3.337860107421875e-05,
    "predict_and_compile_model_5_multimer_v3_pred_0": 207.49221420288086,
    "predict_benchmark_model_5_multimer_v3_pred_0": 122.32550930976868
}