seed,sample,ranking_score
1,0,0.571700894002724
1,1,0.5804102518242419
1,2,0.5777586081732937
1,3,0.5686278288487012
1,4,0.5813325505436212
