seed,sample,ranking_score
1,0,0.7188819204756365
1,1,0.7176001850803012
1,2,0.7103353699112066
1,3,0.6634314419949395
1,4,0.6908505714690477
