seed,sample,ranking_score
1,0,0.8622747262029923
1,1,0.8481637175800599
1,2,0.8715303838142993
1,3,0.8827325040701117
1,4,0.8339910811292829
