seed,sample,ranking_score
1,0,0.5746822954216961
1,1,0.5995429924148372
1,2,0.5736503699557272
1,3,0.5822524028202574
1,4,0.5664144506169577
