seed,sample,ranking_score
1,0,0.4726072842699006
1,1,0.46536772084737704
1,2,0.4890337382602601
1,3,0.49476150222757986
1,4,0.5260600401626476
