seed,sample,ranking_score
1,0,0.7682096364731312
1,1,0.7803752741425942
1,2,0.7863348209264607
1,3,0.779826085951801
1,4,0.7836124068704059
