{
    "features": 0.006018877029418945,
    "process_features_model_1_multimer_v3_pred_0": 4.291534423828125e-06,
    "predict_and_compile_model_1_multimer_v3_pred_0": 217.82159638404846,
    "relax_model_1_multimer_v3_pred_0": 40.13004660606384,
    "process_features_model_1_multimer_v3_pred_1": 2.6226043701171875e-06,
    "predict_and_compile_model_1_multimer_v3_pred_1": 130.11180591583252,
    "relax_model_1_multimer_v3_pred_1": 36.775718450546265,
    "process_features_model_1_multimer_v3_pred_2": 3.0994415283203125e-06,
    "predict_and_compile_model_1_multimer_v3_pred_2": 92.81360864639282,
    "relax_model_1_multimer_v3_pred_2": 37.43980407714844,
    "process_features_model_1_multimer_v3_pred_3": 3.337860107421875e-06,
    "predict_and_compile_model_1_multimer_v3_pred_3": 129.9385371208191,
    "relax_model_1_multimer_v3_pred_3": 38.663745403289795,
    "process_features_model_1_multimer_v3_pred_4": 2.86102294921875e-06,
    "predict_and_compile_model_1_multimer_v3_pred_4": 129.71783638000488,
    "relax_model_1_multimer_v3_pred_4": 30.297739505767822,
    "process_features_model_2_multimer_v3_pred_0": 3.337860107421875e-06,
    "predict_and_compile_model_2_multimer_v3_pred_0": 226.7498369216919,
    "relax_model_2_multimer_v3_pred_0": 36.56708812713623,
    "process_features_model_2_multimer_v3_pred_1": 3.814697265625e-06,
    "predict_and_compile_model_2_multimer_v3_pred_1": 130.4230842590332,
    "relax_model_2_multimer_v3_pred_1": 38.95358109474182,
    "process_features_model_2_multimer_v3_pred_2": 2.86102294921875e-06,
    "predict_and_compile_model_2_multimer_v3_pred_2": 93.02462911605835,
    "relax_model_2_multimer_v3_pred_2": 36.89651608467102,
    "process_features_model_2_multimer_v3_pred_3": 3.0994415283203125e-06,
    "predict_and_compile_model_2_multimer_v3_pred_3": 86.80360865592957,
    "relax_model_2_multimer_v3_pred_3": 36.50561785697937,
    "process_features_model_2_multimer_v3_pred_4": 2.6226043701171875e-06,
    "predict_and_compile_model_2_multimer_v3_pred_4": 80.65980529785156,
    "relax_model_2_multimer_v3_pred_4": 36.45798635482788,
    "process_features_model_3_multimer_v3_pred_0": 3.0994415283203125e-06,
    "predict_and_compile_model_3_multimer_v3_pred_0": 192.87312984466553,
    "relax_model_3_multimer_v3_pred_0": 36.05097150802612,
    "process_features_model_3_multimer_v3_pred_1": 3.0994415283203125e-06,
    "predict_and_compile_model_3_multimer_v3_pred_1": 87.3258273601532,
    "relax_model_3_multimer_v3_pred_1": 36.54226589202881,
    "process_features_model_3_multimer_v3_pred_2": 2.86102294921875e-06,
    "predict_and_compile_model_3_multimer_v3_pred_2": 62.21461248397827,
    "relax_model_3_multimer_v3_pred_2": 28.991272926330566,
    "process_features_model_3_multimer_v3_pred_3": 3.0994415283203125e-06,
    "predict_and_compile_model_3_multimer_v3_pred_3": 37.54636836051941,
    "relax_model_3_multimer_v3_pred_3": 35.86675047874451,
    "process_features_model_3_multimer_v3_pred_4": 3.337860107421875e-06,
    "predict_and_compile_model_3_multimer_v3_pred_4": 62.098586559295654,
    "relax_model_3_multimer_v3_pred_4": 35.69837713241577,
    "process_features_model_4_multimer_v3_pred_0": 3.0994415283203125e-06,
    "predict_and_compile_model_4_multimer_v3_pred_0": 248.21050882339478,
    "relax_model_4_multimer_v3_pred_0": 28.94583535194397,
    "process_features_model_4_multimer_v3_pred_1": 3.5762786865234375e-06,
    "predict_and_compile_model_4_multimer_v3_pred_1": 126.63536405563354,
    "relax_model_4_multimer_v3_pred_1": 36.12862181663513,
    "process_features_model_4_multimer_v3_pred_2": 2.86102294921875e-06,
    "predict_and_compile_model_4_multimer_v3_pred_2": 126.71873331069946,
    "relax_model_4_multimer_v3_pred_2": 38.251035928726196,
    "process_features_model_4_multimer_v3_pred_3": 2.86102294921875e-06,
    "predict_and_compile_model_4_multimer_v3_pred_3": 114.80315828323364,
    "relax_model_4_multimer_v3_pred_3": 28.688332080841064,
    "process_features_model_4_multimer_v3_pred_4": 3.337860107421875e-06,
    "predict_and_compile_model_4_multimer_v3_pred_4": 126.5755672454834,
    "relax_model_4_multimer_v3_pred_4": 29.424094915390015,
    "process_features_model_5_multimer_v3_pred_0": 2.86102294921875e-06,
    "predict_and_compile_model_5_multimer_v3_pred_0": 245.05876350402832,
    "relax_model_5_multimer_v3_pred_0": 20.67713689804077,
    "process_features_model_5_multimer_v3_pred_1": 2.86102294921875e-06,
    "predict_and_compile_model_5_multimer_v3_pred_1": 126.76841616630554,
    "relax_model_5_multimer_v3_pred_1": 21.396838188171387,
    "process_features_model_5_multimer_v3_pred_2": 3.5762786865234375e-06,
    "predict_and_compile_model_5_multimer_v3_pred_2": 126.65524554252625,
    "relax_model_5_multimer_v3_pred_2": 28.849857091903687,
    "process_features_model_5_multimer_v3_pred_3": 2.6226043701171875e-06,
    "predict_and_compile_model_5_multimer_v3_pred_3": 126.52725100517273,
    "relax_model_5_multimer_v3_pred_3": 36.44222974777222,
    "process_features_model_5_multimer_v3_pred_4": 3.0994415283203125e-06,
    "predict_and_compile_model_5_multimer_v3_pred_4": 126.65874338150024,
    "relax_model_5_multimer_v3_pred_4": 20.5307354927063
}