{
    "features": 0.16818904876708984,
    "process_features_model_1_multimer_v3_pred_0": 6.198883056640625e-06,
    "predict_and_compile_model_1_multimer_v3_pred_0": 617.240391254425,
    "predict_benchmark_model_1_multimer_v3_pred_0": 466.350928068161,
    "process_features_model_2_multimer_v3_pred_0": 5.0067901611328125e-06,
    "predict_and_compile_model_2_multimer_v3_pred_0": 657.0464878082275,
    "predict_benchmark_model_2_multimer_v3_pred_0": 514.2365963459015,
    "process_features_model_3_multimer_v3_pred_0": 5.7220458984375e-06,
    "predict_and_compile_model_3_multimer_v3_pred_0": 659.4733622074127,
    "predict_benchmark_model_3_multimer_v3_pred_0": 513.9522535800934,
    "process_features_model_4_multimer_v3_pred_0": 4.76837158203125e-06,
    "predict_and_compile_model_4_multimer_v3_pred_0": 654.9999175071716,
    "predict_benchmark_model_4_multimer_v3_pred_0": 501.3485803604126,
    "process_features_model_5_multimer_v3_pred_0": 5.4836273193359375e-06,
    "predict_and_compile_model_5_multimer_v3_pred_0": 643.445708990097,
    "predict_benchmark_model_5_multimer_v3_pred_0": 501.58721804618835
}