seed,sample,ranking_score
1,0,0.5900169902400427
1,1,0.6061157529592828
1,2,0.597068655144471
1,3,0.5947300934271813
1,4,0.611092418486305
