{
    "features": 0.008273839950561523,
    "process_features_model_1_multimer_v3_pred_0": 4.291534423828125e-06,
    "predict_and_compile_model_1_multimer_v3_pred_0": 243.10531640052795,
    "relax_model_1_multimer_v3_pred_0": 21.877622604370117,
    "process_features_model_1_multimer_v3_pred_1": 2.86102294921875e-06,
    "predict_and_compile_model_1_multimer_v3_pred_1": 66.72307181358337,
    "relax_model_1_multimer_v3_pred_1": 19.49760341644287,
    "process_features_model_1_multimer_v3_pred_2": 3.337860107421875e-06,
    "predict_and_compile_model_1_multimer_v3_pred_2": 78.55151128768921,
    "relax_model_1_multimer_v3_pred_2": 19.44160509109497,
    "process_features_model_1_multimer_v3_pred_3": 2.6226043701171875e-06,
    "predict_and_compile_model_1_multimer_v3_pred_3": 126.8501341342926,
    "relax_model_1_multimer_v3_pred_3": 19.256238222122192,
    "process_features_model_1_multimer_v3_pred_4": 2.86102294921875e-06,
    "predict_and_compile_model_1_multimer_v3_pred_4": 126.64205074310303,
    "relax_model_1_multimer_v3_pred_4": 20.730722665786743,
    "process_features_model_2_multimer_v3_pred_0": 2.86102294921875e-06,
    "predict_and_compile_model_2_multimer_v3_pred_0": 149.94815492630005,
    "relax_model_2_multimer_v3_pred_0": 19.728679656982422,
    "process_features_model_2_multimer_v3_pred_1": 2.86102294921875e-06,
    "predict_and_compile_model_2_multimer_v3_pred_1": 24.458058834075928,
    "relax_model_2_multimer_v3_pred_1": 19.28749990463257,
    "process_features_model_2_multimer_v3_pred_2": 3.5762786865234375e-06,
    "predict_and_compile_model_2_multimer_v3_pred_2": 30.407688856124878,
    "relax_model_2_multimer_v3_pred_2": 19.24061942100525,
    "process_features_model_2_multimer_v3_pred_3": 3.814697265625e-06,
    "predict_and_compile_model_2_multimer_v3_pred_3": 60.51144886016846,
    "relax_model_2_multimer_v3_pred_3": 19.299476861953735,
    "process_features_model_2_multimer_v3_pred_4": 4.5299530029296875e-06,
    "predict_and_compile_model_2_multimer_v3_pred_4": 30.49920392036438,
    "relax_model_2_multimer_v3_pred_4": 21.207587242126465,
    "process_features_model_3_multimer_v3_pred_0": 2.86102294921875e-06,
    "predict_and_compile_model_3_multimer_v3_pred_0": 151.92321300506592,
    "relax_model_3_multimer_v3_pred_0": 18.334736347198486,
    "process_features_model_3_multimer_v3_pred_1": 2.384185791015625e-06,
    "predict_and_compile_model_3_multimer_v3_pred_1": 42.46341133117676,
    "relax_model_3_multimer_v3_pred_1": 18.727022409439087,
    "process_features_model_3_multimer_v3_pred_2": 2.86102294921875e-06,
    "predict_and_compile_model_3_multimer_v3_pred_2": 36.53297400474548,
    "relax_model_3_multimer_v3_pred_2": 18.727779865264893,
    "process_features_model_3_multimer_v3_pred_3": 2.86102294921875e-06,
    "predict_and_compile_model_3_multimer_v3_pred_3": 30.487706422805786,
    "relax_model_3_multimer_v3_pred_3": 18.17064642906189,
    "process_features_model_3_multimer_v3_pred_4": 2.6226043701171875e-06,
    "predict_and_compile_model_3_multimer_v3_pred_4": 42.5151047706604,
    "relax_model_3_multimer_v3_pred_4": 18.864259243011475,
    "process_features_model_4_multimer_v3_pred_0": 3.0994415283203125e-06,
    "predict_and_compile_model_4_multimer_v3_pred_0": 143.58559679985046,
    "relax_model_4_multimer_v3_pred_0": 18.80192494392395,
    "process_features_model_4_multimer_v3_pred_1": 3.337860107421875e-06,
    "predict_and_compile_model_4_multimer_v3_pred_1": 29.510406494140625,
    "relax_model_4_multimer_v3_pred_1": 18.553990840911865,
    "process_features_model_4_multimer_v3_pred_2": 3.337860107421875e-06,
    "predict_and_compile_model_4_multimer_v3_pred_2": 23.696584701538086,
    "relax_model_4_multimer_v3_pred_2": 18.694457292556763,
    "process_features_model_4_multimer_v3_pred_3": 3.5762786865234375e-06,
    "predict_and_compile_model_4_multimer_v3_pred_3": 29.44079041481018,
    "relax_model_4_multimer_v3_pred_3": 19.0662624835968,
    "process_features_model_4_multimer_v3_pred_4": 2.6226043701171875e-06,
    "predict_and_compile_model_4_multimer_v3_pred_4": 29.425208806991577,
    "relax_model_4_multimer_v3_pred_4": 18.76895499229431,
    "process_features_model_5_multimer_v3_pred_0": 4.0531158447265625e-06,
    "predict_and_compile_model_5_multimer_v3_pred_0": 146.77705478668213,
    "relax_model_5_multimer_v3_pred_0": 19.042975664138794,
    "process_features_model_5_multimer_v3_pred_1": 2.86102294921875e-06,
    "predict_and_compile_model_5_multimer_v3_pred_1": 29.507301568984985,
    "relax_model_5_multimer_v3_pred_1": 19.77185344696045,
    "process_features_model_5_multimer_v3_pred_2": 3.0994415283203125e-06,
    "predict_and_compile_model_5_multimer_v3_pred_2": 23.68199920654297,
    "relax_model_5_multimer_v3_pred_2": 18.638712882995605,
    "process_features_model_5_multimer_v3_pred_3": 3.0994415283203125e-06,
    "predict_and_compile_model_5_multimer_v3_pred_3": 35.19858145713806,
    "relax_model_5_multimer_v3_pred_3": 19.358144521713257,
    "process_features_model_5_multimer_v3_pred_4": 3.337860107421875e-06,
    "predict_and_compile_model_5_multimer_v3_pred_4": 29.489649534225464,
    "relax_model_5_multimer_v3_pred_4": 18.391111373901367
}