seed,sample,ranking_score
1,0,0.29579769988560844
1,1,0.4059751561965298
1,2,0.45310474648684496
1,3,0.4472598216615071
1,4,0.42274110186386626
