seed,sample,ranking_score
5,0,0.8758027530128948
5,1,0.8669387321487899
5,2,0.88207370522158
5,3,0.8712132086209775
5,4,0.8654277788759163
