seed,sample,ranking_score
4,0,0.5906081341016873
4,1,0.5918196860651139
4,2,0.5859558249711165
4,3,0.5837375075560787
4,4,0.5797926362729154
