seed,sample,ranking_score
4,0,0.6155186094298059
4,1,0.612825718868811
4,2,0.6141386703734473
4,3,0.6415435495222614
4,4,0.5722035794787665
