seed,sample,ranking_score
1,0,0.6050053568082806
1,1,0.5959704115526211
1,2,0.6054483670178336
1,3,0.5592862629132145
1,4,0.5468773653266716
