seed,sample,ranking_score
2,0,0.8947600341449746
2,1,0.8879413485446629
2,2,0.8900891504797317
2,3,0.8931552698292886
2,4,0.9035266370748082
