seed,sample,ranking_score
1,0,0.6436128359814632
1,1,0.6549995732811341
1,2,0.6547100917849499
1,3,0.6568316191469095
1,4,0.6611587203661373
