seed,sample,ranking_score
1,0,0.9498482467419103
1,1,0.9434428117741878
1,2,0.9587937522527932
1,3,0.9578525695126715
1,4,0.9578467873367239
