seed,sample,ranking_score
1,0,0.31320109270939567
1,1,0.31977546661906503
1,2,0.3804837208705365
1,3,0.3723130416329956
1,4,0.2925789272858894
