seed,sample,ranking_score
1,0,0.5562619188041525
1,1,0.5722421674116321
1,2,0.5465484430553263
1,3,0.5292001060632767
1,4,0.5857557027707996
