seed,sample,ranking_score
1,0,0.5891994307271127
1,1,0.6654165852376053
1,2,0.6572204022477024
1,3,0.6008232111341415
1,4,0.5937988297881676
