seed,sample,ranking_score
1,0,0.6556652349316011
1,1,0.6412576394326189
1,2,0.6488963047639512
1,3,0.641970656001707
1,4,0.6383257796238295
