seed,sample,ranking_score
1,0,0.6327056154173978
1,1,0.6587350085063018
1,2,0.6188061327472439
1,3,0.636562907259223
1,4,0.51035929443435
