{
    "features": 0.18380475044250488,
    "process_features_model_1_multimer_v3_pred_0": 3.0994415283203125e-06,
    "predict_and_compile_model_1_multimer_v3_pred_0": 101.11538863182068,
    "predict_benchmark_model_1_multimer_v3_pred_0": 23.511908054351807,
    "process_features_model_2_multimer_v3_pred_0": 1.9073486328125e-05,
    "predict_and_compile_model_2_multimer_v3_pred_0": 105.43691968917847,
    "predict_benchmark_model_2_multimer_v3_pred_0": 23.42929482460022,
    "process_features_model_3_multimer_v3_pred_0": 7.3909759521484375e-06,
    "predict_and_compile_model_3_multimer_v3_pred_0": 101.93381142616272,
    "predict_benchmark_model_3_multimer_v3_pred_0": 23.43760895729065,
    "process_features_model_4_multimer_v3_pred_0": 6.9141387939453125e-06,
    "predict_and_compile_model_4_multimer_v3_pred_0": 109.35401129722595,
    "predict_benchmark_model_4_multimer_v3_pred_0": 27.73753523826599,
    "process_features_model_5_multimer_v3_pred_0": 3.647804260253906e-05,
    "predict_and_compile_model_5_multimer_v3_pred_0": 114.18361043930054,
    "predict_benchmark_model_5_multimer_v3_pred_0": 32.23290419578552
}