seed,sample,ranking_score
5,0,0.706549866837283
5,1,0.7085170767680495
5,2,0.7074000040189009
5,3,0.7042949049888353
5,4,0.7141760781587895
