{
    "features": 0.1645948886871338,
    "process_features_model_1_multimer_v3_pred_0": 5.4836273193359375e-06,
    "predict_and_compile_model_1_multimer_v3_pred_0": 393.22252440452576,
    "predict_benchmark_model_1_multimer_v3_pred_0": 280.21518421173096,
    "process_features_model_2_multimer_v3_pred_0": 4.0531158447265625e-06,
    "predict_and_compile_model_2_multimer_v3_pred_0": 387.6847496032715,
    "predict_benchmark_model_2_multimer_v3_pred_0": 279.6776089668274,
    "process_features_model_3_multimer_v3_pred_0": 3.814697265625e-06,
    "predict_and_compile_model_3_multimer_v3_pred_0": 387.508996963501,
    "predict_benchmark_model_3_multimer_v3_pred_0": 280.51249742507935,
    "process_features_model_4_multimer_v3_pred_0": 4.5299530029296875e-06,
    "predict_and_compile_model_4_multimer_v3_pred_0": 384.105251789093,
    "predict_benchmark_model_4_multimer_v3_pred_0": 274.0167942047119,
    "process_features_model_5_multimer_v3_pred_0": 4.291534423828125e-06,
    "predict_and_compile_model_5_multimer_v3_pred_0": 376.8501899242401,
    "predict_benchmark_model_5_multimer_v3_pred_0": 274.237943649292
}