seed,sample,ranking_score
1,0,0.5365213079131546
1,1,0.5621667585850145
1,2,0.5262244532908381
1,3,0.5366138867446666
1,4,0.5499597654670664
