seed,sample,ranking_score
3,0,0.827092325354751
3,1,0.8272540591722993
3,2,0.8182646453998732
3,3,0.8240627424524404
3,4,0.8233444468290362
