seed,sample,ranking_score
1,0,0.46252123551233204
1,1,0.47225147576313475
1,2,0.4830774544955792
1,3,0.4443777311247682
1,4,0.48310212129347885
