seed,sample,ranking_score
5,0,0.8680610749916746
5,1,0.8707047837935453
5,2,0.8649590917639726
5,3,0.8655963601705396
5,4,0.8625855897909984
