seed,sample,ranking_score
1,0,0.4633283483385988
1,1,0.4789740355658497
1,2,0.45365760470091887
1,3,0.48612227820347664
1,4,0.48017976362798537
