seed,sample,ranking_score
1,0,0.6124238654727031
1,1,0.6333365616834733
1,2,0.6141653724959498
1,3,0.6688245282144477
1,4,0.6422276914804551
