{
    "features": 0.018933773040771484,
    "process_features_model_1_multimer_v3_pred_0": 2.86102294921875e-06,
    "predict_and_compile_model_1_multimer_v3_pred_0": 246.78418231010437,
    "predict_benchmark_model_1_multimer_v3_pred_0": 164.2965805530548,
    "process_features_model_2_multimer_v3_pred_0": 8.106231689453125e-06,
    "predict_and_compile_model_2_multimer_v3_pred_0": 194.7843005657196,
    "predict_benchmark_model_2_multimer_v3_pred_0": 109.1224250793457,
    "process_features_model_3_multimer_v3_pred_0": 1.8835067749023438e-05,
    "predict_and_compile_model_3_multimer_v3_pred_0": 220.0026159286499,
    "predict_benchmark_model_3_multimer_v3_pred_0": 132.79817056655884,
    "process_features_model_4_multimer_v3_pred_0": 2.6702880859375e-05,
    "predict_and_compile_model_4_multimer_v3_pred_0": 246.44293761253357,
    "predict_benchmark_model_4_multimer_v3_pred_0": 159.1915307044983,
    "process_features_model_5_multimer_v3_pred_0": 1.33514404296875e-05,
    "predict_and_compile_model_5_multimer_v3_pred_0": 171.22879099845886,
    "predict_benchmark_model_5_multimer_v3_pred_0": 83.27459931373596
}