seed,sample,ranking_score
1,0,0.40010631944171626
1,1,0.39285593555812537
1,2,0.4031378402087535
1,3,0.3817294409246451
1,4,0.40758815590079694
