seed,sample,ranking_score
1,0,0.7051734883139953
1,1,0.7008692783431549
1,2,0.6776982575690305
1,3,0.6990101514364155
1,4,0.696360249057266
