{
    "features": 0.015418052673339844,
    "process_features_model_1_multimer_v3_pred_0": 3.814697265625e-06,
    "predict_and_compile_model_1_multimer_v3_pred_0": 123.12094259262085,
    "predict_benchmark_model_1_multimer_v3_pred_0": 41.503355264663696,
    "process_features_model_2_multimer_v3_pred_0": 1.9550323486328125e-05,
    "predict_and_compile_model_2_multimer_v3_pred_0": 175.68198466300964,
    "predict_benchmark_model_2_multimer_v3_pred_0": 93.2266936302185,
    "process_features_model_3_multimer_v3_pred_0": 2.8133392333984375e-05,
    "predict_and_compile_model_3_multimer_v3_pred_0": 156.35286784172058,
    "predict_benchmark_model_3_multimer_v3_pred_0": 72.86237215995789,
    "process_features_model_4_multimer_v3_pred_0": 2.4557113647460938e-05,
    "predict_and_compile_model_4_multimer_v3_pred_0": 136.1016981601715,
    "predict_benchmark_model_4_multimer_v3_pred_0": 45.823115825653076,
    "process_features_model_5_multimer_v3_pred_0": 1.1920928955078125e-05,
    "predict_and_compile_model_5_multimer_v3_pred_0": 151.8535225391388,
    "predict_benchmark_model_5_multimer_v3_pred_0": 66.36657452583313
}