seed,sample,ranking_score
1,0,0.7898002072282605
1,1,0.8000126607372042
1,2,0.8001728963835812
1,3,0.7929254613096021
1,4,0.7980245873023176
