{
    "features": 0.034383296966552734,
    "process_features_model_1_multimer_v3_pred_0": 4.5299530029296875e-06,
    "predict_and_compile_model_1_multimer_v3_pred_0": 111.89786958694458,
    "predict_benchmark_model_1_multimer_v3_pred_0": 35.070730447769165,
    "process_features_model_2_multimer_v3_pred_0": 2.574920654296875e-05,
    "predict_and_compile_model_2_multimer_v3_pred_0": 107.4760582447052,
    "predict_benchmark_model_2_multimer_v3_pred_0": 29.275234699249268,
    "process_features_model_3_multimer_v3_pred_0": 1.0967254638671875e-05,
    "predict_and_compile_model_3_multimer_v3_pred_0": 104.1247820854187,
    "predict_benchmark_model_3_multimer_v3_pred_0": 23.46478772163391,
    "process_features_model_4_multimer_v3_pred_0": 1.239776611328125e-05,
    "predict_and_compile_model_4_multimer_v3_pred_0": 118.92586541175842,
    "predict_benchmark_model_4_multimer_v3_pred_0": 39.36131310462952,
    "process_features_model_5_multimer_v3_pred_0": 6.4373016357421875e-06,
    "predict_and_compile_model_5_multimer_v3_pred_0": 120.18630647659302,
    "predict_benchmark_model_5_multimer_v3_pred_0": 39.46292281150818
}