seed,sample,ranking_score
1,0,0.6692725955401253
1,1,0.7418811202296572
1,2,0.7547462451579595
1,3,0.706765776882637
1,4,0.7496677241892109
