seed,sample,ranking_score
3,0,0.5188997461911599
3,1,0.5097979804942252
3,2,0.5751369603538189
3,3,0.5261708789913913
3,4,0.5237737393658788
