seed,sample,ranking_score
1,0,0.51491680422633
1,1,0.5667596521456092
1,2,0.5652935374460591
1,3,0.5561481653964476
1,4,0.4842191627991125
