seed,sample,ranking_score
1,0,0.5434362411317978
1,1,0.5371911849673446
1,2,0.5403351722917653
1,3,0.3538835286692118
1,4,0.5384488321744807
