seed,sample,ranking_score
1,0,0.7878268581075387
1,1,0.7678267742324019
1,2,0.7796538245393686
1,3,0.776598933933015
1,4,0.7875195091739402
