seed,sample,ranking_score
1,0,0.29877155975253555
1,1,0.29943734888140194
1,2,0.2944867725621712
1,3,0.28802941339843136
1,4,0.3116016293327335
