seed,sample,ranking_score
1,0,0.7287155275957831
1,1,0.7232919980584227
1,2,0.7260995576124396
1,3,0.7045475713845178
1,4,0.7194583514139818
