seed,sample,ranking_score
1,0,0.8974172259606941
1,1,0.8999710252229018
1,2,0.8951255461628371
1,3,0.896646834631281
1,4,0.9104777597374699
