seed,sample,ranking_score
1,0,0.9325135458190729
1,1,0.9387422409549327
1,2,0.9400714153309712
1,3,0.9313567543416085
1,4,0.9318605698243252
