seed,sample,ranking_score
4,0,0.9186164142121989
4,1,0.9122906615560327
4,2,0.9219747987662077
4,3,0.9284919114451624
4,4,0.9232226274793345
