seed,sample,ranking_score
1,0,0.889221924129838
1,1,0.8868909640237377
1,2,0.9067880547660965
1,3,0.8552571331907283
1,4,0.8768089902075049
