seed,sample,ranking_score
1,0,0.31520145051679077
1,1,0.31825946018654105
1,2,0.33275373470354275
1,3,0.34376958967152416
1,4,0.31971000922521664
