seed,sample,ranking_score
1,0,0.9894388569619023
1,1,0.9975617925619278
1,2,0.9845905712762627
1,3,0.9757630413618571
1,4,0.9843975605539369
