{
    "features": 0.40842723846435547,
    "process_features_model_1_multimer_v3_pred_0": 5.0067901611328125e-06,
    "predict_and_compile_model_1_multimer_v3_pred_0": 507.55898094177246,
    "predict_benchmark_model_1_multimer_v3_pred_0": 386.84303092956543,
    "process_features_model_2_multimer_v3_pred_0": 3.5762786865234375e-06,
    "predict_and_compile_model_2_multimer_v3_pred_0": 500.73242259025574,
    "predict_benchmark_model_2_multimer_v3_pred_0": 386.30417490005493,
    "process_features_model_3_multimer_v3_pred_0": 4.5299530029296875e-06,
    "predict_and_compile_model_3_multimer_v3_pred_0": 502.8742835521698,
    "predict_benchmark_model_3_multimer_v3_pred_0": 386.29689621925354,
    "process_features_model_4_multimer_v3_pred_0": 4.0531158447265625e-06,
    "predict_and_compile_model_4_multimer_v3_pred_0": 497.24498748779297,
    "predict_benchmark_model_4_multimer_v3_pred_0": 376.43736577033997,
    "process_features_model_5_multimer_v3_pred_0": 4.291534423828125e-06,
    "predict_and_compile_model_5_multimer_v3_pred_0": 493.6468768119812,
    "predict_benchmark_model_5_multimer_v3_pred_0": 376.7706060409546
}