seed,sample,ranking_score
1,0,0.41639958092613616
1,1,0.4055954743242478
1,2,0.37768242472654157
1,3,0.3885852262599736
1,4,0.3996323118558215
