seed,sample,ranking_score
1,0,0.5383742000935458
1,1,0.5536532976096695
1,2,0.5571906814055594
1,3,0.5828176868145349
1,4,0.5200813779398976
