{
    "features": 0.1408848762512207,
    "process_features_model_1_multimer_v3_pred_0": 5.0067901611328125e-06,
    "predict_and_compile_model_1_multimer_v3_pred_0": 271.1558656692505,
    "predict_benchmark_model_1_multimer_v3_pred_0": 153.82152390480042,
    "process_features_model_2_multimer_v3_pred_0": 3.814697265625e-06,
    "predict_and_compile_model_2_multimer_v3_pred_0": 165.33572626113892,
    "predict_benchmark_model_2_multimer_v3_pred_0": 51.579286098480225,
    "process_features_model_3_multimer_v3_pred_0": 4.291534423828125e-06,
    "predict_and_compile_model_3_multimer_v3_pred_0": 269.63175225257874,
    "predict_benchmark_model_3_multimer_v3_pred_0": 153.8330409526825,
    "process_features_model_4_multimer_v3_pred_0": 5.9604644775390625e-06,
    "predict_and_compile_model_4_multimer_v3_pred_0": 276.8136146068573,
    "predict_benchmark_model_4_multimer_v3_pred_0": 149.15810132026672,
    "process_features_model_5_multimer_v3_pred_0": 3.5762786865234375e-06,
    "predict_and_compile_model_5_multimer_v3_pred_0": 215.15156245231628,
    "predict_benchmark_model_5_multimer_v3_pred_0": 92.27646231651306
}