seed,sample,ranking_score
1,0,0.47208309721861497
1,1,0.47189673689420814
1,2,0.49733584594369973
1,3,0.4809145988593363
1,4,0.47779362467184594
