{
    "features": 0.03499603271484375,
    "process_features_model_1_multimer_v3_pred_0": 5.0067901611328125e-06,
    "predict_and_compile_model_1_multimer_v3_pred_0": 267.3660614490509,
    "predict_benchmark_model_1_multimer_v3_pred_0": 188.01867985725403,
    "process_features_model_2_multimer_v3_pred_0": 2.002716064453125e-05,
    "predict_and_compile_model_2_multimer_v3_pred_0": 269.05100655555725,
    "predict_benchmark_model_2_multimer_v3_pred_0": 188.24924755096436,
    "process_features_model_3_multimer_v3_pred_0": 1.621246337890625e-05,
    "predict_and_compile_model_3_multimer_v3_pred_0": 270.7503852844238,
    "predict_benchmark_model_3_multimer_v3_pred_0": 187.7579596042633,
    "process_features_model_4_multimer_v3_pred_0": 2.5272369384765625e-05,
    "predict_and_compile_model_4_multimer_v3_pred_0": 265.1011905670166,
    "predict_benchmark_model_4_multimer_v3_pred_0": 181.25384521484375,
    "process_features_model_5_multimer_v3_pred_0": 1.71661376953125e-05,
    "predict_and_compile_model_5_multimer_v3_pred_0": 266.957968711853,
    "predict_benchmark_model_5_multimer_v3_pred_0": 181.59072732925415
}