seed,sample,ranking_score
1,0,0.9097603106946769
1,1,0.9073811584459197
1,2,0.9098989368788446
1,3,0.9065355682696034
1,4,0.9215529057719954
