seed,sample,ranking_score
1,0,0.6185217263203656
1,1,0.6519049542140553
1,2,0.6554967853008141
1,3,0.6133813907385217
1,4,0.6301658541409951
