{
    "features": 0.20417428016662598,
    "process_features_model_1_multimer_v3_pred_0": 5.245208740234375e-06,
    "predict_and_compile_model_1_multimer_v3_pred_0": 334.0252323150635,
    "predict_benchmark_model_1_multimer_v3_pred_0": 216.01818943023682,
    "process_features_model_2_multimer_v3_pred_0": 4.0531158447265625e-06,
    "predict_and_compile_model_2_multimer_v3_pred_0": 329.4402883052826,
    "predict_benchmark_model_2_multimer_v3_pred_0": 215.58963632583618,
    "process_features_model_3_multimer_v3_pred_0": 4.0531158447265625e-06,
    "predict_and_compile_model_3_multimer_v3_pred_0": 331.8148159980774,
    "predict_benchmark_model_3_multimer_v3_pred_0": 215.60216355323792,
    "process_features_model_4_multimer_v3_pred_0": 4.291534423828125e-06,
    "predict_and_compile_model_4_multimer_v3_pred_0": 329.15375423431396,
    "predict_benchmark_model_4_multimer_v3_pred_0": 209.44715118408203,
    "process_features_model_5_multimer_v3_pred_0": 6.198883056640625e-06,
    "predict_and_compile_model_5_multimer_v3_pred_0": 325.8046245574951,
    "predict_benchmark_model_5_multimer_v3_pred_0": 209.77378964424133
}