{
    "features": 0.2010660171508789,
    "process_features_model_1_multimer_v3_pred_0": 5.245208740234375e-06,
    "predict_and_compile_model_1_multimer_v3_pred_0": 506.80235624313354,
    "predict_benchmark_model_1_multimer_v3_pred_0": 347.1341345310211,
    "process_features_model_2_multimer_v3_pred_0": 4.76837158203125e-06,
    "predict_and_compile_model_2_multimer_v3_pred_0": 448.80807304382324,
    "predict_benchmark_model_2_multimer_v3_pred_0": 294.91413021087646,
    "process_features_model_3_multimer_v3_pred_0": 2.8371810913085938e-05,
    "predict_and_compile_model_3_multimer_v3_pred_0": 519.633082151413,
    "predict_benchmark_model_3_multimer_v3_pred_0": 364.3998510837555,
    "process_features_model_4_multimer_v3_pred_0": 2.002716064453125e-05,
    "predict_and_compile_model_4_multimer_v3_pred_0": 375.89320826530457,
    "predict_benchmark_model_4_multimer_v3_pred_0": 220.02770566940308,
    "process_features_model_5_multimer_v3_pred_0": 5.4836273193359375e-06,
    "predict_and_compile_model_5_multimer_v3_pred_0": 510.6166355609894,
    "predict_benchmark_model_5_multimer_v3_pred_0": 356.0200855731964
}