seed,sample,ranking_score
1,0,0.8393850637914575
1,1,0.8353752850496969
1,2,0.8401480401460143
1,3,0.8341973636326975
1,4,0.8493637286812172
