seed,sample,ranking_score
1,0,0.5525384478732976
1,1,0.5798898916703422
1,2,0.5743260049619634
1,3,0.6039525147115351
1,4,0.5560845869891116
