seed,sample,ranking_score
1,0,0.6640761376177321
1,1,0.6733449200687718
1,2,0.6623603009149588
1,3,0.6488726358033534
1,4,0.6659832191709911
