seed,sample,ranking_score
1,0,0.4546346070581029
1,1,0.467669344563891
1,2,0.4734093590555718
1,3,0.4911675090180223
1,4,0.4616202831907563
