{
    "features": 0.05262112617492676,
    "process_features_model_1_multimer_v3_pred_0": 5.7220458984375e-06,
    "predict_and_compile_model_1_multimer_v3_pred_0": 213.89338421821594,
    "predict_benchmark_model_1_multimer_v3_pred_0": 135.66971397399902,
    "process_features_model_2_multimer_v3_pred_0": 2.0742416381835938e-05,
    "predict_and_compile_model_2_multimer_v3_pred_0": 243.74644088745117,
    "predict_benchmark_model_2_multimer_v3_pred_0": 166.9609410762787,
    "process_features_model_3_multimer_v3_pred_0": 1.9788742065429688e-05,
    "predict_and_compile_model_3_multimer_v3_pred_0": 245.26794171333313,
    "predict_benchmark_model_3_multimer_v3_pred_0": 167.7402470111847,
    "process_features_model_4_multimer_v3_pred_0": 1.4543533325195312e-05,
    "predict_and_compile_model_4_multimer_v3_pred_0": 242.77477478981018,
    "predict_benchmark_model_4_multimer_v3_pred_0": 161.97136068344116,
    "process_features_model_5_multimer_v3_pred_0": 3.0279159545898438e-05,
    "predict_and_compile_model_5_multimer_v3_pred_0": 243.7672073841095,
    "predict_benchmark_model_5_multimer_v3_pred_0": 161.93383812904358
}