seed,sample,ranking_score
2,0,0.7213750428115009
2,1,0.7180187837176287
2,2,0.7053782823468169
2,3,0.7176162248786242
2,4,0.7134672676927624
