{
    "features": 0.2201089859008789,
    "process_features_model_1_multimer_v3_pred_0": 4.5299530029296875e-06,
    "predict_and_compile_model_1_multimer_v3_pred_0": 469.9439561367035,
    "predict_benchmark_model_1_multimer_v3_pred_0": 349.7060043811798,
    "process_features_model_2_multimer_v3_pred_0": 4.0531158447265625e-06,
    "predict_and_compile_model_2_multimer_v3_pred_0": 463.3826894760132,
    "predict_benchmark_model_2_multimer_v3_pred_0": 349.72005677223206,
    "process_features_model_3_multimer_v3_pred_0": 4.291534423828125e-06,
    "predict_and_compile_model_3_multimer_v3_pred_0": 468.30758571624756,
    "predict_benchmark_model_3_multimer_v3_pred_0": 349.4122099876404,
    "process_features_model_4_multimer_v3_pred_0": 4.0531158447265625e-06,
    "predict_and_compile_model_4_multimer_v3_pred_0": 460.61071944236755,
    "predict_benchmark_model_4_multimer_v3_pred_0": 340.12930250167847,
    "process_features_model_5_multimer_v3_pred_0": 4.76837158203125e-06,
    "predict_and_compile_model_5_multimer_v3_pred_0": 456.5042815208435,
    "predict_benchmark_model_5_multimer_v3_pred_0": 340.5082314014435
}