seed,sample,ranking_score
1,0,0.7953251295369108
1,1,0.7943016446122039
1,2,0.7904099628300826
1,3,0.7829500301211597
1,4,0.8306263173296091
