seed,sample,ranking_score
1,0,0.633842725869321
1,1,0.4890600086244933
1,2,0.5127165070327432
1,3,0.6425411412848324
1,4,0.6400082330206467
