seed,sample,ranking_score
1,0,0.8281958089492683
1,1,0.8104307993689309
1,2,0.8131879666398167
1,3,0.8001200152425069
1,4,0.7896269515051182
