seed,sample,ranking_score
1,0,0.8532857162298002
1,1,0.9436889249496309
1,2,0.9080548918250576
1,3,0.9211584655283817
1,4,0.9261711969549776
