seed,sample,ranking_score
1,0,0.5487231937565882
1,1,0.5450176102978905
1,2,0.5404007614486986
1,3,0.5420172929696008
1,4,0.5394856580548164
