seed,sample,ranking_score
1,0,0.9534640705118047
1,1,0.9250827340845222
1,2,0.9390735971116215
1,3,0.9317820821301217
1,4,0.9360139697179284
