seed,sample,ranking_score
1,0,0.6466470524823549
1,1,0.6463127821995508
1,2,0.645010164453746
1,3,0.6381774790179258
1,4,0.6562596696038829
