{
    "features": 0.005446672439575195,
    "process_features_model_1_multimer_v3_pred_0": 4.0531158447265625e-06,
    "predict_and_compile_model_1_multimer_v3_pred_0": 176.31600689888,
    "relax_model_1_multimer_v3_pred_0": 20.279236316680908,
    "process_features_model_1_multimer_v3_pred_1": 2.384185791015625e-06,
    "predict_and_compile_model_1_multimer_v3_pred_1": 54.20644569396973,
    "relax_model_1_multimer_v3_pred_1": 18.48663306236267,
    "process_features_model_1_multimer_v3_pred_2": 2.86102294921875e-06,
    "predict_and_compile_model_1_multimer_v3_pred_2": 54.22898578643799,
    "relax_model_1_multimer_v3_pred_2": 18.215933322906494,
    "process_features_model_1_multimer_v3_pred_3": 3.337860107421875e-06,
    "predict_and_compile_model_1_multimer_v3_pred_3": 34.57629942893982,
    "relax_model_1_multimer_v3_pred_3": 18.428754329681396,
    "process_features_model_1_multimer_v3_pred_4": 2.86102294921875e-06,
    "predict_and_compile_model_1_multimer_v3_pred_4": 39.54139304161072,
    "relax_model_1_multimer_v3_pred_4": 52.02065324783325,
    "process_features_model_2_multimer_v3_pred_0": 2.6226043701171875e-06,
    "predict_and_compile_model_2_multimer_v3_pred_0": 144.12866640090942,
    "relax_model_2_multimer_v3_pred_0": 18.8584988117218,
    "process_features_model_2_multimer_v3_pred_1": 2.384185791015625e-06,
    "predict_and_compile_model_2_multimer_v3_pred_1": 78.50472116470337,
    "relax_model_2_multimer_v3_pred_1": 26.76258373260498,
    "process_features_model_2_multimer_v3_pred_2": 2.384185791015625e-06,
    "predict_and_compile_model_2_multimer_v3_pred_2": 29.679331064224243,
    "relax_model_2_multimer_v3_pred_2": 39.19189929962158,
    "process_features_model_2_multimer_v3_pred_3": 3.0994415283203125e-06,
    "predict_and_compile_model_2_multimer_v3_pred_3": 24.890785932540894,
    "relax_model_2_multimer_v3_pred_3": 18.746088981628418,
    "process_features_model_2_multimer_v3_pred_4": 2.6226043701171875e-06,
    "predict_and_compile_model_2_multimer_v3_pred_4": 39.48917889595032,
    "relax_model_2_multimer_v3_pred_4": 18.33643388748169,
    "process_features_model_3_multimer_v3_pred_0": 2.6226043701171875e-06,
    "predict_and_compile_model_3_multimer_v3_pred_0": 161.0866265296936,
    "relax_model_3_multimer_v3_pred_0": 17.58337926864624,
    "process_features_model_3_multimer_v3_pred_1": 2.6226043701171875e-06,
    "predict_and_compile_model_3_multimer_v3_pred_1": 34.62063384056091,
    "relax_model_3_multimer_v3_pred_1": 50.92674136161804,
    "process_features_model_3_multimer_v3_pred_2": 2.86102294921875e-06,
    "predict_and_compile_model_3_multimer_v3_pred_2": 29.74159264564514,
    "relax_model_3_multimer_v3_pred_2": 17.684442043304443,
    "process_features_model_3_multimer_v3_pred_3": 2.384185791015625e-06,
    "predict_and_compile_model_3_multimer_v3_pred_3": 24.86030077934265,
    "relax_model_3_multimer_v3_pred_3": 31.82720971107483,
    "process_features_model_3_multimer_v3_pred_4": 2.384185791015625e-06,
    "predict_and_compile_model_3_multimer_v3_pred_4": 24.867105960845947,
    "relax_model_3_multimer_v3_pred_4": 26.81569528579712,
    "process_features_model_4_multimer_v3_pred_0": 2.86102294921875e-06,
    "predict_and_compile_model_4_multimer_v3_pred_0": 158.38353443145752,
    "relax_model_4_multimer_v3_pred_0": 31.914524793624878,
    "process_features_model_4_multimer_v3_pred_1": 3.337860107421875e-06,
    "predict_and_compile_model_4_multimer_v3_pred_1": 43.38556480407715,
    "relax_model_4_multimer_v3_pred_1": 31.367457389831543,
    "process_features_model_4_multimer_v3_pred_2": 6.198883056640625e-06,
    "predict_and_compile_model_4_multimer_v3_pred_2": 29.06431555747986,
    "relax_model_4_multimer_v3_pred_2": 18.171369552612305,
    "process_features_model_4_multimer_v3_pred_3": 2.86102294921875e-06,
    "predict_and_compile_model_4_multimer_v3_pred_3": 24.301328659057617,
    "relax_model_4_multimer_v3_pred_3": 19.013042211532593,
    "process_features_model_4_multimer_v3_pred_4": 2.1457672119140625e-06,
    "predict_and_compile_model_4_multimer_v3_pred_4": 88.12522172927856,
    "relax_model_4_multimer_v3_pred_4": 48.56946110725403,
    "process_features_model_5_multimer_v3_pred_0": 4.76837158203125e-06,
    "predict_and_compile_model_5_multimer_v3_pred_0": 169.49280047416687,
    "relax_model_5_multimer_v3_pred_0": 17.8339741230011,
    "process_features_model_5_multimer_v3_pred_1": 2.6226043701171875e-06,
    "predict_and_compile_model_5_multimer_v3_pred_1": 29.065921783447266,
    "relax_model_5_multimer_v3_pred_1": 17.86604595184326,
    "process_features_model_5_multimer_v3_pred_2": 2.6226043701171875e-06,
    "predict_and_compile_model_5_multimer_v3_pred_2": 39.63362145423889,
    "relax_model_5_multimer_v3_pred_2": 18.049702644348145,
    "process_features_model_5_multimer_v3_pred_3": 2.86102294921875e-06,
    "predict_and_compile_model_5_multimer_v3_pred_3": 24.300251483917236,
    "relax_model_5_multimer_v3_pred_3": 17.672302722930908,
    "process_features_model_5_multimer_v3_pred_4": 3.0994415283203125e-06,
    "predict_and_compile_model_5_multimer_v3_pred_4": 33.82149028778076,
    "relax_model_5_multimer_v3_pred_4": 24.295236825942993
}