seed,sample,ranking_score
1,0,0.6608136909030068
1,1,0.6248168106026338
1,2,0.5893854348180723
1,3,0.615970724916228
1,4,0.6009643847737302
