{
    "features": 0.07788634300231934,
    "process_features_model_1_multimer_v3_pred_0": 2.86102294921875e-06,
    "predict_and_compile_model_1_multimer_v3_pred_0": 117.75626158714294,
    "predict_benchmark_model_1_multimer_v3_pred_0": 41.08311486244202,
    "process_features_model_2_multimer_v3_pred_0": 2.4318695068359375e-05,
    "predict_and_compile_model_2_multimer_v3_pred_0": 109.36825609207153,
    "predict_benchmark_model_2_multimer_v3_pred_0": 31.941561222076416,
    "process_features_model_3_multimer_v3_pred_0": 1.8835067749023438e-05,
    "predict_and_compile_model_3_multimer_v3_pred_0": 143.46851873397827,
    "predict_benchmark_model_3_multimer_v3_pred_0": 63.76854348182678,
    "process_features_model_4_multimer_v3_pred_0": 3.4809112548828125e-05,
    "predict_and_compile_model_4_multimer_v3_pred_0": 151.1560480594635,
    "predict_benchmark_model_4_multimer_v3_pred_0": 71.43614983558655,
    "process_features_model_5_multimer_v3_pred_0": 2.1219253540039062e-05,
    "predict_and_compile_model_5_multimer_v3_pred_0": 144.99639701843262,
    "predict_benchmark_model_5_multimer_v3_pred_0": 67.17551326751709
}