seed,sample,ranking_score
1,0,1.0038136518779617
1,1,1.002600179084311
1,2,1.0011186207170062
1,3,1.001911590357306
1,4,1.0108873467849575
