seed,sample,ranking_score
1,0,0.5912220268198418
1,1,0.6156928755835979
1,2,0.6150605628108237
1,3,0.5278246257867333
1,4,0.5850837764305454
