seed,sample,ranking_score
2,0,0.9923664273349083
2,1,0.9878261644411479
2,2,0.9868721899445487
2,3,0.9827991905243758
2,4,0.9942247469868521
