seed,sample,ranking_score
1,0,0.5663161322217805
1,1,0.5480026378484736
1,2,0.5246438949202324
1,3,0.541063746882744
1,4,0.5303835859981982
