seed,sample,ranking_score
1,0,0.9883986311716007
1,1,0.9844880553135023
1,2,0.9870176405634629
1,3,0.9754169871825504
1,4,0.9808737808595125
