seed,sample,ranking_score
1,0,0.32444288333507876
1,1,0.34780199441787363
1,2,0.29920001038455474
1,3,0.3173577889504182
1,4,0.33508403299853234
