seed,sample,ranking_score
2,0,0.9378376480196482
2,1,0.9377522961596619
2,2,0.9366884636881952
2,3,0.9406758423830445
2,4,0.9329428805506953
