seed,sample,ranking_score
2,0,0.8973291040486426
2,1,0.8810179822314789
2,2,0.8858892414566629
2,3,0.8941068569037185
2,4,0.8838400826511346
