seed,sample,ranking_score
1,0,0.5524647658136512
1,1,0.5361572369454204
1,2,0.562252882922912
1,3,0.5007368762197644
1,4,0.5135510779129083
