seed,sample,ranking_score
1,0,0.43546012824356944
1,1,0.4381994235900259
1,2,0.4422848628686407
1,3,0.44443040775134196
1,4,0.4297183337056878
