seed,sample,ranking_score
1,0,0.478064402031812
1,1,0.4500454781508961
1,2,0.47228546543608163
1,3,0.5082385209434335
1,4,0.47732013108180393
