seed,sample,ranking_score
1,0,0.6849578695418803
1,1,0.6772512805594855
1,2,0.6764805804898483
1,3,0.6861326922600277
1,4,0.678782086356728
