seed,sample,ranking_score
1,0,0.9855250373723623
1,1,0.981269063339376
1,2,0.9886658468477365
1,3,0.9815657185760328
1,4,0.9755755055150387
