seed,sample,ranking_score
1,0,0.61220157005389
1,1,0.5809382039811969
1,2,0.5866725943479769
1,3,0.5795419097891985
1,4,0.6073775927605183
