seed,sample,ranking_score
1,0,0.3959035236004909
1,1,0.3985299728727325
1,2,0.4046203295196922
1,3,0.3895114005792684
1,4,0.3881355481341742
