seed,sample,ranking_score
1,0,0.3932335870428454
1,1,0.3639796120822143
1,2,0.3801022672967996
1,3,0.2924404560569244
1,4,0.38186045610768027
