seed,sample,ranking_score
1,0,0.4304632179642455
1,1,0.44099464427492674
1,2,0.4325449156808071
1,3,0.4343003774409109
1,4,0.45064323206603835
