seed,sample,ranking_score
1,0,0.8544932518918056
1,1,0.8737812750204353
1,2,0.8441469791149676
1,3,0.8528747085639016
1,4,0.8530112567269281
