seed,sample,ranking_score
5,0,0.655738852295726
5,1,0.6653326647225541
5,2,0.6690697133975717
5,3,0.6744016546234415
5,4,0.650305353675887
