seed,sample,ranking_score
1,0,0.8006736008714883
1,1,0.7683628100461426
1,2,0.7773191334783766
1,3,0.7478854384464404
1,4,0.7473222774737619
