{
    "features": 0.007133007049560547,
    "process_features_model_1_multimer_v3_pred_0": 4.291534423828125e-06,
    "predict_and_compile_model_1_multimer_v3_pred_0": 244.0726592540741,
    "relax_model_1_multimer_v3_pred_0": 28.441314697265625,
    "process_features_model_1_multimer_v3_pred_1": 2.6226043701171875e-06,
    "predict_and_compile_model_1_multimer_v3_pred_1": 124.66002631187439,
    "relax_model_1_multimer_v3_pred_1": 33.204286336898804,
    "process_features_model_1_multimer_v3_pred_2": 3.814697265625e-06,
    "predict_and_compile_model_1_multimer_v3_pred_2": 125.23054075241089,
    "relax_model_1_multimer_v3_pred_2": 18.44586730003357,
    "process_features_model_1_multimer_v3_pred_3": 3.0994415283203125e-06,
    "predict_and_compile_model_1_multimer_v3_pred_3": 124.78517532348633,
    "relax_model_1_multimer_v3_pred_3": 32.37853670120239,
    "process_features_model_1_multimer_v3_pred_4": 3.0994415283203125e-06,
    "predict_and_compile_model_1_multimer_v3_pred_4": 124.92571663856506,
    "relax_model_1_multimer_v3_pred_4": 32.902257204055786,
    "process_features_model_2_multimer_v3_pred_0": 2.6226043701171875e-06,
    "predict_and_compile_model_2_multimer_v3_pred_0": 241.2787823677063,
    "relax_model_2_multimer_v3_pred_0": 18.461629629135132,
    "process_features_model_2_multimer_v3_pred_1": 3.5762786865234375e-06,
    "predict_and_compile_model_2_multimer_v3_pred_1": 124.87108087539673,
    "relax_model_2_multimer_v3_pred_1": 31.683100938796997,
    "process_features_model_2_multimer_v3_pred_2": 3.0994415283203125e-06,
    "predict_and_compile_model_2_multimer_v3_pred_2": 101.56642699241638,
    "relax_model_2_multimer_v3_pred_2": 19.444440603256226,
    "process_features_model_2_multimer_v3_pred_3": 3.0994415283203125e-06,
    "predict_and_compile_model_2_multimer_v3_pred_3": 89.36284065246582,
    "relax_model_2_multimer_v3_pred_3": 32.53250789642334,
    "process_features_model_2_multimer_v3_pred_4": 2.86102294921875e-06,
    "predict_and_compile_model_2_multimer_v3_pred_4": 77.52904486656189,
    "relax_model_2_multimer_v3_pred_4": 18.04301953315735,
    "process_features_model_3_multimer_v3_pred_0": 3.0994415283203125e-06,
    "predict_and_compile_model_3_multimer_v3_pred_0": 213.32534956932068,
    "relax_model_3_multimer_v3_pred_0": 32.57305073738098,
    "process_features_model_3_multimer_v3_pred_1": 2.86102294921875e-06,
    "predict_and_compile_model_3_multimer_v3_pred_1": 124.80142545700073,
    "relax_model_3_multimer_v3_pred_1": 33.40886425971985,
    "process_features_model_3_multimer_v3_pred_2": 2.86102294921875e-06,
    "predict_and_compile_model_3_multimer_v3_pred_2": 125.11198830604553,
    "relax_model_3_multimer_v3_pred_2": 32.72378206253052,
    "process_features_model_3_multimer_v3_pred_3": 2.6226043701171875e-06,
    "predict_and_compile_model_3_multimer_v3_pred_3": 125.01848554611206,
    "relax_model_3_multimer_v3_pred_3": 33.75811529159546,
    "process_features_model_3_multimer_v3_pred_4": 2.86102294921875e-06,
    "predict_and_compile_model_3_multimer_v3_pred_4": 125.01699805259705,
    "relax_model_3_multimer_v3_pred_4": 32.88573408126831,
    "process_features_model_4_multimer_v3_pred_0": 3.0994415283203125e-06,
    "predict_and_compile_model_4_multimer_v3_pred_0": 242.7936463356018,
    "relax_model_4_multimer_v3_pred_0": 25.103282690048218,
    "process_features_model_4_multimer_v3_pred_1": 2.86102294921875e-06,
    "predict_and_compile_model_4_multimer_v3_pred_1": 122.30303263664246,
    "relax_model_4_multimer_v3_pred_1": 25.26927638053894,
    "process_features_model_4_multimer_v3_pred_2": 3.5762786865234375e-06,
    "predict_and_compile_model_4_multimer_v3_pred_2": 122.03232598304749,
    "relax_model_4_multimer_v3_pred_2": 27.578442335128784,
    "process_features_model_4_multimer_v3_pred_3": 2.6226043701171875e-06,
    "predict_and_compile_model_4_multimer_v3_pred_3": 122.29314804077148,
    "relax_model_4_multimer_v3_pred_3": 32.56304216384888,
    "process_features_model_4_multimer_v3_pred_4": 2.86102294921875e-06,
    "predict_and_compile_model_4_multimer_v3_pred_4": 122.34259939193726,
    "relax_model_4_multimer_v3_pred_4": 18.614265203475952,
    "process_features_model_5_multimer_v3_pred_0": 2.86102294921875e-06,
    "predict_and_compile_model_5_multimer_v3_pred_0": 240.53131866455078,
    "relax_model_5_multimer_v3_pred_0": 33.83074402809143,
    "process_features_model_5_multimer_v3_pred_1": 3.0994415283203125e-06,
    "predict_and_compile_model_5_multimer_v3_pred_1": 122.00799822807312,
    "relax_model_5_multimer_v3_pred_1": 33.418102979660034,
    "process_features_model_5_multimer_v3_pred_2": 2.86102294921875e-06,
    "predict_and_compile_model_5_multimer_v3_pred_2": 122.23646187782288,
    "relax_model_5_multimer_v3_pred_2": 26.239879369735718,
    "process_features_model_5_multimer_v3_pred_3": 3.0994415283203125e-06,
    "predict_and_compile_model_5_multimer_v3_pred_3": 122.30935788154602,
    "relax_model_5_multimer_v3_pred_3": 33.312045097351074,
    "process_features_model_5_multimer_v3_pred_4": 2.86102294921875e-06,
    "predict_and_compile_model_5_multimer_v3_pred_4": 121.89505195617676,
    "relax_model_5_multimer_v3_pred_4": 18.592875003814697
}