seed,sample,ranking_score
1,0,0.9668052887973579
1,1,0.9860641010296446
1,2,0.9762771823667419
1,3,0.9851408510839736
1,4,0.9823536225013714
