{
    "features": 0.013458013534545898,
    "process_features_model_1_multimer_v3_pred_0": 2.384185791015625e-06,
    "predict_and_compile_model_1_multimer_v3_pred_0": 199.69584584236145,
    "predict_benchmark_model_1_multimer_v3_pred_0": 121.01104688644409,
    "process_features_model_2_multimer_v3_pred_0": 1.3828277587890625e-05,
    "predict_and_compile_model_2_multimer_v3_pred_0": 196.90845942497253,
    "predict_benchmark_model_2_multimer_v3_pred_0": 121.51231527328491,
    "process_features_model_3_multimer_v3_pred_0": 1.621246337890625e-05,
    "predict_and_compile_model_3_multimer_v3_pred_0": 139.45373463630676,
    "predict_benchmark_model_3_multimer_v3_pred_0": 63.40873122215271,
    "process_features_model_4_multimer_v3_pred_0": 7.3909759521484375e-06,
    "predict_and_compile_model_4_multimer_v3_pred_0": 197.453626871109,
    "predict_benchmark_model_4_multimer_v3_pred_0": 118.96422362327576,
    "process_features_model_5_multimer_v3_pred_0": 6.4373016357421875e-06,
    "predict_and_compile_model_5_multimer_v3_pred_0": 197.82802295684814,
    "predict_benchmark_model_5_multimer_v3_pred_0": 118.99691700935364
}