{
    "features": 0.04344487190246582,
    "process_features_model_1_multimer_v3_pred_0": 3.5762786865234375e-06,
    "predict_and_compile_model_1_multimer_v3_pred_0": 108.75787806510925,
    "predict_benchmark_model_1_multimer_v3_pred_0": 23.212892055511475,
    "process_features_model_2_multimer_v3_pred_0": 3.8623809814453125e-05,
    "predict_and_compile_model_2_multimer_v3_pred_0": 113.76098585128784,
    "predict_benchmark_model_2_multimer_v3_pred_0": 27.886395931243896,
    "process_features_model_3_multimer_v3_pred_0": 1.9788742065429688e-05,
    "predict_and_compile_model_3_multimer_v3_pred_0": 146.1147632598877,
    "predict_benchmark_model_3_multimer_v3_pred_0": 60.266180992126465,
    "process_features_model_4_multimer_v3_pred_0": 3.218650817871094e-05,
    "predict_and_compile_model_4_multimer_v3_pred_0": 155.36574578285217,
    "predict_benchmark_model_4_multimer_v3_pred_0": 59.14577031135559,
    "process_features_model_5_multimer_v3_pred_0": 6.651878356933594e-05,
    "predict_and_compile_model_5_multimer_v3_pred_0": 135.63701581954956,
    "predict_benchmark_model_5_multimer_v3_pred_0": 27.203484535217285
}