{
    "features": 0.2018601894378662,
    "process_features_model_1_multimer_v3_pred_0": 5.245208740234375e-06,
    "predict_and_compile_model_1_multimer_v3_pred_0": 716.983104467392,
    "predict_benchmark_model_1_multimer_v3_pred_0": 595.1862034797668,
    "process_features_model_2_multimer_v3_pred_0": 3.5762786865234375e-06,
    "predict_and_compile_model_2_multimer_v3_pred_0": 709.0958976745605,
    "predict_benchmark_model_2_multimer_v3_pred_0": 595.402734041214,
    "process_features_model_3_multimer_v3_pred_0": 3.814697265625e-06,
    "predict_and_compile_model_3_multimer_v3_pred_0": 711.5011196136475,
    "predict_benchmark_model_3_multimer_v3_pred_0": 594.7706184387207,
    "process_features_model_4_multimer_v3_pred_0": 4.291534423828125e-06,
    "predict_and_compile_model_4_multimer_v3_pred_0": 702.5786719322205,
    "predict_benchmark_model_4_multimer_v3_pred_0": 580.6717615127563,
    "process_features_model_5_multimer_v3_pred_0": 4.0531158447265625e-06,
    "predict_and_compile_model_5_multimer_v3_pred_0": 698.1799194812775,
    "predict_benchmark_model_5_multimer_v3_pred_0": 581.1013474464417
}