seed,sample,ranking_score
1,0,0.8505779885762061
1,1,0.8667040854493031
1,2,0.828164149541436
1,3,0.8554051036845383
1,4,0.8404353914775117
