seed,sample,ranking_score
5,0,0.8804664648663907
5,1,0.8771616561364001
5,2,0.8803433907972373
5,3,0.8694292904283423
5,4,0.8911619901319676
