seed,sample,ranking_score
1,0,0.570222057288203
1,1,0.544883926379905
1,2,0.5422848121345001
1,3,0.5592040651739371
1,4,0.5277719260593398
