seed,sample,ranking_score
1,0,0.4830494300162726
1,1,0.4841157233963635
1,2,0.5073735629679478
1,3,0.502483764697226
1,4,0.4703057099258001
