seed,sample,ranking_score
1,0,0.31361083829186975
1,1,0.3206404233531305
1,2,0.32396134919972586
1,3,0.31182081472994316
1,4,0.30419750700533144
