seed,sample,ranking_score
1,0,0.8899926495597518
1,1,0.8953317621772628
1,2,0.8949486389240248
1,3,0.8988454933180171
1,4,0.8939040724496917
