seed,sample,ranking_score
1,0,0.9633822621125574
1,1,0.94603316844733
1,2,0.963974095166388
1,3,0.9208249912316322
1,4,0.9202497099352372
