{
    "features": 0.014728307723999023,
    "process_features_model_1_multimer_v3_pred_0": 2.384185791015625e-06,
    "predict_and_compile_model_1_multimer_v3_pred_0": 153.28039240837097,
    "predict_benchmark_model_1_multimer_v3_pred_0": 69.27190780639648,
    "process_features_model_2_multimer_v3_pred_0": 3.552436828613281e-05,
    "predict_and_compile_model_2_multimer_v3_pred_0": 110.15416860580444,
    "predict_benchmark_model_2_multimer_v3_pred_0": 24.481674671173096,
    "process_features_model_3_multimer_v3_pred_0": 2.1696090698242188e-05,
    "predict_and_compile_model_3_multimer_v3_pred_0": 114.12513732910156,
    "predict_benchmark_model_3_multimer_v3_pred_0": 28.53526544570923,
    "process_features_model_4_multimer_v3_pred_0": 2.9087066650390625e-05,
    "predict_and_compile_model_4_multimer_v3_pred_0": 170.672434091568,
    "predict_benchmark_model_4_multimer_v3_pred_0": 83.20816564559937,
    "process_features_model_5_multimer_v3_pred_0": 1.9311904907226562e-05,
    "predict_and_compile_model_5_multimer_v3_pred_0": 105.71564555168152,
    "predict_benchmark_model_5_multimer_v3_pred_0": 19.90587019920349
}