seed,sample,ranking_score
1,0,0.875521411901238
1,1,0.8795595738262981
1,2,0.8742230332833865
1,3,0.8698437856309922
1,4,0.8778359139483392
