seed,sample,ranking_score
1,0,0.5984559795355483
1,1,0.6008900425732754
1,2,0.6055933277618882
1,3,0.5668050174005607
1,4,0.5842623923612765
