{
    "features": 0.19852781295776367,
    "process_features_model_1_multimer_v3_pred_0": 5.245208740234375e-06,
    "predict_and_compile_model_1_multimer_v3_pred_0": 1569.340048789978,
    "predict_benchmark_model_1_multimer_v3_pred_0": 1432.9389219284058,
    "process_features_model_2_multimer_v3_pred_0": 3.5762786865234375e-06,
    "predict_and_compile_model_2_multimer_v3_pred_0": 1551.7386722564697,
    "predict_benchmark_model_2_multimer_v3_pred_0": 1433.4314725399017,
    "process_features_model_3_multimer_v3_pred_0": 1.0251998901367188e-05,
    "predict_and_compile_model_3_multimer_v3_pred_0": 1553.237501859665,
    "predict_benchmark_model_3_multimer_v3_pred_0": 1429.2362172603607,
    "process_features_model_4_multimer_v3_pred_0": 3.075599670410156e-05,
    "predict_and_compile_model_4_multimer_v3_pred_0": 1533.296799659729,
    "predict_benchmark_model_4_multimer_v3_pred_0": 1401.8687331676483,
    "process_features_model_5_multimer_v3_pred_0": 1.1444091796875e-05,
    "predict_and_compile_model_5_multimer_v3_pred_0": 1525.1555190086365,
    "predict_benchmark_model_5_multimer_v3_pred_0": 1395.8401143550873
}