seed,sample,ranking_score
4,0,0.8868248021881191
4,1,0.8865395595342571
4,2,0.8820465516285221
4,3,0.8932764321566977
4,4,0.8810251080594295
