seed,sample,ranking_score
1,0,0.538695176435878
1,1,0.4750160385089092
1,2,0.46756560821259496
1,3,0.502432219327821
1,4,0.48402920810988453
