seed,sample,ranking_score
1,0,0.716473112982683
1,1,0.6836065789059345
1,2,0.6730029149236791
1,3,0.6876392388022521
1,4,0.7263271593223947
