seed,sample,ranking_score
1,0,0.5956978564225635
1,1,0.5990289173362862
1,2,0.610478598409379
1,3,0.5463586685840796
1,4,0.6086714023851771
