seed,sample,ranking_score
1,0,0.6137580440965027
1,1,0.6904269264396327
1,2,0.6803319157985344
1,3,0.652643474778059
1,4,0.7248492891483558
