seed,sample,ranking_score
1,0,0.8418337456115276
1,1,0.8358458117319377
1,2,0.8410746611898072
1,3,0.8419896394924016
1,4,0.8455007088968964
