seed,sample,ranking_score
1,0,0.3021819812273998
1,1,0.31775294706469304
1,2,0.28176778684194004
1,3,0.28077349507129346
1,4,0.32557812910224293
