{
    "iptm+ptm": {
        "model_1_multimer_v3_pred_0": 0.7201926201416555,
        "model_1_multimer_v3_pred_1": 0.7261313816328951,
        "model_1_multimer_v3_pred_2": 0.7191625855747952,
        "model_1_multimer_v3_pred_3": 0.7023485596948398,
        "model_1_multimer_v3_pred_4": 0.7198926988058314,
        "model_2_multimer_v3_pred_0": 0.7008066872007368,
        "model_2_multimer_v3_pred_1": 0.7034585026366854,
        "model_2_multimer_v3_pred_2": 0.6948853719217107,
        "model_2_multimer_v3_pred_3": 0.7017060160471066,
        "model_2_multimer_v3_pred_4": 0.7040177805061633,
        "model_3_multimer_v3_pred_0": 0.7124154398627932,
        "model_3_multimer_v3_pred_1": 0.6996477540643615,
        "model_3_multimer_v3_pred_2": 0.6917230337625079,
        "model_3_multimer_v3_pred_3": 0.7051416138664583,
        "model_3_multimer_v3_pred_4": 0.6816130062900267,
        "model_4_multimer_v3_pred_0": 0.7135228584437303,
        "model_4_multimer_v3_pred_1": 0.7132356797064223,
        "model_4_multimer_v3_pred_2": 0.7139914664070828,
        "model_4_multimer_v3_pred_3": 0.7120346644799388,
        "model_4_multimer_v3_pred_4": 0.7162730819016769,
        "model_5_multimer_v3_pred_0": 0.7332872524288282,
        "model_5_multimer_v3_pred_1": 0.7360066202877333,
        "model_5_multimer_v3_pred_2": 0.7246454639342266,
        "model_5_multimer_v3_pred_3": 0.7353736628228219,
        "model_5_multimer_v3_pred_4": 0.7316237320886507
    },
    "order": [
        "model_5_multimer_v3_pred_1",
        "model_5_multimer_v3_pred_3",
        "model_5_multimer_v3_pred_0",
        "model_5_multimer_v3_pred_4",
        "model_1_multimer_v3_pred_1",
        "model_5_multimer_v3_pred_2",
        "model_1_multimer_v3_pred_0",
        "model_1_multimer_v3_pred_4",
        "model_1_multimer_v3_pred_2",
        "model_4_multimer_v3_pred_4",
        "model_4_multimer_v3_pred_2",
        "model_4_multimer_v3_pred_0",
        "model_4_multimer_v3_pred_1",
        "model_3_multimer_v3_pred_0",
        "model_4_multimer_v3_pred_3",
        "model_3_multimer_v3_pred_3",
        "model_2_multimer_v3_pred_4",
        "model_2_multimer_v3_pred_1",
        "model_1_multimer_v3_pred_3",
        "model_2_multimer_v3_pred_3",
        "model_2_multimer_v3_pred_0",
        "model_3_multimer_v3_pred_1",
        "model_2_multimer_v3_pred_2",
        "model_3_multimer_v3_pred_2",
        "model_3_multimer_v3_pred_4"
    ]
}