seed,sample,ranking_score
1,0,0.43674176243473917
1,1,0.4240597986501555
1,2,0.45733694440809725
1,3,0.42919835274932083
1,4,0.4553341853613517
