seed,sample,ranking_score
1,0,0.6256185962455516
1,1,0.6334230878613974
1,2,0.6208866961935845
1,3,0.6304638873327357
1,4,0.6354674132851768
