seed,sample,ranking_score
1,0,0.5102247339089878
1,1,0.3938551646760725
1,2,0.4325394548601359
1,3,0.42328573845102196
1,4,0.38054949391673265
