{
    "features": 0.014723539352416992,
    "process_features_model_1_multimer_v3_pred_0": 3.337860107421875e-06,
    "predict_and_compile_model_1_multimer_v3_pred_0": 107.14996552467346,
    "predict_benchmark_model_1_multimer_v3_pred_0": 28.81503200531006,
    "process_features_model_2_multimer_v3_pred_0": 2.5510787963867188e-05,
    "predict_and_compile_model_2_multimer_v3_pred_0": 126.82534408569336,
    "predict_benchmark_model_2_multimer_v3_pred_0": 47.86080837249756,
    "process_features_model_3_multimer_v3_pred_0": 2.9325485229492188e-05,
    "predict_and_compile_model_3_multimer_v3_pred_0": 182.4462604522705,
    "predict_benchmark_model_3_multimer_v3_pred_0": 100.81259489059448,
    "process_features_model_4_multimer_v3_pred_0": 2.765655517578125e-05,
    "predict_and_compile_model_4_multimer_v3_pred_0": 179.1959457397461,
    "predict_benchmark_model_4_multimer_v3_pred_0": 98.12294888496399,
    "process_features_model_5_multimer_v3_pred_0": 6.198883056640625e-06,
    "predict_and_compile_model_5_multimer_v3_pred_0": 129.9464213848114,
    "predict_benchmark_model_5_multimer_v3_pred_0": 51.44740080833435
}