seed,sample,ranking_score
1,0,0.8626600383012955
1,1,0.8750189749315436
1,2,0.8684963791616122
1,3,0.8692601678825811
1,4,0.8593132152968062
