{
    "features": 0.07285499572753906,
    "process_features_model_1_multimer_v3_pred_0": 6.198883056640625e-06,
    "predict_and_compile_model_1_multimer_v3_pred_0": 279.82263374328613,
    "predict_benchmark_model_1_multimer_v3_pred_0": 145.15112948417664,
    "process_features_model_2_multimer_v3_pred_0": 6.67572021484375e-06,
    "predict_and_compile_model_2_multimer_v3_pred_0": 180.4118103981018,
    "predict_benchmark_model_2_multimer_v3_pred_0": 67.97384786605835,
    "process_features_model_3_multimer_v3_pred_0": 2.6226043701171875e-05,
    "predict_and_compile_model_3_multimer_v3_pred_0": 266.39339089393616,
    "predict_benchmark_model_3_multimer_v3_pred_0": 142.27782583236694,
    "process_features_model_4_multimer_v3_pred_0": 1.3828277587890625e-05,
    "predict_and_compile_model_4_multimer_v3_pred_0": 200.6386981010437,
    "predict_benchmark_model_4_multimer_v3_pred_0": 73.41572618484497,
    "process_features_model_5_multimer_v3_pred_0": 3.0517578125e-05,
    "predict_and_compile_model_5_multimer_v3_pred_0": 275.4407088756561,
    "predict_benchmark_model_5_multimer_v3_pred_0": 139.82163548469543
}