seed,sample,ranking_score
3,0,0.8863778609512805
3,1,0.868423081867253
3,2,0.8787469398154886
3,3,0.8741479086232352
3,4,0.8804782138678514
