seed,sample,ranking_score
1,0,0.567648515622169
1,1,0.5786547084396152
1,2,0.596339581219004
1,3,0.5772980962391844
1,4,0.5940784144848295
