seed,sample,ranking_score
1,0,0.631646373734072
1,1,0.6090572069030671
1,2,0.6245117278278014
1,3,0.6245789419198547
1,4,0.6241158214063594
