seed,sample,ranking_score
3,0,0.7422711139782926
3,1,0.7546509837241544
3,2,0.7606173610842756
3,3,0.7463118181212695
3,4,0.7573862905192892
