seed,sample,ranking_score
1,0,0.5685767798869459
1,1,0.5683359404144539
1,2,0.5770813447126228
1,3,0.5587925145902372
1,4,0.5797153027222184
