seed,sample,ranking_score
1,0,0.8482920438909971
1,1,0.8313311065144248
1,2,0.8498613141655591
1,3,0.8173715637057218
1,4,0.8204741148547696
