{
    "features": 0.7344427108764648,
    "process_features_model_1_multimer_v3_pred_0": 5.9604644775390625e-06,
    "predict_and_compile_model_1_multimer_v3_pred_0": 288.96410965919495,
    "predict_benchmark_model_1_multimer_v3_pred_0": 214.06804275512695,
    "process_features_model_2_multimer_v3_pred_0": 1.4066696166992188e-05,
    "predict_and_compile_model_2_multimer_v3_pred_0": 285.861407995224,
    "predict_benchmark_model_2_multimer_v3_pred_0": 214.23421716690063,
    "process_features_model_3_multimer_v3_pred_0": 1.0967254638671875e-05,
    "predict_and_compile_model_3_multimer_v3_pred_0": 287.4819061756134,
    "predict_benchmark_model_3_multimer_v3_pred_0": 214.16873812675476,
    "process_features_model_4_multimer_v3_pred_0": 2.8133392333984375e-05,
    "predict_and_compile_model_4_multimer_v3_pred_0": 278.7801480293274,
    "predict_benchmark_model_4_multimer_v3_pred_0": 207.87978959083557,
    "process_features_model_5_multimer_v3_pred_0": 6.9141387939453125e-06,
    "predict_and_compile_model_5_multimer_v3_pred_0": 277.9248628616333,
    "predict_benchmark_model_5_multimer_v3_pred_0": 207.93905997276306
}