seed,sample,ranking_score
1,0,0.5183567312401637
1,1,0.5162631621997407
1,2,0.5209838332673855
1,3,0.5070126267734599
1,4,0.5096792892175885
