seed,sample,ranking_score
5,0,0.6748383697448832
5,1,0.6533638012878269
5,2,0.6596256676219616
5,3,0.6977373047508254
5,4,0.670635980759393
