seed,sample,ranking_score
1,0,0.6801612269237257
1,1,0.6489135554130795
1,2,0.6488798193530894
1,3,0.6313603175808101
1,4,0.6387623036278004
