{
    "features": 0.03469681739807129,
    "process_features_model_1_multimer_v3_pred_0": 2.86102294921875e-06,
    "predict_and_compile_model_1_multimer_v3_pred_0": 202.47015380859375,
    "predict_benchmark_model_1_multimer_v3_pred_0": 120.83757019042969,
    "process_features_model_2_multimer_v3_pred_0": 8.344650268554688e-06,
    "predict_and_compile_model_2_multimer_v3_pred_0": 169.05924701690674,
    "predict_benchmark_model_2_multimer_v3_pred_0": 86.10446667671204,
    "process_features_model_3_multimer_v3_pred_0": 2.1457672119140625e-05,
    "predict_and_compile_model_3_multimer_v3_pred_0": 201.2472014427185,
    "predict_benchmark_model_3_multimer_v3_pred_0": 115.11279082298279,
    "process_features_model_4_multimer_v3_pred_0": 2.384185791015625e-05,
    "predict_and_compile_model_4_multimer_v3_pred_0": 204.14522314071655,
    "predict_benchmark_model_4_multimer_v3_pred_0": 117.5807113647461,
    "process_features_model_5_multimer_v3_pred_0": 2.1219253540039062e-05,
    "predict_and_compile_model_5_multimer_v3_pred_0": 202.56667351722717,
    "predict_benchmark_model_5_multimer_v3_pred_0": 117.77741479873657
}