seed,sample,ranking_score
1,0,0.7773171444099217
1,1,0.7852887045834647
1,2,0.7729196086357181
1,3,0.7896133693768052
1,4,0.7921058726312153
