seed,sample,ranking_score
1,0,0.39768084671806064
1,1,0.3511016595702831
1,2,0.37873567305320727
1,3,0.39447684045017395
1,4,0.38586069271003326
