seed,sample,ranking_score
1,0,0.5410246847984792
1,1,0.46303345313123223
1,2,0.5106643278285165
1,3,0.5383821471111755
1,4,0.5408266462718754
