seed,sample,ranking_score
1,0,0.8439831951143003
1,1,0.8331682887317218
1,2,0.8545721451214761
1,3,0.8489364137872328
1,4,0.8470360770196926
