seed,sample,ranking_score
1,0,0.32047407133644557
1,1,0.30804375264009926
1,2,0.32412305580131917
1,3,0.31427099123257557
1,4,0.2983249399280613
