seed,sample,ranking_score
3,0,0.6550845619512132
3,1,0.6570449616217466
3,2,0.6586528174669314
3,3,0.6360334493354861
3,4,0.7000103231626855
