{
    "features": 0.00819540023803711,
    "process_features_model_1_multimer_v3_pred_0": 3.337860107421875e-06,
    "predict_and_compile_model_1_multimer_v3_pred_0": 305.5247528553009,
    "relax_model_1_multimer_v3_pred_0": 49.67230033874512,
    "process_features_model_1_multimer_v3_pred_1": 2.86102294921875e-06,
    "predict_and_compile_model_1_multimer_v3_pred_1": 192.30033993721008,
    "relax_model_1_multimer_v3_pred_1": 27.694082736968994,
    "process_features_model_1_multimer_v3_pred_2": 2.1457672119140625e-06,
    "predict_and_compile_model_1_multimer_v3_pred_2": 192.67604613304138,
    "relax_model_1_multimer_v3_pred_2": 28.23696780204773,
    "process_features_model_1_multimer_v3_pred_3": 2.6226043701171875e-06,
    "predict_and_compile_model_1_multimer_v3_pred_3": 192.1439175605774,
    "relax_model_1_multimer_v3_pred_3": 30.205631732940674,
    "process_features_model_1_multimer_v3_pred_4": 2.86102294921875e-06,
    "predict_and_compile_model_1_multimer_v3_pred_4": 192.30731177330017,
    "relax_model_1_multimer_v3_pred_4": 28.379647970199585,
    "process_features_model_2_multimer_v3_pred_0": 2.384185791015625e-06,
    "predict_and_compile_model_2_multimer_v3_pred_0": 201.3169093132019,
    "relax_model_2_multimer_v3_pred_0": 29.431387662887573,
    "process_features_model_2_multimer_v3_pred_1": 3.0994415283203125e-06,
    "predict_and_compile_model_2_multimer_v3_pred_1": 192.18933057785034,
    "relax_model_2_multimer_v3_pred_1": 29.291059970855713,
    "process_features_model_2_multimer_v3_pred_2": 1.6689300537109375e-06,
    "predict_and_compile_model_2_multimer_v3_pred_2": 192.41103529930115,
    "relax_model_2_multimer_v3_pred_2": 45.29429602622986,
    "process_features_model_2_multimer_v3_pred_3": 2.384185791015625e-06,
    "predict_and_compile_model_2_multimer_v3_pred_3": 192.9902765750885,
    "relax_model_2_multimer_v3_pred_3": 31.364694833755493,
    "process_features_model_2_multimer_v3_pred_4": 2.6226043701171875e-06,
    "predict_and_compile_model_2_multimer_v3_pred_4": 183.29221725463867,
    "relax_model_2_multimer_v3_pred_4": 28.295229196548462,
    "process_features_model_3_multimer_v3_pred_0": 3.814697265625e-06,
    "predict_and_compile_model_3_multimer_v3_pred_0": 301.4919488430023,
    "relax_model_3_multimer_v3_pred_0": 29.257999897003174,
    "process_features_model_3_multimer_v3_pred_1": 2.86102294921875e-06,
    "predict_and_compile_model_3_multimer_v3_pred_1": 192.82430005073547,
    "relax_model_3_multimer_v3_pred_1": 27.807036638259888,
    "process_features_model_3_multimer_v3_pred_2": 3.337860107421875e-06,
    "predict_and_compile_model_3_multimer_v3_pred_2": 192.54681277275085,
    "relax_model_3_multimer_v3_pred_2": 29.536437034606934,
    "process_features_model_3_multimer_v3_pred_3": 2.384185791015625e-06,
    "predict_and_compile_model_3_multimer_v3_pred_3": 192.3674283027649,
    "relax_model_3_multimer_v3_pred_3": 29.120105266571045,
    "process_features_model_3_multimer_v3_pred_4": 3.0994415283203125e-06,
    "predict_and_compile_model_3_multimer_v3_pred_4": 183.3212127685547,
    "relax_model_3_multimer_v3_pred_4": 30.1828556060791,
    "process_features_model_4_multimer_v3_pred_0": 3.0994415283203125e-06,
    "predict_and_compile_model_4_multimer_v3_pred_0": 304.8219749927521,
    "relax_model_4_multimer_v3_pred_0": 28.137749671936035,
    "process_features_model_4_multimer_v3_pred_1": 3.0994415283203125e-06,
    "predict_and_compile_model_4_multimer_v3_pred_1": 188.8258810043335,
    "relax_model_4_multimer_v3_pred_1": 28.2247896194458,
    "process_features_model_4_multimer_v3_pred_2": 3.5762786865234375e-06,
    "predict_and_compile_model_4_multimer_v3_pred_2": 188.92927265167236,
    "relax_model_4_multimer_v3_pred_2": 35.613985776901245,
    "process_features_model_4_multimer_v3_pred_3": 2.6226043701171875e-06,
    "predict_and_compile_model_4_multimer_v3_pred_3": 188.6916687488556,
    "relax_model_4_multimer_v3_pred_3": 29.95741319656372,
    "process_features_model_4_multimer_v3_pred_4": 2.86102294921875e-06,
    "predict_and_compile_model_4_multimer_v3_pred_4": 188.85195016860962,
    "relax_model_4_multimer_v3_pred_4": 29.5189471244812,
    "process_features_model_5_multimer_v3_pred_0": 1.9073486328125e-06,
    "predict_and_compile_model_5_multimer_v3_pred_0": 301.75140476226807,
    "relax_model_5_multimer_v3_pred_0": 33.37651300430298,
    "process_features_model_5_multimer_v3_pred_1": 3.0994415283203125e-06,
    "predict_and_compile_model_5_multimer_v3_pred_1": 188.78212428092957,
    "relax_model_5_multimer_v3_pred_1": 56.59273672103882,
    "process_features_model_5_multimer_v3_pred_2": 2.6226043701171875e-06,
    "predict_and_compile_model_5_multimer_v3_pred_2": 189.50880908966064,
    "relax_model_5_multimer_v3_pred_2": 31.6666316986084,
    "process_features_model_5_multimer_v3_pred_3": 2.86102294921875e-06,
    "predict_and_compile_model_5_multimer_v3_pred_3": 72.49255728721619,
    "relax_model_5_multimer_v3_pred_3": 37.04049062728882,
    "process_features_model_5_multimer_v3_pred_4": 3.0994415283203125e-06,
    "predict_and_compile_model_5_multimer_v3_pred_4": 90.41246938705444,
    "relax_model_5_multimer_v3_pred_4": 29.577838897705078
}