seed,sample,ranking_score
1,0,0.5647003575950578
1,1,0.5841264780610306
1,2,0.6076738094749937
1,3,0.5734098026868534
1,4,0.5731630406180311
