seed,sample,ranking_score
1,0,0.4419466522379004
1,1,0.44683955655560803
1,2,0.43651479380312536
1,3,0.4468799880665345
1,4,0.4635851660572429
