seed,sample,ranking_score
1,0,0.5926726288521627
1,1,0.5938673719928295
1,2,0.5910941422889828
1,3,0.6060334027649047
1,4,0.6059756329932062
