seed,sample,ranking_score
5,0,0.8555596532817723
5,1,0.8797691635550311
5,2,0.828508311364482
5,3,0.8694585463272957
5,4,0.852956289292521
