seed,sample,ranking_score
1,0,0.5029784638269028
1,1,0.4522819198420385
1,2,0.4667450375031823
1,3,0.5003550854722643
1,4,0.45428871603359383
