seed,sample,ranking_score
1,0,0.30835708938827355
1,1,0.29466366836919056
1,2,0.3219754806598315
1,3,0.2825181353380204
1,4,0.2906930769641378
