seed,sample,ranking_score
1,0,0.5890923971547843
1,1,0.5162849178250016
1,2,0.3511212028815382
1,3,0.565892570011686
1,4,0.5362041920993834
