{
    "features": 0.026104450225830078,
    "process_features_model_1_multimer_v3_pred_0": 4.291534423828125e-06,
    "predict_and_compile_model_1_multimer_v3_pred_0": 176.79900908470154,
    "predict_benchmark_model_1_multimer_v3_pred_0": 95.04391121864319,
    "process_features_model_2_multimer_v3_pred_0": 2.6464462280273438e-05,
    "predict_and_compile_model_2_multimer_v3_pred_0": 237.49376797676086,
    "predict_benchmark_model_2_multimer_v3_pred_0": 153.8430962562561,
    "process_features_model_3_multimer_v3_pred_0": 2.2172927856445312e-05,
    "predict_and_compile_model_3_multimer_v3_pred_0": 240.39050030708313,
    "predict_benchmark_model_3_multimer_v3_pred_0": 154.351642370224,
    "process_features_model_4_multimer_v3_pred_0": 1.3113021850585938e-05,
    "predict_and_compile_model_4_multimer_v3_pred_0": 236.10191679000854,
    "predict_benchmark_model_4_multimer_v3_pred_0": 148.8247458934784,
    "process_features_model_5_multimer_v3_pred_0": 1.6927719116210938e-05,
    "predict_and_compile_model_5_multimer_v3_pred_0": 237.27144384384155,
    "predict_benchmark_model_5_multimer_v3_pred_0": 148.79809761047363
}