seed,sample,ranking_score
1,0,0.9932836745332647
1,1,0.9939430358363968
1,2,0.992370072415542
1,3,0.9944040449943674
1,4,0.9946706946092625
