{
    "features": 0.3185615539550781,
    "process_features_model_1_multimer_v3_pred_0": 5.245208740234375e-06,
    "predict_and_compile_model_1_multimer_v3_pred_0": 296.692186832428,
    "predict_benchmark_model_1_multimer_v3_pred_0": 213.90447425842285,
    "process_features_model_2_multimer_v3_pred_0": 3.0040740966796875e-05,
    "predict_and_compile_model_2_multimer_v3_pred_0": 296.8606114387512,
    "predict_benchmark_model_2_multimer_v3_pred_0": 214.13247227668762,
    "process_features_model_3_multimer_v3_pred_0": 7.152557373046875e-06,
    "predict_and_compile_model_3_multimer_v3_pred_0": 298.8807351589203,
    "predict_benchmark_model_3_multimer_v3_pred_0": 214.4629487991333,
    "process_features_model_4_multimer_v3_pred_0": 1.9788742065429688e-05,
    "predict_and_compile_model_4_multimer_v3_pred_0": 293.53343868255615,
    "predict_benchmark_model_4_multimer_v3_pred_0": 207.54826831817627,
    "process_features_model_5_multimer_v3_pred_0": 1.6689300537109375e-05,
    "predict_and_compile_model_5_multimer_v3_pred_0": 289.5644040107727,
    "predict_benchmark_model_5_multimer_v3_pred_0": 207.45525431632996
}