{
    "features": 0.020251035690307617,
    "process_features_model_1_multimer_v3_pred_0": 3.5762786865234375e-06,
    "predict_and_compile_model_1_multimer_v3_pred_0": 318.43121552467346,
    "predict_benchmark_model_1_multimer_v3_pred_0": 233.6353828907013,
    "process_features_model_2_multimer_v3_pred_0": 2.5272369384765625e-05,
    "predict_and_compile_model_2_multimer_v3_pred_0": 313.97172713279724,
    "predict_benchmark_model_2_multimer_v3_pred_0": 233.53961610794067,
    "process_features_model_3_multimer_v3_pred_0": 0.0021619796752929688,
    "predict_and_compile_model_3_multimer_v3_pred_0": 309.2506024837494,
    "predict_benchmark_model_3_multimer_v3_pred_0": 234.25835728645325,
    "process_features_model_4_multimer_v3_pred_0": 3.0279159545898438e-05,
    "predict_and_compile_model_4_multimer_v3_pred_0": 310.46622037887573,
    "predict_benchmark_model_4_multimer_v3_pred_0": 229.9676959514618,
    "process_features_model_5_multimer_v3_pred_0": 3.266334533691406e-05,
    "predict_and_compile_model_5_multimer_v3_pred_0": 308.6520209312439,
    "predict_benchmark_model_5_multimer_v3_pred_0": 230.01493120193481
}