seed,sample,ranking_score
1,0,0.49284162014063765
1,1,0.46358978597453543
1,2,0.4507995782760972
1,3,0.5267612119862387
1,4,0.4609835254571791
