seed,sample,ranking_score
1,0,0.5727152423622085
1,1,0.5831115726867665
1,2,0.5948421016745749
1,3,0.5727459554129947
1,4,0.596773251583495
