seed,sample,ranking_score
1,0,0.4061678047191117
1,1,0.40907625004585774
1,2,0.38455720610628835
1,3,0.38930950540264514
1,4,0.3874303260352315
