seed,sample,ranking_score
1,0,0.5203294401711127
1,1,0.6073312109553284
1,2,0.6350342762829584
1,3,0.6200613789748601
1,4,0.6260645375212655
