seed,sample,ranking_score
1,0,0.6810777473625039
1,1,0.7094018755954534
1,2,0.6713703859919877
1,3,0.6959266861976945
1,4,0.7116267796756335
