seed,sample,ranking_score
1,0,0.5387044200599221
1,1,0.5404654377706439
1,2,0.5512046206217935
1,3,0.5273615857648946
1,4,0.5389408408498527
