seed,sample,ranking_score
2,0,0.7593688683972032
2,1,0.7535451491062402
2,2,0.7578772889387295
2,3,0.7539781605751884
2,4,0.7488866338423474
