seed,sample,ranking_score
4,0,0.660057326499278
4,1,0.6561586058206845
4,2,0.6554305887095172
4,3,0.5304259897229414
4,4,0.5454730619661484
