seed,sample,ranking_score
1,0,0.8789804618301565
1,1,0.8851955089536592
1,2,0.8716834778142479
1,3,0.877712716441615
1,4,0.8739769418742643
