{
    "features": 0.46512866020202637,
    "process_features_model_1_multimer_v3_pred_0": 5.4836273193359375e-06,
    "predict_and_compile_model_1_multimer_v3_pred_0": 2405.941421985626,
    "predict_benchmark_model_1_multimer_v3_pred_0": 2273.4169874191284,
    "process_features_model_2_multimer_v3_pred_0": 4.76837158203125e-06,
    "predict_and_compile_model_2_multimer_v3_pred_0": 2375.064119577408,
    "predict_benchmark_model_2_multimer_v3_pred_0": 2272.3218290805817,
    "process_features_model_3_multimer_v3_pred_0": 1.0251998901367188e-05,
    "predict_and_compile_model_3_multimer_v3_pred_0": 2376.132579088211,
    "predict_benchmark_model_3_multimer_v3_pred_0": 2271.736738920212,
    "process_features_model_4_multimer_v3_pred_0": 1.0967254638671875e-05,
    "predict_and_compile_model_4_multimer_v3_pred_0": 2352.529442548752,
    "predict_benchmark_model_4_multimer_v3_pred_0": 2231.2802364826202,
    "process_features_model_5_multimer_v3_pred_0": 4.76837158203125e-06,
    "predict_and_compile_model_5_multimer_v3_pred_0": 2339.826482772827,
    "predict_benchmark_model_5_multimer_v3_pred_0": 2231.3636305332184
}