seed,sample,ranking_score
1,0,0.5386030049491253
1,1,0.5310554872629162
1,2,0.522604423092947
1,3,0.6071285923722916
1,4,0.5225984613264808
