seed,sample,ranking_score
1,0,0.8462363478666453
1,1,0.8415527923186694
1,2,0.8294591349887293
1,3,0.8168324915118289
1,4,0.8324596424504206
