seed,sample,ranking_score
1,0,0.5440312938489956
1,1,0.36263095389151734
1,2,0.5144228602231424
1,3,0.5274102136642524
1,4,0.5584277880848022
