seed,sample,ranking_score
1,0,0.5849507772937406
1,1,0.5812009639812646
1,2,0.5791990082092221
1,3,0.5974539633958805
1,4,0.5822341618746615
