seed,sample,ranking_score
1,0,0.6155310555727597
1,1,0.5994453189605351
1,2,0.59951145111335
1,3,0.6022698429225453
1,4,0.6076200706202148
