seed,sample,ranking_score
1,0,0.3482048661708126
1,1,0.3492060119086271
1,2,0.3396372146452766
1,3,0.3470840647064488
1,4,0.33714877070163773
