seed,sample,ranking_score
3,0,0.593090748915917
3,1,0.6416199902362656
3,2,0.6281885040102254
3,3,0.6222209332298526
3,4,0.6269969375542684
