seed,sample,ranking_score
1,0,0.8920285452940006
1,1,0.8709048992814327
1,2,0.8910067881976347
1,3,0.8707381089264528
1,4,0.8996868932802535
