seed,sample,ranking_score
4,0,0.9369719269915779
4,1,0.9353646212319818
4,2,0.9485174243349973
4,3,0.9464170351605035
4,4,0.9475781060715949
