{
    "features": 0.06157374382019043,
    "process_features_model_1_multimer_v3_pred_0": 3.814697265625e-06,
    "predict_and_compile_model_1_multimer_v3_pred_0": 300.9402976036072,
    "predict_benchmark_model_1_multimer_v3_pred_0": 215.31850814819336,
    "process_features_model_2_multimer_v3_pred_0": 9.059906005859375e-06,
    "predict_and_compile_model_2_multimer_v3_pred_0": 300.1456744670868,
    "predict_benchmark_model_2_multimer_v3_pred_0": 215.69784379005432,
    "process_features_model_3_multimer_v3_pred_0": 7.62939453125e-06,
    "predict_and_compile_model_3_multimer_v3_pred_0": 301.91835832595825,
    "predict_benchmark_model_3_multimer_v3_pred_0": 215.25561571121216,
    "process_features_model_4_multimer_v3_pred_0": 4.649162292480469e-05,
    "predict_and_compile_model_4_multimer_v3_pred_0": 296.3919048309326,
    "predict_benchmark_model_4_multimer_v3_pred_0": 209.13395595550537,
    "process_features_model_5_multimer_v3_pred_0": 2.0265579223632812e-05,
    "predict_and_compile_model_5_multimer_v3_pred_0": 293.5339696407318,
    "predict_benchmark_model_5_multimer_v3_pred_0": 209.12099742889404
}