seed,sample,ranking_score
1,0,0.35889558249351783
1,1,0.43753073682176613
1,2,0.43561352476332416
1,3,0.4189801261223957
1,4,0.42902658566964
