{
    "features": 0.11161971092224121,
    "process_features_model_1_multimer_v3_pred_0": 4.291534423828125e-06,
    "predict_and_compile_model_1_multimer_v3_pred_0": 110.43714785575867,
    "predict_benchmark_model_1_multimer_v3_pred_0": 33.2692666053772,
    "process_features_model_2_multimer_v3_pred_0": 2.47955322265625e-05,
    "predict_and_compile_model_2_multimer_v3_pred_0": 128.00315809249878,
    "predict_benchmark_model_2_multimer_v3_pred_0": 47.45210313796997,
    "process_features_model_3_multimer_v3_pred_0": 1.7404556274414062e-05,
    "predict_and_compile_model_3_multimer_v3_pred_0": 179.2396535873413,
    "predict_benchmark_model_3_multimer_v3_pred_0": 99.4444043636322,
    "process_features_model_4_multimer_v3_pred_0": 1.430511474609375e-05,
    "predict_and_compile_model_4_multimer_v3_pred_0": 121.5193681716919,
    "predict_benchmark_model_4_multimer_v3_pred_0": 41.862459897994995,
    "process_features_model_5_multimer_v3_pred_0": 1.8596649169921875e-05,
    "predict_and_compile_model_5_multimer_v3_pred_0": 138.12962579727173,
    "predict_benchmark_model_5_multimer_v3_pred_0": 60.508792877197266
}