seed,sample,ranking_score
1,0,0.6478343354657141
1,1,0.6361452153623142
1,2,0.6381494733813389
1,3,0.6619776163807958
1,4,0.6437327544472009
