seed,sample,ranking_score
1,0,0.4796794541484872
1,1,0.4756148129600097
1,2,0.4935225811144185
1,3,0.4910203995220065
1,4,0.4926016180950409
