seed,sample,ranking_score
4,0,0.5471613869353276
4,1,0.533780029334861
4,2,0.545838094288964
4,3,0.5374443304757696
4,4,0.5382283661477872
