{
    "features": 0.004605770111083984,
    "process_features_model_1_multimer_v3_pred_0": 3.5762786865234375e-06,
    "predict_and_compile_model_1_multimer_v3_pred_0": 232.76721262931824,
    "relax_model_1_multimer_v3_pred_0": 21.870425939559937,
    "process_features_model_1_multimer_v3_pred_1": 3.814697265625e-06,
    "predict_and_compile_model_1_multimer_v3_pred_1": 115.23327136039734,
    "relax_model_1_multimer_v3_pred_1": 26.859820127487183,
    "process_features_model_1_multimer_v3_pred_2": 2.384185791015625e-06,
    "predict_and_compile_model_1_multimer_v3_pred_2": 115.43316745758057,
    "relax_model_1_multimer_v3_pred_2": 23.73961305618286,
    "process_features_model_1_multimer_v3_pred_3": 2.384185791015625e-06,
    "predict_and_compile_model_1_multimer_v3_pred_3": 115.21570491790771,
    "relax_model_1_multimer_v3_pred_3": 34.4536030292511,
    "process_features_model_1_multimer_v3_pred_4": 2.1457672119140625e-06,
    "predict_and_compile_model_1_multimer_v3_pred_4": 115.17242169380188,
    "relax_model_1_multimer_v3_pred_4": 19.241816520690918,
    "process_features_model_2_multimer_v3_pred_0": 2.6226043701171875e-06,
    "predict_and_compile_model_2_multimer_v3_pred_0": 230.19443011283875,
    "relax_model_2_multimer_v3_pred_0": 28.44816493988037,
    "process_features_model_2_multimer_v3_pred_1": 2.384185791015625e-06,
    "predict_and_compile_model_2_multimer_v3_pred_1": 115.25152516365051,
    "relax_model_2_multimer_v3_pred_1": 34.99435210227966,
    "process_features_model_2_multimer_v3_pred_2": 2.6226043701171875e-06,
    "predict_and_compile_model_2_multimer_v3_pred_2": 87.81335854530334,
    "relax_model_2_multimer_v3_pred_2": 34.25591492652893,
    "process_features_model_2_multimer_v3_pred_3": 2.6226043701171875e-06,
    "predict_and_compile_model_2_multimer_v3_pred_3": 115.17064476013184,
    "relax_model_2_multimer_v3_pred_3": 34.55964756011963,
    "process_features_model_2_multimer_v3_pred_4": 2.384185791015625e-06,
    "predict_and_compile_model_2_multimer_v3_pred_4": 115.18124604225159,
    "relax_model_2_multimer_v3_pred_4": 35.75510764122009,
    "process_features_model_3_multimer_v3_pred_0": 2.384185791015625e-06,
    "predict_and_compile_model_3_multimer_v3_pred_0": 225.56280946731567,
    "relax_model_3_multimer_v3_pred_0": 29.927369832992554,
    "process_features_model_3_multimer_v3_pred_1": 2.1457672119140625e-06,
    "predict_and_compile_model_3_multimer_v3_pred_1": 82.39564967155457,
    "relax_model_3_multimer_v3_pred_1": 39.47897553443909,
    "process_features_model_3_multimer_v3_pred_2": 2.86102294921875e-06,
    "predict_and_compile_model_3_multimer_v3_pred_2": 115.38815951347351,
    "relax_model_3_multimer_v3_pred_2": 40.51920437812805,
    "process_features_model_3_multimer_v3_pred_3": 2.86102294921875e-06,
    "predict_and_compile_model_3_multimer_v3_pred_3": 93.1897280216217,
    "relax_model_3_multimer_v3_pred_3": 27.01965045928955,
    "process_features_model_3_multimer_v3_pred_4": 2.384185791015625e-06,
    "predict_and_compile_model_3_multimer_v3_pred_4": 38.682557582855225,
    "relax_model_3_multimer_v3_pred_4": 39.53193545341492,
    "process_features_model_4_multimer_v3_pred_0": 2.86102294921875e-06,
    "predict_and_compile_model_4_multimer_v3_pred_0": 172.6560242176056,
    "relax_model_4_multimer_v3_pred_0": 27.232707738876343,
    "process_features_model_4_multimer_v3_pred_1": 2.384185791015625e-06,
    "predict_and_compile_model_4_multimer_v3_pred_1": 113.43589639663696,
    "relax_model_4_multimer_v3_pred_1": 29.5327091217041,
    "process_features_model_4_multimer_v3_pred_2": 2.6226043701171875e-06,
    "predict_and_compile_model_4_multimer_v3_pred_2": 75.64831590652466,
    "relax_model_4_multimer_v3_pred_2": 19.76260209083557,
    "process_features_model_4_multimer_v3_pred_3": 2.384185791015625e-06,
    "predict_and_compile_model_4_multimer_v3_pred_3": 113.33792209625244,
    "relax_model_4_multimer_v3_pred_3": 36.420865297317505,
    "process_features_model_4_multimer_v3_pred_4": 2.1457672119140625e-06,
    "predict_and_compile_model_4_multimer_v3_pred_4": 59.44740438461304,
    "relax_model_4_multimer_v3_pred_4": 26.513587474822998,
    "process_features_model_5_multimer_v3_pred_0": 2.6226043701171875e-06,
    "predict_and_compile_model_5_multimer_v3_pred_0": 229.51625990867615,
    "relax_model_5_multimer_v3_pred_0": 19.87989568710327,
    "process_features_model_5_multimer_v3_pred_1": 2.6226043701171875e-06,
    "predict_and_compile_model_5_multimer_v3_pred_1": 113.4310257434845,
    "relax_model_5_multimer_v3_pred_1": 21.687050104141235,
    "process_features_model_5_multimer_v3_pred_2": 2.6226043701171875e-06,
    "predict_and_compile_model_5_multimer_v3_pred_2": 113.32681560516357,
    "relax_model_5_multimer_v3_pred_2": 19.493263006210327,
    "process_features_model_5_multimer_v3_pred_3": 2.86102294921875e-06,
    "predict_and_compile_model_5_multimer_v3_pred_3": 113.38827753067017,
    "relax_model_5_multimer_v3_pred_3": 19.93973731994629,
    "process_features_model_5_multimer_v3_pred_4": 2.384185791015625e-06,
    "predict_and_compile_model_5_multimer_v3_pred_4": 113.40280675888062,
    "relax_model_5_multimer_v3_pred_4": 20.36231279373169
}