seed,sample,ranking_score
1,0,0.9765597943077692
1,1,0.9664598102372232
1,2,0.9687666410032798
1,3,0.9785674776740927
1,4,0.9655487033661756
