{
    "features": 0.015812397003173828,
    "process_features_model_1_multimer_v3_pred_0": 1.9073486328125e-06,
    "predict_and_compile_model_1_multimer_v3_pred_0": 249.51967477798462,
    "predict_benchmark_model_1_multimer_v3_pred_0": 161.2235939502716,
    "process_features_model_2_multimer_v3_pred_0": 8.845329284667969e-05,
    "predict_and_compile_model_2_multimer_v3_pred_0": 246.91545701026917,
    "predict_benchmark_model_2_multimer_v3_pred_0": 160.86768245697021,
    "process_features_model_3_multimer_v3_pred_0": 1.811981201171875e-05,
    "predict_and_compile_model_3_multimer_v3_pred_0": 248.59796380996704,
    "predict_benchmark_model_3_multimer_v3_pred_0": 161.12619495391846,
    "process_features_model_4_multimer_v3_pred_0": 1.71661376953125e-05,
    "predict_and_compile_model_4_multimer_v3_pred_0": 241.88419389724731,
    "predict_benchmark_model_4_multimer_v3_pred_0": 156.84331035614014,
    "process_features_model_5_multimer_v3_pred_0": 1.52587890625e-05,
    "predict_and_compile_model_5_multimer_v3_pred_0": 243.40012192726135,
    "predict_benchmark_model_5_multimer_v3_pred_0": 157.85737133026123
}