seed,sample,ranking_score
1,0,0.6183515925567287
1,1,0.6289296746501674
1,2,0.6023985394868668
1,3,0.6323099201740936
1,4,0.6323049935297673
