seed,sample,ranking_score
1,0,0.6435148455222307
1,1,0.6490382902597288
1,2,0.6151611742279953
1,3,0.6493317465464405
1,4,0.6491012088693398
