{
    "features": 0.00917506217956543,
    "process_features_model_1_multimer_v3_pred_0": 3.337860107421875e-06,
    "predict_and_compile_model_1_multimer_v3_pred_0": 316.8497314453125,
    "relax_model_1_multimer_v3_pred_0": 201.71633291244507,
    "process_features_model_1_multimer_v3_pred_1": 2.86102294921875e-06,
    "predict_and_compile_model_1_multimer_v3_pred_1": 201.01189613342285,
    "relax_model_1_multimer_v3_pred_1": 50.83329439163208,
    "process_features_model_1_multimer_v3_pred_2": 3.337860107421875e-06,
    "predict_and_compile_model_1_multimer_v3_pred_2": 197.28251671791077,
    "relax_model_1_multimer_v3_pred_2": 46.55516052246094,
    "process_features_model_1_multimer_v3_pred_3": 3.0994415283203125e-06,
    "predict_and_compile_model_1_multimer_v3_pred_3": 198.14384055137634,
    "relax_model_1_multimer_v3_pred_3": 49.73228120803833,
    "process_features_model_1_multimer_v3_pred_4": 2.86102294921875e-06,
    "predict_and_compile_model_1_multimer_v3_pred_4": 197.7846875190735,
    "relax_model_1_multimer_v3_pred_4": 44.802656173706055,
    "process_features_model_2_multimer_v3_pred_0": 3.0994415283203125e-06,
    "predict_and_compile_model_2_multimer_v3_pred_0": 311.93245339393616,
    "relax_model_2_multimer_v3_pred_0": 45.59876322746277,
    "process_features_model_2_multimer_v3_pred_1": 2.86102294921875e-06,
    "predict_and_compile_model_2_multimer_v3_pred_1": 197.38390803337097,
    "relax_model_2_multimer_v3_pred_1": 46.93916845321655,
    "process_features_model_2_multimer_v3_pred_2": 3.0994415283203125e-06,
    "predict_and_compile_model_2_multimer_v3_pred_2": 197.9993143081665,
    "relax_model_2_multimer_v3_pred_2": 45.0966374874115,
    "process_features_model_2_multimer_v3_pred_3": 3.0994415283203125e-06,
    "predict_and_compile_model_2_multimer_v3_pred_3": 197.52514457702637,
    "relax_model_2_multimer_v3_pred_3": 46.94924998283386,
    "process_features_model_2_multimer_v3_pred_4": 3.0994415283203125e-06,
    "predict_and_compile_model_2_multimer_v3_pred_4": 200.71603345870972,
    "relax_model_2_multimer_v3_pred_4": 45.40618300437927,
    "process_features_model_3_multimer_v3_pred_0": 2.86102294921875e-06,
    "predict_and_compile_model_3_multimer_v3_pred_0": 260.7311053276062,
    "relax_model_3_multimer_v3_pred_0": 44.42416000366211,
    "process_features_model_3_multimer_v3_pred_1": 3.0994415283203125e-06,
    "predict_and_compile_model_3_multimer_v3_pred_1": 198.0323371887207,
    "relax_model_3_multimer_v3_pred_1": 41.954468727111816,
    "process_features_model_3_multimer_v3_pred_2": 2.6226043701171875e-06,
    "predict_and_compile_model_3_multimer_v3_pred_2": 197.8735067844391,
    "relax_model_3_multimer_v3_pred_2": 46.98553204536438,
    "process_features_model_3_multimer_v3_pred_3": 2.6226043701171875e-06,
    "predict_and_compile_model_3_multimer_v3_pred_3": 197.41440629959106,
    "relax_model_3_multimer_v3_pred_3": 44.2396502494812,
    "process_features_model_3_multimer_v3_pred_4": 2.86102294921875e-06,
    "predict_and_compile_model_3_multimer_v3_pred_4": 197.92522263526917,
    "relax_model_3_multimer_v3_pred_4": 46.78370499610901,
    "process_features_model_4_multimer_v3_pred_0": 3.5762786865234375e-06,
    "predict_and_compile_model_4_multimer_v3_pred_0": 314.2360489368439,
    "relax_model_4_multimer_v3_pred_0": 51.71308517456055,
    "process_features_model_4_multimer_v3_pred_1": 3.814697265625e-06,
    "predict_and_compile_model_4_multimer_v3_pred_1": 191.7290346622467,
    "relax_model_4_multimer_v3_pred_1": 55.68071722984314,
    "process_features_model_4_multimer_v3_pred_2": 2.86102294921875e-06,
    "predict_and_compile_model_4_multimer_v3_pred_2": 192.11584091186523,
    "relax_model_4_multimer_v3_pred_2": 49.56297826766968,
    "process_features_model_4_multimer_v3_pred_3": 2.86102294921875e-06,
    "predict_and_compile_model_4_multimer_v3_pred_3": 191.98998737335205,
    "relax_model_4_multimer_v3_pred_3": 47.274107694625854,
    "process_features_model_4_multimer_v3_pred_4": 3.0994415283203125e-06,
    "predict_and_compile_model_4_multimer_v3_pred_4": 192.14565563201904,
    "relax_model_4_multimer_v3_pred_4": 51.672367334365845,
    "process_features_model_5_multimer_v3_pred_0": 2.86102294921875e-06,
    "predict_and_compile_model_5_multimer_v3_pred_0": 309.38766860961914,
    "relax_model_5_multimer_v3_pred_0": 48.76549935340881,
    "process_features_model_5_multimer_v3_pred_1": 2.6226043701171875e-06,
    "predict_and_compile_model_5_multimer_v3_pred_1": 192.1262125968933,
    "relax_model_5_multimer_v3_pred_1": 48.73905277252197,
    "process_features_model_5_multimer_v3_pred_2": 2.86102294921875e-06,
    "predict_and_compile_model_5_multimer_v3_pred_2": 192.22948741912842,
    "relax_model_5_multimer_v3_pred_2": 44.41799736022949,
    "process_features_model_5_multimer_v3_pred_3": 2.86102294921875e-06,
    "predict_and_compile_model_5_multimer_v3_pred_3": 192.41944861412048,
    "relax_model_5_multimer_v3_pred_3": 47.28672409057617,
    "process_features_model_5_multimer_v3_pred_4": 3.337860107421875e-06,
    "predict_and_compile_model_5_multimer_v3_pred_4": 191.86010193824768,
    "relax_model_5_multimer_v3_pred_4": 45.6716673374176
}