{
    "features": 0.027207374572753906,
    "process_features_model_1_multimer_v3_pred_0": 3.5762786865234375e-06,
    "predict_and_compile_model_1_multimer_v3_pred_0": 417.04963874816895,
    "predict_benchmark_model_1_multimer_v3_pred_0": 328.72411131858826,
    "process_features_model_2_multimer_v3_pred_0": 2.574920654296875e-05,
    "predict_and_compile_model_2_multimer_v3_pred_0": 427.5077168941498,
    "predict_benchmark_model_2_multimer_v3_pred_0": 328.25562167167664,
    "process_features_model_3_multimer_v3_pred_0": 3.409385681152344e-05,
    "predict_and_compile_model_3_multimer_v3_pred_0": 417.2039134502411,
    "predict_benchmark_model_3_multimer_v3_pred_0": 327.8126645088196,
    "process_features_model_4_multimer_v3_pred_0": 6.771087646484375e-05,
    "predict_and_compile_model_4_multimer_v3_pred_0": 401.6016728878021,
    "predict_benchmark_model_4_multimer_v3_pred_0": 319.21621799468994,
    "process_features_model_5_multimer_v3_pred_0": 5.030632019042969e-05,
    "predict_and_compile_model_5_multimer_v3_pred_0": 408.4953646659851,
    "predict_benchmark_model_5_multimer_v3_pred_0": 318.93834233283997
}