seed,sample,ranking_score
5,0,0.8910076506861053
5,1,0.9026338874897862
5,2,0.9118781387658434
5,3,0.9096312657904704
5,4,0.9107873395330561
