seed,sample,ranking_score
1,0,0.4494775058907131
1,1,0.4747031410761889
1,2,0.4542683807766055
1,3,0.42762901538822523
1,4,0.46517186435440394
