seed,sample,ranking_score
1,0,0.7520334855633245
1,1,0.7713840080166278
1,2,0.7628127235008607
1,3,0.7643530777346796
1,4,0.7736567670906215
