seed,sample,ranking_score
1,0,0.3885071240506679
1,1,0.39120851741018586
1,2,0.388575991564174
1,3,0.4079212920420144
1,4,0.3993428424316319
