seed,sample,ranking_score
1,0,0.5647335855929042
1,1,0.4534300459644641
1,2,0.5602158736655183
1,3,0.5619011361836411
1,4,0.5542902383726854
