seed,sample,ranking_score
5,0,0.8563941839796188
5,1,0.852341721064911
5,2,0.8525881986388489
5,3,0.8438489810198028
5,4,0.8524880197842292
