seed,sample,ranking_score
4,0,0.7410679386821695
4,1,0.7062339114996878
4,2,0.7328310279947821
4,3,0.7160333762001039
4,4,0.7154487468630282
