seed,sample,ranking_score
4,0,0.7527184924889598
4,1,0.7498390704521359
4,2,0.7405117386685826
4,3,0.7398515188232269
4,4,0.7534878633742882
