{
    "features": 0.13452887535095215,
    "process_features_model_1_multimer_v3_pred_0": 4.5299530029296875e-06,
    "predict_and_compile_model_1_multimer_v3_pred_0": 318.49037981033325,
    "predict_benchmark_model_1_multimer_v3_pred_0": 198.48760151863098,
    "process_features_model_2_multimer_v3_pred_0": 3.5762786865234375e-06,
    "predict_and_compile_model_2_multimer_v3_pred_0": 314.5286214351654,
    "predict_benchmark_model_2_multimer_v3_pred_0": 197.9986071586609,
    "process_features_model_3_multimer_v3_pred_0": 3.814697265625e-06,
    "predict_and_compile_model_3_multimer_v3_pred_0": 314.44958424568176,
    "predict_benchmark_model_3_multimer_v3_pred_0": 198.21051692962646,
    "process_features_model_4_multimer_v3_pred_0": 1.4066696166992188e-05,
    "predict_and_compile_model_4_multimer_v3_pred_0": 314.52942752838135,
    "predict_benchmark_model_4_multimer_v3_pred_0": 192.6647231578827,
    "process_features_model_5_multimer_v3_pred_0": 4.291534423828125e-06,
    "predict_and_compile_model_5_multimer_v3_pred_0": 266.47647166252136,
    "predict_benchmark_model_5_multimer_v3_pred_0": 146.6668360233307
}