seed,sample,ranking_score
1,0,0.46212308001761004
1,1,0.4680411948061687
1,2,0.4719468652504524
1,3,0.46610565776821966
1,4,0.4645707050157255
