seed,sample,ranking_score
2,0,0.7944687342907439
2,1,0.7971119616674156
2,2,0.8024009795392927
2,3,0.7896931726211553
2,4,0.7959321994306585
