seed,sample,ranking_score
1,0,0.9385673779343722
1,1,0.9212568450315544
1,2,0.94649554930311
1,3,0.9380867771753962
1,4,0.9314784811834975
