seed,sample,ranking_score
1,0,0.6216930201542704
1,1,0.6595522293783229
1,2,0.6549793951252013
1,3,0.6426926864731453
1,4,0.7134606814414195
