seed,sample,ranking_score
1,0,0.884706870511916
1,1,0.8751775368325474
1,2,0.8654509026299843
1,3,0.8804605671537638
1,4,0.8652261209941753
