seed,sample,ranking_score
1,0,0.5653297124188851
1,1,0.5812508367720584
1,2,0.586734535827754
1,3,0.5694518664451711
1,4,0.5727286665149482
