seed,sample,ranking_score
1,0,0.6278430518498938
1,1,0.6376520998740698
1,2,0.6320234708725002
1,3,0.6518218934384734
1,4,0.6441181770294087
