seed,sample,ranking_score
1,0,0.6013027642178186
1,1,0.6041324556344467
1,2,0.5951887193381578
1,3,0.604140548478709
1,4,0.5980972194398143
