seed,sample,ranking_score
1,0,0.37027282051204136
1,1,0.3727065251573635
1,2,0.38411016719653257
1,3,0.3561162661363464
1,4,0.3755544210563036
