{
    "iptm+ptm": {
        "model_1_multimer_v3_pred_0": 0.7974099855180782,
        "model_1_multimer_v3_pred_1": 0.8169511360457477,
        "model_1_multimer_v3_pred_2": 0.7980660808688844,
        "model_1_multimer_v3_pred_3": 0.8060177596168031,
        "model_1_multimer_v3_pred_4": 0.8086098604009658,
        "model_2_multimer_v3_pred_0": 0.8137565702329849,
        "model_2_multimer_v3_pred_1": 0.8051069266727607,
        "model_2_multimer_v3_pred_2": 0.8041642249927763,
        "model_2_multimer_v3_pred_3": 0.8156613469179197,
        "model_2_multimer_v3_pred_4": 0.813666739379948,
        "model_3_multimer_v3_pred_0": 0.8132845043471358,
        "model_3_multimer_v3_pred_1": 0.8205883650760559,
        "model_3_multimer_v3_pred_2": 0.8098098244648276,
        "model_3_multimer_v3_pred_3": 0.8157055132519242,
        "model_3_multimer_v3_pred_4": 0.8156998786162201,
        "model_4_multimer_v3_pred_0": 0.790487941201134,
        "model_4_multimer_v3_pred_1": 0.7915046500296314,
        "model_4_multimer_v3_pred_2": 0.7853289770316065,
        "model_4_multimer_v3_pred_3": 0.807110297933788,
        "model_4_multimer_v3_pred_4": 0.808909511678486,
        "model_5_multimer_v3_pred_0": 0.8023898264001875,
        "model_5_multimer_v3_pred_1": 0.8096140566076724,
        "model_5_multimer_v3_pred_2": 0.8027183119809657,
        "model_5_multimer_v3_pred_3": 0.8021625309393777,
        "model_5_multimer_v3_pred_4": 0.8036073829785917
    },
    "order": [
        "model_3_multimer_v3_pred_1",
        "model_1_multimer_v3_pred_1",
        "model_3_multimer_v3_pred_3",
        "model_3_multimer_v3_pred_4",
        "model_2_multimer_v3_pred_3",
        "model_2_multimer_v3_pred_0",
        "model_2_multimer_v3_pred_4",
        "model_3_multimer_v3_pred_0",
        "model_3_multimer_v3_pred_2",
        "model_5_multimer_v3_pred_1",
        "model_4_multimer_v3_pred_4",
        "model_1_multimer_v3_pred_4",
        "model_4_multimer_v3_pred_3",
        "model_1_multimer_v3_pred_3",
        "model_2_multimer_v3_pred_1",
        "model_2_multimer_v3_pred_2",
        "model_5_multimer_v3_pred_4",
        "model_5_multimer_v3_pred_2",
        "model_5_multimer_v3_pred_0",
        "model_5_multimer_v3_pred_3",
        "model_1_multimer_v3_pred_2",
        "model_1_multimer_v3_pred_0",
        "model_4_multimer_v3_pred_1",
        "model_4_multimer_v3_pred_0",
        "model_4_multimer_v3_pred_2"
    ]
}