{
    "features": 0.22680091857910156,
    "process_features_model_1_multimer_v3_pred_0": 5.245208740234375e-06,
    "predict_and_compile_model_1_multimer_v3_pred_0": 360.12907671928406,
    "predict_benchmark_model_1_multimer_v3_pred_0": 245.60777354240417,
    "process_features_model_2_multimer_v3_pred_0": 4.291534423828125e-06,
    "predict_and_compile_model_2_multimer_v3_pred_0": 355.7443141937256,
    "predict_benchmark_model_2_multimer_v3_pred_0": 245.323383808136,
    "process_features_model_3_multimer_v3_pred_0": 5.245208740234375e-06,
    "predict_and_compile_model_3_multimer_v3_pred_0": 356.56753301620483,
    "predict_benchmark_model_3_multimer_v3_pred_0": 244.72264409065247,
    "process_features_model_4_multimer_v3_pred_0": 4.0531158447265625e-06,
    "predict_and_compile_model_4_multimer_v3_pred_0": 353.7740831375122,
    "predict_benchmark_model_4_multimer_v3_pred_0": 238.34961462020874,
    "process_features_model_5_multimer_v3_pred_0": 3.814697265625e-06,
    "predict_and_compile_model_5_multimer_v3_pred_0": 351.4182596206665,
    "predict_benchmark_model_5_multimer_v3_pred_0": 238.54979300498962
}