{
    "features": 0.013315439224243164,
    "process_features_model_1_multimer_v3_pred_0": 2.86102294921875e-06,
    "predict_and_compile_model_1_multimer_v3_pred_0": 162.425763130188,
    "predict_benchmark_model_1_multimer_v3_pred_0": 79.17703604698181,
    "process_features_model_2_multimer_v3_pred_0": 8.58306884765625e-06,
    "predict_and_compile_model_2_multimer_v3_pred_0": 165.37375330924988,
    "predict_benchmark_model_2_multimer_v3_pred_0": 79.08490443229675,
    "process_features_model_3_multimer_v3_pred_0": 1.0013580322265625e-05,
    "predict_and_compile_model_3_multimer_v3_pred_0": 195.310311794281,
    "predict_benchmark_model_3_multimer_v3_pred_0": 110.9300889968872,
    "process_features_model_4_multimer_v3_pred_0": 8.344650268554688e-06,
    "predict_and_compile_model_4_multimer_v3_pred_0": 194.19569373130798,
    "predict_benchmark_model_4_multimer_v3_pred_0": 108.66114139556885,
    "process_features_model_5_multimer_v3_pred_0": 2.47955322265625e-05,
    "predict_and_compile_model_5_multimer_v3_pred_0": 197.87608218193054,
    "predict_benchmark_model_5_multimer_v3_pred_0": 108.86064410209656
}