{
    "features": 0.06661009788513184,
    "process_features_model_1_multimer_v3_pred_0": 2.86102294921875e-06,
    "predict_and_compile_model_1_multimer_v3_pred_0": 124.73713159561157,
    "predict_benchmark_model_1_multimer_v3_pred_0": 43.22140169143677,
    "process_features_model_2_multimer_v3_pred_0": 3.409385681152344e-05,
    "predict_and_compile_model_2_multimer_v3_pred_0": 210.75849103927612,
    "predict_benchmark_model_2_multimer_v3_pred_0": 130.31273889541626,
    "process_features_model_3_multimer_v3_pred_0": 2.1696090698242188e-05,
    "predict_and_compile_model_3_multimer_v3_pred_0": 157.45949172973633,
    "predict_benchmark_model_3_multimer_v3_pred_0": 74.1284327507019,
    "process_features_model_4_multimer_v3_pred_0": 3.528594970703125e-05,
    "predict_and_compile_model_4_multimer_v3_pred_0": 209.56483602523804,
    "predict_benchmark_model_4_multimer_v3_pred_0": 125.61947464942932,
    "process_features_model_5_multimer_v3_pred_0": 1.9550323486328125e-05,
    "predict_and_compile_model_5_multimer_v3_pred_0": 212.60482931137085,
    "predict_benchmark_model_5_multimer_v3_pred_0": 125.81387305259705
}