seed,sample,ranking_score
1,0,0.7387264950711653
1,1,0.7149927247847876
1,2,0.706314830420391
1,3,0.7188630739602655
1,4,0.7137057147747908
