seed,sample,ranking_score
1,0,0.6131636901656623
1,1,0.5879911159370397
1,2,0.6096757967504336
1,3,0.33027391151042756
1,4,0.6071269172739456
