seed,sample,ranking_score
1,0,0.5760433960456367
1,1,0.5768114715805643
1,2,0.5864878375080245
1,3,0.5868359666396867
1,4,0.5808892855416328
