seed,sample,ranking_score
5,0,0.9363417642142418
5,1,0.9356369564324594
5,2,0.9566283112849275
5,3,0.9489140961811551
5,4,0.9311318284216934
