seed,sample,ranking_score
1,0,0.7824878362126926
1,1,0.7400964326052548
1,2,0.7512626951061638
1,3,0.7529306423342135
1,4,0.7790258008935207
