{
    "features": 0.19497156143188477,
    "process_features_model_1_multimer_v3_pred_0": 5.4836273193359375e-06,
    "predict_and_compile_model_1_multimer_v3_pred_0": 377.5532681941986,
    "predict_benchmark_model_1_multimer_v3_pred_0": 262.12358832359314,
    "process_features_model_2_multimer_v3_pred_0": 4.0531158447265625e-06,
    "predict_and_compile_model_2_multimer_v3_pred_0": 369.90156960487366,
    "predict_benchmark_model_2_multimer_v3_pred_0": 262.05488872528076,
    "process_features_model_3_multimer_v3_pred_0": 4.291534423828125e-06,
    "predict_and_compile_model_3_multimer_v3_pred_0": 373.1539568901062,
    "predict_benchmark_model_3_multimer_v3_pred_0": 261.62793827056885,
    "process_features_model_4_multimer_v3_pred_0": 4.291534423828125e-06,
    "predict_and_compile_model_4_multimer_v3_pred_0": 371.7080969810486,
    "predict_benchmark_model_4_multimer_v3_pred_0": 255.838454246521,
    "process_features_model_5_multimer_v3_pred_0": 3.814697265625e-06,
    "predict_and_compile_model_5_multimer_v3_pred_0": 370.92108154296875,
    "predict_benchmark_model_5_multimer_v3_pred_0": 255.4253373146057
}