{
    "features": 0.13960933685302734,
    "process_features_model_1_multimer_v3_pred_0": 3.5762786865234375e-06,
    "predict_and_compile_model_1_multimer_v3_pred_0": 103.59441471099854,
    "predict_benchmark_model_1_multimer_v3_pred_0": 23.97582459449768,
    "process_features_model_2_multimer_v3_pred_0": 1.811981201171875e-05,
    "predict_and_compile_model_2_multimer_v3_pred_0": 108.02614521980286,
    "predict_benchmark_model_2_multimer_v3_pred_0": 23.981138467788696,
    "process_features_model_3_multimer_v3_pred_0": 9.059906005859375e-06,
    "predict_and_compile_model_3_multimer_v3_pred_0": 108.97577905654907,
    "predict_benchmark_model_3_multimer_v3_pred_0": 28.77914524078369,
    "process_features_model_4_multimer_v3_pred_0": 1.0013580322265625e-05,
    "predict_and_compile_model_4_multimer_v3_pred_0": 117.4756212234497,
    "predict_benchmark_model_4_multimer_v3_pred_0": 37.50967192649841,
    "process_features_model_5_multimer_v3_pred_0": 1.049041748046875e-05,
    "predict_and_compile_model_5_multimer_v3_pred_0": 121.54881262779236,
    "predict_benchmark_model_5_multimer_v3_pred_0": 42.2683961391449
}