seed,sample,ranking_score
1,0,0.4288284566082204
1,1,0.4383902870579447
1,2,0.4154718948984053
1,3,0.42846726234013843
1,4,0.4316491841721628
