{
    "features": 0.16958022117614746,
    "process_features_model_1_multimer_v3_pred_0": 5.245208740234375e-06,
    "predict_and_compile_model_1_multimer_v3_pred_0": 970.908371925354,
    "predict_benchmark_model_1_multimer_v3_pred_0": 812.9502265453339,
    "process_features_model_2_multimer_v3_pred_0": 4.76837158203125e-06,
    "predict_and_compile_model_2_multimer_v3_pred_0": 963.454493522644,
    "predict_benchmark_model_2_multimer_v3_pred_0": 812.3467655181885,
    "process_features_model_3_multimer_v3_pred_0": 4.76837158203125e-06,
    "predict_and_compile_model_3_multimer_v3_pred_0": 965.2875499725342,
    "predict_benchmark_model_3_multimer_v3_pred_0": 810.914933681488,
    "process_features_model_4_multimer_v3_pred_0": 4.76837158203125e-06,
    "predict_and_compile_model_4_multimer_v3_pred_0": 944.7938702106476,
    "predict_benchmark_model_4_multimer_v3_pred_0": 792.7837853431702,
    "process_features_model_5_multimer_v3_pred_0": 4.76837158203125e-06,
    "predict_and_compile_model_5_multimer_v3_pred_0": 932.3486771583557,
    "predict_benchmark_model_5_multimer_v3_pred_0": 792.0285987854004
}