seed,sample,ranking_score
1,0,0.6311704498770796
1,1,0.6392448964407011
1,2,0.6405187705610395
1,3,0.6298249268441555
1,4,0.6221004866356991
