seed,sample,ranking_score
1,0,0.6300842384229768
1,1,0.6206534713670233
1,2,0.6341698595918863
1,3,0.63874031068425
1,4,0.6253858166285645
