seed,sample,ranking_score
1,0,0.8667083131584282
1,1,0.8767128864826524
1,2,0.8600899891286103
1,3,0.8920697443273564
1,4,0.8882788116631234
