seed,sample,ranking_score
1,0,0.6360122997878533
1,1,0.6427275738919647
1,2,0.6402844677202671
1,3,0.6521363763967645
1,4,0.6516406221253173
