{
    "features": 0.31000256538391113,
    "process_features_model_1_multimer_v3_pred_0": 6.198883056640625e-06,
    "predict_and_compile_model_1_multimer_v3_pred_0": 175.45115971565247,
    "predict_benchmark_model_1_multimer_v3_pred_0": 99.1933650970459,
    "process_features_model_2_multimer_v3_pred_0": 2.2649765014648438e-05,
    "predict_and_compile_model_2_multimer_v3_pred_0": 215.73514890670776,
    "predict_benchmark_model_2_multimer_v3_pred_0": 130.2092068195343,
    "process_features_model_3_multimer_v3_pred_0": 2.7894973754882812e-05,
    "predict_and_compile_model_3_multimer_v3_pred_0": 214.0802023410797,
    "predict_benchmark_model_3_multimer_v3_pred_0": 130.12987351417542,
    "process_features_model_4_multimer_v3_pred_0": 6.67572021484375e-06,
    "predict_and_compile_model_4_multimer_v3_pred_0": 210.91260075569153,
    "predict_benchmark_model_4_multimer_v3_pred_0": 125.52501201629639,
    "process_features_model_5_multimer_v3_pred_0": 6.198883056640625e-06,
    "predict_and_compile_model_5_multimer_v3_pred_0": 211.69476890563965,
    "predict_benchmark_model_5_multimer_v3_pred_0": 125.53899645805359
}