seed,sample,ranking_score
1,0,0.42524293375370337
1,1,0.39976305319496663
1,2,0.41614322075943994
1,3,0.42950121253471785
1,4,0.4095637472498541
