seed,sample,ranking_score
1,0,0.6315298929541551
1,1,0.6456721232877408
1,2,0.6442358531961512
1,3,0.62724029147309
1,4,0.6202185717758159
