seed,sample,ranking_score
1,0,0.24068947910889413
1,1,0.2553279133402214
1,2,0.2358151502489724
1,3,0.24703518607106661
1,4,0.24613384075030623
