seed,sample,ranking_score
1,0,0.5898509667546257
1,1,0.580724628330395
1,2,0.6026230331322673
1,3,0.6013089975841168
1,4,0.590975637066309
