seed,sample,ranking_score
1,0,0.6183755587948211
1,1,0.6148682588909282
1,2,0.6250047535562144
1,3,0.5997141610332455
1,4,0.6086955068135881
