seed,sample,ranking_score
1,0,0.7062145679728217
1,1,0.7328273945103787
1,2,0.7291439975650842
1,3,0.7015782739146783
1,4,0.679535505233902
