seed,sample,ranking_score
1,0,0.3568798648402843
1,1,0.3810617209117121
1,2,0.3568892070737383
1,3,0.3620412301270708
1,4,0.36351257149964744
