{
    "features": 0.10921978950500488,
    "process_features_model_1_multimer_v3_pred_0": 4.291534423828125e-06,
    "predict_and_compile_model_1_multimer_v3_pred_0": 199.40708422660828,
    "predict_benchmark_model_1_multimer_v3_pred_0": 123.20802927017212,
    "process_features_model_2_multimer_v3_pred_0": 2.1219253540039062e-05,
    "predict_and_compile_model_2_multimer_v3_pred_0": 131.99548649787903,
    "predict_benchmark_model_2_multimer_v3_pred_0": 52.54544448852539,
    "process_features_model_3_multimer_v3_pred_0": 2.288818359375e-05,
    "predict_and_compile_model_3_multimer_v3_pred_0": 203.20510721206665,
    "predict_benchmark_model_3_multimer_v3_pred_0": 122.9997136592865,
    "process_features_model_4_multimer_v3_pred_0": 3.933906555175781e-05,
    "predict_and_compile_model_4_multimer_v3_pred_0": 200.89444303512573,
    "predict_benchmark_model_4_multimer_v3_pred_0": 119.67210865020752,
    "process_features_model_5_multimer_v3_pred_0": 3.600120544433594e-05,
    "predict_and_compile_model_5_multimer_v3_pred_0": 203.63093185424805,
    "predict_benchmark_model_5_multimer_v3_pred_0": 119.64865303039551
}