seed,sample,ranking_score
1,0,0.576418686031299
1,1,0.579025722300264
1,2,0.5871998183510654
1,3,0.5983019666373215
1,4,0.5870997859772306
