{
    "features": 0.055481910705566406,
    "process_features_model_1_multimer_v3_pred_0": 3.5762786865234375e-06,
    "predict_and_compile_model_1_multimer_v3_pred_0": 186.5737121105194,
    "predict_benchmark_model_1_multimer_v3_pred_0": 102.32233929634094,
    "process_features_model_2_multimer_v3_pred_0": 1.9073486328125e-05,
    "predict_and_compile_model_2_multimer_v3_pred_0": 185.92447328567505,
    "predict_benchmark_model_2_multimer_v3_pred_0": 102.06145215034485,
    "process_features_model_3_multimer_v3_pred_0": 1.8835067749023438e-05,
    "predict_and_compile_model_3_multimer_v3_pred_0": 189.3703362941742,
    "predict_benchmark_model_3_multimer_v3_pred_0": 102.2162024974823,
    "process_features_model_4_multimer_v3_pred_0": 1.8835067749023438e-05,
    "predict_and_compile_model_4_multimer_v3_pred_0": 117.73281860351562,
    "predict_benchmark_model_4_multimer_v3_pred_0": 28.452579975128174,
    "process_features_model_5_multimer_v3_pred_0": 2.4080276489257812e-05,
    "predict_and_compile_model_5_multimer_v3_pred_0": 187.69513750076294,
    "predict_benchmark_model_5_multimer_v3_pred_0": 98.96688318252563
}