seed,sample,ranking_score
1,0,0.765030683734476
1,1,0.7385535911028276
1,2,0.7612806305829054
1,3,0.7449886891832262
1,4,0.767617807016712
