seed,sample,ranking_score
1,0,0.6766082287072207
1,1,0.7082103124532071
1,2,0.6927978533423365
1,3,0.6881715864516189
1,4,0.6923224656058705
