seed,sample,ranking_score
1,0,0.4287845181707347
1,1,0.48750080157312425
1,2,0.4013936031884354
1,3,0.4714639472567006
1,4,0.47599097398932066
