{
    "features": 0.563819169998169,
    "process_features_model_1_multimer_v3_pred_0": 4.5299530029296875e-06,
    "predict_and_compile_model_1_multimer_v3_pred_0": 499.1532597541809,
    "predict_benchmark_model_1_multimer_v3_pred_0": 380.51386547088623,
    "process_features_model_2_multimer_v3_pred_0": 3.0994415283203125e-06,
    "predict_and_compile_model_2_multimer_v3_pred_0": 493.8580038547516,
    "predict_benchmark_model_2_multimer_v3_pred_0": 380.83778643608093,
    "process_features_model_3_multimer_v3_pred_0": 3.814697265625e-06,
    "predict_and_compile_model_3_multimer_v3_pred_0": 495.32204937934875,
    "predict_benchmark_model_3_multimer_v3_pred_0": 379.91790437698364,
    "process_features_model_4_multimer_v3_pred_0": 3.5762786865234375e-06,
    "predict_and_compile_model_4_multimer_v3_pred_0": 488.99593901634216,
    "predict_benchmark_model_4_multimer_v3_pred_0": 369.81264185905457,
    "process_features_model_5_multimer_v3_pred_0": 3.5762786865234375e-06,
    "predict_and_compile_model_5_multimer_v3_pred_0": 481.990602016449,
    "predict_benchmark_model_5_multimer_v3_pred_0": 369.7710826396942
}