seed,sample,ranking_score
1,0,0.6841901832348565
1,1,0.6927676438212214
1,2,0.6998601679182465
1,3,0.7013902426895975
1,4,0.6935045383621139
