seed,sample,ranking_score
1,0,0.5035609834528416
1,1,0.489585626902655
1,2,0.4784454981432818
1,3,0.4993350236067052
1,4,0.48298588613486937
