seed,sample,ranking_score
1,0,0.5603539226645147
1,1,0.5457562688719898
1,2,0.5438413681513274
1,3,0.551633918701445
1,4,0.5587505562937499
