{
    "features": 0.1646251678466797,
    "process_features_model_1_multimer_v3_pred_0": 6.4373016357421875e-06,
    "predict_and_compile_model_1_multimer_v3_pred_0": 124.66886377334595,
    "predict_benchmark_model_1_multimer_v3_pred_0": 47.04177951812744,
    "process_features_model_2_multimer_v3_pred_0": 2.3603439331054688e-05,
    "predict_and_compile_model_2_multimer_v3_pred_0": 128.96230292320251,
    "predict_benchmark_model_2_multimer_v3_pred_0": 52.24233293533325,
    "process_features_model_3_multimer_v3_pred_0": 8.106231689453125e-06,
    "predict_and_compile_model_3_multimer_v3_pred_0": 130.46895289421082,
    "predict_benchmark_model_3_multimer_v3_pred_0": 52.344929695129395,
    "process_features_model_4_multimer_v3_pred_0": 1.33514404296875e-05,
    "predict_and_compile_model_4_multimer_v3_pred_0": 127.38353323936462,
    "predict_benchmark_model_4_multimer_v3_pred_0": 45.71722149848938,
    "process_features_model_5_multimer_v3_pred_0": 6.198883056640625e-06,
    "predict_and_compile_model_5_multimer_v3_pred_0": 142.34566450119019,
    "predict_benchmark_model_5_multimer_v3_pred_0": 60.70401120185852
}