seed,sample,ranking_score
1,0,0.752477241424146
1,1,0.7681216441984801
1,2,0.7708286121134001
1,3,0.6319249726524728
1,4,0.67657702314878
