seed,sample,ranking_score
1,0,0.3354767299444583
1,1,0.3689287099848223
1,2,0.37136228538626925
1,3,0.41272002869024627
1,4,0.3721628818588387
