seed,sample,ranking_score
1,0,0.6022739071194627
1,1,0.6208752913783282
1,2,0.617989602075735
1,3,0.6164694110888698
1,4,0.6033568139091114
