seed,sample,ranking_score
1,0,0.6019778251605385
1,1,0.6003210660820533
1,2,0.6113250034225453
1,3,0.6131641840996246
1,4,0.6095478571224884
