seed,sample,ranking_score
1,0,0.6049459624476156
1,1,0.7826500290379375
1,2,0.7426788155078135
1,3,0.7498960932966224
1,4,0.7912143663518943
