seed,sample,ranking_score
5,0,0.9880750923281708
5,1,0.9798487942979781
5,2,0.9923750583582348
5,3,0.9789950451468672
5,4,0.9773096634600691
