seed,sample,ranking_score
1,0,0.6298730231593954
1,1,0.6148177273806448
1,2,0.536751546560507
1,3,0.5098660193463553
1,4,0.5005727180147606
