seed,sample,ranking_score
1,0,0.9275692210271566
1,1,0.9218965391543626
1,2,0.9305509987108955
1,3,0.924550275413383
1,4,0.9233393633481424
