seed,sample,ranking_score
1,0,0.7256094690815286
1,1,0.7297105478657104
1,2,0.707840099632757
1,3,0.718415373348921
1,4,0.7093285168615437
