{
    "features": 0.015246391296386719,
    "process_features_model_1_multimer_v3_pred_0": 2.86102294921875e-06,
    "predict_and_compile_model_1_multimer_v3_pred_0": 235.18187284469604,
    "predict_benchmark_model_1_multimer_v3_pred_0": 144.9237015247345,
    "process_features_model_2_multimer_v3_pred_0": 4.2438507080078125e-05,
    "predict_and_compile_model_2_multimer_v3_pred_0": 229.59812355041504,
    "predict_benchmark_model_2_multimer_v3_pred_0": 145.10067558288574,
    "process_features_model_3_multimer_v3_pred_0": 9.059906005859375e-06,
    "predict_and_compile_model_3_multimer_v3_pred_0": 146.69210720062256,
    "predict_benchmark_model_3_multimer_v3_pred_0": 62.08392524719238,
    "process_features_model_4_multimer_v3_pred_0": 2.5033950805664062e-05,
    "predict_and_compile_model_4_multimer_v3_pred_0": 225.17373991012573,
    "predict_benchmark_model_4_multimer_v3_pred_0": 142.28741574287415,
    "process_features_model_5_multimer_v3_pred_0": 3.075599670410156e-05,
    "predict_and_compile_model_5_multimer_v3_pred_0": 140.58464574813843,
    "predict_benchmark_model_5_multimer_v3_pred_0": 54.18899178504944
}