seed,sample,ranking_score
1,0,1.0075208623468452
1,1,1.0117774008448976
1,2,1.0078324888271022
1,3,1.0133246738974677
1,4,1.0102980425497337
