seed,sample,ranking_score
5,0,0.8088205121501225
5,1,0.7968624121076764
5,2,0.7927643238224903
5,3,0.8127742662162397
5,4,0.805845164253746
