seed,sample,ranking_score
1,0,0.5704354207590626
1,1,0.6093040390207717
1,2,0.612627338424
1,3,0.6027565512366945
1,4,0.5760234707934963
