seed,sample,ranking_score
1,0,0.5742658048346168
1,1,0.5571585648065034
1,2,0.5654082173838597
1,3,0.6166800869909403
1,4,0.594080285802551
