seed,sample,ranking_score
1,0,0.6358125884443794
1,1,0.6352522530187861
1,2,0.619214568301273
1,3,0.6277302440067419
1,4,0.5978841429950543
