seed,sample,ranking_score
1,0,0.5605863745897169
1,1,0.5438874247134804
1,2,0.5275527735706539
1,3,0.47554936982927526
1,4,0.5533416831885055
