seed,sample,ranking_score
1,0,0.6184316739382608
1,1,0.5969677687801352
1,2,0.6247579482567217
1,3,0.6034060241080437
1,4,0.6069591219364195
