seed,sample,ranking_score
1,0,0.5589722718212503
1,1,0.599212406801868
1,2,0.6134521392391292
1,3,0.5834214900512164
1,4,0.578239857461259
