seed,sample,ranking_score
4,0,0.9284433953076623
4,1,0.9342405952960224
4,2,0.9271269911806569
4,3,0.9156332146392205
4,4,0.9396939680941171
