seed,sample,ranking_score
1,0,0.5927981078590662
1,1,0.5897840471910836
1,2,0.5778388637626297
1,3,0.583825357156369
1,4,0.5479267147391561
