seed,sample,ranking_score
1,0,0.6874145392983599
1,1,0.6616037831454702
1,2,0.6647656577046603
1,3,0.6796592365184491
1,4,0.6893464526285167
