seed,sample,ranking_score
1,0,0.6970098495257578
1,1,0.6721532920950406
1,2,0.7136207445408391
1,3,0.698880092160156
1,4,0.688031348967484
