seed,sample,ranking_score
1,0,0.4965423460112476
1,1,0.4750704828940291
1,2,0.4810950307795936
1,3,0.4636967042422475
1,4,0.47111792716469936
