seed,sample,ranking_score
1,0,0.8786553002530855
1,1,0.8413565049779876
1,2,0.8333730540688908
1,3,0.8269315379325637
1,4,0.8602152635818436
