seed,sample,ranking_score
1,0,0.9940227848622009
1,1,0.992606841126235
1,2,0.9947852497695904
1,3,0.995454652189026
1,4,0.9937982404145915
