{
    "features": 0.11025023460388184,
    "process_features_model_1_multimer_v3_pred_0": 5.245208740234375e-06,
    "predict_and_compile_model_1_multimer_v3_pred_0": 356.26705622673035,
    "predict_benchmark_model_1_multimer_v3_pred_0": 238.66304969787598,
    "process_features_model_2_multimer_v3_pred_0": 3.337860107421875e-06,
    "predict_and_compile_model_2_multimer_v3_pred_0": 329.42955589294434,
    "predict_benchmark_model_2_multimer_v3_pred_0": 215.87086462974548,
    "process_features_model_3_multimer_v3_pred_0": 4.0531158447265625e-06,
    "predict_and_compile_model_3_multimer_v3_pred_0": 287.22038865089417,
    "predict_benchmark_model_3_multimer_v3_pred_0": 170.57588148117065,
    "process_features_model_4_multimer_v3_pred_0": 4.0531158447265625e-06,
    "predict_and_compile_model_4_multimer_v3_pred_0": 355.3327193260193,
    "predict_benchmark_model_4_multimer_v3_pred_0": 232.34719467163086,
    "process_features_model_5_multimer_v3_pred_0": 4.291534423828125e-06,
    "predict_and_compile_model_5_multimer_v3_pred_0": 348.0822722911835,
    "predict_benchmark_model_5_multimer_v3_pred_0": 232.54791975021362
}