seed,sample,ranking_score
1,0,0.7049505868813575
1,1,0.7207195339690323
1,2,0.7192963703027212
1,3,0.7179569427817407
1,4,0.7157150078887445
