{
    "features": 0.32071399688720703,
    "process_features_model_1_multimer_v3_pred_0": 4.5299530029296875e-06,
    "predict_and_compile_model_1_multimer_v3_pred_0": 1142.451919078827,
    "predict_benchmark_model_1_multimer_v3_pred_0": 1021.0596926212311,
    "process_features_model_2_multimer_v3_pred_0": 3.5762786865234375e-06,
    "predict_and_compile_model_2_multimer_v3_pred_0": 1129.5006048679352,
    "predict_benchmark_model_2_multimer_v3_pred_0": 1020.5929689407349,
    "process_features_model_3_multimer_v3_pred_0": 4.5299530029296875e-06,
    "predict_and_compile_model_3_multimer_v3_pred_0": 1124.036561012268,
    "predict_benchmark_model_3_multimer_v3_pred_0": 1021.0512206554413,
    "process_features_model_4_multimer_v3_pred_0": 2.956390380859375e-05,
    "predict_and_compile_model_4_multimer_v3_pred_0": 1106.8818464279175,
    "predict_benchmark_model_4_multimer_v3_pred_0": 999.0719649791718,
    "process_features_model_5_multimer_v3_pred_0": 5.245208740234375e-06,
    "predict_and_compile_model_5_multimer_v3_pred_0": 1106.9740943908691,
    "predict_benchmark_model_5_multimer_v3_pred_0": 999.3569011688232
}