{
    "features": 0.23817944526672363,
    "process_features_model_1_multimer_v3_pred_0": 2.1457672119140625e-05,
    "predict_and_compile_model_1_multimer_v3_pred_0": 1788.4779131412506,
    "predict_benchmark_model_1_multimer_v3_pred_0": 1663.2810666561127,
    "process_features_model_2_multimer_v3_pred_0": 5.4836273193359375e-06,
    "predict_and_compile_model_2_multimer_v3_pred_0": 1772.4301002025604,
    "predict_benchmark_model_2_multimer_v3_pred_0": 1663.256944656372,
    "process_features_model_3_multimer_v3_pred_0": 9.5367431640625e-06,
    "predict_and_compile_model_3_multimer_v3_pred_0": 1774.7718365192413,
    "predict_benchmark_model_3_multimer_v3_pred_0": 1663.4727051258087,
    "process_features_model_4_multimer_v3_pred_0": 4.0531158447265625e-06,
    "predict_and_compile_model_4_multimer_v3_pred_0": 1741.3049066066742,
    "predict_benchmark_model_4_multimer_v3_pred_0": 1622.2732186317444,
    "process_features_model_5_multimer_v3_pred_0": 9.775161743164062e-06,
    "predict_and_compile_model_5_multimer_v3_pred_0": 1723.5692903995514,
    "predict_benchmark_model_5_multimer_v3_pred_0": 1622.5977697372437
}