seed,sample,ranking_score
1,0,0.822812230008424
1,1,0.8091189776976353
1,2,0.8108609032396787
1,3,0.805729013184095
1,4,0.7988245116698885
