seed,sample,ranking_score
1,0,0.6954176656889766
1,1,0.7049246447764126
1,2,0.6977125826303963
1,3,0.7025152044300258
1,4,0.6986118998730728
