{
    "features": 0.16708922386169434,
    "process_features_model_1_multimer_v3_pred_0": 5.0067901611328125e-06,
    "predict_and_compile_model_1_multimer_v3_pred_0": 668.9091322422028,
    "predict_benchmark_model_1_multimer_v3_pred_0": 546.7063038349152,
    "process_features_model_2_multimer_v3_pred_0": 3.814697265625e-06,
    "predict_and_compile_model_2_multimer_v3_pred_0": 661.9646871089935,
    "predict_benchmark_model_2_multimer_v3_pred_0": 546.8361315727234,
    "process_features_model_3_multimer_v3_pred_0": 4.291534423828125e-06,
    "predict_and_compile_model_3_multimer_v3_pred_0": 663.1087584495544,
    "predict_benchmark_model_3_multimer_v3_pred_0": 547.0516283512115,
    "process_features_model_4_multimer_v3_pred_0": 4.0531158447265625e-06,
    "predict_and_compile_model_4_multimer_v3_pred_0": 652.245899438858,
    "predict_benchmark_model_4_multimer_v3_pred_0": 533.5406019687653,
    "process_features_model_5_multimer_v3_pred_0": 3.5762786865234375e-06,
    "predict_and_compile_model_5_multimer_v3_pred_0": 640.959244966507,
    "predict_benchmark_model_5_multimer_v3_pred_0": 533.6499156951904
}