seed,sample,ranking_score
1,0,0.8599815002188772
1,1,0.8724442736380684
1,2,0.869043878365569
1,3,0.8623937249828324
1,4,0.8604972383942145
