seed,sample,ranking_score
1,0,0.3651999228973814
1,1,0.3590410560565639
1,2,0.40354366219927595
1,3,0.3919948609002887
1,4,0.3562284056153278
