seed,sample,ranking_score
1,0,0.6331314438422091
1,1,0.6368613034802044
1,2,0.6524328957091938
1,3,0.6252448979206231
1,4,0.6421999571254425
