seed,sample,ranking_score
2,0,0.8983522258021972
2,1,0.9112836847023935
2,2,0.9180511800916009
2,3,0.9051925380299786
2,4,0.8921087111849946
