seed,sample,ranking_score
1,0,0.4820261372926089
1,1,0.4888889835285688
1,2,0.504421876131124
1,3,0.49532798702482084
1,4,0.4381995405074022
