{
    "features": 0.09566235542297363,
    "process_features_model_1_multimer_v3_pred_0": 4.291534423828125e-06,
    "predict_and_compile_model_1_multimer_v3_pred_0": 915.1304755210876,
    "predict_benchmark_model_1_multimer_v3_pred_0": 761.7062673568726,
    "process_features_model_2_multimer_v3_pred_0": 5.0067901611328125e-06,
    "predict_and_compile_model_2_multimer_v3_pred_0": 912.9362819194794,
    "predict_benchmark_model_2_multimer_v3_pred_0": 761.5674571990967,
    "process_features_model_3_multimer_v3_pred_0": 5.245208740234375e-06,
    "predict_and_compile_model_3_multimer_v3_pred_0": 550.221715927124,
    "predict_benchmark_model_3_multimer_v3_pred_0": 399.513201713562,
    "process_features_model_4_multimer_v3_pred_0": 4.5299530029296875e-06,
    "predict_and_compile_model_4_multimer_v3_pred_0": 901.5888569355011,
    "predict_benchmark_model_4_multimer_v3_pred_0": 752.5761444568634,
    "process_features_model_5_multimer_v3_pred_0": 5.245208740234375e-06,
    "predict_and_compile_model_5_multimer_v3_pred_0": 902.4616870880127,
    "predict_benchmark_model_5_multimer_v3_pred_0": 752.1679215431213
}