seed,sample,ranking_score
1,0,0.4706963968333716
1,1,0.47530080526243157
1,2,0.4492512523001366
1,3,0.4780311246087324
1,4,0.5156542358402305
