seed,sample,ranking_score
1,0,0.6834804949407158
1,1,0.6993480401095107
1,2,0.7452723518908868
1,3,0.6898853148073844
1,4,0.7476804139663575
