{
    "iptm+ptm": {
        "model_1_multimer_v3_pred_0": 0.8831586577085133,
        "model_1_multimer_v3_pred_1": 0.8833316452864927,
        "model_1_multimer_v3_pred_2": 0.8814459110637786,
        "model_1_multimer_v3_pred_3": 0.8822655516576675,
        "model_1_multimer_v3_pred_4": 0.8823347770946481,
        "model_2_multimer_v3_pred_0": 0.8864932648831628,
        "model_2_multimer_v3_pred_1": 0.8856461739541153,
        "model_2_multimer_v3_pred_2": 0.8854995552855863,
        "model_2_multimer_v3_pred_3": 0.8843914561361743,
        "model_2_multimer_v3_pred_4": 0.8843602503700494,
        "model_3_multimer_v3_pred_0": 0.8824105540716185,
        "model_3_multimer_v3_pred_1": 0.8839916424521486,
        "model_3_multimer_v3_pred_2": 0.8816173078581974,
        "model_3_multimer_v3_pred_3": 0.8819367597792024,
        "model_3_multimer_v3_pred_4": 0.8829345248610562,
        "model_4_multimer_v3_pred_0": 0.8897880392933574,
        "model_4_multimer_v3_pred_1": 0.8889542356161927,
        "model_4_multimer_v3_pred_2": 0.8892569924824416,
        "model_4_multimer_v3_pred_3": 0.8889693226224504,
        "model_4_multimer_v3_pred_4": 0.8886415186075496,
        "model_5_multimer_v3_pred_0": 0.8872437834768341,
        "model_5_multimer_v3_pred_1": 0.8878887959560156,
        "model_5_multimer_v3_pred_2": 0.88771460740005,
        "model_5_multimer_v3_pred_3": 0.8882784186385566,
        "model_5_multimer_v3_pred_4": 0.8871107609545275
    },
    "order": [
        "model_4_multimer_v3_pred_0",
        "model_4_multimer_v3_pred_2",
        "model_4_multimer_v3_pred_3",
        "model_4_multimer_v3_pred_1",
        "model_4_multimer_v3_pred_4",
        "model_5_multimer_v3_pred_3",
        "model_5_multimer_v3_pred_1",
        "model_5_multimer_v3_pred_2",
        "model_5_multimer_v3_pred_0",
        "model_5_multimer_v3_pred_4",
        "model_2_multimer_v3_pred_0",
        "model_2_multimer_v3_pred_1",
        "model_2_multimer_v3_pred_2",
        "model_2_multimer_v3_pred_3",
        "model_2_multimer_v3_pred_4",
        "model_3_multimer_v3_pred_1",
        "model_1_multimer_v3_pred_1",
        "model_1_multimer_v3_pred_0",
        "model_3_multimer_v3_pred_4",
        "model_3_multimer_v3_pred_0",
        "model_1_multimer_v3_pred_4",
        "model_1_multimer_v3_pred_3",
        "model_3_multimer_v3_pred_3",
        "model_3_multimer_v3_pred_2",
        "model_1_multimer_v3_pred_2"
    ]
}