seed,sample,ranking_score
1,0,0.5224853809903481
1,1,0.3627339531763599
1,2,0.506360384181854
1,3,0.5093897013827305
1,4,0.37640158166774723
