seed,sample,ranking_score
5,0,0.8846631267573452
5,1,0.8621411853158055
5,2,0.8582906018658467
5,3,0.8724929725647904
5,4,0.8762838025353592
