seed,sample,ranking_score
1,0,0.5678148540954909
1,1,0.5580876835975439
1,2,0.5451017012864576
1,3,0.5850282779873247
1,4,0.579032334337037
