seed,sample,ranking_score
2,0,0.7326139185829967
2,1,0.782358522141242
2,2,0.7611501375331562
2,3,0.7448359871895414
2,4,0.7641827365078382
