seed,sample,ranking_score
1,0,0.41556807040949045
1,1,0.3583252933680213
1,2,0.38527796222125366
1,3,0.4051783357517466
1,4,0.39906716027302996
