{
    "features": 0.5040841102600098,
    "process_features_model_1_multimer_v3_pred_0": 5.4836273193359375e-06,
    "predict_and_compile_model_1_multimer_v3_pred_0": 5846.564160585403,
    "predict_benchmark_model_1_multimer_v3_pred_0": 5683.754195213318,
    "process_features_model_2_multimer_v3_pred_0": 1.1682510375976562e-05,
    "predict_and_compile_model_2_multimer_v3_pred_0": 5799.712759971619,
    "predict_benchmark_model_2_multimer_v3_pred_0": 5683.059992790222,
    "process_features_model_3_multimer_v3_pred_0": 3.314018249511719e-05,
    "predict_and_compile_model_3_multimer_v3_pred_0": 5784.912123441696,
    "predict_benchmark_model_3_multimer_v3_pred_0": 5683.373383283615,
    "process_features_model_4_multimer_v3_pred_0": 1.0251998901367188e-05,
    "predict_and_compile_model_4_multimer_v3_pred_0": 5717.056449174881,
    "predict_benchmark_model_4_multimer_v3_pred_0": 5602.412039518356,
    "process_features_model_5_multimer_v3_pred_0": 0.0010192394256591797,
    "predict_and_compile_model_5_multimer_v3_pred_0": 5707.4359385967255,
    "predict_benchmark_model_5_multimer_v3_pred_0": 5571.458268404007
}