seed,sample,ranking_score
2,0,0.786156002736567
2,1,0.8143421346276828
2,2,0.8048573536834888
2,3,0.772821440039076
2,4,0.8025033836861695
