seed,sample,ranking_score
1,0,0.6475121979116547
1,1,0.6637276360678609
1,2,0.6337292763631835
1,3,0.644305667346178
1,4,0.6551339606764635
