seed,sample,ranking_score
1,0,0.5661540315969951
1,1,0.5445672119578198
1,2,0.5595540460343333
1,3,0.526726462585104
1,4,0.5752093047318437
