seed,sample,ranking_score
1,0,0.25976545144019947
1,1,0.22804220328201308
1,2,0.23829877300049138
1,3,0.24908275457140666
1,4,0.22389697399483505
