seed,sample,ranking_score
1,0,0.8179263691640365
1,1,0.8499592873882904
1,2,0.8404287693400262
1,3,0.740540905425163
1,4,0.7883843357143052
