seed,sample,ranking_score
1,0,0.5566509916629379
1,1,0.5625795054310754
1,2,0.5615968055390499
1,3,0.5740422450284133
1,4,0.5652320967663391
