seed,sample,ranking_score
1,0,0.7468204772072302
1,1,0.7832426956794138
1,2,0.7886968329872479
1,3,0.7933851370435389
1,4,0.7624521768665423
