seed,sample,ranking_score
1,0,0.7174155881647732
1,1,0.7311534253785232
1,2,0.7135733931053817
1,3,0.7084011457106587
1,4,0.7079013250843283
