seed,sample,ranking_score
1,0,0.6426774338796054
1,1,0.633012890988861
1,2,0.6412639454410717
1,3,0.6368166229073277
1,4,0.645480832321241
