seed,sample,ranking_score
5,0,0.9049408475192284
5,1,0.9097723767550989
5,2,0.9057335562275128
5,3,0.9129238199621015
5,4,0.9063691895544708
