seed,sample,ranking_score
1,0,0.3886244733443983
1,1,0.39686497868119575
1,2,0.3744064430655926
1,3,0.39155009268193686
1,4,0.39058448591773887
