seed,sample,ranking_score
1,0,0.6324503857263446
1,1,0.6222928650314417
1,2,0.5921562855299539
1,3,0.6070749459452254
1,4,0.5785683820839671
