seed,sample,ranking_score
1,0,0.5288833436590861
1,1,0.5497605566083587
1,2,0.4504961061449334
1,3,0.5124173116766745
1,4,0.509890947685962
