seed,sample,ranking_score
1,0,0.32483054568573205
1,1,0.4370971973984097
1,2,0.30256352881818716
1,3,0.33718772777095785
1,4,0.4192860420815956
