seed,sample,ranking_score
1,0,0.5303908837023035
1,1,0.5208781240710094
1,2,0.527714660033949
1,3,0.5273073078265895
1,4,0.5374691252473143
