{
    "features": 0.006148099899291992,
    "process_features_model_1_multimer_v3_pred_0": 3.814697265625e-06,
    "predict_and_compile_model_1_multimer_v3_pred_0": 147.59747314453125,
    "relax_model_1_multimer_v3_pred_0": 18.956273078918457,
    "process_features_model_1_multimer_v3_pred_1": 3.5762786865234375e-06,
    "predict_and_compile_model_1_multimer_v3_pred_1": 53.26808142662048,
    "relax_model_1_multimer_v3_pred_1": 22.477546453475952,
    "process_features_model_1_multimer_v3_pred_2": 2.6226043701171875e-06,
    "predict_and_compile_model_1_multimer_v3_pred_2": 65.45982933044434,
    "relax_model_1_multimer_v3_pred_2": 16.253276109695435,
    "process_features_model_1_multimer_v3_pred_3": 2.1457672119140625e-06,
    "predict_and_compile_model_1_multimer_v3_pred_3": 59.00587725639343,
    "relax_model_1_multimer_v3_pred_3": 16.558369874954224,
    "process_features_model_1_multimer_v3_pred_4": 2.384185791015625e-06,
    "predict_and_compile_model_1_multimer_v3_pred_4": 47.37878942489624,
    "relax_model_1_multimer_v3_pred_4": 16.569637537002563,
    "process_features_model_2_multimer_v3_pred_0": 2.384185791015625e-06,
    "predict_and_compile_model_2_multimer_v3_pred_0": 214.01231694221497,
    "relax_model_2_multimer_v3_pred_0": 31.7601158618927,
    "process_features_model_2_multimer_v3_pred_1": 5.245208740234375e-06,
    "predict_and_compile_model_2_multimer_v3_pred_1": 70.68755197525024,
    "relax_model_2_multimer_v3_pred_1": 22.225627660751343,
    "process_features_model_2_multimer_v3_pred_2": 2.6226043701171875e-06,
    "predict_and_compile_model_2_multimer_v3_pred_2": 53.2151415348053,
    "relax_model_2_multimer_v3_pred_2": 17.01043462753296,
    "process_features_model_2_multimer_v3_pred_3": 2.6226043701171875e-06,
    "predict_and_compile_model_2_multimer_v3_pred_3": 70.76601243019104,
    "relax_model_2_multimer_v3_pred_3": 19.176448822021484,
    "process_features_model_2_multimer_v3_pred_4": 2.384185791015625e-06,
    "predict_and_compile_model_2_multimer_v3_pred_4": 35.562512159347534,
    "relax_model_2_multimer_v3_pred_4": 20.92150354385376,
    "process_features_model_3_multimer_v3_pred_0": 2.6226043701171875e-06,
    "predict_and_compile_model_3_multimer_v3_pred_0": 239.3962800502777,
    "relax_model_3_multimer_v3_pred_0": 24.253466606140137,
    "process_features_model_3_multimer_v3_pred_1": 3.0994415283203125e-06,
    "predict_and_compile_model_3_multimer_v3_pred_1": 123.20371866226196,
    "relax_model_3_multimer_v3_pred_1": 23.793192863464355,
    "process_features_model_3_multimer_v3_pred_2": 2.86102294921875e-06,
    "predict_and_compile_model_3_multimer_v3_pred_2": 123.52592968940735,
    "relax_model_3_multimer_v3_pred_2": 19.438488006591797,
    "process_features_model_3_multimer_v3_pred_3": 2.384185791015625e-06,
    "predict_and_compile_model_3_multimer_v3_pred_3": 76.58612394332886,
    "relax_model_3_multimer_v3_pred_3": 17.095455169677734,
    "process_features_model_3_multimer_v3_pred_4": 2.1457672119140625e-06,
    "predict_and_compile_model_3_multimer_v3_pred_4": 41.36555194854736,
    "relax_model_3_multimer_v3_pred_4": 17.595568895339966,
    "process_features_model_4_multimer_v3_pred_0": 2.384185791015625e-06,
    "predict_and_compile_model_4_multimer_v3_pred_0": 177.3962700366974,
    "relax_model_4_multimer_v3_pred_0": 16.86694073677063,
    "process_features_model_4_multimer_v3_pred_1": 4.0531158447265625e-06,
    "predict_and_compile_model_4_multimer_v3_pred_1": 63.84671425819397,
    "relax_model_4_multimer_v3_pred_1": 18.183467388153076,
    "process_features_model_4_multimer_v3_pred_2": 2.1457672119140625e-06,
    "predict_and_compile_model_4_multimer_v3_pred_2": 40.69064545631409,
    "relax_model_4_multimer_v3_pred_2": 18.239284992218018,
    "process_features_model_4_multimer_v3_pred_3": 2.384185791015625e-06,
    "predict_and_compile_model_4_multimer_v3_pred_3": 35.364381313323975,
    "relax_model_4_multimer_v3_pred_3": 21.343185663223267,
    "process_features_model_4_multimer_v3_pred_4": 2.384185791015625e-06,
    "predict_and_compile_model_4_multimer_v3_pred_4": 121.09861087799072,
    "relax_model_4_multimer_v3_pred_4": 29.60263204574585,
    "process_features_model_5_multimer_v3_pred_0": 2.1457672119140625e-06,
    "predict_and_compile_model_5_multimer_v3_pred_0": 232.7909483909607,
    "relax_model_5_multimer_v3_pred_0": 17.88603639602661,
    "process_features_model_5_multimer_v3_pred_1": 2.86102294921875e-06,
    "predict_and_compile_model_5_multimer_v3_pred_1": 75.0254294872284,
    "relax_model_5_multimer_v3_pred_1": 20.546406269073486,
    "process_features_model_5_multimer_v3_pred_2": 2.86102294921875e-06,
    "predict_and_compile_model_5_multimer_v3_pred_2": 109.38394498825073,
    "relax_model_5_multimer_v3_pred_2": 19.333039045333862,
    "process_features_model_5_multimer_v3_pred_3": 3.5762786865234375e-06,
    "predict_and_compile_model_5_multimer_v3_pred_3": 46.43320107460022,
    "relax_model_5_multimer_v3_pred_3": 16.757100820541382,
    "process_features_model_5_multimer_v3_pred_4": 2.384185791015625e-06,
    "predict_and_compile_model_5_multimer_v3_pred_4": 46.81549000740051,
    "relax_model_5_multimer_v3_pred_4": 17.24407410621643
}