seed,sample,ranking_score
1,0,0.685501442530006
1,1,0.6515863708670203
1,2,0.6631586088329445
1,3,0.6830442165014756
1,4,0.6697532435575718
