seed,sample,ranking_score
1,0,0.7685541171611506
1,1,0.7645281097179125
1,2,0.7684962222248459
1,3,0.758743936890292
1,4,0.7536550434750338
