seed,sample,ranking_score
2,0,0.5899362290539037
2,1,0.5921561801213289
2,2,0.5937216109753134
2,3,0.5810193314552221
2,4,0.5859185882461957
