seed,sample,ranking_score
1,0,0.3192696994740522
1,1,0.4231379784105939
1,2,0.3336298043042436
1,3,0.32572307767324205
1,4,0.4094916792821538
