seed,sample,ranking_score
2,0,0.916529803414042
2,1,0.8923164011709516
2,2,0.9143075213085249
2,3,0.9152977177645092
2,4,0.9207812694407285
