seed,sample,ranking_score
1,0,0.6397884559684699
1,1,0.6484994951510045
1,2,0.6333112579697043
1,3,0.6701811405821926
1,4,0.661554059040784
