seed,sample,ranking_score
1,0,0.45223555800046716
1,1,0.41135032767435675
1,2,0.3987076783607291
1,3,0.4302778108465353
1,4,0.45349359432316994
