{
    "features": 0.006079673767089844,
    "process_features_model_1_multimer_v3_pred_0": 3.0994415283203125e-06,
    "predict_and_compile_model_1_multimer_v3_pred_0": 233.44536209106445,
    "relax_model_1_multimer_v3_pred_0": 36.179786920547485,
    "process_features_model_1_multimer_v3_pred_1": 3.337860107421875e-06,
    "predict_and_compile_model_1_multimer_v3_pred_1": 123.31316208839417,
    "relax_model_1_multimer_v3_pred_1": 37.43350625038147,
    "process_features_model_1_multimer_v3_pred_2": 2.6226043701171875e-06,
    "predict_and_compile_model_1_multimer_v3_pred_2": 82.34393334388733,
    "relax_model_1_multimer_v3_pred_2": 19.303634881973267,
    "process_features_model_1_multimer_v3_pred_3": 2.1457672119140625e-06,
    "predict_and_compile_model_1_multimer_v3_pred_3": 123.13025188446045,
    "relax_model_1_multimer_v3_pred_3": 18.898201942443848,
    "process_features_model_1_multimer_v3_pred_4": 2.1457672119140625e-06,
    "predict_and_compile_model_1_multimer_v3_pred_4": 123.05160427093506,
    "relax_model_1_multimer_v3_pred_4": 53.94592213630676,
    "process_features_model_2_multimer_v3_pred_0": 3.0994415283203125e-06,
    "predict_and_compile_model_2_multimer_v3_pred_0": 230.88818550109863,
    "relax_model_2_multimer_v3_pred_0": 39.73122715950012,
    "process_features_model_2_multimer_v3_pred_1": 3.337860107421875e-06,
    "predict_and_compile_model_2_multimer_v3_pred_1": 122.99324703216553,
    "relax_model_2_multimer_v3_pred_1": 19.375799655914307,
    "process_features_model_2_multimer_v3_pred_2": 2.1457672119140625e-06,
    "predict_and_compile_model_2_multimer_v3_pred_2": 123.20713806152344,
    "relax_model_2_multimer_v3_pred_2": 20.152497053146362,
    "process_features_model_2_multimer_v3_pred_3": 2.384185791015625e-06,
    "predict_and_compile_model_2_multimer_v3_pred_3": 123.20189714431763,
    "relax_model_2_multimer_v3_pred_3": 18.376047134399414,
    "process_features_model_2_multimer_v3_pred_4": 2.1457672119140625e-06,
    "predict_and_compile_model_2_multimer_v3_pred_4": 105.70676517486572,
    "relax_model_2_multimer_v3_pred_4": 24.859398365020752,
    "process_features_model_3_multimer_v3_pred_0": 2.6226043701171875e-06,
    "predict_and_compile_model_3_multimer_v3_pred_0": 221.07156348228455,
    "relax_model_3_multimer_v3_pred_0": 28.139012098312378,
    "process_features_model_3_multimer_v3_pred_1": 3.337860107421875e-06,
    "predict_and_compile_model_3_multimer_v3_pred_1": 123.30962562561035,
    "relax_model_3_multimer_v3_pred_1": 32.5319082736969,
    "process_features_model_3_multimer_v3_pred_2": 2.86102294921875e-06,
    "predict_and_compile_model_3_multimer_v3_pred_2": 70.59941601753235,
    "relax_model_3_multimer_v3_pred_2": 22.29150080680847,
    "process_features_model_3_multimer_v3_pred_3": 2.384185791015625e-06,
    "predict_and_compile_model_3_multimer_v3_pred_3": 123.10677289962769,
    "relax_model_3_multimer_v3_pred_3": 36.044382095336914,
    "process_features_model_3_multimer_v3_pred_4": 2.6226043701171875e-06,
    "predict_and_compile_model_3_multimer_v3_pred_4": 123.24912786483765,
    "relax_model_3_multimer_v3_pred_4": 26.802327871322632,
    "process_features_model_4_multimer_v3_pred_0": 2.86102294921875e-06,
    "predict_and_compile_model_4_multimer_v3_pred_0": 234.31691694259644,
    "relax_model_4_multimer_v3_pred_0": 19.474472284317017,
    "process_features_model_4_multimer_v3_pred_1": 2.86102294921875e-06,
    "predict_and_compile_model_4_multimer_v3_pred_1": 121.38370537757874,
    "relax_model_4_multimer_v3_pred_1": 32.99783492088318,
    "process_features_model_4_multimer_v3_pred_2": 2.384185791015625e-06,
    "predict_and_compile_model_4_multimer_v3_pred_2": 121.46969413757324,
    "relax_model_4_multimer_v3_pred_2": 18.9197518825531,
    "process_features_model_4_multimer_v3_pred_3": 2.384185791015625e-06,
    "predict_and_compile_model_4_multimer_v3_pred_3": 121.4003632068634,
    "relax_model_4_multimer_v3_pred_3": 18.97004747390747,
    "process_features_model_4_multimer_v3_pred_4": 2.1457672119140625e-06,
    "predict_and_compile_model_4_multimer_v3_pred_4": 121.21733903884888,
    "relax_model_4_multimer_v3_pred_4": 19.412105321884155,
    "process_features_model_5_multimer_v3_pred_0": 2.86102294921875e-06,
    "predict_and_compile_model_5_multimer_v3_pred_0": 231.74454140663147,
    "relax_model_5_multimer_v3_pred_0": 25.96722936630249,
    "process_features_model_5_multimer_v3_pred_1": 3.0994415283203125e-06,
    "predict_and_compile_model_5_multimer_v3_pred_1": 121.34696793556213,
    "relax_model_5_multimer_v3_pred_1": 19.823217391967773,
    "process_features_model_5_multimer_v3_pred_2": 2.384185791015625e-06,
    "predict_and_compile_model_5_multimer_v3_pred_2": 121.51476216316223,
    "relax_model_5_multimer_v3_pred_2": 18.564563989639282,
    "process_features_model_5_multimer_v3_pred_3": 2.384185791015625e-06,
    "predict_and_compile_model_5_multimer_v3_pred_3": 122.41523051261902,
    "relax_model_5_multimer_v3_pred_3": 18.777482509613037,
    "process_features_model_5_multimer_v3_pred_4": 2.6226043701171875e-06,
    "predict_and_compile_model_5_multimer_v3_pred_4": 92.7421646118164,
    "relax_model_5_multimer_v3_pred_4": 19.133346557617188
}