seed,sample,ranking_score
1,0,0.5441938511234531
1,1,0.5349963355488718
1,2,0.5360392389137002
1,3,0.5608869046752516
1,4,0.572150489685342
