seed,sample,ranking_score
3,0,1.0419891084962847
3,1,1.0498112731701634
3,2,1.0365614952500783
3,3,1.055093674654076
3,4,1.062266528121171
