seed,sample,ranking_score
1,0,0.6926545600331714
1,1,0.70769971897251
1,2,0.7110052805347018
1,3,0.7063051533998264
1,4,0.7029980210167283
