seed,sample,ranking_score
2,0,0.7697530943404705
2,1,0.753256452486494
2,2,0.7608160107237036
2,3,0.7732154618249494
2,4,0.758311715719787
