seed,sample,ranking_score
1,0,0.8869697234805857
1,1,0.8780199177463609
1,2,0.8989540508852212
1,3,0.8973469810785372
1,4,0.8929340387192664
