seed,sample,ranking_score
1,0,0.8361835477900731
1,1,0.8185459352330904
1,2,0.8396168117369238
1,3,0.8407801230700914
1,4,0.8199577404406473
