{
    "features": 0.021971702575683594,
    "process_features_model_1_multimer_v3_pred_0": 3.814697265625e-06,
    "predict_and_compile_model_1_multimer_v3_pred_0": 198.09837341308594,
    "predict_benchmark_model_1_multimer_v3_pred_0": 115.568843126297,
    "process_features_model_2_multimer_v3_pred_0": 1.4781951904296875e-05,
    "predict_and_compile_model_2_multimer_v3_pred_0": 197.3196918964386,
    "predict_benchmark_model_2_multimer_v3_pred_0": 115.57113862037659,
    "process_features_model_3_multimer_v3_pred_0": 2.6941299438476562e-05,
    "predict_and_compile_model_3_multimer_v3_pred_0": 199.8799397945404,
    "predict_benchmark_model_3_multimer_v3_pred_0": 115.65545272827148,
    "process_features_model_4_multimer_v3_pred_0": 2.3603439331054688e-05,
    "predict_and_compile_model_4_multimer_v3_pred_0": 197.45666885375977,
    "predict_benchmark_model_4_multimer_v3_pred_0": 113.34100818634033,
    "process_features_model_5_multimer_v3_pred_0": 1.33514404296875e-05,
    "predict_and_compile_model_5_multimer_v3_pred_0": 199.9058964252472,
    "predict_benchmark_model_5_multimer_v3_pred_0": 113.53947496414185
}