seed,sample,ranking_score
1,0,0.7214885196517139
1,1,0.7297593473219225
1,2,0.6126679391203604
1,3,0.70798523199696
1,4,0.7240211842466465
