seed,sample,ranking_score
5,0,0.7540655684434275
5,1,0.7684331251232869
5,2,0.7753597116488175
5,3,0.7354735300301712
5,4,0.7765841131623759
