{
    "features": 0.019889116287231445,
    "process_features_model_1_multimer_v3_pred_0": 2.384185791015625e-06,
    "predict_and_compile_model_1_multimer_v3_pred_0": 111.21754217147827,
    "predict_benchmark_model_1_multimer_v3_pred_0": 32.70296311378479,
    "process_features_model_2_multimer_v3_pred_0": 9.298324584960938e-06,
    "predict_and_compile_model_2_multimer_v3_pred_0": 114.81383442878723,
    "predict_benchmark_model_2_multimer_v3_pred_0": 37.389517068862915,
    "process_features_model_3_multimer_v3_pred_0": 1.621246337890625e-05,
    "predict_and_compile_model_3_multimer_v3_pred_0": 114.55821299552917,
    "predict_benchmark_model_3_multimer_v3_pred_0": 37.28441047668457,
    "process_features_model_4_multimer_v3_pred_0": 1.1205673217773438e-05,
    "predict_and_compile_model_4_multimer_v3_pred_0": 173.58138489723206,
    "predict_benchmark_model_4_multimer_v3_pred_0": 95.43508815765381,
    "process_features_model_5_multimer_v3_pred_0": 1.239776611328125e-05,
    "predict_and_compile_model_5_multimer_v3_pred_0": 173.5486605167389,
    "predict_benchmark_model_5_multimer_v3_pred_0": 95.34918975830078
}