{
    "features": 0.039563655853271484,
    "process_features_model_1_multimer_v3_pred_0": 2.86102294921875e-06,
    "predict_and_compile_model_1_multimer_v3_pred_0": 181.43490862846375,
    "predict_benchmark_model_1_multimer_v3_pred_0": 106.66039633750916,
    "process_features_model_2_multimer_v3_pred_0": 2.09808349609375e-05,
    "predict_and_compile_model_2_multimer_v3_pred_0": 140.2924566268921,
    "predict_benchmark_model_2_multimer_v3_pred_0": 66.08001637458801,
    "process_features_model_3_multimer_v3_pred_0": 7.62939453125e-06,
    "predict_and_compile_model_3_multimer_v3_pred_0": 124.00200247764587,
    "predict_benchmark_model_3_multimer_v3_pred_0": 45.84146046638489,
    "process_features_model_4_multimer_v3_pred_0": 2.0742416381835938e-05,
    "predict_and_compile_model_4_multimer_v3_pred_0": 121.87781023979187,
    "predict_benchmark_model_4_multimer_v3_pred_0": 45.00113821029663,
    "process_features_model_5_multimer_v3_pred_0": 7.152557373046875e-06,
    "predict_and_compile_model_5_multimer_v3_pred_0": 183.18721389770508,
    "predict_benchmark_model_5_multimer_v3_pred_0": 104.79214668273926
}