seed,sample,ranking_score
1,0,0.6730121609683979
1,1,0.7206545985531891
1,2,0.6812340759496878
1,3,0.7205745769169577
1,4,0.7354021696556132
