{
    "features": 0.12319350242614746,
    "process_features_model_1_multimer_v3_pred_0": 3.814697265625e-06,
    "predict_and_compile_model_1_multimer_v3_pred_0": 249.4745156764984,
    "predict_benchmark_model_1_multimer_v3_pred_0": 165.28852701187134,
    "process_features_model_2_multimer_v3_pred_0": 2.7418136596679688e-05,
    "predict_and_compile_model_2_multimer_v3_pred_0": 250.12495851516724,
    "predict_benchmark_model_2_multimer_v3_pred_0": 165.61493015289307,
    "process_features_model_3_multimer_v3_pred_0": 4.124641418457031e-05,
    "predict_and_compile_model_3_multimer_v3_pred_0": 250.10031533241272,
    "predict_benchmark_model_3_multimer_v3_pred_0": 165.46695613861084,
    "process_features_model_4_multimer_v3_pred_0": 2.0503997802734375e-05,
    "predict_and_compile_model_4_multimer_v3_pred_0": 248.30183935165405,
    "predict_benchmark_model_4_multimer_v3_pred_0": 162.00106167793274,
    "process_features_model_5_multimer_v3_pred_0": 2.765655517578125e-05,
    "predict_and_compile_model_5_multimer_v3_pred_0": 248.23126578330994,
    "predict_benchmark_model_5_multimer_v3_pred_0": 162.34376072883606
}