{
    "features": 0.005194902420043945,
    "process_features_model_1_multimer_v3_pred_0": 3.5762786865234375e-06,
    "predict_and_compile_model_1_multimer_v3_pred_0": 170.79367208480835,
    "relax_model_1_multimer_v3_pred_0": 19.078243017196655,
    "process_features_model_1_multimer_v3_pred_1": 2.6226043701171875e-06,
    "predict_and_compile_model_1_multimer_v3_pred_1": 38.02540326118469,
    "relax_model_1_multimer_v3_pred_1": 17.53090739250183,
    "process_features_model_1_multimer_v3_pred_2": 2.384185791015625e-06,
    "predict_and_compile_model_1_multimer_v3_pred_2": 59.49302411079407,
    "relax_model_1_multimer_v3_pred_2": 17.19840693473816,
    "process_features_model_1_multimer_v3_pred_3": 2.384185791015625e-06,
    "predict_and_compile_model_1_multimer_v3_pred_3": 70.27825427055359,
    "relax_model_1_multimer_v3_pred_3": 17.123642921447754,
    "process_features_model_1_multimer_v3_pred_4": 2.6226043701171875e-06,
    "predict_and_compile_model_1_multimer_v3_pred_4": 54.13759922981262,
    "relax_model_1_multimer_v3_pred_4": 17.643486738204956,
    "process_features_model_2_multimer_v3_pred_0": 3.5762786865234375e-06,
    "predict_and_compile_model_2_multimer_v3_pred_0": 140.2404911518097,
    "relax_model_2_multimer_v3_pred_0": 18.200947284698486,
    "process_features_model_2_multimer_v3_pred_1": 2.1457672119140625e-06,
    "predict_and_compile_model_2_multimer_v3_pred_1": 64.76720952987671,
    "relax_model_2_multimer_v3_pred_1": 19.096843719482422,
    "process_features_model_2_multimer_v3_pred_2": 2.6226043701171875e-06,
    "predict_and_compile_model_2_multimer_v3_pred_2": 27.24148392677307,
    "relax_model_2_multimer_v3_pred_2": 30.76564311981201,
    "process_features_model_2_multimer_v3_pred_3": 2.6226043701171875e-06,
    "predict_and_compile_model_2_multimer_v3_pred_3": 38.00185441970825,
    "relax_model_2_multimer_v3_pred_3": 17.253756523132324,
    "process_features_model_2_multimer_v3_pred_4": 2.384185791015625e-06,
    "predict_and_compile_model_2_multimer_v3_pred_4": 37.986384868621826,
    "relax_model_2_multimer_v3_pred_4": 17.560161590576172,
    "process_features_model_3_multimer_v3_pred_0": 2.6226043701171875e-06,
    "predict_and_compile_model_3_multimer_v3_pred_0": 175.56570982933044,
    "relax_model_3_multimer_v3_pred_0": 17.96988606452942,
    "process_features_model_3_multimer_v3_pred_1": 2.384185791015625e-06,
    "predict_and_compile_model_3_multimer_v3_pred_1": 48.69707727432251,
    "relax_model_3_multimer_v3_pred_1": 29.34088444709778,
    "process_features_model_3_multimer_v3_pred_2": 2.384185791015625e-06,
    "predict_and_compile_model_3_multimer_v3_pred_2": 91.63256502151489,
    "relax_model_3_multimer_v3_pred_2": 17.918843269348145,
    "process_features_model_3_multimer_v3_pred_3": 2.6226043701171875e-06,
    "predict_and_compile_model_3_multimer_v3_pred_3": 59.411149978637695,
    "relax_model_3_multimer_v3_pred_3": 16.8047616481781,
    "process_features_model_3_multimer_v3_pred_4": 3.0994415283203125e-06,
    "predict_and_compile_model_3_multimer_v3_pred_4": 48.76478838920593,
    "relax_model_3_multimer_v3_pred_4": 17.517673015594482,
    "process_features_model_4_multimer_v3_pred_0": 2.6226043701171875e-06,
    "predict_and_compile_model_4_multimer_v3_pred_0": 165.10422539710999,
    "relax_model_4_multimer_v3_pred_0": 18.70233130455017,
    "process_features_model_4_multimer_v3_pred_1": 2.86102294921875e-06,
    "predict_and_compile_model_4_multimer_v3_pred_1": 53.32510232925415,
    "relax_model_4_multimer_v3_pred_1": 22.75972843170166,
    "process_features_model_4_multimer_v3_pred_2": 2.384185791015625e-06,
    "predict_and_compile_model_4_multimer_v3_pred_2": 32.104583501815796,
    "relax_model_4_multimer_v3_pred_2": 26.019766092300415,
    "process_features_model_4_multimer_v3_pred_3": 3.337860107421875e-06,
    "predict_and_compile_model_4_multimer_v3_pred_3": 63.78263068199158,
    "relax_model_4_multimer_v3_pred_3": 27.04336190223694,
    "process_features_model_4_multimer_v3_pred_4": 2.6226043701171875e-06,
    "predict_and_compile_model_4_multimer_v3_pred_4": 100.52526926994324,
    "relax_model_4_multimer_v3_pred_4": 18.11896824836731,
    "process_features_model_5_multimer_v3_pred_0": 2.384185791015625e-06,
    "predict_and_compile_model_5_multimer_v3_pred_0": 231.01402616500854,
    "relax_model_5_multimer_v3_pred_0": 17.91347074508667,
    "process_features_model_5_multimer_v3_pred_1": 2.1457672119140625e-06,
    "predict_and_compile_model_5_multimer_v3_pred_1": 74.28122305870056,
    "relax_model_5_multimer_v3_pred_1": 17.232194662094116,
    "process_features_model_5_multimer_v3_pred_2": 2.86102294921875e-06,
    "predict_and_compile_model_5_multimer_v3_pred_2": 111.32491874694824,
    "relax_model_5_multimer_v3_pred_2": 16.965095043182373,
    "process_features_model_5_multimer_v3_pred_3": 2.6226043701171875e-06,
    "predict_and_compile_model_5_multimer_v3_pred_3": 79.7637243270874,
    "relax_model_5_multimer_v3_pred_3": 17.469260215759277,
    "process_features_model_5_multimer_v3_pred_4": 2.1457672119140625e-06,
    "predict_and_compile_model_5_multimer_v3_pred_4": 111.19260549545288,
    "relax_model_5_multimer_v3_pred_4": 17.255892276763916
}