seed,sample,ranking_score
1,0,0.7597709861402133
1,1,0.7645335344633057
1,2,0.7652578036954862
1,3,0.7537157665434459
1,4,0.7745977191131093
