seed,sample,ranking_score
1,0,0.35639005866107
1,1,0.4279353141963186
1,2,0.3558969388661646
1,3,0.3638747782541585
1,4,0.3615934202765948
