seed,sample,ranking_score
1,0,0.6485830455940405
1,1,0.6432306842393938
1,2,0.6514316372045384
1,3,0.6440998762575304
1,4,0.4760254096420264
