{
    "features": 0.0329287052154541,
    "process_features_model_1_multimer_v3_pred_0": 4.291534423828125e-06,
    "predict_and_compile_model_1_multimer_v3_pred_0": 114.036612033844,
    "predict_benchmark_model_1_multimer_v3_pred_0": 32.49813985824585,
    "process_features_model_2_multimer_v3_pred_0": 2.0742416381835938e-05,
    "predict_and_compile_model_2_multimer_v3_pred_0": 120.90841674804688,
    "predict_benchmark_model_2_multimer_v3_pred_0": 37.07860040664673,
    "process_features_model_3_multimer_v3_pred_0": 1.4543533325195312e-05,
    "predict_and_compile_model_3_multimer_v3_pred_0": 123.96554350852966,
    "predict_benchmark_model_3_multimer_v3_pred_0": 37.10830545425415,
    "process_features_model_4_multimer_v3_pred_0": 1.7404556274414062e-05,
    "predict_and_compile_model_4_multimer_v3_pred_0": 115.67584252357483,
    "predict_benchmark_model_4_multimer_v3_pred_0": 31.95828151702881,
    "process_features_model_5_multimer_v3_pred_0": 1.9073486328125e-05,
    "predict_and_compile_model_5_multimer_v3_pred_0": 178.9952368736267,
    "predict_benchmark_model_5_multimer_v3_pred_0": 95.47560453414917
}