seed,sample,ranking_score
1,0,0.7811907120496139
1,1,0.7526175434834126
1,2,0.7563871580407853
1,3,0.756576878511152
1,4,0.7606778385340842
