{
    "features": 0.08330607414245605,
    "process_features_model_1_multimer_v3_pred_0": 4.76837158203125e-06,
    "predict_and_compile_model_1_multimer_v3_pred_0": 279.88986253738403,
    "predict_benchmark_model_1_multimer_v3_pred_0": 165.48480486869812,
    "process_features_model_2_multimer_v3_pred_0": 2.86102294921875e-06,
    "predict_and_compile_model_2_multimer_v3_pred_0": 261.9957492351532,
    "predict_benchmark_model_2_multimer_v3_pred_0": 147.69754076004028,
    "process_features_model_3_multimer_v3_pred_0": 3.0994415283203125e-06,
    "predict_and_compile_model_3_multimer_v3_pred_0": 279.48383378982544,
    "predict_benchmark_model_3_multimer_v3_pred_0": 163.65244245529175,
    "process_features_model_4_multimer_v3_pred_0": 3.814697265625e-06,
    "predict_and_compile_model_4_multimer_v3_pred_0": 281.1457402706146,
    "predict_benchmark_model_4_multimer_v3_pred_0": 160.73090171813965,
    "process_features_model_5_multimer_v3_pred_0": 3.337860107421875e-06,
    "predict_and_compile_model_5_multimer_v3_pred_0": 277.70524859428406,
    "predict_benchmark_model_5_multimer_v3_pred_0": 160.52752828598022
}