seed,sample,ranking_score
4,0,0.718490417760791
4,1,0.7004249565296705
4,2,0.683085206984343
4,3,0.7229040636558337
4,4,0.6957811685431486
