seed,sample,ranking_score
3,0,0.9472455508858025
3,1,0.9585995191175707
3,2,0.963002810712827
3,3,0.953491236858722
3,4,0.9499237473705976
