seed,sample,ranking_score
1,0,0.7615865762783448
1,1,0.7662364979749663
1,2,0.7650318721780565
1,3,0.777690803261793
1,4,0.7637726774210364
