{
    "features": 0.019563674926757812,
    "process_features_model_1_multimer_v3_pred_0": 4.291534423828125e-06,
    "predict_and_compile_model_1_multimer_v3_pred_0": 233.29498624801636,
    "predict_benchmark_model_1_multimer_v3_pred_0": 148.42929339408875,
    "process_features_model_2_multimer_v3_pred_0": 8.296966552734375e-05,
    "predict_and_compile_model_2_multimer_v3_pred_0": 240.12641096115112,
    "predict_benchmark_model_2_multimer_v3_pred_0": 155.5227746963501,
    "process_features_model_3_multimer_v3_pred_0": 2.6226043701171875e-05,
    "predict_and_compile_model_3_multimer_v3_pred_0": 241.13393115997314,
    "predict_benchmark_model_3_multimer_v3_pred_0": 155.4075689315796,
    "process_features_model_4_multimer_v3_pred_0": 3.4332275390625e-05,
    "predict_and_compile_model_4_multimer_v3_pred_0": 237.75686955451965,
    "predict_benchmark_model_4_multimer_v3_pred_0": 150.67160654067993,
    "process_features_model_5_multimer_v3_pred_0": 2.3126602172851562e-05,
    "predict_and_compile_model_5_multimer_v3_pred_0": 239.74793362617493,
    "predict_benchmark_model_5_multimer_v3_pred_0": 150.5391411781311
}