{
    "features": 0.12665367126464844,
    "process_features_model_1_multimer_v3_pred_0": 4.5299530029296875e-06,
    "predict_and_compile_model_1_multimer_v3_pred_0": 278.7117278575897,
    "predict_benchmark_model_1_multimer_v3_pred_0": 160.7595920562744,
    "process_features_model_2_multimer_v3_pred_0": 3.337860107421875e-06,
    "predict_and_compile_model_2_multimer_v3_pred_0": 275.3393409252167,
    "predict_benchmark_model_2_multimer_v3_pred_0": 160.68307185173035,
    "process_features_model_3_multimer_v3_pred_0": 3.814697265625e-06,
    "predict_and_compile_model_3_multimer_v3_pred_0": 184.76211595535278,
    "predict_benchmark_model_3_multimer_v3_pred_0": 69.18601298332214,
    "process_features_model_4_multimer_v3_pred_0": 5.9604644775390625e-06,
    "predict_and_compile_model_4_multimer_v3_pred_0": 240.0571756362915,
    "predict_benchmark_model_4_multimer_v3_pred_0": 118.84077644348145,
    "process_features_model_5_multimer_v3_pred_0": 4.291534423828125e-06,
    "predict_and_compile_model_5_multimer_v3_pred_0": 259.1201045513153,
    "predict_benchmark_model_5_multimer_v3_pred_0": 141.117737531662
}