seed,sample,ranking_score
1,0,0.5287575390178628
1,1,0.4589286062019414
1,2,0.5113959922693116
1,3,0.5304351939335751
1,4,0.5134791055372067
