seed,sample,ranking_score
1,0,0.8016359197705737
1,1,0.8075964700322691
1,2,0.7965713788476174
1,3,0.7970952835505847
1,4,0.8077028918560137
