seed,sample,ranking_score
1,0,0.3676170163524669
1,1,0.3435487694177385
1,2,0.33596485459778985
1,3,0.35146798399059737
1,4,0.3549789652307999
