seed,sample,ranking_score
1,0,0.7595178559054698
1,1,0.7714580792673303
1,2,0.7627222084812686
1,3,0.7601113297413269
1,4,0.7090372819480424
