seed,sample,ranking_score
1,0,0.4822902278689633
1,1,0.4839786728179382
1,2,0.4968469699061594
1,3,0.4900809163356355
1,4,0.4618997498336833
