{
    "features": 0.025793075561523438,
    "process_features_model_1_multimer_v3_pred_0": 6.198883056640625e-06,
    "predict_and_compile_model_1_multimer_v3_pred_0": 286.52529764175415,
    "predict_benchmark_model_1_multimer_v3_pred_0": 208.2176821231842,
    "process_features_model_2_multimer_v3_pred_0": 0.00011110305786132812,
    "predict_and_compile_model_2_multimer_v3_pred_0": 290.6718716621399,
    "predict_benchmark_model_2_multimer_v3_pred_0": 208.42252707481384,
    "process_features_model_3_multimer_v3_pred_0": 2.7418136596679688e-05,
    "predict_and_compile_model_3_multimer_v3_pred_0": 290.34418177604675,
    "predict_benchmark_model_3_multimer_v3_pred_0": 208.54844164848328,
    "process_features_model_4_multimer_v3_pred_0": 2.8371810913085938e-05,
    "predict_and_compile_model_4_multimer_v3_pred_0": 161.55408811569214,
    "predict_benchmark_model_4_multimer_v3_pred_0": 76.9881284236908,
    "process_features_model_5_multimer_v3_pred_0": 2.6941299438476562e-05,
    "predict_and_compile_model_5_multimer_v3_pred_0": 285.63316822052,
    "predict_benchmark_model_5_multimer_v3_pred_0": 202.23425769805908
}