seed,sample,ranking_score
1,0,0.6281946471361648
1,1,0.6658160155105917
1,2,0.6580933805680689
1,3,0.6608700281107814
1,4,0.6809620091502989
