seed,sample,ranking_score
1,0,0.6585905610084081
1,1,0.669889708296583
1,2,0.6625571123324678
1,3,0.6679472646712482
1,4,0.7016768031190856
