seed,sample,ranking_score
1,0,0.431458886203965
1,1,0.43864906947020127
1,2,0.3927484613035741
1,3,0.45287148790599896
1,4,0.4505673325701389
