seed,sample,ranking_score
1,0,0.6872601296897057
1,1,0.6444782159512586
1,2,0.6476785284371894
1,3,0.6586514987301231
1,4,0.6582805447469311
