seed,sample,ranking_score
1,0,0.6348478196318476
1,1,0.6451515484724533
1,2,0.6424124129763529
1,3,0.6483498147318817
1,4,0.6646547526749389
