seed,sample,ranking_score
1,0,0.5693413274517931
1,1,0.5628893030056383
1,2,0.5563581122331975
1,3,0.6153988698091492
1,4,0.5655501265016332
