seed,sample,ranking_score
1,0,0.3728192302109734
1,1,0.37302135457413615
1,2,0.3676442299027615
1,3,0.3837800631703906
1,4,0.37769080947773775
