{
    "features": 0.00864863395690918,
    "process_features_model_1_multimer_v3_pred_0": 4.0531158447265625e-06,
    "predict_and_compile_model_1_multimer_v3_pred_0": 302.2298855781555,
    "relax_model_1_multimer_v3_pred_0": 46.94350028038025,
    "process_features_model_1_multimer_v3_pred_1": 3.0994415283203125e-06,
    "predict_and_compile_model_1_multimer_v3_pred_1": 190.24885892868042,
    "relax_model_1_multimer_v3_pred_1": 28.23129892349243,
    "process_features_model_1_multimer_v3_pred_2": 2.384185791015625e-06,
    "predict_and_compile_model_1_multimer_v3_pred_2": 190.17943739891052,
    "relax_model_1_multimer_v3_pred_2": 28.33814287185669,
    "process_features_model_1_multimer_v3_pred_3": 2.6226043701171875e-06,
    "predict_and_compile_model_1_multimer_v3_pred_3": 190.0315146446228,
    "relax_model_1_multimer_v3_pred_3": 29.41686773300171,
    "process_features_model_1_multimer_v3_pred_4": 2.384185791015625e-06,
    "predict_and_compile_model_1_multimer_v3_pred_4": 190.24390244483948,
    "relax_model_1_multimer_v3_pred_4": 29.020147562026978,
    "process_features_model_2_multimer_v3_pred_0": 2.384185791015625e-06,
    "predict_and_compile_model_2_multimer_v3_pred_0": 199.04521203041077,
    "relax_model_2_multimer_v3_pred_0": 28.78092861175537,
    "process_features_model_2_multimer_v3_pred_1": 2.6226043701171875e-06,
    "predict_and_compile_model_2_multimer_v3_pred_1": 190.25985717773438,
    "relax_model_2_multimer_v3_pred_1": 29.03701424598694,
    "process_features_model_2_multimer_v3_pred_2": 2.6226043701171875e-06,
    "predict_and_compile_model_2_multimer_v3_pred_2": 190.25814414024353,
    "relax_model_2_multimer_v3_pred_2": 43.858503103256226,
    "process_features_model_2_multimer_v3_pred_3": 2.384185791015625e-06,
    "predict_and_compile_model_2_multimer_v3_pred_3": 190.39026737213135,
    "relax_model_2_multimer_v3_pred_3": 33.62793231010437,
    "process_features_model_2_multimer_v3_pred_4": 2.86102294921875e-06,
    "predict_and_compile_model_2_multimer_v3_pred_4": 181.21221804618835,
    "relax_model_2_multimer_v3_pred_4": 28.260936498641968,
    "process_features_model_3_multimer_v3_pred_0": 2.384185791015625e-06,
    "predict_and_compile_model_3_multimer_v3_pred_0": 300.52447390556335,
    "relax_model_3_multimer_v3_pred_0": 29.295515775680542,
    "process_features_model_3_multimer_v3_pred_1": 2.6226043701171875e-06,
    "predict_and_compile_model_3_multimer_v3_pred_1": 190.1066632270813,
    "relax_model_3_multimer_v3_pred_1": 27.665013790130615,
    "process_features_model_3_multimer_v3_pred_2": 2.6226043701171875e-06,
    "predict_and_compile_model_3_multimer_v3_pred_2": 190.32863187789917,
    "relax_model_3_multimer_v3_pred_2": 31.29444718360901,
    "process_features_model_3_multimer_v3_pred_3": 3.0994415283203125e-06,
    "predict_and_compile_model_3_multimer_v3_pred_3": 190.30457019805908,
    "relax_model_3_multimer_v3_pred_3": 28.86821961402893,
    "process_features_model_3_multimer_v3_pred_4": 2.1457672119140625e-06,
    "predict_and_compile_model_3_multimer_v3_pred_4": 181.41782760620117,
    "relax_model_3_multimer_v3_pred_4": 29.70380425453186,
    "process_features_model_4_multimer_v3_pred_0": 2.86102294921875e-06,
    "predict_and_compile_model_4_multimer_v3_pred_0": 301.7731418609619,
    "relax_model_4_multimer_v3_pred_0": 28.7906436920166,
    "process_features_model_4_multimer_v3_pred_1": 2.86102294921875e-06,
    "predict_and_compile_model_4_multimer_v3_pred_1": 189.56057047843933,
    "relax_model_4_multimer_v3_pred_1": 28.40681290626526,
    "process_features_model_4_multimer_v3_pred_2": 2.384185791015625e-06,
    "predict_and_compile_model_4_multimer_v3_pred_2": 186.60230374336243,
    "relax_model_4_multimer_v3_pred_2": 29.396642446517944,
    "process_features_model_4_multimer_v3_pred_3": 2.6226043701171875e-06,
    "predict_and_compile_model_4_multimer_v3_pred_3": 186.44587922096252,
    "relax_model_4_multimer_v3_pred_3": 30.399767637252808,
    "process_features_model_4_multimer_v3_pred_4": 3.0994415283203125e-06,
    "predict_and_compile_model_4_multimer_v3_pred_4": 186.82881903648376,
    "relax_model_4_multimer_v3_pred_4": 30.91849994659424,
    "process_features_model_5_multimer_v3_pred_0": 2.6226043701171875e-06,
    "predict_and_compile_model_5_multimer_v3_pred_0": 298.94002652168274,
    "relax_model_5_multimer_v3_pred_0": 33.18815636634827,
    "process_features_model_5_multimer_v3_pred_1": 2.86102294921875e-06,
    "predict_and_compile_model_5_multimer_v3_pred_1": 186.79090857505798,
    "relax_model_5_multimer_v3_pred_1": 54.547865867614746,
    "process_features_model_5_multimer_v3_pred_2": 2.86102294921875e-06,
    "predict_and_compile_model_5_multimer_v3_pred_2": 186.86911988258362,
    "relax_model_5_multimer_v3_pred_2": 29.022302627563477,
    "process_features_model_5_multimer_v3_pred_3": 2.384185791015625e-06,
    "predict_and_compile_model_5_multimer_v3_pred_3": 71.5960214138031,
    "relax_model_5_multimer_v3_pred_3": 30.074212789535522,
    "process_features_model_5_multimer_v3_pred_4": 2.384185791015625e-06,
    "predict_and_compile_model_5_multimer_v3_pred_4": 89.27209782600403,
    "relax_model_5_multimer_v3_pred_4": 30.164971113204956
}