seed,sample,ranking_score
1,0,0.4608203087850089
1,1,0.430821828665799
1,2,0.4502947804958531
1,3,0.44892640623723346
1,4,0.4377822734802053
