seed,sample,ranking_score
1,0,0.5379690695775117
1,1,0.5303005436391469
1,2,0.4311980275764399
1,3,0.5095608359505787
1,4,0.5512600586533567
