seed,sample,ranking_score
1,0,0.7053542223916204
1,1,0.7003825400806455
1,2,0.6864513011076212
1,3,0.6635186337308976
1,4,0.700502782791129
