seed,sample,ranking_score
1,0,0.5053126487836946
1,1,0.49207293678948555
1,2,0.4657343119787062
1,3,0.5163804330033929
1,4,0.5119419597798618
