{
    "iptm+ptm": {
        "model_1_multimer_v3_pred_0": 0.5999097035622094,
        "model_1_multimer_v3_pred_1": 0.595577590075576,
        "model_1_multimer_v3_pred_2": 0.5958955111717654,
        "model_1_multimer_v3_pred_3": 0.6135897813870765,
        "model_1_multimer_v3_pred_4": 0.6096023186405433,
        "model_2_multimer_v3_pred_0": 0.6520761069508578,
        "model_2_multimer_v3_pred_1": 0.6334575610817093,
        "model_2_multimer_v3_pred_2": 0.6324161044879097,
        "model_2_multimer_v3_pred_3": 0.6219507059172804,
        "model_2_multimer_v3_pred_4": 0.6315601649257294,
        "model_3_multimer_v3_pred_0": 0.5922804212945058,
        "model_3_multimer_v3_pred_1": 0.6297706949242039,
        "model_3_multimer_v3_pred_2": 0.6048672392264631,
        "model_3_multimer_v3_pred_3": 0.6066759204912173,
        "model_3_multimer_v3_pred_4": 0.6246234935683214,
        "model_4_multimer_v3_pred_0": 0.6187856059071262,
        "model_4_multimer_v3_pred_1": 0.6147125117500722,
        "model_4_multimer_v3_pred_2": 0.5962691486994138,
        "model_4_multimer_v3_pred_3": 0.6276718926327146,
        "model_4_multimer_v3_pred_4": 0.6266866509754014,
        "model_5_multimer_v3_pred_0": 0.6344709253378702,
        "model_5_multimer_v3_pred_1": 0.6329753306732924,
        "model_5_multimer_v3_pred_2": 0.6204672853135198,
        "model_5_multimer_v3_pred_3": 0.6469736111563673,
        "model_5_multimer_v3_pred_4": 0.6205628787271589
    },
    "order": [
        "model_2_multimer_v3_pred_0",
        "model_5_multimer_v3_pred_3",
        "model_5_multimer_v3_pred_0",
        "model_2_multimer_v3_pred_1",
        "model_5_multimer_v3_pred_1",
        "model_2_multimer_v3_pred_2",
        "model_2_multimer_v3_pred_4",
        "model_3_multimer_v3_pred_1",
        "model_4_multimer_v3_pred_3",
        "model_4_multimer_v3_pred_4",
        "model_3_multimer_v3_pred_4",
        "model_2_multimer_v3_pred_3",
        "model_5_multimer_v3_pred_4",
        "model_5_multimer_v3_pred_2",
        "model_4_multimer_v3_pred_0",
        "model_4_multimer_v3_pred_1",
        "model_1_multimer_v3_pred_3",
        "model_1_multimer_v3_pred_4",
        "model_3_multimer_v3_pred_3",
        "model_3_multimer_v3_pred_2",
        "model_1_multimer_v3_pred_0",
        "model_4_multimer_v3_pred_2",
        "model_1_multimer_v3_pred_2",
        "model_1_multimer_v3_pred_1",
        "model_3_multimer_v3_pred_0"
    ]
}