{
    "features": 0.0077588558197021484,
    "process_features_model_1_multimer_v3_pred_0": 3.0994415283203125e-06,
    "predict_and_compile_model_1_multimer_v3_pred_0": 230.31316447257996,
    "relax_model_1_multimer_v3_pred_0": 31.159852981567383,
    "process_features_model_1_multimer_v3_pred_1": 3.814697265625e-06,
    "predict_and_compile_model_1_multimer_v3_pred_1": 59.65794634819031,
    "relax_model_1_multimer_v3_pred_1": 20.39124584197998,
    "process_features_model_1_multimer_v3_pred_2": 4.5299530029296875e-06,
    "predict_and_compile_model_1_multimer_v3_pred_2": 59.737809896469116,
    "relax_model_1_multimer_v3_pred_2": 20.495458602905273,
    "process_features_model_1_multimer_v3_pred_3": 4.5299530029296875e-06,
    "predict_and_compile_model_1_multimer_v3_pred_3": 59.730634450912476,
    "relax_model_1_multimer_v3_pred_3": 20.822516441345215,
    "process_features_model_1_multimer_v3_pred_4": 3.337860107421875e-06,
    "predict_and_compile_model_1_multimer_v3_pred_4": 59.69918394088745,
    "relax_model_1_multimer_v3_pred_4": 34.985864877700806,
    "process_features_model_2_multimer_v3_pred_0": 3.5762786865234375e-06,
    "predict_and_compile_model_2_multimer_v3_pred_0": 250.0502314567566,
    "relax_model_2_multimer_v3_pred_0": 21.89286994934082,
    "process_features_model_2_multimer_v3_pred_1": 3.814697265625e-06,
    "predict_and_compile_model_2_multimer_v3_pred_1": 59.627511978149414,
    "relax_model_2_multimer_v3_pred_1": 19.441024780273438,
    "process_features_model_2_multimer_v3_pred_2": 4.0531158447265625e-06,
    "predict_and_compile_model_2_multimer_v3_pred_2": 59.540971755981445,
    "relax_model_2_multimer_v3_pred_2": 20.068397760391235,
    "process_features_model_2_multimer_v3_pred_3": 3.0994415283203125e-06,
    "predict_and_compile_model_2_multimer_v3_pred_3": 47.7957489490509,
    "relax_model_2_multimer_v3_pred_3": 20.071900606155396,
    "process_features_model_2_multimer_v3_pred_4": 3.5762786865234375e-06,
    "predict_and_compile_model_2_multimer_v3_pred_4": 59.68807935714722,
    "relax_model_2_multimer_v3_pred_4": 19.529306650161743,
    "process_features_model_3_multimer_v3_pred_0": 3.5762786865234375e-06,
    "predict_and_compile_model_3_multimer_v3_pred_0": 251.494952917099,
    "relax_model_3_multimer_v3_pred_0": 33.79838967323303,
    "process_features_model_3_multimer_v3_pred_1": 4.0531158447265625e-06,
    "predict_and_compile_model_3_multimer_v3_pred_1": 71.53644466400146,
    "relax_model_3_multimer_v3_pred_1": 21.042638063430786,
    "process_features_model_3_multimer_v3_pred_2": 3.5762786865234375e-06,
    "predict_and_compile_model_3_multimer_v3_pred_2": 71.49512648582458,
    "relax_model_3_multimer_v3_pred_2": 19.88202404975891,
    "process_features_model_3_multimer_v3_pred_3": 3.814697265625e-06,
    "predict_and_compile_model_3_multimer_v3_pred_3": 71.63320970535278,
    "relax_model_3_multimer_v3_pred_3": 21.07039213180542,
    "process_features_model_3_multimer_v3_pred_4": 4.0531158447265625e-06,
    "predict_and_compile_model_3_multimer_v3_pred_4": 71.53833270072937,
    "relax_model_3_multimer_v3_pred_4": 21.184099435806274,
    "process_features_model_4_multimer_v3_pred_0": 4.76837158203125e-06,
    "predict_and_compile_model_4_multimer_v3_pred_0": 234.95080399513245,
    "relax_model_4_multimer_v3_pred_0": 23.468319177627563,
    "process_features_model_4_multimer_v3_pred_1": 3.337860107421875e-06,
    "predict_and_compile_model_4_multimer_v3_pred_1": 94.19347596168518,
    "relax_model_4_multimer_v3_pred_1": 20.36062717437744,
    "process_features_model_4_multimer_v3_pred_2": 3.0994415283203125e-06,
    "predict_and_compile_model_4_multimer_v3_pred_2": 70.6452100276947,
    "relax_model_4_multimer_v3_pred_2": 22.074833154678345,
    "process_features_model_4_multimer_v3_pred_3": 3.337860107421875e-06,
    "predict_and_compile_model_4_multimer_v3_pred_3": 70.70932531356812,
    "relax_model_4_multimer_v3_pred_3": 39.23296618461609,
    "process_features_model_4_multimer_v3_pred_4": 3.337860107421875e-06,
    "predict_and_compile_model_4_multimer_v3_pred_4": 70.49283933639526,
    "relax_model_4_multimer_v3_pred_4": 20.981521606445312,
    "process_features_model_5_multimer_v3_pred_0": 3.337860107421875e-06,
    "predict_and_compile_model_5_multimer_v3_pred_0": 262.3303210735321,
    "relax_model_5_multimer_v3_pred_0": 20.35019087791443,
    "process_features_model_5_multimer_v3_pred_1": 3.5762786865234375e-06,
    "predict_and_compile_model_5_multimer_v3_pred_1": 82.487802028656,
    "relax_model_5_multimer_v3_pred_1": 20.235852241516113,
    "process_features_model_5_multimer_v3_pred_2": 3.814697265625e-06,
    "predict_and_compile_model_5_multimer_v3_pred_2": 70.67298340797424,
    "relax_model_5_multimer_v3_pred_2": 22.38890838623047,
    "process_features_model_5_multimer_v3_pred_3": 3.5762786865234375e-06,
    "predict_and_compile_model_5_multimer_v3_pred_3": 82.44587397575378,
    "relax_model_5_multimer_v3_pred_3": 20.864970207214355,
    "process_features_model_5_multimer_v3_pred_4": 3.814697265625e-06,
    "predict_and_compile_model_5_multimer_v3_pred_4": 58.94780230522156,
    "relax_model_5_multimer_v3_pred_4": 30.751049757003784
}