seed,sample,ranking_score
5,0,0.8462585249886723
5,1,0.8600034430208405
5,2,0.7820916808139642
5,3,0.8328077454882217
5,4,0.8559920490069441
