seed,sample,ranking_score
1,0,0.7173076074671939
1,1,0.6701478469113663
1,2,0.6833126926837563
1,3,0.6915962705355346
1,4,0.681176763840518
