{
    "features": 0.019748687744140625,
    "process_features_model_1_multimer_v3_pred_0": 5.7220458984375e-06,
    "predict_and_compile_model_1_multimer_v3_pred_0": 247.32385659217834,
    "predict_benchmark_model_1_multimer_v3_pred_0": 135.00409960746765,
    "process_features_model_2_multimer_v3_pred_0": 2.4318695068359375e-05,
    "predict_and_compile_model_2_multimer_v3_pred_0": 245.42733120918274,
    "predict_benchmark_model_2_multimer_v3_pred_0": 137.46883606910706,
    "process_features_model_3_multimer_v3_pred_0": 3.0517578125e-05,
    "predict_and_compile_model_3_multimer_v3_pred_0": 230.6507761478424,
    "predict_benchmark_model_3_multimer_v3_pred_0": 109.52509641647339,
    "process_features_model_4_multimer_v3_pred_0": 2.384185791015625e-05,
    "predict_and_compile_model_4_multimer_v3_pred_0": 250.21703839302063,
    "predict_benchmark_model_4_multimer_v3_pred_0": 131.36000537872314,
    "process_features_model_5_multimer_v3_pred_0": 1.8358230590820312e-05,
    "predict_and_compile_model_5_multimer_v3_pred_0": 241.2713921070099,
    "predict_benchmark_model_5_multimer_v3_pred_0": 131.42253994941711
}