seed,sample,ranking_score
1,0,0.333344013395671
1,1,0.33346005184468863
1,2,0.32973958526858854
1,3,0.3318741683142921
1,4,0.3323656945584971
