{
    "features": 0.007275581359863281,
    "process_features_model_1_multimer_v3_pred_0": 4.291534423828125e-06,
    "predict_and_compile_model_1_multimer_v3_pred_0": 180.83576941490173,
    "relax_model_1_multimer_v3_pred_0": 25.20711874961853,
    "process_features_model_1_multimer_v3_pred_1": 3.0994415283203125e-06,
    "predict_and_compile_model_1_multimer_v3_pred_1": 39.75566005706787,
    "relax_model_1_multimer_v3_pred_1": 22.229535341262817,
    "process_features_model_1_multimer_v3_pred_2": 2.86102294921875e-06,
    "predict_and_compile_model_1_multimer_v3_pred_2": 39.75355267524719,
    "relax_model_1_multimer_v3_pred_2": 22.168192863464355,
    "process_features_model_1_multimer_v3_pred_3": 2.86102294921875e-06,
    "predict_and_compile_model_1_multimer_v3_pred_3": 55.35512948036194,
    "relax_model_1_multimer_v3_pred_3": 22.849067211151123,
    "process_features_model_1_multimer_v3_pred_4": 2.6226043701171875e-06,
    "predict_and_compile_model_1_multimer_v3_pred_4": 39.76539373397827,
    "relax_model_1_multimer_v3_pred_4": 22.614099502563477,
    "process_features_model_2_multimer_v3_pred_0": 2.6226043701171875e-06,
    "predict_and_compile_model_2_multimer_v3_pred_0": 161.6507911682129,
    "relax_model_2_multimer_v3_pred_0": 23.28945565223694,
    "process_features_model_2_multimer_v3_pred_1": 3.337860107421875e-06,
    "predict_and_compile_model_2_multimer_v3_pred_1": 71.03281617164612,
    "relax_model_2_multimer_v3_pred_1": 22.50273060798645,
    "process_features_model_2_multimer_v3_pred_2": 2.86102294921875e-06,
    "predict_and_compile_model_2_multimer_v3_pred_2": 40.20833683013916,
    "relax_model_2_multimer_v3_pred_2": 26.429389476776123,
    "process_features_model_2_multimer_v3_pred_3": 2.86102294921875e-06,
    "predict_and_compile_model_2_multimer_v3_pred_3": 55.3685302734375,
    "relax_model_2_multimer_v3_pred_3": 23.11479353904724,
    "process_features_model_2_multimer_v3_pred_4": 3.0994415283203125e-06,
    "predict_and_compile_model_2_multimer_v3_pred_4": 39.76355695724487,
    "relax_model_2_multimer_v3_pred_4": 22.83672261238098,
    "process_features_model_3_multimer_v3_pred_0": 3.337860107421875e-06,
    "predict_and_compile_model_3_multimer_v3_pred_0": 202.1532325744629,
    "relax_model_3_multimer_v3_pred_0": 23.64920949935913,
    "process_features_model_3_multimer_v3_pred_1": 3.0994415283203125e-06,
    "predict_and_compile_model_3_multimer_v3_pred_1": 39.726929664611816,
    "relax_model_3_multimer_v3_pred_1": 22.38921546936035,
    "process_features_model_3_multimer_v3_pred_2": 3.0994415283203125e-06,
    "predict_and_compile_model_3_multimer_v3_pred_2": 63.49189305305481,
    "relax_model_3_multimer_v3_pred_2": 22.1251859664917,
    "process_features_model_3_multimer_v3_pred_3": 3.0994415283203125e-06,
    "predict_and_compile_model_3_multimer_v3_pred_3": 39.718496322631836,
    "relax_model_3_multimer_v3_pred_3": 27.641213417053223,
    "process_features_model_3_multimer_v3_pred_4": 2.86102294921875e-06,
    "predict_and_compile_model_3_multimer_v3_pred_4": 39.77486062049866,
    "relax_model_3_multimer_v3_pred_4": 22.604975700378418,
    "process_features_model_4_multimer_v3_pred_0": 3.814697265625e-06,
    "predict_and_compile_model_4_multimer_v3_pred_0": 197.0504012107849,
    "relax_model_4_multimer_v3_pred_0": 23.25329279899597,
    "process_features_model_4_multimer_v3_pred_1": 3.337860107421875e-06,
    "predict_and_compile_model_4_multimer_v3_pred_1": 68.91849207878113,
    "relax_model_4_multimer_v3_pred_1": 24.649341344833374,
    "process_features_model_4_multimer_v3_pred_2": 4.76837158203125e-06,
    "predict_and_compile_model_4_multimer_v3_pred_2": 46.24919891357422,
    "relax_model_4_multimer_v3_pred_2": 24.07268738746643,
    "process_features_model_4_multimer_v3_pred_3": 3.0994415283203125e-06,
    "predict_and_compile_model_4_multimer_v3_pred_3": 68.6978051662445,
    "relax_model_4_multimer_v3_pred_3": 22.349882125854492,
    "process_features_model_4_multimer_v3_pred_4": 3.0994415283203125e-06,
    "predict_and_compile_model_4_multimer_v3_pred_4": 83.96562910079956,
    "relax_model_4_multimer_v3_pred_4": 22.698498964309692,
    "process_features_model_5_multimer_v3_pred_0": 2.86102294921875e-06,
    "predict_and_compile_model_5_multimer_v3_pred_0": 155.31994080543518,
    "relax_model_5_multimer_v3_pred_0": 23.58796525001526,
    "process_features_model_5_multimer_v3_pred_1": 3.0994415283203125e-06,
    "predict_and_compile_model_5_multimer_v3_pred_1": 68.85216426849365,
    "relax_model_5_multimer_v3_pred_1": 23.416242837905884,
    "process_features_model_5_multimer_v3_pred_2": 2.86102294921875e-06,
    "predict_and_compile_model_5_multimer_v3_pred_2": 91.73183512687683,
    "relax_model_5_multimer_v3_pred_2": 23.613139152526855,
    "process_features_model_5_multimer_v3_pred_3": 2.86102294921875e-06,
    "predict_and_compile_model_5_multimer_v3_pred_3": 61.32097554206848,
    "relax_model_5_multimer_v3_pred_3": 22.99921202659607,
    "process_features_model_5_multimer_v3_pred_4": 3.337860107421875e-06,
    "predict_and_compile_model_5_multimer_v3_pred_4": 68.78273272514343,
    "relax_model_5_multimer_v3_pred_4": 24.429925203323364
}