seed,sample,ranking_score
1,0,0.8190983359516834
1,1,0.8315436224770807
1,2,0.8208537521585004
1,3,0.8195174808920354
1,4,0.8257961831132604
