seed,sample,ranking_score
1,0,0.5686567641942032
1,1,0.5726986997738864
1,2,0.5632009352976604
1,3,0.5545052724186421
1,4,0.5547670431691945
