seed,sample,ranking_score
1,0,0.6697383144923249
1,1,0.6748062892694484
1,2,0.664514871388017
1,3,0.6738130321833709
1,4,0.676038703791325
