{
    "features": 0.16824793815612793,
    "process_features_model_1_multimer_v3_pred_0": 5.9604644775390625e-06,
    "predict_and_compile_model_1_multimer_v3_pred_0": 107.16145324707031,
    "predict_benchmark_model_1_multimer_v3_pred_0": 30.082354307174683,
    "process_features_model_2_multimer_v3_pred_0": 3.266334533691406e-05,
    "predict_and_compile_model_2_multimer_v3_pred_0": 112.98405456542969,
    "predict_benchmark_model_2_multimer_v3_pred_0": 36.0242555141449,
    "process_features_model_3_multimer_v3_pred_0": 1.7881393432617188e-05,
    "predict_and_compile_model_3_multimer_v3_pred_0": 108.67067766189575,
    "predict_benchmark_model_3_multimer_v3_pred_0": 30.07712483406067,
    "process_features_model_4_multimer_v3_pred_0": 1.7404556274414062e-05,
    "predict_and_compile_model_4_multimer_v3_pred_0": 100.4896469116211,
    "predict_benchmark_model_4_multimer_v3_pred_0": 23.253519535064697,
    "process_features_model_5_multimer_v3_pred_0": 2.5033950805664062e-05,
    "predict_and_compile_model_5_multimer_v3_pred_0": 106.19468235969543,
    "predict_benchmark_model_5_multimer_v3_pred_0": 29.05708909034729
}