seed,sample,ranking_score
1,0,0.743323788895175
1,1,0.8350872169110434
1,2,0.8032622368240911
1,3,0.722645460044316
1,4,0.8092865481611381
