{
    "features": 0.30414271354675293,
    "process_features_model_1_multimer_v3_pred_0": 5.245208740234375e-06,
    "predict_and_compile_model_1_multimer_v3_pred_0": 977.4280061721802,
    "predict_benchmark_model_1_multimer_v3_pred_0": 815.1929187774658,
    "process_features_model_2_multimer_v3_pred_0": 4.5299530029296875e-06,
    "predict_and_compile_model_2_multimer_v3_pred_0": 965.3958172798157,
    "predict_benchmark_model_2_multimer_v3_pred_0": 811.1545777320862,
    "process_features_model_3_multimer_v3_pred_0": 5.245208740234375e-06,
    "predict_and_compile_model_3_multimer_v3_pred_0": 964.1586873531342,
    "predict_benchmark_model_3_multimer_v3_pred_0": 814.4066948890686,
    "process_features_model_4_multimer_v3_pred_0": 5.4836273193359375e-06,
    "predict_and_compile_model_4_multimer_v3_pred_0": 959.1482994556427,
    "predict_benchmark_model_4_multimer_v3_pred_0": 789.9049091339111,
    "process_features_model_5_multimer_v3_pred_0": 4.291534423828125e-06,
    "predict_and_compile_model_5_multimer_v3_pred_0": 946.050211429596,
    "predict_benchmark_model_5_multimer_v3_pred_0": 793.8366260528564
}