seed,sample,ranking_score
1,0,0.9437592146431661
1,1,0.9324110026347023
1,2,0.9448554880008302
1,3,0.9301510959151885
1,4,0.9397332991327434
