seed,sample,ranking_score
1,0,0.6675233774393231
1,1,0.6493330487059102
1,2,0.6626294643827734
1,3,0.6635053754181864
1,4,0.6526730791429068
