{
    "features": 0.6697597503662109,
    "process_features_model_1_multimer_v3_pred_0": 4.5299530029296875e-06,
    "predict_and_compile_model_1_multimer_v3_pred_0": 572.6828680038452,
    "predict_benchmark_model_1_multimer_v3_pred_0": 453.8251693248749,
    "process_features_model_2_multimer_v3_pred_0": 3.5762786865234375e-06,
    "predict_and_compile_model_2_multimer_v3_pred_0": 563.2560179233551,
    "predict_benchmark_model_2_multimer_v3_pred_0": 453.06529092788696,
    "process_features_model_3_multimer_v3_pred_0": 4.5299530029296875e-06,
    "predict_and_compile_model_3_multimer_v3_pred_0": 563.0852468013763,
    "predict_benchmark_model_3_multimer_v3_pred_0": 453.2070803642273,
    "process_features_model_4_multimer_v3_pred_0": 3.814697265625e-06,
    "predict_and_compile_model_4_multimer_v3_pred_0": 557.2840838432312,
    "predict_benchmark_model_4_multimer_v3_pred_0": 441.65285658836365,
    "process_features_model_5_multimer_v3_pred_0": 4.5299530029296875e-06,
    "predict_and_compile_model_5_multimer_v3_pred_0": 554.2817738056183,
    "predict_benchmark_model_5_multimer_v3_pred_0": 441.95045804977417
}