seed,sample,ranking_score
1,0,0.46069978979066206
1,1,0.4813401775926996
1,2,0.47611609770552077
1,3,0.448525959178312
1,4,0.46044916655383733
