seed,sample,ranking_score
1,0,0.7373606140446146
1,1,0.7833545988784517
1,2,0.7646437386054353
1,3,0.7702962732878232
1,4,0.7800444040488577
