seed,sample,ranking_score
1,0,0.7182813359154177
1,1,0.7553230544863281
1,2,0.7144782105924037
1,3,0.7690453619704382
1,4,0.7238758865568693
