seed,sample,ranking_score
1,0,0.6388521996381119
1,1,0.6280112020844404
1,2,0.6735544523633159
1,3,0.6553509341049362
1,4,0.6653986589471371
