{
    "features": 0.34066128730773926,
    "process_features_model_1_multimer_v3_pred_0": 5.0067901611328125e-06,
    "predict_and_compile_model_1_multimer_v3_pred_0": 703.5729103088379,
    "predict_benchmark_model_1_multimer_v3_pred_0": 587.1013896465302,
    "process_features_model_2_multimer_v3_pred_0": 3.337860107421875e-06,
    "predict_and_compile_model_2_multimer_v3_pred_0": 696.5450668334961,
    "predict_benchmark_model_2_multimer_v3_pred_0": 586.9580955505371,
    "process_features_model_3_multimer_v3_pred_0": 4.5299530029296875e-06,
    "predict_and_compile_model_3_multimer_v3_pred_0": 697.5858752727509,
    "predict_benchmark_model_3_multimer_v3_pred_0": 586.8845582008362,
    "process_features_model_4_multimer_v3_pred_0": 4.0531158447265625e-06,
    "predict_and_compile_model_4_multimer_v3_pred_0": 688.4148511886597,
    "predict_benchmark_model_4_multimer_v3_pred_0": 572.1185853481293,
    "process_features_model_5_multimer_v3_pred_0": 4.291534423828125e-06,
    "predict_and_compile_model_5_multimer_v3_pred_0": 686.850094795227,
    "predict_benchmark_model_5_multimer_v3_pred_0": 571.8310930728912
}