seed,sample,ranking_score
1,0,0.8004090852548924
1,1,0.7062706464079144
1,2,0.7005451209078563
1,3,0.7154641636992021
1,4,0.7224606606360526
