seed,sample,ranking_score
1,0,0.5923158690131648
1,1,0.5869252459686289
1,2,0.5874107610418795
1,3,0.5838246195125388
1,4,0.5921755411944938
