seed,sample,ranking_score
1,0,0.49725488537220164
1,1,0.5720451918005649
1,2,0.48560668548290586
1,3,0.5622606344055028
1,4,0.48652021667588136
