seed,sample,ranking_score
1,0,0.5926500937826162
1,1,0.6098389011686856
1,2,0.5809150055911096
1,3,0.5828456606658157
1,4,0.5964952257026811
