{
    "features": 0.41826772689819336,
    "process_features_model_1_multimer_v3_pred_0": 5.245208740234375e-06,
    "predict_and_compile_model_1_multimer_v3_pred_0": 2269.750553369522,
    "predict_benchmark_model_1_multimer_v3_pred_0": 2136.6032943725586,
    "process_features_model_2_multimer_v3_pred_0": 4.506111145019531e-05,
    "predict_and_compile_model_2_multimer_v3_pred_0": 2248.838400363922,
    "predict_benchmark_model_2_multimer_v3_pred_0": 2134.9195749759674,
    "process_features_model_3_multimer_v3_pred_0": 0.001116037368774414,
    "predict_and_compile_model_3_multimer_v3_pred_0": 2255.770238161087,
    "predict_benchmark_model_3_multimer_v3_pred_0": 2127.4053542613983,
    "process_features_model_4_multimer_v3_pred_0": 1.3828277587890625e-05,
    "predict_and_compile_model_4_multimer_v3_pred_0": 2206.2957258224487,
    "predict_benchmark_model_4_multimer_v3_pred_0": 2092.598714828491,
    "process_features_model_5_multimer_v3_pred_0": 3.123283386230469e-05,
    "predict_and_compile_model_5_multimer_v3_pred_0": 2204.195142030716,
    "predict_benchmark_model_5_multimer_v3_pred_0": 2090.8690724372864
}