seed,sample,ranking_score
3,0,0.9502798463894566
3,1,0.940222722605441
3,2,0.9293585003879223
3,3,0.948464170254925
3,4,0.9326373747774196
