seed,sample,ranking_score
1,0,0.6691542831187813
1,1,0.6699980662532329
1,2,0.7394056798368474
1,3,0.6672866222904976
1,4,0.681856980349687
