seed,sample,ranking_score
3,0,0.8319669759470761
3,1,0.8355611087743152
3,2,0.8516271061695433
3,3,0.8628090626794152
3,4,0.8425191274426056
