seed,sample,ranking_score
1,0,0.6056398557287503
1,1,0.5697393866706157
1,2,0.5898928526227587
1,3,0.6211337780029043
1,4,0.6090263503120035
