seed,sample,ranking_score
1,0,0.41623215520882073
1,1,0.43155429932808564
1,2,0.42508909946203444
1,3,0.4348721686858428
1,4,0.41101549015083816
