seed,sample,ranking_score
1,0,0.558040611661155
1,1,0.5444941069388327
1,2,0.5696478446951746
1,3,0.5799038924065104
1,4,0.5345596020130713
