{
    "features": 0.008003473281860352,
    "process_features_model_1_multimer_v3_pred_0": 4.291534423828125e-06,
    "predict_and_compile_model_1_multimer_v3_pred_0": 150.10116934776306,
    "relax_model_1_multimer_v3_pred_0": 23.776286840438843,
    "process_features_model_1_multimer_v3_pred_1": 3.814697265625e-06,
    "predict_and_compile_model_1_multimer_v3_pred_1": 38.93829417228699,
    "relax_model_1_multimer_v3_pred_1": 19.544317722320557,
    "process_features_model_1_multimer_v3_pred_2": 3.5762786865234375e-06,
    "predict_and_compile_model_1_multimer_v3_pred_2": 32.50796461105347,
    "relax_model_1_multimer_v3_pred_2": 20.050581455230713,
    "process_features_model_1_multimer_v3_pred_3": 2.86102294921875e-06,
    "predict_and_compile_model_1_multimer_v3_pred_3": 38.82697105407715,
    "relax_model_1_multimer_v3_pred_3": 22.880348682403564,
    "process_features_model_1_multimer_v3_pred_4": 2.86102294921875e-06,
    "predict_and_compile_model_1_multimer_v3_pred_4": 38.88447380065918,
    "relax_model_1_multimer_v3_pred_4": 19.877657890319824,
    "process_features_model_2_multimer_v3_pred_0": 4.0531158447265625e-06,
    "predict_and_compile_model_2_multimer_v3_pred_0": 139.98721885681152,
    "relax_model_2_multimer_v3_pred_0": 19.66295289993286,
    "process_features_model_2_multimer_v3_pred_1": 2.86102294921875e-06,
    "predict_and_compile_model_2_multimer_v3_pred_1": 32.43560552597046,
    "relax_model_2_multimer_v3_pred_1": 19.815080165863037,
    "process_features_model_2_multimer_v3_pred_2": 3.814697265625e-06,
    "predict_and_compile_model_2_multimer_v3_pred_2": 26.045151948928833,
    "relax_model_2_multimer_v3_pred_2": 19.703998565673828,
    "process_features_model_2_multimer_v3_pred_3": 3.0994415283203125e-06,
    "predict_and_compile_model_2_multimer_v3_pred_3": 26.04390788078308,
    "relax_model_2_multimer_v3_pred_3": 21.461532831192017,
    "process_features_model_2_multimer_v3_pred_4": 2.86102294921875e-06,
    "predict_and_compile_model_2_multimer_v3_pred_4": 26.092260122299194,
    "relax_model_2_multimer_v3_pred_4": 19.747517108917236,
    "process_features_model_3_multimer_v3_pred_0": 2.86102294921875e-06,
    "predict_and_compile_model_3_multimer_v3_pred_0": 141.41480231285095,
    "relax_model_3_multimer_v3_pred_0": 20.345102310180664,
    "process_features_model_3_multimer_v3_pred_1": 3.337860107421875e-06,
    "predict_and_compile_model_3_multimer_v3_pred_1": 26.064987421035767,
    "relax_model_3_multimer_v3_pred_1": 19.46846866607666,
    "process_features_model_3_multimer_v3_pred_2": 2.86102294921875e-06,
    "predict_and_compile_model_3_multimer_v3_pred_2": 32.47131824493408,
    "relax_model_3_multimer_v3_pred_2": 19.53529119491577,
    "process_features_model_3_multimer_v3_pred_3": 2.6226043701171875e-06,
    "predict_and_compile_model_3_multimer_v3_pred_3": 45.32323145866394,
    "relax_model_3_multimer_v3_pred_3": 19.317901849746704,
    "process_features_model_3_multimer_v3_pred_4": 3.337860107421875e-06,
    "predict_and_compile_model_3_multimer_v3_pred_4": 32.461472272872925,
    "relax_model_3_multimer_v3_pred_4": 19.19710350036621,
    "process_features_model_4_multimer_v3_pred_0": 2.86102294921875e-06,
    "predict_and_compile_model_4_multimer_v3_pred_0": 157.6394863128662,
    "relax_model_4_multimer_v3_pred_0": 20.40537667274475,
    "process_features_model_4_multimer_v3_pred_1": 2.384185791015625e-06,
    "predict_and_compile_model_4_multimer_v3_pred_1": 44.136786699295044,
    "relax_model_4_multimer_v3_pred_1": 19.557173252105713,
    "process_features_model_4_multimer_v3_pred_2": 3.0994415283203125e-06,
    "predict_and_compile_model_4_multimer_v3_pred_2": 31.4360249042511,
    "relax_model_4_multimer_v3_pred_2": 20.57301139831543,
    "process_features_model_4_multimer_v3_pred_3": 3.0994415283203125e-06,
    "predict_and_compile_model_4_multimer_v3_pred_3": 31.45368194580078,
    "relax_model_4_multimer_v3_pred_3": 19.74570918083191,
    "process_features_model_4_multimer_v3_pred_4": 3.0994415283203125e-06,
    "predict_and_compile_model_4_multimer_v3_pred_4": 32.07753109931946,
    "relax_model_4_multimer_v3_pred_4": 19.89180850982666,
    "process_features_model_5_multimer_v3_pred_0": 3.5762786865234375e-06,
    "predict_and_compile_model_5_multimer_v3_pred_0": 160.48506546020508,
    "relax_model_5_multimer_v3_pred_0": 20.464702367782593,
    "process_features_model_5_multimer_v3_pred_1": 2.86102294921875e-06,
    "predict_and_compile_model_5_multimer_v3_pred_1": 31.438413858413696,
    "relax_model_5_multimer_v3_pred_1": 19.796281337738037,
    "process_features_model_5_multimer_v3_pred_2": 2.6226043701171875e-06,
    "predict_and_compile_model_5_multimer_v3_pred_2": 43.80293536186218,
    "relax_model_5_multimer_v3_pred_2": 19.95574140548706,
    "process_features_model_5_multimer_v3_pred_3": 2.86102294921875e-06,
    "predict_and_compile_model_5_multimer_v3_pred_3": 31.399516105651855,
    "relax_model_5_multimer_v3_pred_3": 20.901134967803955,
    "process_features_model_5_multimer_v3_pred_4": 3.337860107421875e-06,
    "predict_and_compile_model_5_multimer_v3_pred_4": 31.413749933242798,
    "relax_model_5_multimer_v3_pred_4": 20.04848313331604
}