seed,sample,ranking_score
3,0,0.6153754288662265
3,1,0.6289055122719333
3,2,0.6198062540723902
3,3,0.6156335889027488
3,4,0.5814126399411352
