seed,sample,ranking_score
1,0,0.605178305430467
1,1,0.6368597651997743
1,2,0.6370234406554555
1,3,0.6486004570975354
1,4,0.6259303555862529
