seed,sample,ranking_score
1,0,0.5977483487190713
1,1,0.5725841676788694
1,2,0.5908578885101463
1,3,0.5614098371410009
1,4,0.586001812907115
