{
    "features": 0.02953624725341797,
    "process_features_model_1_multimer_v3_pred_0": 3.0994415283203125e-06,
    "predict_and_compile_model_1_multimer_v3_pred_0": 216.32500290870667,
    "predict_benchmark_model_1_multimer_v3_pred_0": 134.8396396636963,
    "process_features_model_2_multimer_v3_pred_0": 3.361701965332031e-05,
    "predict_and_compile_model_2_multimer_v3_pred_0": 197.66884303092957,
    "predict_benchmark_model_2_multimer_v3_pred_0": 115.64365482330322,
    "process_features_model_3_multimer_v3_pred_0": 3.361701965332031e-05,
    "predict_and_compile_model_3_multimer_v3_pred_0": 219.22971868515015,
    "predict_benchmark_model_3_multimer_v3_pred_0": 134.77925491333008,
    "process_features_model_4_multimer_v3_pred_0": 1.6689300537109375e-05,
    "predict_and_compile_model_4_multimer_v3_pred_0": 215.86559557914734,
    "predict_benchmark_model_4_multimer_v3_pred_0": 131.12659215927124,
    "process_features_model_5_multimer_v3_pred_0": 1.5497207641601562e-05,
    "predict_and_compile_model_5_multimer_v3_pred_0": 215.773756980896,
    "predict_benchmark_model_5_multimer_v3_pred_0": 131.21442818641663
}