{
    "features": 3.2532312870025635,
    "process_features_model_1_multimer_v3_pred_0": 8.344650268554688e-06,
    "predict_and_compile_model_1_multimer_v3_pred_0": 103.60217618942261,
    "predict_benchmark_model_1_multimer_v3_pred_0": 20.380023956298828,
    "process_features_model_2_multimer_v3_pred_0": 6.4373016357421875e-06,
    "predict_and_compile_model_2_multimer_v3_pred_0": 104.36950016021729,
    "predict_benchmark_model_2_multimer_v3_pred_0": 20.283710718154907,
    "process_features_model_3_multimer_v3_pred_0": 2.3126602172851562e-05,
    "predict_and_compile_model_3_multimer_v3_pred_0": 113.32145929336548,
    "predict_benchmark_model_3_multimer_v3_pred_0": 25.36550235748291,
    "process_features_model_4_multimer_v3_pred_0": 2.5987625122070312e-05,
    "predict_and_compile_model_4_multimer_v3_pred_0": 119.05523300170898,
    "predict_benchmark_model_4_multimer_v3_pred_0": 29.45353937149048,
    "process_features_model_5_multimer_v3_pred_0": 3.218650817871094e-05,
    "predict_and_compile_model_5_multimer_v3_pred_0": 113.61176991462708,
    "predict_benchmark_model_5_multimer_v3_pred_0": 24.550447463989258
}