{
    "features": 0.025030136108398438,
    "process_features_model_1_multimer_v3_pred_0": 2.86102294921875e-06,
    "predict_and_compile_model_1_multimer_v3_pred_0": 220.61903762817383,
    "predict_benchmark_model_1_multimer_v3_pred_0": 144.78016638755798,
    "process_features_model_2_multimer_v3_pred_0": 1.2636184692382812e-05,
    "predict_and_compile_model_2_multimer_v3_pred_0": 221.39572978019714,
    "predict_benchmark_model_2_multimer_v3_pred_0": 144.84079146385193,
    "process_features_model_3_multimer_v3_pred_0": 4.673004150390625e-05,
    "predict_and_compile_model_3_multimer_v3_pred_0": 226.21430897712708,
    "predict_benchmark_model_3_multimer_v3_pred_0": 144.82174372673035,
    "process_features_model_4_multimer_v3_pred_0": 3.361701965332031e-05,
    "predict_and_compile_model_4_multimer_v3_pred_0": 220.6936354637146,
    "predict_benchmark_model_4_multimer_v3_pred_0": 139.74851989746094,
    "process_features_model_5_multimer_v3_pred_0": 1.3113021850585938e-05,
    "predict_and_compile_model_5_multimer_v3_pred_0": 217.13434386253357,
    "predict_benchmark_model_5_multimer_v3_pred_0": 139.60843634605408
}