seed,sample,ranking_score
1,0,0.7916782013703921
1,1,0.7752797881242082
1,2,0.8047169497356348
1,3,0.7880058949691926
1,4,0.7860779900488476
