seed,sample,ranking_score
1,0,0.8306569228711718
1,1,0.8527014110631234
1,2,0.8459444365025628
1,3,0.8343623911378142
1,4,0.8470048277399487
