{
    "features": 0.008763551712036133,
    "process_features_model_1_multimer_v3_pred_0": 4.76837158203125e-06,
    "predict_and_compile_model_1_multimer_v3_pred_0": 469.709983587265,
    "relax_model_1_multimer_v3_pred_0": 40.49959707260132,
    "process_features_model_1_multimer_v3_pred_1": 3.0994415283203125e-06,
    "predict_and_compile_model_1_multimer_v3_pred_1": 349.3403573036194,
    "relax_model_1_multimer_v3_pred_1": 38.12132430076599,
    "process_features_model_1_multimer_v3_pred_2": 2.6226043701171875e-06,
    "predict_and_compile_model_1_multimer_v3_pred_2": 349.22942423820496,
    "relax_model_1_multimer_v3_pred_2": 40.08902359008789,
    "process_features_model_1_multimer_v3_pred_3": 2.1457672119140625e-06,
    "predict_and_compile_model_1_multimer_v3_pred_3": 349.4967978000641,
    "relax_model_1_multimer_v3_pred_3": 53.883625745773315,
    "process_features_model_1_multimer_v3_pred_4": 2.384185791015625e-06,
    "predict_and_compile_model_1_multimer_v3_pred_4": 349.2595179080963,
    "relax_model_1_multimer_v3_pred_4": 59.336246490478516,
    "process_features_model_2_multimer_v3_pred_0": 2.6226043701171875e-06,
    "predict_and_compile_model_2_multimer_v3_pred_0": 465.1819043159485,
    "relax_model_2_multimer_v3_pred_0": 69.05958652496338,
    "process_features_model_2_multimer_v3_pred_1": 2.1457672119140625e-06,
    "predict_and_compile_model_2_multimer_v3_pred_1": 349.31908416748047,
    "relax_model_2_multimer_v3_pred_1": 61.856300830841064,
    "process_features_model_2_multimer_v3_pred_2": 2.86102294921875e-06,
    "predict_and_compile_model_2_multimer_v3_pred_2": 349.23657512664795,
    "relax_model_2_multimer_v3_pred_2": 36.564797163009644,
    "process_features_model_2_multimer_v3_pred_3": 2.384185791015625e-06,
    "predict_and_compile_model_2_multimer_v3_pred_3": 349.08903670310974,
    "relax_model_2_multimer_v3_pred_3": 52.844056844711304,
    "process_features_model_2_multimer_v3_pred_4": 2.6226043701171875e-06,
    "predict_and_compile_model_2_multimer_v3_pred_4": 349.36273097991943,
    "relax_model_2_multimer_v3_pred_4": 39.99279713630676,
    "process_features_model_3_multimer_v3_pred_0": 3.0994415283203125e-06,
    "predict_and_compile_model_3_multimer_v3_pred_0": 467.39670872688293,
    "relax_model_3_multimer_v3_pred_0": 55.26060652732849,
    "process_features_model_3_multimer_v3_pred_1": 3.0994415283203125e-06,
    "predict_and_compile_model_3_multimer_v3_pred_1": 349.8000636100769,
    "relax_model_3_multimer_v3_pred_1": 69.05332922935486,
    "process_features_model_3_multimer_v3_pred_2": 3.337860107421875e-06,
    "predict_and_compile_model_3_multimer_v3_pred_2": 349.0824062824249,
    "relax_model_3_multimer_v3_pred_2": 69.1685950756073,
    "process_features_model_3_multimer_v3_pred_3": 2.384185791015625e-06,
    "predict_and_compile_model_3_multimer_v3_pred_3": 349.31251525878906,
    "relax_model_3_multimer_v3_pred_3": 55.369314670562744,
    "process_features_model_3_multimer_v3_pred_4": 1.9073486328125e-06,
    "predict_and_compile_model_3_multimer_v3_pred_4": 349.5981068611145,
    "relax_model_3_multimer_v3_pred_4": 58.387611865997314,
    "process_features_model_4_multimer_v3_pred_0": 2.384185791015625e-06,
    "predict_and_compile_model_4_multimer_v3_pred_0": 465.01364040374756,
    "relax_model_4_multimer_v3_pred_0": 38.865304470062256,
    "process_features_model_4_multimer_v3_pred_1": 2.6226043701171875e-06,
    "predict_and_compile_model_4_multimer_v3_pred_1": 344.215696811676,
    "relax_model_4_multimer_v3_pred_1": 54.19849443435669,
    "process_features_model_4_multimer_v3_pred_2": 2.1457672119140625e-06,
    "predict_and_compile_model_4_multimer_v3_pred_2": 343.96202993392944,
    "relax_model_4_multimer_v3_pred_2": 39.45283055305481,
    "process_features_model_4_multimer_v3_pred_3": 2.6226043701171875e-06,
    "predict_and_compile_model_4_multimer_v3_pred_3": 343.89115357398987,
    "relax_model_4_multimer_v3_pred_3": 40.043185234069824,
    "process_features_model_4_multimer_v3_pred_4": 3.814697265625e-06,
    "predict_and_compile_model_4_multimer_v3_pred_4": 344.03386783599854,
    "relax_model_4_multimer_v3_pred_4": 45.434199810028076,
    "process_features_model_5_multimer_v3_pred_0": 1.9073486328125e-06,
    "predict_and_compile_model_5_multimer_v3_pred_0": 459.6432569026947,
    "relax_model_5_multimer_v3_pred_0": 41.40428328514099,
    "process_features_model_5_multimer_v3_pred_1": 2.6226043701171875e-06,
    "predict_and_compile_model_5_multimer_v3_pred_1": 344.1743025779724,
    "relax_model_5_multimer_v3_pred_1": 52.06397557258606,
    "process_features_model_5_multimer_v3_pred_2": 2.6226043701171875e-06,
    "predict_and_compile_model_5_multimer_v3_pred_2": 344.29096817970276,
    "relax_model_5_multimer_v3_pred_2": 70.69704604148865,
    "process_features_model_5_multimer_v3_pred_3": 2.6226043701171875e-06,
    "predict_and_compile_model_5_multimer_v3_pred_3": 344.0557653903961,
    "relax_model_5_multimer_v3_pred_3": 91.5917420387268,
    "process_features_model_5_multimer_v3_pred_4": 2.384185791015625e-06,
    "predict_and_compile_model_5_multimer_v3_pred_4": 344.25951957702637,
    "relax_model_5_multimer_v3_pred_4": 45.22635817527771
}