{
    "features": 2.1328887939453125,
    "process_features_model_1_multimer_v3_pred_0": 6.9141387939453125e-06,
    "predict_and_compile_model_1_multimer_v3_pred_0": 120.97098278999329,
    "predict_benchmark_model_1_multimer_v3_pred_0": 37.651177406311035,
    "process_features_model_2_multimer_v3_pred_0": 8.821487426757812e-06,
    "predict_and_compile_model_2_multimer_v3_pred_0": 121.19908046722412,
    "predict_benchmark_model_2_multimer_v3_pred_0": 37.63209271430969,
    "process_features_model_3_multimer_v3_pred_0": 1.0251998901367188e-05,
    "predict_and_compile_model_3_multimer_v3_pred_0": 122.43836951255798,
    "predict_benchmark_model_3_multimer_v3_pred_0": 37.69715690612793,
    "process_features_model_4_multimer_v3_pred_0": 2.3126602172851562e-05,
    "predict_and_compile_model_4_multimer_v3_pred_0": 108.58129215240479,
    "predict_benchmark_model_4_multimer_v3_pred_0": 23.189813375473022,
    "process_features_model_5_multimer_v3_pred_0": 2.6464462280273438e-05,
    "predict_and_compile_model_5_multimer_v3_pred_0": 124.54341077804565,
    "predict_benchmark_model_5_multimer_v3_pred_0": 36.98121380805969
}