seed,sample,ranking_score
1,0,0.6655224198985553
1,1,0.671214119354656
1,2,0.6840008014173365
1,3,0.6748946389165855
1,4,0.6745890828030198
