seed,sample,ranking_score
1,0,0.5628315958861208
1,1,0.5508340077791132
1,2,0.5656723446073065
1,3,0.5732878348088606
1,4,0.5889272882350144
