seed,sample,ranking_score
1,0,0.8925536104591835
1,1,0.8920707306412837
1,2,0.8951531388642122
1,3,0.8908335119207237
1,4,0.8933424797013365
