{
    "features": 0.06634807586669922,
    "process_features_model_1_multimer_v3_pred_0": 3.814697265625e-06,
    "predict_and_compile_model_1_multimer_v3_pred_0": 180.7909116744995,
    "predict_benchmark_model_1_multimer_v3_pred_0": 98.06329035758972,
    "process_features_model_2_multimer_v3_pred_0": 1.7881393432617188e-05,
    "predict_and_compile_model_2_multimer_v3_pred_0": 203.84459924697876,
    "predict_benchmark_model_2_multimer_v3_pred_0": 122.28342700004578,
    "process_features_model_3_multimer_v3_pred_0": 1.5020370483398438e-05,
    "predict_and_compile_model_3_multimer_v3_pred_0": 208.0161943435669,
    "predict_benchmark_model_3_multimer_v3_pred_0": 121.26511526107788,
    "process_features_model_4_multimer_v3_pred_0": 1.239776611328125e-05,
    "predict_and_compile_model_4_multimer_v3_pred_0": 205.6414659023285,
    "predict_benchmark_model_4_multimer_v3_pred_0": 119.54043674468994,
    "process_features_model_5_multimer_v3_pred_0": 1.811981201171875e-05,
    "predict_and_compile_model_5_multimer_v3_pred_0": 206.268639087677,
    "predict_benchmark_model_5_multimer_v3_pred_0": 118.6257688999176
}