seed,sample,ranking_score
1,0,0.7320523606315603
1,1,0.6754986670616605
1,2,0.7200824201801299
1,3,0.7261314844069864
1,4,0.7314555113037018
