seed,sample,ranking_score
5,0,0.9292220794199426
5,1,0.9130587679763396
5,2,0.9188914548512689
5,3,0.920301672698206
5,4,0.9185227727632478
