seed,sample,ranking_score
1,0,0.6074094722866993
1,1,0.6050216002057625
1,2,0.6066147568048295
1,3,0.6034315806467624
1,4,0.6013014325956348
