seed,sample,ranking_score
1,0,0.6807490344601321
1,1,0.6651101900628034
1,2,0.6585912802991138
1,3,0.6582098107504636
1,4,0.6590933412791851
