seed,sample,ranking_score
1,0,0.6566476794343923
1,1,0.64853316090619
1,2,0.6725193680623408
1,3,0.6025617862196379
1,4,0.7013020815351307
