seed,sample,ranking_score
1,0,0.34972544173129233
1,1,0.3725640319714917
1,2,0.3541360143767067
1,3,0.3309700511182947
1,4,0.3601119771587881
