seed,sample,ranking_score
1,0,0.8981352225135828
1,1,0.910064476702336
1,2,0.9005025029507774
1,3,0.9137062081091771
1,4,0.9022700551306073
