seed,sample,ranking_score
2,0,0.8026104247828698
2,1,0.7982821896712456
2,2,0.8045258159833962
2,3,0.7985492246171111
2,4,0.8025975157106068
