seed,sample,ranking_score
1,0,0.870646348371379
1,1,0.8620253727652154
1,2,0.870368712255363
1,3,0.8616573433568668
1,4,0.8677365173219065
