{
    "features": 0.008143186569213867,
    "process_features_model_1_multimer_v3_pred_0": 4.0531158447265625e-06,
    "predict_and_compile_model_1_multimer_v3_pred_0": 142.43832063674927,
    "relax_model_1_multimer_v3_pred_0": 25.332375526428223,
    "process_features_model_1_multimer_v3_pred_1": 3.337860107421875e-06,
    "predict_and_compile_model_1_multimer_v3_pred_1": 30.370840787887573,
    "relax_model_1_multimer_v3_pred_1": 22.171630144119263,
    "process_features_model_1_multimer_v3_pred_2": 2.86102294921875e-06,
    "predict_and_compile_model_1_multimer_v3_pred_2": 24.36206364631653,
    "relax_model_1_multimer_v3_pred_2": 22.660967350006104,
    "process_features_model_1_multimer_v3_pred_3": 3.337860107421875e-06,
    "predict_and_compile_model_1_multimer_v3_pred_3": 30.416669607162476,
    "relax_model_1_multimer_v3_pred_3": 21.917688369750977,
    "process_features_model_1_multimer_v3_pred_4": 2.384185791015625e-06,
    "predict_and_compile_model_1_multimer_v3_pred_4": 30.399561643600464,
    "relax_model_1_multimer_v3_pred_4": 21.582422018051147,
    "process_features_model_2_multimer_v3_pred_0": 2.86102294921875e-06,
    "predict_and_compile_model_2_multimer_v3_pred_0": 145.79973673820496,
    "relax_model_2_multimer_v3_pred_0": 23.369792461395264,
    "process_features_model_2_multimer_v3_pred_1": 3.337860107421875e-06,
    "predict_and_compile_model_2_multimer_v3_pred_1": 24.349523305892944,
    "relax_model_2_multimer_v3_pred_1": 22.199679851531982,
    "process_features_model_2_multimer_v3_pred_2": 2.6226043701171875e-06,
    "predict_and_compile_model_2_multimer_v3_pred_2": 30.312824964523315,
    "relax_model_2_multimer_v3_pred_2": 24.967413902282715,
    "process_features_model_2_multimer_v3_pred_3": 2.86102294921875e-06,
    "predict_and_compile_model_2_multimer_v3_pred_3": 24.362196922302246,
    "relax_model_2_multimer_v3_pred_3": 21.97760772705078,
    "process_features_model_2_multimer_v3_pred_4": 2.384185791015625e-06,
    "predict_and_compile_model_2_multimer_v3_pred_4": 30.36729621887207,
    "relax_model_2_multimer_v3_pred_4": 21.88439655303955,
    "process_features_model_3_multimer_v3_pred_0": 2.384185791015625e-06,
    "predict_and_compile_model_3_multimer_v3_pred_0": 147.5923306941986,
    "relax_model_3_multimer_v3_pred_0": 22.386629104614258,
    "process_features_model_3_multimer_v3_pred_1": 3.0994415283203125e-06,
    "predict_and_compile_model_3_multimer_v3_pred_1": 30.38210439682007,
    "relax_model_3_multimer_v3_pred_1": 22.449047327041626,
    "process_features_model_3_multimer_v3_pred_2": 2.384185791015625e-06,
    "predict_and_compile_model_3_multimer_v3_pred_2": 24.37687849998474,
    "relax_model_3_multimer_v3_pred_2": 22.571402311325073,
    "process_features_model_3_multimer_v3_pred_3": 2.384185791015625e-06,
    "predict_and_compile_model_3_multimer_v3_pred_3": 30.360267162322998,
    "relax_model_3_multimer_v3_pred_3": 29.074909687042236,
    "process_features_model_3_multimer_v3_pred_4": 2.86102294921875e-06,
    "predict_and_compile_model_3_multimer_v3_pred_4": 24.370392560958862,
    "relax_model_3_multimer_v3_pred_4": 21.609779119491577,
    "process_features_model_4_multimer_v3_pred_0": 2.384185791015625e-06,
    "predict_and_compile_model_4_multimer_v3_pred_0": 162.39639592170715,
    "relax_model_4_multimer_v3_pred_0": 22.53584051132202,
    "process_features_model_4_multimer_v3_pred_1": 2.6226043701171875e-06,
    "predict_and_compile_model_4_multimer_v3_pred_1": 23.58772087097168,
    "relax_model_4_multimer_v3_pred_1": 23.162915229797363,
    "process_features_model_4_multimer_v3_pred_2": 2.384185791015625e-06,
    "predict_and_compile_model_4_multimer_v3_pred_2": 29.355338096618652,
    "relax_model_4_multimer_v3_pred_2": 21.497882843017578,
    "process_features_model_4_multimer_v3_pred_3": 2.1457672119140625e-06,
    "predict_and_compile_model_4_multimer_v3_pred_3": 29.357953310012817,
    "relax_model_4_multimer_v3_pred_3": 22.48185968399048,
    "process_features_model_4_multimer_v3_pred_4": 2.86102294921875e-06,
    "predict_and_compile_model_4_multimer_v3_pred_4": 29.382815837860107,
    "relax_model_4_multimer_v3_pred_4": 22.06614899635315,
    "process_features_model_5_multimer_v3_pred_0": 2.384185791015625e-06,
    "predict_and_compile_model_5_multimer_v3_pred_0": 146.8773214817047,
    "relax_model_5_multimer_v3_pred_0": 44.71367335319519,
    "process_features_model_5_multimer_v3_pred_1": 3.0994415283203125e-06,
    "predict_and_compile_model_5_multimer_v3_pred_1": 29.339511156082153,
    "relax_model_5_multimer_v3_pred_1": 28.7162127494812,
    "process_features_model_5_multimer_v3_pred_2": 2.6226043701171875e-06,
    "predict_and_compile_model_5_multimer_v3_pred_2": 23.575153350830078,
    "relax_model_5_multimer_v3_pred_2": 23.521347522735596,
    "process_features_model_5_multimer_v3_pred_3": 2.6226043701171875e-06,
    "predict_and_compile_model_5_multimer_v3_pred_3": 29.337489128112793,
    "relax_model_5_multimer_v3_pred_3": 22.665987491607666,
    "process_features_model_5_multimer_v3_pred_4": 2.1457672119140625e-06,
    "predict_and_compile_model_5_multimer_v3_pred_4": 29.318269729614258,
    "relax_model_5_multimer_v3_pred_4": 23.23441457748413
}