{
    "features": 0.02279949188232422,
    "process_features_model_1_multimer_v3_pred_0": 4.0531158447265625e-06,
    "predict_and_compile_model_1_multimer_v3_pred_0": 300.2576003074646,
    "predict_benchmark_model_1_multimer_v3_pred_0": 217.88931274414062,
    "process_features_model_2_multimer_v3_pred_0": 2.0503997802734375e-05,
    "predict_and_compile_model_2_multimer_v3_pred_0": 298.21163845062256,
    "predict_benchmark_model_2_multimer_v3_pred_0": 217.93161964416504,
    "process_features_model_3_multimer_v3_pred_0": 2.86102294921875e-05,
    "predict_and_compile_model_3_multimer_v3_pred_0": 303.81640672683716,
    "predict_benchmark_model_3_multimer_v3_pred_0": 217.78766179084778,
    "process_features_model_4_multimer_v3_pred_0": 2.0265579223632812e-05,
    "predict_and_compile_model_4_multimer_v3_pred_0": 295.47839617729187,
    "predict_benchmark_model_4_multimer_v3_pred_0": 211.16288948059082,
    "process_features_model_5_multimer_v3_pred_0": 2.193450927734375e-05,
    "predict_and_compile_model_5_multimer_v3_pred_0": 297.53817915916443,
    "predict_benchmark_model_5_multimer_v3_pred_0": 212.15690732002258
}