seed,sample,ranking_score
1,0,0.9612525383405631
1,1,0.9558902229511835
1,2,0.9695942956863297
1,3,0.9583276527514883
1,4,0.960776162681867
