seed,sample,ranking_score
1,0,0.525208893135912
1,1,0.5217060953800304
1,2,0.5250612574264155
1,3,0.521312783442877
1,4,0.5343205243870552
