seed,sample,ranking_score
1,0,0.7036106866153167
1,1,0.7247587715017555
1,2,0.7140531167383319
1,3,0.732249490485031
1,4,0.704580513100775
