seed,sample,ranking_score
1,0,0.7116336775243909
1,1,0.718410128110445
1,2,0.7373286098319525
1,3,0.7273101419468232
1,4,0.7205850558811567
