seed,sample,ranking_score
1,0,0.6879657050102347
1,1,0.6740458070463771
1,2,0.6923935257018857
1,3,0.6516462434974993
1,4,0.6774614315783358
