seed,sample,ranking_score
1,0,0.7181191317419116
1,1,0.7408390395007121
1,2,0.6912552643296374
1,3,0.6980642016780478
1,4,0.7538418670174731
