seed,sample,ranking_score
2,0,0.964843589841156
2,1,0.9638432429973358
2,2,0.9687034214886064
2,3,0.9623544013587599
2,4,0.9639271026298084
