seed,sample,ranking_score
1,0,0.7574262087773216
1,1,0.724073004260967
1,2,0.7569422627246994
1,3,0.7530035434234128
1,4,0.7665042480212496
