seed,sample,ranking_score
1,0,0.8205612064981141
1,1,0.8573301831248737
1,2,0.8733709618963797
1,3,0.8709725921146102
1,4,0.8697176097612591
