{
    "features": 0.035677194595336914,
    "process_features_model_1_multimer_v3_pred_0": 3.814697265625e-06,
    "predict_and_compile_model_1_multimer_v3_pred_0": 261.87259101867676,
    "predict_benchmark_model_1_multimer_v3_pred_0": 191.29988169670105,
    "process_features_model_2_multimer_v3_pred_0": 2.2649765014648438e-05,
    "predict_and_compile_model_2_multimer_v3_pred_0": 263.10374999046326,
    "predict_benchmark_model_2_multimer_v3_pred_0": 191.6406946182251,
    "process_features_model_3_multimer_v3_pred_0": 1.9788742065429688e-05,
    "predict_and_compile_model_3_multimer_v3_pred_0": 263.80798625946045,
    "predict_benchmark_model_3_multimer_v3_pred_0": 191.65276288986206,
    "process_features_model_4_multimer_v3_pred_0": 1.9788742065429688e-05,
    "predict_and_compile_model_4_multimer_v3_pred_0": 258.80926609039307,
    "predict_benchmark_model_4_multimer_v3_pred_0": 185.42525506019592,
    "process_features_model_5_multimer_v3_pred_0": 1.7642974853515625e-05,
    "predict_and_compile_model_5_multimer_v3_pred_0": 256.5759699344635,
    "predict_benchmark_model_5_multimer_v3_pred_0": 185.26088500022888
}