{
    "features": 0.014102697372436523,
    "process_features_model_1_multimer_v3_pred_0": 2.1457672119140625e-06,
    "predict_and_compile_model_1_multimer_v3_pred_0": 203.1992118358612,
    "predict_benchmark_model_1_multimer_v3_pred_0": 119.73542785644531,
    "process_features_model_2_multimer_v3_pred_0": 1.6927719116210938e-05,
    "predict_and_compile_model_2_multimer_v3_pred_0": 192.63899087905884,
    "predict_benchmark_model_2_multimer_v3_pred_0": 102.53928422927856,
    "process_features_model_3_multimer_v3_pred_0": 2.288818359375e-05,
    "predict_and_compile_model_3_multimer_v3_pred_0": 206.93039441108704,
    "predict_benchmark_model_3_multimer_v3_pred_0": 119.6335723400116,
    "process_features_model_4_multimer_v3_pred_0": 2.47955322265625e-05,
    "predict_and_compile_model_4_multimer_v3_pred_0": 206.0017910003662,
    "predict_benchmark_model_4_multimer_v3_pred_0": 117.37937641143799,
    "process_features_model_5_multimer_v3_pred_0": 4.0531158447265625e-05,
    "predict_and_compile_model_5_multimer_v3_pred_0": 202.1643567085266,
    "predict_benchmark_model_5_multimer_v3_pred_0": 117.17671799659729
}