{
    "features": 0.018371105194091797,
    "process_features_model_1_multimer_v3_pred_0": 5.245208740234375e-06,
    "predict_and_compile_model_1_multimer_v3_pred_0": 127.84248733520508,
    "predict_benchmark_model_1_multimer_v3_pred_0": 49.74822783470154,
    "process_features_model_2_multimer_v3_pred_0": 1.0967254638671875e-05,
    "predict_and_compile_model_2_multimer_v3_pred_0": 104.43157887458801,
    "predict_benchmark_model_2_multimer_v3_pred_0": 24.890878438949585,
    "process_features_model_3_multimer_v3_pred_0": 2.8848648071289062e-05,
    "predict_and_compile_model_3_multimer_v3_pred_0": 136.07329058647156,
    "predict_benchmark_model_3_multimer_v3_pred_0": 59.807260513305664,
    "process_features_model_4_multimer_v3_pred_0": 1.8835067749023438e-05,
    "predict_and_compile_model_4_multimer_v3_pred_0": 134.65995454788208,
    "predict_benchmark_model_4_multimer_v3_pred_0": 58.439167976379395,
    "process_features_model_5_multimer_v3_pred_0": 1.7881393432617188e-05,
    "predict_and_compile_model_5_multimer_v3_pred_0": 122.86985945701599,
    "predict_benchmark_model_5_multimer_v3_pred_0": 43.894278049468994
}