{
    "features": 0.15046262741088867,
    "process_features_model_1_multimer_v3_pred_0": 5.4836273193359375e-06,
    "predict_and_compile_model_1_multimer_v3_pred_0": 997.6420147418976,
    "predict_benchmark_model_1_multimer_v3_pred_0": 822.8320274353027,
    "process_features_model_2_multimer_v3_pred_0": 4.5299530029296875e-06,
    "predict_and_compile_model_2_multimer_v3_pred_0": 974.3914930820465,
    "predict_benchmark_model_2_multimer_v3_pred_0": 822.7766284942627,
    "process_features_model_3_multimer_v3_pred_0": 4.291534423828125e-06,
    "predict_and_compile_model_3_multimer_v3_pred_0": 974.6685523986816,
    "predict_benchmark_model_3_multimer_v3_pred_0": 823.2580018043518,
    "process_features_model_4_multimer_v3_pred_0": 1.1682510375976562e-05,
    "predict_and_compile_model_4_multimer_v3_pred_0": 968.4813547134399,
    "predict_benchmark_model_4_multimer_v3_pred_0": 804.5514261722565,
    "process_features_model_5_multimer_v3_pred_0": 3.814697265625e-06,
    "predict_and_compile_model_5_multimer_v3_pred_0": 961.9513289928436,
    "predict_benchmark_model_5_multimer_v3_pred_0": 803.7514462471008
}