seed,sample,ranking_score
2,0,1.0194607660534625
2,1,1.0160849002392254
2,2,1.0161580497201184
2,3,1.0178247606700435
2,4,1.0100984183506143
