seed,sample,ranking_score
1,0,0.5790293714160946
1,1,0.5895046503362125
1,2,0.5762127874539796
1,3,0.5729904712468006
1,4,0.5763005677159576
