seed,sample,ranking_score
1,0,0.5378973801907762
1,1,0.543474029183297
1,2,0.5349812208440345
1,3,0.5260445504141724
1,4,0.4938479509992838
