seed,sample,ranking_score
3,0,0.9895649988851839
3,1,0.9657003765365162
3,2,0.9917569345958018
3,3,1.000231857436348
3,4,0.9926608294070638
