seed,sample,ranking_score
1,0,0.4721025763967791
1,1,0.44679331556682267
1,2,0.45611863916987755
1,3,0.46473843206993126
1,4,0.4533269234604368
