Model,Pearson correlation,P-value,Corrected P-value
AF2,0.2925,0.2107,0.8777
AF2 (no templates),0.1986,0.4013,0.8777
AF3,0.04173,0.8613,0.8777
AF3 (no templates),0.1128,0.6357,0.8777
AF3 (server),0.03675,0.8777,0.8777
Chai-1,0.236,0.3165,0.8777
ESMFold,0.1231,0.6051,0.8777
NeuralPLexer,0.05128,0.83,0.8777
RF-AA,0.4492,0.04694,0.4694
RF-AA (no templates),0.1731,0.4655,0.8777
