Model,N (Class A),N (Class B1),DockQ Mean (Class A),SEM (Class A),DockQ Mean (Class B1),SEM (Class B1),Statistic,P-value
NeuralPLexer,47,5,0.0175,0.00161,0.0122,0.00246,148.0,0.363
ESMFold,47,5,0.023,0.00931,0.00614,0.000284,178.0,0.0611
RF-AA,47,5,0.294,0.0351,0.575,0.0541,39.0,0.012
RF-AA (no templates),47,5,0.279,0.0371,0.506,0.0762,54.0,0.0483
Chai-1,47,5,0.507,0.0299,0.596,0.052,89.0,0.396
Chai-1 (no MSAs),47,5,0.47,0.0302,0.536,0.0569,95.0,0.506
AF2,47,5,0.689,0.027,0.714,0.0262,129.0,0.74
AF2 (no templates),47,5,0.667,0.027,0.701,0.0333,126.0,0.81
AF3,47,5,0.594,0.029,0.683,0.0429,91.0,0.431
