model,DockQ_sd,chisq,P-value,Corrected P-value
AF2,0.008421,1.875,0.7588,0.7588
AF2_no_templates,0.007856,2.901,0.5744,0.7181
AF3,0.04978,4.919,0.2957,0.6713
AF3_no_templates,0.04693,4.024,0.4028,0.6713
Chai-1,0.03648,4.31,0.3656,0.6713
