model,DockQ_sd,chisq,p_value
AF2,0.008421,1.8746268656716438,0.7588043957141796
AF2_no_templates,0.007856,2.9014925373135156,0.5744434091738461
AF3,0.049776,4.919402985074612,0.2956676732117484
AF3_no_templates,0.04693,4.023880597015022,0.4027836096598341
Chai-1,0.036482,4.310447761194155,0.36561865077376393
