seed,sample,ranking_score
1,0,0.715052109869655
1,1,0.6946741569729588
1,2,0.6852839165213995
1,3,0.6983446428112304
1,4,0.7148588370474949
