seed,sample,ranking_score
1,0,0.5368830122285528
1,1,0.5387779081000761
1,2,0.542092370873271
1,3,0.5596853949468285
1,4,0.5438839913960409
