seed,sample,ranking_score
1,0,0.7400205673369082
1,1,0.7273997365507407
1,2,0.7432617229919444
1,3,0.711542640065006
1,4,0.7353003085480817
