{
    "features": 0.05352163314819336,
    "process_features_model_1_multimer_v3_pred_0": 4.5299530029296875e-06,
    "predict_and_compile_model_1_multimer_v3_pred_0": 675.4745070934296,
    "predict_benchmark_model_1_multimer_v3_pred_0": 589.4628465175629,
    "process_features_model_2_multimer_v3_pred_0": 2.574920654296875e-05,
    "predict_and_compile_model_2_multimer_v3_pred_0": 272.0440411567688,
    "predict_benchmark_model_2_multimer_v3_pred_0": 197.8675091266632,
    "process_features_model_3_multimer_v3_pred_0": 2.193450927734375e-05,
    "predict_and_compile_model_3_multimer_v3_pred_0": 665.3752684593201,
    "predict_benchmark_model_3_multimer_v3_pred_0": 589.2113275527954,
    "process_features_model_4_multimer_v3_pred_0": 2.5510787963867188e-05,
    "predict_and_compile_model_4_multimer_v3_pred_0": 658.2932319641113,
    "predict_benchmark_model_4_multimer_v3_pred_0": 580.6949019432068,
    "process_features_model_5_multimer_v3_pred_0": 2.765655517578125e-05,
    "predict_and_compile_model_5_multimer_v3_pred_0": 665.5526456832886,
    "predict_benchmark_model_5_multimer_v3_pred_0": 580.4715223312378
}