seed,sample,ranking_score
1,0,0.4730407837483113
1,1,0.46772273334631387
1,2,0.44329684818784987
1,3,0.4479955752893109
1,4,0.4139371659584215
