seed,sample,ranking_score
1,0,0.8288052891354448
1,1,0.8517198233237261
1,2,0.8355624804128305
1,3,0.8535562318025891
1,4,0.8480617189855997
