seed,sample,ranking_score
1,0,0.5077802754717756
1,1,0.5342370000591404
1,2,0.5279245093950073
1,3,0.5098266081150826
1,4,0.5278624604068415
