seed,sample,ranking_score
1,0,0.36281996218434526
1,1,0.434495209286871
1,2,0.4413100104915467
1,3,0.43077537486032125
1,4,0.4305057439359325
