seed,sample,ranking_score
1,0,0.47247589382499794
1,1,0.4562045168336473
1,2,0.4580888753370019
1,3,0.46331782598481197
1,4,0.4471414176742384
