seed,sample,ranking_score
5,0,0.819893315646948
5,1,0.8339033938349556
5,2,0.8154951057513649
5,3,0.7985972803066718
5,4,0.8195102612488512
