seed,sample,ranking_score
1,0,0.5616208178856938
1,1,0.5031981996112074
1,2,0.5086088252877726
1,3,0.5283600036997339
1,4,0.5649774515590562
