seed,sample,ranking_score
1,0,0.3524715506422818
1,1,0.32074265754713294
1,2,0.30114356237540485
1,3,0.3584183193956156
1,4,0.3073439068510315
