seed,sample,ranking_score
1,0,0.7352553592054022
1,1,0.7124396752955094
1,2,0.7111589592716604
1,3,0.7433042543604961
1,4,0.7305702719165816
