seed,sample,ranking_score
1,0,0.5732755114429994
1,1,0.5562697791953296
1,2,0.5518602804293176
1,3,0.5740535863672926
1,4,0.5667000438981502
