seed,sample,ranking_score
4,0,1.0405744578541267
4,1,1.0306326190442565
4,2,1.0700519359877099
4,3,1.034654095392473
4,4,1.0629700982949433
