{
    "features": 0.30110597610473633,
    "process_features_model_1_multimer_v3_pred_0": 4.76837158203125e-06,
    "predict_and_compile_model_1_multimer_v3_pred_0": 117.08031892776489,
    "predict_benchmark_model_1_multimer_v3_pred_0": 26.950013875961304,
    "process_features_model_2_multimer_v3_pred_0": 3.409385681152344e-05,
    "predict_and_compile_model_2_multimer_v3_pred_0": 114.95253419876099,
    "predict_benchmark_model_2_multimer_v3_pred_0": 26.94401526451111,
    "process_features_model_3_multimer_v3_pred_0": 2.0265579223632812e-05,
    "predict_and_compile_model_3_multimer_v3_pred_0": 117.56183075904846,
    "predict_benchmark_model_3_multimer_v3_pred_0": 26.923006296157837,
    "process_features_model_4_multimer_v3_pred_0": 3.9577484130859375e-05,
    "predict_and_compile_model_4_multimer_v3_pred_0": 145.9457492828369,
    "predict_benchmark_model_4_multimer_v3_pred_0": 42.311074018478394,
    "process_features_model_5_multimer_v3_pred_0": 3.8623809814453125e-05,
    "predict_and_compile_model_5_multimer_v3_pred_0": 136.20610666275024,
    "predict_benchmark_model_5_multimer_v3_pred_0": 26.43197727203369
}