seed,sample,ranking_score
1,0,0.3812375292253086
1,1,0.39783493659902563
1,2,0.36707148338900697
1,3,0.3575437256404119
1,4,0.38686790334953036
