{
    "features": 0.04137539863586426,
    "process_features_model_1_multimer_v3_pred_0": 2.86102294921875e-06,
    "predict_and_compile_model_1_multimer_v3_pred_0": 335.1869328022003,
    "predict_benchmark_model_1_multimer_v3_pred_0": 259.00785398483276,
    "process_features_model_2_multimer_v3_pred_0": 1.0251998901367188e-05,
    "predict_and_compile_model_2_multimer_v3_pred_0": 182.9158399105072,
    "predict_benchmark_model_2_multimer_v3_pred_0": 111.52846002578735,
    "process_features_model_3_multimer_v3_pred_0": 1.621246337890625e-05,
    "predict_and_compile_model_3_multimer_v3_pred_0": 330.326541185379,
    "predict_benchmark_model_3_multimer_v3_pred_0": 258.89923882484436,
    "process_features_model_4_multimer_v3_pred_0": 9.298324584960938e-06,
    "predict_and_compile_model_4_multimer_v3_pred_0": 228.48315906524658,
    "predict_benchmark_model_4_multimer_v3_pred_0": 155.83665800094604,
    "process_features_model_5_multimer_v3_pred_0": 1.8835067749023438e-05,
    "predict_and_compile_model_5_multimer_v3_pred_0": 323.70378375053406,
    "predict_benchmark_model_5_multimer_v3_pred_0": 252.3889284133911
}