{
    "features": 0.019561052322387695,
    "process_features_model_1_multimer_v3_pred_0": 3.814697265625e-06,
    "predict_and_compile_model_1_multimer_v3_pred_0": 565.9204390048981,
    "relax_model_1_multimer_v3_pred_0": 72.84132885932922,
    "process_features_model_1_multimer_v3_pred_1": 4.5299530029296875e-06,
    "predict_and_compile_model_1_multimer_v3_pred_1": 598.8382413387299,
    "relax_model_1_multimer_v3_pred_1": 123.47801184654236,
    "process_features_model_1_multimer_v3_pred_2": 4.291534423828125e-06,
    "predict_and_compile_model_1_multimer_v3_pred_2": 798.1305062770844,
    "relax_model_1_multimer_v3_pred_2": 60.8351411819458,
    "process_features_model_1_multimer_v3_pred_3": 4.0531158447265625e-06,
    "predict_and_compile_model_1_multimer_v3_pred_3": 301.19272804260254,
    "relax_model_1_multimer_v3_pred_3": 76.20699667930603,
    "process_features_model_1_multimer_v3_pred_4": 3.814697265625e-06,
    "predict_and_compile_model_1_multimer_v3_pred_4": 401.44066977500916,
    "relax_model_1_multimer_v3_pred_4": 73.46757864952087,
    "process_features_model_2_multimer_v3_pred_0": 3.5762786865234375e-06,
    "predict_and_compile_model_2_multimer_v3_pred_0": 658.7058756351471,
    "relax_model_2_multimer_v3_pred_0": 79.94830346107483,
    "process_features_model_2_multimer_v3_pred_1": 3.5762786865234375e-06,
    "predict_and_compile_model_2_multimer_v3_pred_1": 453.29611325263977,
    "relax_model_2_multimer_v3_pred_1": 72.0063087940216,
    "process_features_model_2_multimer_v3_pred_2": 4.0531158447265625e-06,
    "predict_and_compile_model_2_multimer_v3_pred_2": 301.12879705429077,
    "relax_model_2_multimer_v3_pred_2": 86.287917137146,
    "process_features_model_2_multimer_v3_pred_3": 4.291534423828125e-06,
    "predict_and_compile_model_2_multimer_v3_pred_3": 351.3890914916992,
    "relax_model_2_multimer_v3_pred_3": 125.2976758480072,
    "process_features_model_2_multimer_v3_pred_4": 5.0067901611328125e-06,
    "predict_and_compile_model_2_multimer_v3_pred_4": 1051.2370643615723,
    "relax_model_2_multimer_v3_pred_4": 111.10468411445618,
    "process_features_model_3_multimer_v3_pred_0": 4.0531158447265625e-06,
    "predict_and_compile_model_3_multimer_v3_pred_0": 511.6848177909851,
    "relax_model_3_multimer_v3_pred_0": 125.42547059059143,
    "process_features_model_3_multimer_v3_pred_1": 4.5299530029296875e-06,
    "predict_and_compile_model_3_multimer_v3_pred_1": 450.39197397232056,
    "relax_model_3_multimer_v3_pred_1": 105.82388520240784,
    "process_features_model_3_multimer_v3_pred_2": 4.0531158447265625e-06,
    "predict_and_compile_model_3_multimer_v3_pred_2": 351.57984685897827,
    "relax_model_3_multimer_v3_pred_2": 96.6703474521637,
    "process_features_model_3_multimer_v3_pred_3": 4.0531158447265625e-06,
    "predict_and_compile_model_3_multimer_v3_pred_3": 401.46549439430237,
    "relax_model_3_multimer_v3_pred_3": 85.31357192993164,
    "process_features_model_3_multimer_v3_pred_4": 5.0067901611328125e-06,
    "predict_and_compile_model_3_multimer_v3_pred_4": 401.68697929382324,
    "relax_model_3_multimer_v3_pred_4": 57.18313145637512,
    "process_features_model_4_multimer_v3_pred_0": 4.0531158447265625e-06,
    "predict_and_compile_model_4_multimer_v3_pred_0": 659.2121436595917,
    "relax_model_4_multimer_v3_pred_0": 99.31011390686035,
    "process_features_model_4_multimer_v3_pred_1": 3.5762786865234375e-06,
    "predict_and_compile_model_4_multimer_v3_pred_1": 591.8876237869263,
    "relax_model_4_multimer_v3_pred_1": 60.40088963508606,
    "process_features_model_4_multimer_v3_pred_2": 3.5762786865234375e-06,
    "predict_and_compile_model_4_multimer_v3_pred_2": 1035.5227937698364,
    "relax_model_4_multimer_v3_pred_2": 90.77343344688416,
    "process_features_model_4_multimer_v3_pred_3": 3.814697265625e-06,
    "predict_and_compile_model_4_multimer_v3_pred_3": 1035.959408044815,
    "relax_model_4_multimer_v3_pred_3": 96.11568355560303,
    "process_features_model_4_multimer_v3_pred_4": 3.814697265625e-06,
    "predict_and_compile_model_4_multimer_v3_pred_4": 1038.6893286705017,
    "relax_model_4_multimer_v3_pred_4": 84.89933252334595,
    "process_features_model_5_multimer_v3_pred_0": 4.0531158447265625e-06,
    "predict_and_compile_model_5_multimer_v3_pred_0": 1200.6169683933258,
    "relax_model_5_multimer_v3_pred_0": 125.09461665153503,
    "process_features_model_5_multimer_v3_pred_1": 3.814697265625e-06,
    "predict_and_compile_model_5_multimer_v3_pred_1": 298.45172810554504,
    "relax_model_5_multimer_v3_pred_1": 140.83120012283325,
    "process_features_model_5_multimer_v3_pred_2": 3.5762786865234375e-06,
    "predict_and_compile_model_5_multimer_v3_pred_2": 1035.0189526081085,
    "relax_model_5_multimer_v3_pred_2": 113.11803221702576,
    "process_features_model_5_multimer_v3_pred_3": 5.0067901611328125e-06,
    "predict_and_compile_model_5_multimer_v3_pred_3": 1035.7410862445831,
    "relax_model_5_multimer_v3_pred_3": 104.50270962715149,
    "process_features_model_5_multimer_v3_pred_4": 3.5762786865234375e-06,
    "predict_and_compile_model_5_multimer_v3_pred_4": 1040.0366878509521,
    "relax_model_5_multimer_v3_pred_4": 89.90561437606812
}