seed,sample,ranking_score
1,0,0.3465464146182395
1,1,0.35059512524508774
1,2,0.2760749840569581
1,3,0.35549866756336734
1,4,0.3499763520200453
