seed,sample,ranking_score
1,0,0.5309124315856669
1,1,0.5377832825155585
1,2,0.5141722475732994
1,3,0.47114982336699274
1,4,0.46124317979401014
