seed,sample,ranking_score
1,0,0.688545749950871
1,1,0.6743290211684251
1,2,0.6758394673562207
1,3,0.6898075949534714
1,4,0.6823028085988179
