seed,sample,ranking_score
1,0,0.5876100881401285
1,1,0.572171710542704
1,2,0.5776913631548586
1,3,0.5819411996379596
1,4,0.5717484942457718
