seed,sample,ranking_score
1,0,0.75935599671019
1,1,0.7386819163881938
1,2,0.7585585418438767
1,3,0.7655877850766548
1,4,0.7553613200738629
