{
    "features": 0.02004528045654297,
    "process_features_model_1_multimer_v3_pred_0": 2.6226043701171875e-06,
    "predict_and_compile_model_1_multimer_v3_pred_0": 140.36013102531433,
    "predict_benchmark_model_1_multimer_v3_pred_0": 51.349066495895386,
    "process_features_model_2_multimer_v3_pred_0": 6.67572021484375e-05,
    "predict_and_compile_model_2_multimer_v3_pred_0": 167.2942612171173,
    "predict_benchmark_model_2_multimer_v3_pred_0": 83.2369475364685,
    "process_features_model_3_multimer_v3_pred_0": 2.4080276489257812e-05,
    "predict_and_compile_model_3_multimer_v3_pred_0": 171.66271114349365,
    "predict_benchmark_model_3_multimer_v3_pred_0": 83.44632816314697,
    "process_features_model_4_multimer_v3_pred_0": 2.3365020751953125e-05,
    "predict_and_compile_model_4_multimer_v3_pred_0": 159.18421959877014,
    "predict_benchmark_model_4_multimer_v3_pred_0": 69.0427565574646,
    "process_features_model_5_multimer_v3_pred_0": 2.1457672119140625e-05,
    "predict_and_compile_model_5_multimer_v3_pred_0": 219.6588649749756,
    "predict_benchmark_model_5_multimer_v3_pred_0": 131.74454498291016
}