seed,sample,ranking_score
1,0,0.5449709037679575
1,1,0.5365757075284834
1,2,0.5588976083920729
1,3,0.5289382809350047
1,4,0.525761816706415
