seed,sample,ranking_score
1,0,0.5500374029221212
1,1,0.5424664246461238
1,2,0.555904558240053
1,3,0.5566925505405288
1,4,0.5578333711217406
