seed,sample,ranking_score
1,0,0.8046034474307439
1,1,0.7917521556577845
1,2,0.798683682543525
1,3,0.7943674547814655
1,4,0.8189536867809901
