seed,sample,ranking_score
1,0,0.8293048425992565
1,1,0.8456155642300829
1,2,0.8593512305842892
1,3,0.837536557875284
1,4,0.8485750657989358
