seed,sample,ranking_score
1,0,0.7391383224221835
1,1,0.7353426035748762
1,2,0.7384399966694115
1,3,0.7456842151034622
1,4,0.7596157202063336
