{
    "features": 0.00771784782409668,
    "process_features_model_1_multimer_v3_pred_0": 3.337860107421875e-06,
    "predict_and_compile_model_1_multimer_v3_pred_0": 192.29677319526672,
    "relax_model_1_multimer_v3_pred_0": 27.947137117385864,
    "process_features_model_1_multimer_v3_pred_1": 2.86102294921875e-06,
    "predict_and_compile_model_1_multimer_v3_pred_1": 117.53585505485535,
    "relax_model_1_multimer_v3_pred_1": 25.181002140045166,
    "process_features_model_1_multimer_v3_pred_2": 2.6226043701171875e-06,
    "predict_and_compile_model_1_multimer_v3_pred_2": 175.92566800117493,
    "relax_model_1_multimer_v3_pred_2": 26.91234540939331,
    "process_features_model_1_multimer_v3_pred_3": 2.86102294921875e-06,
    "predict_and_compile_model_1_multimer_v3_pred_3": 176.0838921070099,
    "relax_model_1_multimer_v3_pred_3": 30.320743799209595,
    "process_features_model_1_multimer_v3_pred_4": 3.0994415283203125e-06,
    "predict_and_compile_model_1_multimer_v3_pred_4": 159.12337398529053,
    "relax_model_1_multimer_v3_pred_4": 24.801188468933105,
    "process_features_model_2_multimer_v3_pred_0": 2.86102294921875e-06,
    "predict_and_compile_model_2_multimer_v3_pred_0": 230.62900924682617,
    "relax_model_2_multimer_v3_pred_0": 25.737014055252075,
    "process_features_model_2_multimer_v3_pred_1": 2.86102294921875e-06,
    "predict_and_compile_model_2_multimer_v3_pred_1": 92.57023596763611,
    "relax_model_2_multimer_v3_pred_1": 25.590867042541504,
    "process_features_model_2_multimer_v3_pred_2": 2.86102294921875e-06,
    "predict_and_compile_model_2_multimer_v3_pred_2": 175.96363139152527,
    "relax_model_2_multimer_v3_pred_2": 28.550041675567627,
    "process_features_model_2_multimer_v3_pred_3": 2.86102294921875e-06,
    "predict_and_compile_model_2_multimer_v3_pred_3": 67.33820605278015,
    "relax_model_2_multimer_v3_pred_3": 27.130438804626465,
    "process_features_model_2_multimer_v3_pred_4": 3.0994415283203125e-06,
    "predict_and_compile_model_2_multimer_v3_pred_4": 126.06274795532227,
    "relax_model_2_multimer_v3_pred_4": 26.778319597244263,
    "process_features_model_3_multimer_v3_pred_0": 2.6226043701171875e-06,
    "predict_and_compile_model_3_multimer_v3_pred_0": 292.0444836616516,
    "relax_model_3_multimer_v3_pred_0": 25.479512929916382,
    "process_features_model_3_multimer_v3_pred_1": 3.0994415283203125e-06,
    "predict_and_compile_model_3_multimer_v3_pred_1": 176.45290613174438,
    "relax_model_3_multimer_v3_pred_1": 25.391449213027954,
    "process_features_model_3_multimer_v3_pred_2": 3.0994415283203125e-06,
    "predict_and_compile_model_3_multimer_v3_pred_2": 176.62541961669922,
    "relax_model_3_multimer_v3_pred_2": 26.44944477081299,
    "process_features_model_3_multimer_v3_pred_3": 2.6226043701171875e-06,
    "predict_and_compile_model_3_multimer_v3_pred_3": 176.38808870315552,
    "relax_model_3_multimer_v3_pred_3": 25.177372694015503,
    "process_features_model_3_multimer_v3_pred_4": 2.6226043701171875e-06,
    "predict_and_compile_model_3_multimer_v3_pred_4": 176.0338478088379,
    "relax_model_3_multimer_v3_pred_4": 25.763198375701904,
    "process_features_model_4_multimer_v3_pred_0": 2.86102294921875e-06,
    "predict_and_compile_model_4_multimer_v3_pred_0": 293.9154324531555,
    "relax_model_4_multimer_v3_pred_0": 35.56363797187805,
    "process_features_model_4_multimer_v3_pred_1": 3.0994415283203125e-06,
    "predict_and_compile_model_4_multimer_v3_pred_1": 173.20581698417664,
    "relax_model_4_multimer_v3_pred_1": 35.95293402671814,
    "process_features_model_4_multimer_v3_pred_2": 2.86102294921875e-06,
    "predict_and_compile_model_4_multimer_v3_pred_2": 173.20908737182617,
    "relax_model_4_multimer_v3_pred_2": 35.89708876609802,
    "process_features_model_4_multimer_v3_pred_3": 2.86102294921875e-06,
    "predict_and_compile_model_4_multimer_v3_pred_3": 173.32322764396667,
    "relax_model_4_multimer_v3_pred_3": 32.393861532211304,
    "process_features_model_4_multimer_v3_pred_4": 2.86102294921875e-06,
    "predict_and_compile_model_4_multimer_v3_pred_4": 173.2528121471405,
    "relax_model_4_multimer_v3_pred_4": 36.44450235366821,
    "process_features_model_5_multimer_v3_pred_0": 2.86102294921875e-06,
    "predict_and_compile_model_5_multimer_v3_pred_0": 290.2195098400116,
    "relax_model_5_multimer_v3_pred_0": 26.881412029266357,
    "process_features_model_5_multimer_v3_pred_1": 2.86102294921875e-06,
    "predict_and_compile_model_5_multimer_v3_pred_1": 173.14683365821838,
    "relax_model_5_multimer_v3_pred_1": 28.15578603744507,
    "process_features_model_5_multimer_v3_pred_2": 2.6226043701171875e-06,
    "predict_and_compile_model_5_multimer_v3_pred_2": 173.38425254821777,
    "relax_model_5_multimer_v3_pred_2": 39.035656690597534,
    "process_features_model_5_multimer_v3_pred_3": 2.6226043701171875e-06,
    "predict_and_compile_model_5_multimer_v3_pred_3": 172.8516674041748,
    "relax_model_5_multimer_v3_pred_3": 26.342406749725342,
    "process_features_model_5_multimer_v3_pred_4": 2.86102294921875e-06,
    "predict_and_compile_model_5_multimer_v3_pred_4": 173.19772052764893,
    "relax_model_5_multimer_v3_pred_4": 25.505357265472412
}