{
    "features": 0.03192019462585449,
    "process_features_model_1_multimer_v3_pred_0": 3.5762786865234375e-06,
    "predict_and_compile_model_1_multimer_v3_pred_0": 113.59321856498718,
    "predict_benchmark_model_1_multimer_v3_pred_0": 31.96392250061035,
    "process_features_model_2_multimer_v3_pred_0": 2.1219253540039062e-05,
    "predict_and_compile_model_2_multimer_v3_pred_0": 151.90841341018677,
    "predict_benchmark_model_2_multimer_v3_pred_0": 68.93770599365234,
    "process_features_model_3_multimer_v3_pred_0": 1.811981201171875e-05,
    "predict_and_compile_model_3_multimer_v3_pred_0": 197.5599241256714,
    "predict_benchmark_model_3_multimer_v3_pred_0": 111.21494555473328,
    "process_features_model_4_multimer_v3_pred_0": 2.2649765014648438e-05,
    "predict_and_compile_model_4_multimer_v3_pred_0": 193.23125314712524,
    "predict_benchmark_model_4_multimer_v3_pred_0": 107.73927712440491,
    "process_features_model_5_multimer_v3_pred_0": 3.2901763916015625e-05,
    "predict_and_compile_model_5_multimer_v3_pred_0": 164.34804224967957,
    "predict_benchmark_model_5_multimer_v3_pred_0": 77.29171848297119
}