seed,sample,ranking_score
1,0,0.6881704462987952
1,1,0.7196292791731927
1,2,0.7008076490029223
1,3,0.6234239364250743
1,4,0.6725952176676596
