seed,sample,ranking_score
1,0,0.6171644464084577
1,1,0.6186386555748736
1,2,0.6270314361522749
1,3,0.6040976778029681
1,4,0.6382045071687454
