{
    "features": 0.14039158821105957,
    "process_features_model_1_multimer_v3_pred_0": 2.6226043701171875e-06,
    "predict_and_compile_model_1_multimer_v3_pred_0": 109.8191397190094,
    "predict_benchmark_model_1_multimer_v3_pred_0": 29.93130397796631,
    "process_features_model_2_multimer_v3_pred_0": 7.867813110351562e-06,
    "predict_and_compile_model_2_multimer_v3_pred_0": 103.90430498123169,
    "predict_benchmark_model_2_multimer_v3_pred_0": 21.431999683380127,
    "process_features_model_3_multimer_v3_pred_0": 2.7179718017578125e-05,
    "predict_and_compile_model_3_multimer_v3_pred_0": 109.30833721160889,
    "predict_benchmark_model_3_multimer_v3_pred_0": 25.618561267852783,
    "process_features_model_4_multimer_v3_pred_0": 7.867813110351562e-06,
    "predict_and_compile_model_4_multimer_v3_pred_0": 108.69694471359253,
    "predict_benchmark_model_4_multimer_v3_pred_0": 20.984575271606445,
    "process_features_model_5_multimer_v3_pred_0": 6.198883056640625e-06,
    "predict_and_compile_model_5_multimer_v3_pred_0": 111.08802437782288,
    "predict_benchmark_model_5_multimer_v3_pred_0": 25.1850688457489
}