seed,sample,ranking_score
1,0,0.5027679579220785
1,1,0.590873324290758
1,2,0.4761580693974571
1,3,0.5886105144587623
1,4,0.5625616866758916
