seed,sample,ranking_score
1,0,0.3634021946590296
1,1,0.3640592739722546
1,2,0.41936922809263877
1,3,0.40606387612934247
1,4,0.359314231689589
