{
    "features": 0.05146503448486328,
    "process_features_model_1_multimer_v3_pred_0": 6.4373016357421875e-06,
    "predict_and_compile_model_1_multimer_v3_pred_0": 242.95871877670288,
    "predict_benchmark_model_1_multimer_v3_pred_0": 120.90042448043823,
    "process_features_model_2_multimer_v3_pred_0": 7.033348083496094e-05,
    "predict_and_compile_model_2_multimer_v3_pred_0": 229.07661151885986,
    "predict_benchmark_model_2_multimer_v3_pred_0": 120.45131158828735,
    "process_features_model_3_multimer_v3_pred_0": 2.2172927856445312e-05,
    "predict_and_compile_model_3_multimer_v3_pred_0": 227.69829177856445,
    "predict_benchmark_model_3_multimer_v3_pred_0": 120.43603181838989,
    "process_features_model_4_multimer_v3_pred_0": 2.2649765014648438e-05,
    "predict_and_compile_model_4_multimer_v3_pred_0": 237.78901863098145,
    "predict_benchmark_model_4_multimer_v3_pred_0": 119.10442590713501,
    "process_features_model_5_multimer_v3_pred_0": 4.887580871582031e-05,
    "predict_and_compile_model_5_multimer_v3_pred_0": 223.35255360603333,
    "predict_benchmark_model_5_multimer_v3_pred_0": 118.65838432312012
}