seed,sample,ranking_score
1,0,0.35585332147839266
1,1,0.35188112023002505
1,2,0.3997756270143412
1,3,0.3692543028029619
1,4,0.3670448690791264
