seed,sample,ranking_score
1,0,0.6446187789288859
1,1,0.6412449152441033
1,2,0.6336817635686232
1,3,0.6399505887497876
1,4,0.6628165821657899
