seed,sample,ranking_score
1,0,0.5010979743784293
1,1,0.5190511226025384
1,2,0.4901027262402076
1,3,0.5467876490551405
1,4,0.5174492869360976
