{
    "features": 0.20131301879882812,
    "process_features_model_1_multimer_v3_pred_0": 5.0067901611328125e-06,
    "predict_and_compile_model_1_multimer_v3_pred_0": 443.20458149909973,
    "predict_benchmark_model_1_multimer_v3_pred_0": 324.75869584083557,
    "process_features_model_2_multimer_v3_pred_0": 3.0994415283203125e-06,
    "predict_and_compile_model_2_multimer_v3_pred_0": 437.7818615436554,
    "predict_benchmark_model_2_multimer_v3_pred_0": 324.69063425064087,
    "process_features_model_3_multimer_v3_pred_0": 4.291534423828125e-06,
    "predict_and_compile_model_3_multimer_v3_pred_0": 439.28920435905457,
    "predict_benchmark_model_3_multimer_v3_pred_0": 324.58165860176086,
    "process_features_model_4_multimer_v3_pred_0": 3.5762786865234375e-06,
    "predict_and_compile_model_4_multimer_v3_pred_0": 437.1762797832489,
    "predict_benchmark_model_4_multimer_v3_pred_0": 316.987309217453,
    "process_features_model_5_multimer_v3_pred_0": 3.5762786865234375e-06,
    "predict_and_compile_model_5_multimer_v3_pred_0": 434.21624422073364,
    "predict_benchmark_model_5_multimer_v3_pred_0": 317.3341522216797
}