{
    "features": 0.016512393951416016,
    "process_features_model_1_multimer_v3_pred_0": 3.5762786865234375e-06,
    "predict_and_compile_model_1_multimer_v3_pred_0": 140.52307558059692,
    "predict_benchmark_model_1_multimer_v3_pred_0": 56.6586754322052,
    "process_features_model_2_multimer_v3_pred_0": 2.3603439331054688e-05,
    "predict_and_compile_model_2_multimer_v3_pred_0": 115.43467998504639,
    "predict_benchmark_model_2_multimer_v3_pred_0": 30.944398880004883,
    "process_features_model_3_multimer_v3_pred_0": 1.9073486328125e-05,
    "predict_and_compile_model_3_multimer_v3_pred_0": 153.99955677986145,
    "predict_benchmark_model_3_multimer_v3_pred_0": 67.07739210128784,
    "process_features_model_4_multimer_v3_pred_0": 3.075599670410156e-05,
    "predict_and_compile_model_4_multimer_v3_pred_0": 192.36254572868347,
    "predict_benchmark_model_4_multimer_v3_pred_0": 106.26735734939575,
    "process_features_model_5_multimer_v3_pred_0": 2.3365020751953125e-05,
    "predict_and_compile_model_5_multimer_v3_pred_0": 199.33598256111145,
    "predict_benchmark_model_5_multimer_v3_pred_0": 106.22240376472473
}