seed,sample,ranking_score
1,0,0.834174240787721
1,1,0.8182241693858103
1,2,0.8109543728854707
1,3,0.8081383708210085
1,4,0.8212098955511037
