seed,sample,ranking_score
1,0,0.589684354273774
1,1,0.5217834301868653
1,2,0.46189878297040243
1,3,0.5469309706382808
1,4,0.5296150215858197
