seed,sample,ranking_score
1,0,0.9353472088329483
1,1,0.9252569619610724
1,2,0.8905684754780768
1,3,0.9014142829129996
1,4,0.936078774164516
