seed,sample,ranking_score
1,0,0.7848616043835025
1,1,0.8115740152677319
1,2,0.7797656461892221
1,3,0.7988135586891786
1,4,0.7910261707850501
