{
    "features": 0.017141103744506836,
    "process_features_model_1_multimer_v3_pred_0": 2.6226043701171875e-06,
    "predict_and_compile_model_1_multimer_v3_pred_0": 129.25465273857117,
    "predict_benchmark_model_1_multimer_v3_pred_0": 43.191014766693115,
    "process_features_model_2_multimer_v3_pred_0": 7.128715515136719e-05,
    "predict_and_compile_model_2_multimer_v3_pred_0": 121.52402400970459,
    "predict_benchmark_model_2_multimer_v3_pred_0": 37.82156848907471,
    "process_features_model_3_multimer_v3_pred_0": 1.6450881958007812e-05,
    "predict_and_compile_model_3_multimer_v3_pred_0": 120.87851977348328,
    "predict_benchmark_model_3_multimer_v3_pred_0": 32.48633551597595,
    "process_features_model_4_multimer_v3_pred_0": 2.3603439331054688e-05,
    "predict_and_compile_model_4_multimer_v3_pred_0": 134.00657439231873,
    "predict_benchmark_model_4_multimer_v3_pred_0": 47.6391327381134,
    "process_features_model_5_multimer_v3_pred_0": 1.3113021850585938e-05,
    "predict_and_compile_model_5_multimer_v3_pred_0": 180.96226263046265,
    "predict_benchmark_model_5_multimer_v3_pred_0": 95.63070011138916
}