seed,sample,ranking_score
2,0,0.8006163919362389
2,1,0.8000906674199656
2,2,0.7984717035670685
2,3,0.7933978160830633
2,4,0.7940981501894927
