{
    "features": 0.030486106872558594,
    "process_features_model_1_multimer_v3_pred_0": 2.86102294921875e-06,
    "predict_and_compile_model_1_multimer_v3_pred_0": 176.71304202079773,
    "predict_benchmark_model_1_multimer_v3_pred_0": 94.09075784683228,
    "process_features_model_2_multimer_v3_pred_0": 1.811981201171875e-05,
    "predict_and_compile_model_2_multimer_v3_pred_0": 204.18362402915955,
    "predict_benchmark_model_2_multimer_v3_pred_0": 116.58044910430908,
    "process_features_model_3_multimer_v3_pred_0": 1.9550323486328125e-05,
    "predict_and_compile_model_3_multimer_v3_pred_0": 256.8865168094635,
    "predict_benchmark_model_3_multimer_v3_pred_0": 138.58751225471497,
    "process_features_model_4_multimer_v3_pred_0": 1.5735626220703125e-05,
    "predict_and_compile_model_4_multimer_v3_pred_0": 279.2211503982544,
    "predict_benchmark_model_4_multimer_v3_pred_0": 153.74286246299744,
    "process_features_model_5_multimer_v3_pred_0": 2.5033950805664062e-05,
    "predict_and_compile_model_5_multimer_v3_pred_0": 301.5694041252136,
    "predict_benchmark_model_5_multimer_v3_pred_0": 148.21873927116394
}