seed,sample,ranking_score
1,0,0.8957361963380869
1,1,0.8919691262659737
1,2,0.8961605243716125
1,3,0.8694562437181605
1,4,0.8742405420833814
