seed,sample,ranking_score
1,0,0.8372447716410903
1,1,0.8391473756329371
1,2,0.8450137583049178
1,3,0.8404229384212207
1,4,0.8452379480935407
