seed,sample,ranking_score
2,0,0.7923028654191022
2,1,0.8024053406678027
2,2,0.8136330372892734
2,3,0.7945974308045217
2,4,0.784731700601825
