seed,sample,ranking_score
4,0,0.9412286875980532
4,1,0.9112409571394009
4,2,0.9184434186933147
4,3,0.872446641677928
4,4,0.9293306757612609
