{
    "features": 0.017023801803588867,
    "process_features_model_1_multimer_v3_pred_0": 2.6226043701171875e-06,
    "predict_and_compile_model_1_multimer_v3_pred_0": 286.0063066482544,
    "predict_benchmark_model_1_multimer_v3_pred_0": 196.6677348613739,
    "process_features_model_2_multimer_v3_pred_0": 1.33514404296875e-05,
    "predict_and_compile_model_2_multimer_v3_pred_0": 282.3318259716034,
    "predict_benchmark_model_2_multimer_v3_pred_0": 196.66815853118896,
    "process_features_model_3_multimer_v3_pred_0": 2.8133392333984375e-05,
    "predict_and_compile_model_3_multimer_v3_pred_0": 282.95886874198914,
    "predict_benchmark_model_3_multimer_v3_pred_0": 196.74226999282837,
    "process_features_model_4_multimer_v3_pred_0": 2.3365020751953125e-05,
    "predict_and_compile_model_4_multimer_v3_pred_0": 279.7448387145996,
    "predict_benchmark_model_4_multimer_v3_pred_0": 193.12725448608398,
    "process_features_model_5_multimer_v3_pred_0": 0.0007557868957519531,
    "predict_and_compile_model_5_multimer_v3_pred_0": 272.8782720565796,
    "predict_benchmark_model_5_multimer_v3_pred_0": 193.5049386024475
}