seed,sample,ranking_score
1,0,0.48839747316670645
1,1,0.47672361215930453
1,2,0.5165482237383298
1,3,0.4753921589816336
1,4,0.512052353410752
