seed,sample,ranking_score
1,0,0.7350789560858273
1,1,0.7271470214296165
1,2,0.7531969949944405
1,3,0.7251342781675034
1,4,0.7588755255882438
