seed,sample,ranking_score
5,0,0.8618315053954521
5,1,0.8626789740241972
5,2,0.8728047694016082
5,3,0.8720150157508607
5,4,0.8518199178255941
