seed,sample,ranking_score
2,0,0.3921180632937409
2,1,0.39640223430224
2,2,0.3884468037699258
2,3,0.3712843056689047
2,4,0.3799065563509668
