seed,sample,ranking_score
1,0,0.680594072422835
1,1,0.7333096043942658
1,2,0.7162949853087777
1,3,0.6812764928107613
1,4,0.6837448463936453
