seed,sample,ranking_score
1,0,0.5732403541153929
1,1,0.6019565107799679
1,2,0.540644130045418
1,3,0.5179688221034331
1,4,0.6172473911114462
