seed,sample,ranking_score
1,0,0.3147981195591991
1,1,0.3568517242468578
1,2,0.32589168878614616
1,3,0.37101579840255394
1,4,0.3068876779021837
