seed,sample,ranking_score
1,0,0.7343608492507091
1,1,0.757376698642013
1,2,0.7733985828568977
1,3,0.7664204337383065
1,4,0.748937912889901
