seed,sample,ranking_score
5,0,0.939708866638444
5,1,0.9368302970924535
5,2,0.9390051076812519
5,3,0.9360613572854423
5,4,0.9398212242020446
