seed,sample,ranking_score
1,0,0.7492896256742171
1,1,0.6676942979730363
1,2,0.7441067253317215
1,3,0.6896051984738084
1,4,0.7362238264338158
