seed,sample,ranking_score
1,0,0.6563418320094264
1,1,0.6685426897427746
1,2,0.6548110662688632
1,3,0.6750131575901989
1,4,0.6653409832196506
