seed,sample,ranking_score
1,0,0.44015002401448466
1,1,0.43680461129963366
1,2,0.4539628397877569
1,3,0.44328254962637004
1,4,0.4576028941882641
