seed,sample,ranking_score
1,0,0.6070954581168805
1,1,0.6022189819824708
1,2,0.6199850153082282
1,3,0.5460323766248301
1,4,0.5541892921669973
