seed,sample,ranking_score
1,0,0.5962292493463369
1,1,0.5902827465795439
1,2,0.5835754374542473
1,3,0.5636669570619656
1,4,0.5846402902923589
