seed,sample,ranking_score
1,0,0.5993992748818646
1,1,0.5574679898187406
1,2,0.5239590250318037
1,3,0.5273247662102898
1,4,0.5095765355872902
