seed,sample,ranking_score
1,0,0.6484507814791736
1,1,0.6536346339215492
1,2,0.6984729278288722
1,3,0.6574756453811286
1,4,0.7392481619253899
