seed,sample,ranking_score
2,0,0.5860957544433961
2,1,0.5447440999650471
2,2,0.5431233756016601
2,3,0.553148066899677
2,4,0.5335649004867293
