seed,sample,ranking_score
1,0,0.6864783202439968
1,1,0.6758964710307847
1,2,0.6929793318144428
1,3,0.6603869386378318
1,4,0.6743239385343258
