{
    "features": 0.13057613372802734,
    "process_features_model_1_multimer_v3_pred_0": 5.0067901611328125e-06,
    "predict_and_compile_model_1_multimer_v3_pred_0": 396.4209816455841,
    "predict_benchmark_model_1_multimer_v3_pred_0": 319.62576270103455,
    "process_features_model_2_multimer_v3_pred_0": 2.5987625122070312e-05,
    "predict_and_compile_model_2_multimer_v3_pred_0": 397.6989724636078,
    "predict_benchmark_model_2_multimer_v3_pred_0": 319.9254126548767,
    "process_features_model_3_multimer_v3_pred_0": 2.2649765014648438e-05,
    "predict_and_compile_model_3_multimer_v3_pred_0": 398.25120186805725,
    "predict_benchmark_model_3_multimer_v3_pred_0": 319.74582290649414,
    "process_features_model_4_multimer_v3_pred_0": 1.9073486328125e-05,
    "predict_and_compile_model_4_multimer_v3_pred_0": 387.4436581134796,
    "predict_benchmark_model_4_multimer_v3_pred_0": 310.5830841064453,
    "process_features_model_5_multimer_v3_pred_0": 1.7404556274414062e-05,
    "predict_and_compile_model_5_multimer_v3_pred_0": 381.4268732070923,
    "predict_benchmark_model_5_multimer_v3_pred_0": 310.7023866176605
}