seed,sample,ranking_score
1,0,0.41930412803853456
1,1,0.45549233647341475
1,2,0.4560255787838809
1,3,0.4285211013490747
1,4,0.4302432544869898
