seed,sample,ranking_score
1,0,0.49039284728130556
1,1,0.3779606345804111
1,2,0.5043265123379931
1,3,0.4593615387804872
1,4,0.46730431903785047
