seed,sample,ranking_score
2,0,0.9536671875438844
2,1,0.9551026155531321
2,2,0.9532053597294844
2,3,0.9482995068737936
2,4,0.9565205343796941
