seed,sample,ranking_score
1,0,0.28364325219250586
1,1,0.26279012603487995
1,2,0.4423863175153873
1,3,0.43003437211567036
1,4,0.452218628934014
