{
    "features": 0.05713033676147461,
    "process_features_model_1_multimer_v3_pred_0": 3.0994415283203125e-06,
    "predict_and_compile_model_1_multimer_v3_pred_0": 116.05867862701416,
    "predict_benchmark_model_1_multimer_v3_pred_0": 32.83740735054016,
    "process_features_model_2_multimer_v3_pred_0": 6.9141387939453125e-06,
    "predict_and_compile_model_2_multimer_v3_pred_0": 122.02896690368652,
    "predict_benchmark_model_2_multimer_v3_pred_0": 38.07867741584778,
    "process_features_model_3_multimer_v3_pred_0": 8.821487426757812e-06,
    "predict_and_compile_model_3_multimer_v3_pred_0": 129.04659056663513,
    "predict_benchmark_model_3_multimer_v3_pred_0": 43.65738010406494,
    "process_features_model_4_multimer_v3_pred_0": 1.9311904907226562e-05,
    "predict_and_compile_model_4_multimer_v3_pred_0": 200.32701873779297,
    "predict_benchmark_model_4_multimer_v3_pred_0": 110.5417549610138,
    "process_features_model_5_multimer_v3_pred_0": 9.059906005859375e-06,
    "predict_and_compile_model_5_multimer_v3_pred_0": 117.94016551971436,
    "predict_benchmark_model_5_multimer_v3_pred_0": 31.74828290939331
}