seed,sample,ranking_score
1,0,0.3696539242327728
1,1,0.3650758591414081
1,2,0.37749567164916253
1,3,0.36544891702841825
1,4,0.3812594706363212
