seed,sample,ranking_score
5,0,0.818943444146637
5,1,0.8190432065861822
5,2,0.8184780016600386
5,3,0.8199219136991687
5,4,0.8138414630492773
