seed,sample,ranking_score
1,0,0.7648173603420905
1,1,0.7492752420878617
1,2,0.768313266704888
1,3,0.748032975353769
1,4,0.767448077676562
