seed,sample,ranking_score
1,0,0.4996918890867247
1,1,0.5130969654042677
1,2,0.48656334967852954
1,3,0.48021241455135505
1,4,0.4946674489365569
