seed,sample,ranking_score
1,0,0.5016230514317993
1,1,0.48545850200049606
1,2,0.5071977697442226
1,3,0.5137912536429247
1,4,0.4914108180497133
