{
    "iptm+ptm": {
        "model_1_multimer_v3_pred_0": 0.7430882128382434,
        "model_1_multimer_v3_pred_1": 0.7192933547901528,
        "model_1_multimer_v3_pred_2": 0.7283261438936035,
        "model_1_multimer_v3_pred_3": 0.739018324080249,
        "model_1_multimer_v3_pred_4": 0.7293520050941166,
        "model_2_multimer_v3_pred_0": 0.7487717954231505,
        "model_2_multimer_v3_pred_1": 0.7374542210358517,
        "model_2_multimer_v3_pred_2": 0.7178898474363313,
        "model_2_multimer_v3_pred_3": 0.7283794139568348,
        "model_2_multimer_v3_pred_4": 0.7579010935534867,
        "model_3_multimer_v3_pred_0": 0.7478416197138358,
        "model_3_multimer_v3_pred_1": 0.718429410281664,
        "model_3_multimer_v3_pred_2": 0.7582131765332438,
        "model_3_multimer_v3_pred_3": 0.7552956799900228,
        "model_3_multimer_v3_pred_4": 0.7630501362575238,
        "model_4_multimer_v3_pred_0": 0.7523790865512586,
        "model_4_multimer_v3_pred_1": 0.7186768594221766,
        "model_4_multimer_v3_pred_2": 0.7510648161761243,
        "model_4_multimer_v3_pred_3": 0.7102226679682427,
        "model_4_multimer_v3_pred_4": 0.7020932517674483,
        "model_5_multimer_v3_pred_0": 0.7496518486597665,
        "model_5_multimer_v3_pred_1": 0.7666787222575292,
        "model_5_multimer_v3_pred_2": 0.7447894615451544,
        "model_5_multimer_v3_pred_3": 0.7433494826119057,
        "model_5_multimer_v3_pred_4": 0.7961721925186289
    },
    "order": [
        "model_5_multimer_v3_pred_4",
        "model_5_multimer_v3_pred_1",
        "model_3_multimer_v3_pred_4",
        "model_3_multimer_v3_pred_2",
        "model_2_multimer_v3_pred_4",
        "model_3_multimer_v3_pred_3",
        "model_4_multimer_v3_pred_0",
        "model_4_multimer_v3_pred_2",
        "model_5_multimer_v3_pred_0",
        "model_2_multimer_v3_pred_0",
        "model_3_multimer_v3_pred_0",
        "model_5_multimer_v3_pred_2",
        "model_5_multimer_v3_pred_3",
        "model_1_multimer_v3_pred_0",
        "model_1_multimer_v3_pred_3",
        "model_2_multimer_v3_pred_1",
        "model_1_multimer_v3_pred_4",
        "model_2_multimer_v3_pred_3",
        "model_1_multimer_v3_pred_2",
        "model_1_multimer_v3_pred_1",
        "model_4_multimer_v3_pred_1",
        "model_3_multimer_v3_pred_1",
        "model_2_multimer_v3_pred_2",
        "model_4_multimer_v3_pred_3",
        "model_4_multimer_v3_pred_4"
    ]
}