seed,sample,ranking_score
1,0,0.6176338323316934
1,1,0.6186414499594199
1,2,0.6039059349739371
1,3,0.6255100585312234
1,4,0.6537416188489095
