seed,sample,ranking_score
1,0,0.4555140260328409
1,1,0.45457041573004775
1,2,0.25768573016546237
1,3,0.4591281702690272
1,4,0.4529096460547166
