{
    "features": 0.3736402988433838,
    "process_features_model_1_multimer_v3_pred_0": 5.245208740234375e-06,
    "predict_and_compile_model_1_multimer_v3_pred_0": 929.8153169155121,
    "predict_benchmark_model_1_multimer_v3_pred_0": 806.9765248298645,
    "process_features_model_2_multimer_v3_pred_0": 4.5299530029296875e-06,
    "predict_and_compile_model_2_multimer_v3_pred_0": 921.1319026947021,
    "predict_benchmark_model_2_multimer_v3_pred_0": 806.3703401088715,
    "process_features_model_3_multimer_v3_pred_0": 4.291534423828125e-06,
    "predict_and_compile_model_3_multimer_v3_pred_0": 922.6390764713287,
    "predict_benchmark_model_3_multimer_v3_pred_0": 807.1898462772369,
    "process_features_model_4_multimer_v3_pred_0": 3.5762786865234375e-06,
    "predict_and_compile_model_4_multimer_v3_pred_0": 899.0782661437988,
    "predict_benchmark_model_4_multimer_v3_pred_0": 778.1207892894745,
    "process_features_model_5_multimer_v3_pred_0": 4.291534423828125e-06,
    "predict_and_compile_model_5_multimer_v3_pred_0": 894.6495332717896,
    "predict_benchmark_model_5_multimer_v3_pred_0": 777.7339074611664
}