seed,sample,ranking_score
1,0,0.7620812056187476
1,1,0.7788933616617729
1,2,0.7832106232913538
1,3,0.7885473997290673
1,4,0.7674452858030969
