seed,sample,ranking_score
1,0,0.5119927676083309
1,1,0.5081762505008156
1,2,0.5027160028261557
1,3,0.5058423822856242
1,4,0.5097030367725093
