seed,sample,ranking_score
1,0,0.48447913004059784
1,1,0.4847355924873707
1,2,0.5329678535586616
1,3,0.4759961128683364
1,4,0.5085035840279504
