{
    "features": 0.0054781436920166016,
    "process_features_model_1_multimer_v3_pred_0": 3.337860107421875e-06,
    "predict_and_compile_model_1_multimer_v3_pred_0": 146.74431896209717,
    "relax_model_1_multimer_v3_pred_0": 20.59152102470398,
    "process_features_model_1_multimer_v3_pred_1": 2.86102294921875e-06,
    "predict_and_compile_model_1_multimer_v3_pred_1": 36.0984582901001,
    "relax_model_1_multimer_v3_pred_1": 18.116581678390503,
    "process_features_model_1_multimer_v3_pred_2": 2.6226043701171875e-06,
    "predict_and_compile_model_1_multimer_v3_pred_2": 36.05731749534607,
    "relax_model_1_multimer_v3_pred_2": 18.80367112159729,
    "process_features_model_1_multimer_v3_pred_3": 3.337860107421875e-06,
    "predict_and_compile_model_1_multimer_v3_pred_3": 41.99165391921997,
    "relax_model_1_multimer_v3_pred_3": 18.711490154266357,
    "process_features_model_1_multimer_v3_pred_4": 2.6226043701171875e-06,
    "predict_and_compile_model_1_multimer_v3_pred_4": 30.14702081680298,
    "relax_model_1_multimer_v3_pred_4": 19.25558853149414,
    "process_features_model_2_multimer_v3_pred_0": 2.6226043701171875e-06,
    "predict_and_compile_model_2_multimer_v3_pred_0": 150.2771418094635,
    "relax_model_2_multimer_v3_pred_0": 18.077895641326904,
    "process_features_model_2_multimer_v3_pred_1": 3.5762786865234375e-06,
    "predict_and_compile_model_2_multimer_v3_pred_1": 30.15113854408264,
    "relax_model_2_multimer_v3_pred_1": 19.140418529510498,
    "process_features_model_2_multimer_v3_pred_2": 2.384185791015625e-06,
    "predict_and_compile_model_2_multimer_v3_pred_2": 42.068241357803345,
    "relax_model_2_multimer_v3_pred_2": 18.144256830215454,
    "process_features_model_2_multimer_v3_pred_3": 2.384185791015625e-06,
    "predict_and_compile_model_2_multimer_v3_pred_3": 24.180112600326538,
    "relax_model_2_multimer_v3_pred_3": 18.922873973846436,
    "process_features_model_2_multimer_v3_pred_4": 2.1457672119140625e-06,
    "predict_and_compile_model_2_multimer_v3_pred_4": 36.05561399459839,
    "relax_model_2_multimer_v3_pred_4": 18.01472783088684,
    "process_features_model_3_multimer_v3_pred_0": 2.6226043701171875e-06,
    "predict_and_compile_model_3_multimer_v3_pred_0": 139.45198035240173,
    "relax_model_3_multimer_v3_pred_0": 18.149219036102295,
    "process_features_model_3_multimer_v3_pred_1": 3.0994415283203125e-06,
    "predict_and_compile_model_3_multimer_v3_pred_1": 30.12802791595459,
    "relax_model_3_multimer_v3_pred_1": 17.84244728088379,
    "process_features_model_3_multimer_v3_pred_2": 2.86102294921875e-06,
    "predict_and_compile_model_3_multimer_v3_pred_2": 24.202950477600098,
    "relax_model_3_multimer_v3_pred_2": 18.75544261932373,
    "process_features_model_3_multimer_v3_pred_3": 2.384185791015625e-06,
    "predict_and_compile_model_3_multimer_v3_pred_3": 30.125030279159546,
    "relax_model_3_multimer_v3_pred_3": 18.061503648757935,
    "process_features_model_3_multimer_v3_pred_4": 2.384185791015625e-06,
    "predict_and_compile_model_3_multimer_v3_pred_4": 24.20159602165222,
    "relax_model_3_multimer_v3_pred_4": 18.928205966949463,
    "process_features_model_4_multimer_v3_pred_0": 2.86102294921875e-06,
    "predict_and_compile_model_4_multimer_v3_pred_0": 145.15869665145874,
    "relax_model_4_multimer_v3_pred_0": 18.984939575195312,
    "process_features_model_4_multimer_v3_pred_1": 3.337860107421875e-06,
    "predict_and_compile_model_4_multimer_v3_pred_1": 23.719541788101196,
    "relax_model_4_multimer_v3_pred_1": 18.735799551010132,
    "process_features_model_4_multimer_v3_pred_2": 2.384185791015625e-06,
    "predict_and_compile_model_4_multimer_v3_pred_2": 35.33636236190796,
    "relax_model_4_multimer_v3_pred_2": 19.00953698158264,
    "process_features_model_4_multimer_v3_pred_3": 2.86102294921875e-06,
    "predict_and_compile_model_4_multimer_v3_pred_3": 29.497836589813232,
    "relax_model_4_multimer_v3_pred_3": 18.777717351913452,
    "process_features_model_4_multimer_v3_pred_4": 2.6226043701171875e-06,
    "predict_and_compile_model_4_multimer_v3_pred_4": 35.388646841049194,
    "relax_model_4_multimer_v3_pred_4": 18.129132509231567,
    "process_features_model_5_multimer_v3_pred_0": 2.6226043701171875e-06,
    "predict_and_compile_model_5_multimer_v3_pred_0": 139.69551849365234,
    "relax_model_5_multimer_v3_pred_0": 18.882436275482178,
    "process_features_model_5_multimer_v3_pred_1": 3.0994415283203125e-06,
    "predict_and_compile_model_5_multimer_v3_pred_1": 29.519635677337646,
    "relax_model_5_multimer_v3_pred_1": 18.732170343399048,
    "process_features_model_5_multimer_v3_pred_2": 2.384185791015625e-06,
    "predict_and_compile_model_5_multimer_v3_pred_2": 29.54587483406067,
    "relax_model_5_multimer_v3_pred_2": 18.035386562347412,
    "process_features_model_5_multimer_v3_pred_3": 2.6226043701171875e-06,
    "predict_and_compile_model_5_multimer_v3_pred_3": 41.175817012786865,
    "relax_model_5_multimer_v3_pred_3": 18.775277853012085,
    "process_features_model_5_multimer_v3_pred_4": 2.86102294921875e-06,
    "predict_and_compile_model_5_multimer_v3_pred_4": 29.552459478378296,
    "relax_model_5_multimer_v3_pred_4": 18.75832462310791
}