seed,sample,ranking_score
1,0,0.6634947720197764
1,1,0.6660171569548751
1,2,0.6488110255180979
1,3,0.6687401726941129
1,4,0.6648326619586508
