seed,sample,ranking_score
1,0,0.6202771400289921
1,1,0.6067905128772304
1,2,0.6188693487741759
1,3,0.48585143108738404
1,4,0.5737045152650725
