seed,sample,ranking_score
1,0,1.00984627918464
1,1,0.9952881629607895
1,2,0.9985865809430179
1,3,0.9977305700095123
1,4,0.9926518543281763
