seed,sample,ranking_score
1,0,0.6204039191958381
1,1,0.6567906263683128
1,2,0.6389709111669211
1,3,0.6588641228273742
1,4,0.6418923763017188
