seed,sample,ranking_score
1,0,0.7669459779496883
1,1,0.779199276036789
1,2,0.7911217707011563
1,3,0.8087454043115061
1,4,0.7911252529629068
