seed,sample,ranking_score
1,0,0.624319836023379
1,1,0.597766631953641
1,2,0.6078445499123286
1,3,0.6175505912002365
1,4,0.6091770625043929
