{
    "features": 1.2877941131591797,
    "process_features_model_1_multimer_v3_pred_0": 5.0067901611328125e-06,
    "predict_and_compile_model_1_multimer_v3_pred_0": 148.0473141670227,
    "predict_benchmark_model_1_multimer_v3_pred_0": 66.01077175140381,
    "process_features_model_2_multimer_v3_pred_0": 8.821487426757812e-06,
    "predict_and_compile_model_2_multimer_v3_pred_0": 127.17284893989563,
    "predict_benchmark_model_2_multimer_v3_pred_0": 44.07796907424927,
    "process_features_model_3_multimer_v3_pred_0": 2.6941299438476562e-05,
    "predict_and_compile_model_3_multimer_v3_pred_0": 134.37785959243774,
    "predict_benchmark_model_3_multimer_v3_pred_0": 49.67618489265442,
    "process_features_model_4_multimer_v3_pred_0": 2.7894973754882812e-05,
    "predict_and_compile_model_4_multimer_v3_pred_0": 196.02294826507568,
    "predict_benchmark_model_4_multimer_v3_pred_0": 111.1213641166687,
    "process_features_model_5_multimer_v3_pred_0": 2.1457672119140625e-05,
    "predict_and_compile_model_5_multimer_v3_pred_0": 194.32000827789307,
    "predict_benchmark_model_5_multimer_v3_pred_0": 111.45030331611633
}