{
    "features": 0.0173342227935791,
    "process_features_model_1_multimer_v3_pred_0": 3.337860107421875e-06,
    "predict_and_compile_model_1_multimer_v3_pred_0": 212.29098439216614,
    "predict_benchmark_model_1_multimer_v3_pred_0": 128.57758903503418,
    "process_features_model_2_multimer_v3_pred_0": 3.170967102050781e-05,
    "predict_and_compile_model_2_multimer_v3_pred_0": 201.36593627929688,
    "predict_benchmark_model_2_multimer_v3_pred_0": 116.3501877784729,
    "process_features_model_3_multimer_v3_pred_0": 1.8596649169921875e-05,
    "predict_and_compile_model_3_multimer_v3_pred_0": 151.05147099494934,
    "predict_benchmark_model_3_multimer_v3_pred_0": 67.40897607803345,
    "process_features_model_4_multimer_v3_pred_0": 1.33514404296875e-05,
    "predict_and_compile_model_4_multimer_v3_pred_0": 211.496684551239,
    "predict_benchmark_model_4_multimer_v3_pred_0": 125.2777590751648,
    "process_features_model_5_multimer_v3_pred_0": 2.0265579223632812e-05,
    "predict_and_compile_model_5_multimer_v3_pred_0": 209.07943296432495,
    "predict_benchmark_model_5_multimer_v3_pred_0": 125.13221716880798
}