seed,sample,ranking_score
1,0,0.44051507583636074
1,1,0.4619771069144364
1,2,0.4458327839868686
1,3,0.43995978828080606
1,4,0.4294251204018108
