seed,sample,ranking_score
1,0,0.5773863609689305
1,1,0.5356564658310909
1,2,0.557922401078659
1,3,0.504955056189085
1,4,0.5941283153488435
