seed,sample,ranking_score
1,0,0.7639743498515142
1,1,0.76786512105144
1,2,0.741738690425859
1,3,0.7737946744158529
1,4,0.7680983729062092
