seed,sample,ranking_score
1,0,0.6045215023181343
1,1,0.5965493827709122
1,2,0.6033407098352644
1,3,0.5816947964549233
1,4,0.6011738245245599
