{
    "features": 0.1496720314025879,
    "process_features_model_1_multimer_v3_pred_0": 4.76837158203125e-06,
    "predict_and_compile_model_1_multimer_v3_pred_0": 279.02381014823914,
    "predict_benchmark_model_1_multimer_v3_pred_0": 131.6574547290802,
    "process_features_model_2_multimer_v3_pred_0": 4.291534423828125e-06,
    "predict_and_compile_model_2_multimer_v3_pred_0": 451.90691018104553,
    "predict_benchmark_model_2_multimer_v3_pred_0": 306.26327109336853,
    "process_features_model_3_multimer_v3_pred_0": 4.0531158447265625e-06,
    "predict_and_compile_model_3_multimer_v3_pred_0": 389.5848798751831,
    "predict_benchmark_model_3_multimer_v3_pred_0": 240.8558747768402,
    "process_features_model_4_multimer_v3_pred_0": 3.814697265625e-06,
    "predict_and_compile_model_4_multimer_v3_pred_0": 599.2726850509644,
    "predict_benchmark_model_4_multimer_v3_pred_0": 448.1076080799103,
    "process_features_model_5_multimer_v3_pred_0": 3.814697265625e-06,
    "predict_and_compile_model_5_multimer_v3_pred_0": 586.9315040111542,
    "predict_benchmark_model_5_multimer_v3_pred_0": 446.96689200401306
}