seed,sample,ranking_score
1,0,0.3731781612903139
1,1,0.38284949408754954
1,2,0.3771351958057111
1,3,0.3729978887963878
1,4,0.365871912812073
