seed,sample,ranking_score
1,0,0.7449855168921288
1,1,0.7560689316416914
1,2,0.7223606045621431
1,3,0.7362164692209643
1,4,0.7359742639214183
