seed,sample,ranking_score
1,0,0.8164579749458418
1,1,0.8551868763417944
1,2,0.8145210179323813
1,3,0.8167968719957899
1,4,0.8198796827379936
