seed,sample,ranking_score
4,0,0.8831930086549808
4,1,0.8900836952341784
4,2,0.8731699282770586
4,3,0.8778397879858911
4,4,0.8667117618930089
