seed,sample,ranking_score
1,0,0.4227080615018832
1,1,0.3858113812164127
1,2,0.4787192859871342
1,3,0.38636520253464846
1,4,0.48254392828044734
