seed,sample,ranking_score
2,0,0.8958168508213264
2,1,0.879706516800671
2,2,0.9026454482482822
2,3,0.8675789227134085
2,4,0.8926263931644985
