{
    "features": 0.011740684509277344,
    "process_features_model_1_multimer_v3_pred_0": 4.0531158447265625e-06,
    "predict_and_compile_model_1_multimer_v3_pred_0": 560.3815200328827,
    "relax_model_1_multimer_v3_pred_0": 52.09854531288147,
    "process_features_model_1_multimer_v3_pred_1": 2.86102294921875e-06,
    "predict_and_compile_model_1_multimer_v3_pred_1": 397.6032259464264,
    "relax_model_1_multimer_v3_pred_1": 37.58321261405945,
    "process_features_model_1_multimer_v3_pred_2": 3.5762786865234375e-06,
    "predict_and_compile_model_1_multimer_v3_pred_2": 396.27958512306213,
    "relax_model_1_multimer_v3_pred_2": 48.82110261917114,
    "process_features_model_1_multimer_v3_pred_3": 3.814697265625e-06,
    "predict_and_compile_model_1_multimer_v3_pred_3": 396.8627483844757,
    "relax_model_1_multimer_v3_pred_3": 30.915655851364136,
    "process_features_model_1_multimer_v3_pred_4": 2.86102294921875e-06,
    "predict_and_compile_model_1_multimer_v3_pred_4": 396.6319897174835,
    "relax_model_1_multimer_v3_pred_4": 47.8406503200531,
    "process_features_model_2_multimer_v3_pred_0": 3.0994415283203125e-06,
    "predict_and_compile_model_2_multimer_v3_pred_0": 554.7760720252991,
    "relax_model_2_multimer_v3_pred_0": 59.12037420272827,
    "process_features_model_2_multimer_v3_pred_1": 3.0994415283203125e-06,
    "predict_and_compile_model_2_multimer_v3_pred_1": 396.4993727207184,
    "relax_model_2_multimer_v3_pred_1": 47.633556604385376,
    "process_features_model_2_multimer_v3_pred_2": 3.5762786865234375e-06,
    "predict_and_compile_model_2_multimer_v3_pred_2": 378.5968155860901,
    "relax_model_2_multimer_v3_pred_2": 32.4642231464386,
    "process_features_model_2_multimer_v3_pred_3": 4.0531158447265625e-06,
    "predict_and_compile_model_2_multimer_v3_pred_3": 321.717369556427,
    "relax_model_2_multimer_v3_pred_3": 26.5044207572937,
    "process_features_model_2_multimer_v3_pred_4": 3.5762786865234375e-06,
    "predict_and_compile_model_2_multimer_v3_pred_4": 397.6171524524689,
    "relax_model_2_multimer_v3_pred_4": 52.99915957450867,
    "process_features_model_3_multimer_v3_pred_0": 3.5762786865234375e-06,
    "predict_and_compile_model_3_multimer_v3_pred_0": 517.6314070224762,
    "relax_model_3_multimer_v3_pred_0": 29.900601387023926,
    "process_features_model_3_multimer_v3_pred_1": 3.0994415283203125e-06,
    "predict_and_compile_model_3_multimer_v3_pred_1": 397.2914900779724,
    "relax_model_3_multimer_v3_pred_1": 49.68210482597351,
    "process_features_model_3_multimer_v3_pred_2": 4.76837158203125e-06,
    "predict_and_compile_model_3_multimer_v3_pred_2": 396.4483599662781,
    "relax_model_3_multimer_v3_pred_2": 27.542436599731445,
    "process_features_model_3_multimer_v3_pred_3": 3.5762786865234375e-06,
    "predict_and_compile_model_3_multimer_v3_pred_3": 396.2474715709686,
    "relax_model_3_multimer_v3_pred_3": 45.36918330192566,
    "process_features_model_3_multimer_v3_pred_4": 3.0994415283203125e-06,
    "predict_and_compile_model_3_multimer_v3_pred_4": 396.9152419567108,
    "relax_model_3_multimer_v3_pred_4": 30.786176681518555,
    "process_features_model_4_multimer_v3_pred_0": 3.337860107421875e-06,
    "predict_and_compile_model_4_multimer_v3_pred_0": 546.0006036758423,
    "relax_model_4_multimer_v3_pred_0": 29.216614246368408,
    "process_features_model_4_multimer_v3_pred_1": 4.291534423828125e-06,
    "predict_and_compile_model_4_multimer_v3_pred_1": 205.7822666168213,
    "relax_model_4_multimer_v3_pred_1": 31.266531229019165,
    "process_features_model_4_multimer_v3_pred_2": 2.6226043701171875e-06,
    "predict_and_compile_model_4_multimer_v3_pred_2": 391.5078775882721,
    "relax_model_4_multimer_v3_pred_2": 51.96739101409912,
    "process_features_model_4_multimer_v3_pred_3": 4.291534423828125e-06,
    "predict_and_compile_model_4_multimer_v3_pred_3": 392.52643275260925,
    "relax_model_4_multimer_v3_pred_3": 28.369805335998535,
    "process_features_model_4_multimer_v3_pred_4": 2.0265579223632812e-05,
    "predict_and_compile_model_4_multimer_v3_pred_4": 391.76274251937866,
    "relax_model_4_multimer_v3_pred_4": 53.25479340553284,
    "process_features_model_5_multimer_v3_pred_0": 3.5762786865234375e-06,
    "predict_and_compile_model_5_multimer_v3_pred_0": 542.5477750301361,
    "relax_model_5_multimer_v3_pred_0": 27.52299451828003,
    "process_features_model_5_multimer_v3_pred_1": 3.5762786865234375e-06,
    "predict_and_compile_model_5_multimer_v3_pred_1": 392.23639249801636,
    "relax_model_5_multimer_v3_pred_1": 26.515079498291016,
    "process_features_model_5_multimer_v3_pred_2": 3.0994415283203125e-06,
    "predict_and_compile_model_5_multimer_v3_pred_2": 392.98357224464417,
    "relax_model_5_multimer_v3_pred_2": 28.01612424850464,
    "process_features_model_5_multimer_v3_pred_3": 3.337860107421875e-06,
    "predict_and_compile_model_5_multimer_v3_pred_3": 392.1553463935852,
    "relax_model_5_multimer_v3_pred_3": 27.6515212059021,
    "process_features_model_5_multimer_v3_pred_4": 3.0994415283203125e-06,
    "predict_and_compile_model_5_multimer_v3_pred_4": 392.1580195426941,
    "relax_model_5_multimer_v3_pred_4": 27.75370979309082
}