{
    "features": 0.5338916778564453,
    "process_features_model_1_multimer_v3_pred_0": 5.245208740234375e-06,
    "predict_and_compile_model_1_multimer_v3_pred_0": 1202.0752756595612,
    "predict_benchmark_model_1_multimer_v3_pred_0": 1081.2069582939148,
    "process_features_model_2_multimer_v3_pred_0": 3.814697265625e-06,
    "predict_and_compile_model_2_multimer_v3_pred_0": 1191.7817406654358,
    "predict_benchmark_model_2_multimer_v3_pred_0": 1084.0764183998108,
    "process_features_model_3_multimer_v3_pred_0": 2.8371810913085938e-05,
    "predict_and_compile_model_3_multimer_v3_pred_0": 1199.6864964962006,
    "predict_benchmark_model_3_multimer_v3_pred_0": 1076.5306401252747,
    "process_features_model_4_multimer_v3_pred_0": 4.0531158447265625e-06,
    "predict_and_compile_model_4_multimer_v3_pred_0": 1175.954401731491,
    "predict_benchmark_model_4_multimer_v3_pred_0": 1056.5889794826508,
    "process_features_model_5_multimer_v3_pred_0": 3.814697265625e-06,
    "predict_and_compile_model_5_multimer_v3_pred_0": 1164.1329746246338,
    "predict_benchmark_model_5_multimer_v3_pred_0": 1056.2262921333313
}