seed,sample,ranking_score
1,0,0.5625808125442378
1,1,0.572721799916215
1,2,0.6385670469475893
1,3,0.5913796322471363
1,4,0.6021051429674665
