seed,sample,ranking_score
1,0,0.8200587697518863
1,1,0.8073227333844999
1,2,0.8390890364709984
1,3,0.803394811018912
1,4,0.8127801546510168
