seed,sample,ranking_score
1,0,0.3346212475170963
1,1,0.3109195100092087
1,2,0.3274018977890346
1,3,0.3480864937155843
1,4,0.3451565351341262
