{
    "features": 0.007294178009033203,
    "process_features_model_1_multimer_v3_pred_0": 3.814697265625e-06,
    "predict_and_compile_model_1_multimer_v3_pred_0": 281.14880108833313,
    "relax_model_1_multimer_v3_pred_0": 41.926687479019165,
    "process_features_model_1_multimer_v3_pred_1": 2.6226043701171875e-06,
    "predict_and_compile_model_1_multimer_v3_pred_1": 163.3403570652008,
    "relax_model_1_multimer_v3_pred_1": 38.08922076225281,
    "process_features_model_1_multimer_v3_pred_2": 2.86102294921875e-06,
    "predict_and_compile_model_1_multimer_v3_pred_2": 162.72930479049683,
    "relax_model_1_multimer_v3_pred_2": 37.930460929870605,
    "process_features_model_1_multimer_v3_pred_3": 3.0994415283203125e-06,
    "predict_and_compile_model_1_multimer_v3_pred_3": 162.85912442207336,
    "relax_model_1_multimer_v3_pred_3": 21.688336849212646,
    "process_features_model_1_multimer_v3_pred_4": 2.6226043701171875e-06,
    "predict_and_compile_model_1_multimer_v3_pred_4": 163.29949831962585,
    "relax_model_1_multimer_v3_pred_4": 40.15352129936218,
    "process_features_model_2_multimer_v3_pred_0": 2.384185791015625e-06,
    "predict_and_compile_model_2_multimer_v3_pred_0": 277.57733368873596,
    "relax_model_2_multimer_v3_pred_0": 39.450215101242065,
    "process_features_model_2_multimer_v3_pred_1": 2.6226043701171875e-06,
    "predict_and_compile_model_2_multimer_v3_pred_1": 162.83281350135803,
    "relax_model_2_multimer_v3_pred_1": 38.39428377151489,
    "process_features_model_2_multimer_v3_pred_2": 2.1457672119140625e-06,
    "predict_and_compile_model_2_multimer_v3_pred_2": 162.7678894996643,
    "relax_model_2_multimer_v3_pred_2": 38.26477789878845,
    "process_features_model_2_multimer_v3_pred_3": 2.384185791015625e-06,
    "predict_and_compile_model_2_multimer_v3_pred_3": 162.8786871433258,
    "relax_model_2_multimer_v3_pred_3": 39.869346141815186,
    "process_features_model_2_multimer_v3_pred_4": 2.1457672119140625e-06,
    "predict_and_compile_model_2_multimer_v3_pred_4": 163.09156203269958,
    "relax_model_2_multimer_v3_pred_4": 39.201058864593506,
    "process_features_model_3_multimer_v3_pred_0": 2.1457672119140625e-06,
    "predict_and_compile_model_3_multimer_v3_pred_0": 256.708345413208,
    "relax_model_3_multimer_v3_pred_0": 38.43696141242981,
    "process_features_model_3_multimer_v3_pred_1": 2.384185791015625e-06,
    "predict_and_compile_model_3_multimer_v3_pred_1": 116.44274497032166,
    "relax_model_3_multimer_v3_pred_1": 40.161900758743286,
    "process_features_model_3_multimer_v3_pred_2": 2.6226043701171875e-06,
    "predict_and_compile_model_3_multimer_v3_pred_2": 162.8835027217865,
    "relax_model_3_multimer_v3_pred_2": 36.96354150772095,
    "process_features_model_3_multimer_v3_pred_3": 2.1457672119140625e-06,
    "predict_and_compile_model_3_multimer_v3_pred_3": 162.9793882369995,
    "relax_model_3_multimer_v3_pred_3": 38.54167580604553,
    "process_features_model_3_multimer_v3_pred_4": 3.337860107421875e-06,
    "predict_and_compile_model_3_multimer_v3_pred_4": 162.85110425949097,
    "relax_model_3_multimer_v3_pred_4": 30.098857641220093,
    "process_features_model_4_multimer_v3_pred_0": 2.384185791015625e-06,
    "predict_and_compile_model_4_multimer_v3_pred_0": 284.4718761444092,
    "relax_model_4_multimer_v3_pred_0": 38.99693036079407,
    "process_features_model_4_multimer_v3_pred_1": 2.6226043701171875e-06,
    "predict_and_compile_model_4_multimer_v3_pred_1": 160.4097604751587,
    "relax_model_4_multimer_v3_pred_1": 39.368889570236206,
    "process_features_model_4_multimer_v3_pred_2": 1.9073486328125e-06,
    "predict_and_compile_model_4_multimer_v3_pred_2": 160.62545371055603,
    "relax_model_4_multimer_v3_pred_2": 38.53005576133728,
    "process_features_model_4_multimer_v3_pred_3": 1.9073486328125e-06,
    "predict_and_compile_model_4_multimer_v3_pred_3": 160.35610556602478,
    "relax_model_4_multimer_v3_pred_3": 39.258333921432495,
    "process_features_model_4_multimer_v3_pred_4": 2.384185791015625e-06,
    "predict_and_compile_model_4_multimer_v3_pred_4": 160.4742090702057,
    "relax_model_4_multimer_v3_pred_4": 38.005300760269165,
    "process_features_model_5_multimer_v3_pred_0": 3.337860107421875e-06,
    "predict_and_compile_model_5_multimer_v3_pred_0": 280.1143777370453,
    "relax_model_5_multimer_v3_pred_0": 31.129377841949463,
    "process_features_model_5_multimer_v3_pred_1": 2.384185791015625e-06,
    "predict_and_compile_model_5_multimer_v3_pred_1": 160.5089213848114,
    "relax_model_5_multimer_v3_pred_1": 35.16106581687927,
    "process_features_model_5_multimer_v3_pred_2": 2.1457672119140625e-06,
    "predict_and_compile_model_5_multimer_v3_pred_2": 160.30519247055054,
    "relax_model_5_multimer_v3_pred_2": 38.63789463043213,
    "process_features_model_5_multimer_v3_pred_3": 2.6226043701171875e-06,
    "predict_and_compile_model_5_multimer_v3_pred_3": 160.6409833431244,
    "relax_model_5_multimer_v3_pred_3": 40.64833211898804,
    "process_features_model_5_multimer_v3_pred_4": 1.9073486328125e-06,
    "predict_and_compile_model_5_multimer_v3_pred_4": 160.80628633499146,
    "relax_model_5_multimer_v3_pred_4": 30.376635789871216
}