seed,sample,ranking_score
1,0,0.6093241401316329
1,1,0.5976226763003935
1,2,0.5769801540688115
1,3,0.5893678769725003
1,4,0.5938104411635611
