seed,sample,ranking_score
3,0,0.8283795673679522
3,1,0.8078563948557306
3,2,0.8123934334555478
3,3,0.8462932659849111
3,4,0.8247495162788631
