seed,sample,ranking_score
1,0,0.8636108372839418
1,1,0.8670055167714529
1,2,0.8690312516776197
1,3,0.8662964713084019
1,4,0.872249181279817
