seed,sample,ranking_score
1,0,0.334751099973545
1,1,0.3147849973775321
1,2,0.305990749047451
1,3,0.3264699678840818
1,4,0.31807737672045777
