seed,sample,ranking_score
5,0,0.9563292583673153
5,1,0.9576300102560061
5,2,0.948807205704757
5,3,0.9465907036149661
5,4,0.9573317477933997
