seed,sample,ranking_score
1,0,0.5560935698038834
1,1,0.5413418679674108
1,2,0.5324691507386841
1,3,0.5393612281430823
1,4,0.525348435725066
