seed,sample,ranking_score
3,0,0.9571020853287081
3,1,0.95023659793092
3,2,0.9390702001546491
3,3,0.9517230267374721
3,4,0.9400961920888595
