seed,sample,ranking_score
3,0,0.8114528876023573
3,1,0.8168374980716518
3,2,0.7591417595097402
3,3,0.7878144101682245
3,4,0.764589786027005
