seed,sample,ranking_score
1,0,0.5496686697170746
1,1,0.5522364503516988
1,2,0.5630491408802378
1,3,0.5520324964811283
1,4,0.5378966295683728
