seed,sample,ranking_score
1,0,0.6499417677762783
1,1,0.6615971086541347
1,2,0.6328227228403255
1,3,0.6215403728716673
1,4,0.651996236241224
