{
    "features": 0.20360612869262695,
    "process_features_model_1_multimer_v3_pred_0": 5.245208740234375e-06,
    "predict_and_compile_model_1_multimer_v3_pred_0": 418.7292745113373,
    "predict_benchmark_model_1_multimer_v3_pred_0": 300.2392723560333,
    "process_features_model_2_multimer_v3_pred_0": 4.76837158203125e-06,
    "predict_and_compile_model_2_multimer_v3_pred_0": 412.8869786262512,
    "predict_benchmark_model_2_multimer_v3_pred_0": 300.20290637016296,
    "process_features_model_3_multimer_v3_pred_0": 4.5299530029296875e-06,
    "predict_and_compile_model_3_multimer_v3_pred_0": 415.2251591682434,
    "predict_benchmark_model_3_multimer_v3_pred_0": 299.8756215572357,
    "process_features_model_4_multimer_v3_pred_0": 4.0531158447265625e-06,
    "predict_and_compile_model_4_multimer_v3_pred_0": 412.6725172996521,
    "predict_benchmark_model_4_multimer_v3_pred_0": 291.87995529174805,
    "process_features_model_5_multimer_v3_pred_0": 4.291534423828125e-06,
    "predict_and_compile_model_5_multimer_v3_pred_0": 408.7041914463043,
    "predict_benchmark_model_5_multimer_v3_pred_0": 291.9096772670746
}