seed,sample,ranking_score
1,0,0.484319206984007
1,1,0.4604858563644125
1,2,0.48142509109145043
1,3,0.4596923123343224
1,4,0.48868049647723477
