seed,sample,ranking_score
1,0,0.9263125017058789
1,1,0.920755646767347
1,2,0.9203781670524882
1,3,0.9149715584723417
1,4,0.920408020057327
