seed,sample,ranking_score
1,0,0.6007515874445343
1,1,0.5491604239421422
1,2,0.6222954806390154
1,3,0.6171005267136942
1,4,0.5477890028843114
