seed,sample,ranking_score
1,0,0.4210864020105243
1,1,0.40101819581812176
1,2,0.39767812565145855
1,3,0.40812469433491516
1,4,0.41760261365834167
