{
    "features": 0.15584921836853027,
    "process_features_model_1_multimer_v3_pred_0": 5.0067901611328125e-06,
    "predict_and_compile_model_1_multimer_v3_pred_0": 284.4876697063446,
    "predict_benchmark_model_1_multimer_v3_pred_0": 164.8231325149536,
    "process_features_model_2_multimer_v3_pred_0": 3.814697265625e-06,
    "predict_and_compile_model_2_multimer_v3_pred_0": 234.30208611488342,
    "predict_benchmark_model_2_multimer_v3_pred_0": 118.0058228969574,
    "process_features_model_3_multimer_v3_pred_0": 4.291534423828125e-06,
    "predict_and_compile_model_3_multimer_v3_pred_0": 283.4076611995697,
    "predict_benchmark_model_3_multimer_v3_pred_0": 165.00055360794067,
    "process_features_model_4_multimer_v3_pred_0": 4.0531158447265625e-06,
    "predict_and_compile_model_4_multimer_v3_pred_0": 282.370409488678,
    "predict_benchmark_model_4_multimer_v3_pred_0": 161.75937938690186,
    "process_features_model_5_multimer_v3_pred_0": 4.0531158447265625e-06,
    "predict_and_compile_model_5_multimer_v3_pred_0": 278.82959246635437,
    "predict_benchmark_model_5_multimer_v3_pred_0": 161.9766719341278
}