seed,sample,ranking_score
1,0,0.6675025428913798
1,1,0.6679786683548531
1,2,0.6515407433647679
1,3,0.6539336532691193
1,4,0.6624134829559503
