seed,sample,ranking_score
3,0,0.8472175349513448
3,1,0.8278560622512674
3,2,0.8232243374186894
3,3,0.7964404596421772
3,4,0.7971445899132178
