seed,sample,ranking_score
1,0,0.903295106227731
1,1,0.9319452051414768
1,2,0.9102716539914217
1,3,0.9130513305377816
1,4,0.9148921285115592
