seed,sample,ranking_score
1,0,0.35557272072812485
1,1,0.38398831099075426
1,2,0.3704595110970258
1,3,0.3795629246585933
1,4,0.40552119473914316
