seed,sample,ranking_score
4,0,0.818332202406966
4,1,0.7975552032596753
4,2,0.7962002413159291
4,3,0.817526549969288
4,4,0.8015195465494975
