seed,sample,ranking_score
1,0,0.5455221122421174
1,1,0.5468208214653373
1,2,0.519171285378089
1,3,0.5362728515437528
1,4,0.5238030869913873
