seed,sample,ranking_score
4,0,0.6195093030839237
4,1,0.5999240930274946
4,2,0.5954926276615438
4,3,0.6206787965219287
4,4,0.6117514923606613
