seed,sample,ranking_score
1,0,0.7594884497102652
1,1,0.7407383604456318
1,2,0.767006795043863
1,3,0.6453820063797348
1,4,0.782982021060715
