seed,sample,ranking_score
1,0,0.6015757596020472
1,1,0.6872119734699826
1,2,0.6702126748598055
1,3,0.6750472396898111
1,4,0.6696672198468187
