seed,sample,ranking_score
1,0,0.6871626885243821
1,1,0.6681497522972977
1,2,0.7077283861904653
1,3,0.7071916789239712
1,4,0.6931988515527171
