seed,sample,ranking_score
2,0,0.5572133197282418
2,1,0.5559332110527826
2,2,0.5358008042590697
2,3,0.5617263319900186
2,4,0.556111462842975
