seed,sample,ranking_score
1,0,0.7953840194429825
1,1,0.7954418484729231
1,2,0.7843752635089777
1,3,0.802625773677303
1,4,0.7968905939667976
