seed,sample,ranking_score
1,0,0.8075836344492426
1,1,0.7638688249420745
1,2,0.7886952524194715
1,3,0.7526064961898218
1,4,0.7617826140762693
