{
    "features": 0.0068264007568359375,
    "process_features_model_1_multimer_v3_pred_0": 3.337860107421875e-06,
    "predict_and_compile_model_1_multimer_v3_pred_0": 232.38656282424927,
    "relax_model_1_multimer_v3_pred_0": 30.531374216079712,
    "process_features_model_1_multimer_v3_pred_1": 2.86102294921875e-06,
    "predict_and_compile_model_1_multimer_v3_pred_1": 111.14260172843933,
    "relax_model_1_multimer_v3_pred_1": 18.536487579345703,
    "process_features_model_1_multimer_v3_pred_2": 2.86102294921875e-06,
    "predict_and_compile_model_1_multimer_v3_pred_2": 122.75042581558228,
    "relax_model_1_multimer_v3_pred_2": 32.51549553871155,
    "process_features_model_1_multimer_v3_pred_3": 3.5762786865234375e-06,
    "predict_and_compile_model_1_multimer_v3_pred_3": 58.73747658729553,
    "relax_model_1_multimer_v3_pred_3": 35.253480195999146,
    "process_features_model_1_multimer_v3_pred_4": 3.337860107421875e-06,
    "predict_and_compile_model_1_multimer_v3_pred_4": 122.56930422782898,
    "relax_model_1_multimer_v3_pred_4": 18.78207802772522,
    "process_features_model_2_multimer_v3_pred_0": 3.814697265625e-06,
    "predict_and_compile_model_2_multimer_v3_pred_0": 230.18015050888062,
    "relax_model_2_multimer_v3_pred_0": 22.06596541404724,
    "process_features_model_2_multimer_v3_pred_1": 2.86102294921875e-06,
    "predict_and_compile_model_2_multimer_v3_pred_1": 117.27869534492493,
    "relax_model_2_multimer_v3_pred_1": 19.62307906150818,
    "process_features_model_2_multimer_v3_pred_2": 2.6226043701171875e-06,
    "predict_and_compile_model_2_multimer_v3_pred_2": 122.81804776191711,
    "relax_model_2_multimer_v3_pred_2": 29.204136610031128,
    "process_features_model_2_multimer_v3_pred_3": 3.0994415283203125e-06,
    "predict_and_compile_model_2_multimer_v3_pred_3": 111.44580864906311,
    "relax_model_2_multimer_v3_pred_3": 21.08562660217285,
    "process_features_model_2_multimer_v3_pred_4": 2.86102294921875e-06,
    "predict_and_compile_model_2_multimer_v3_pred_4": 122.99181199073792,
    "relax_model_2_multimer_v3_pred_4": 19.30124020576477,
    "process_features_model_3_multimer_v3_pred_0": 2.384185791015625e-06,
    "predict_and_compile_model_3_multimer_v3_pred_0": 230.9554045200348,
    "relax_model_3_multimer_v3_pred_0": 19.967084169387817,
    "process_features_model_3_multimer_v3_pred_1": 2.86102294921875e-06,
    "predict_and_compile_model_3_multimer_v3_pred_1": 122.87337183952332,
    "relax_model_3_multimer_v3_pred_1": 21.33717393875122,
    "process_features_model_3_multimer_v3_pred_2": 3.0994415283203125e-06,
    "predict_and_compile_model_3_multimer_v3_pred_2": 122.898264169693,
    "relax_model_3_multimer_v3_pred_2": 29.584363222122192,
    "process_features_model_3_multimer_v3_pred_3": 5.7220458984375e-06,
    "predict_and_compile_model_3_multimer_v3_pred_3": 111.50047135353088,
    "relax_model_3_multimer_v3_pred_3": 154.1396517753601,
    "process_features_model_3_multimer_v3_pred_4": 3.0994415283203125e-06,
    "predict_and_compile_model_3_multimer_v3_pred_4": 122.94112801551819,
    "relax_model_3_multimer_v3_pred_4": 24.975812673568726,
    "process_features_model_4_multimer_v3_pred_0": 3.337860107421875e-06,
    "predict_and_compile_model_4_multimer_v3_pred_0": 232.9054479598999,
    "relax_model_4_multimer_v3_pred_0": 22.754534244537354,
    "process_features_model_4_multimer_v3_pred_1": 2.6226043701171875e-06,
    "predict_and_compile_model_4_multimer_v3_pred_1": 120.98588514328003,
    "relax_model_4_multimer_v3_pred_1": 74.1586525440216,
    "process_features_model_4_multimer_v3_pred_2": 3.0994415283203125e-06,
    "predict_and_compile_model_4_multimer_v3_pred_2": 121.09418487548828,
    "relax_model_4_multimer_v3_pred_2": 34.10497546195984,
    "process_features_model_4_multimer_v3_pred_3": 2.6226043701171875e-06,
    "predict_and_compile_model_4_multimer_v3_pred_3": 121.0245566368103,
    "relax_model_4_multimer_v3_pred_3": 21.876266479492188,
    "process_features_model_4_multimer_v3_pred_4": 2.86102294921875e-06,
    "predict_and_compile_model_4_multimer_v3_pred_4": 121.62069654464722,
    "relax_model_4_multimer_v3_pred_4": 22.464433670043945,
    "process_features_model_5_multimer_v3_pred_0": 2.86102294921875e-06,
    "predict_and_compile_model_5_multimer_v3_pred_0": 231.25352430343628,
    "relax_model_5_multimer_v3_pred_0": 33.81322526931763,
    "process_features_model_5_multimer_v3_pred_1": 3.0994415283203125e-06,
    "predict_and_compile_model_5_multimer_v3_pred_1": 120.86351156234741,
    "relax_model_5_multimer_v3_pred_1": 20.53391122817993,
    "process_features_model_5_multimer_v3_pred_2": 4.5299530029296875e-06,
    "predict_and_compile_model_5_multimer_v3_pred_2": 121.97186040878296,
    "relax_model_5_multimer_v3_pred_2": 39.18300247192383,
    "process_features_model_5_multimer_v3_pred_3": 2.86102294921875e-06,
    "predict_and_compile_model_5_multimer_v3_pred_3": 120.89097476005554,
    "relax_model_5_multimer_v3_pred_3": 19.584077835083008,
    "process_features_model_5_multimer_v3_pred_4": 2.86102294921875e-06,
    "predict_and_compile_model_5_multimer_v3_pred_4": 121.08129239082336,
    "relax_model_5_multimer_v3_pred_4": 19.913861989974976
}