seed,sample,ranking_score
1,0,0.4826156685625641
1,1,0.4910628359300795
1,2,0.49521466922081847
1,3,0.4908434920300134
1,4,0.4971552304883581
