{
    "features": 0.039254188537597656,
    "process_features_model_1_multimer_v3_pred_0": 3.5762786865234375e-06,
    "predict_and_compile_model_1_multimer_v3_pred_0": 101.35516166687012,
    "predict_benchmark_model_1_multimer_v3_pred_0": 22.7717227935791,
    "process_features_model_2_multimer_v3_pred_0": 1.2636184692382812e-05,
    "predict_and_compile_model_2_multimer_v3_pred_0": 98.5051441192627,
    "predict_benchmark_model_2_multimer_v3_pred_0": 18.996407985687256,
    "process_features_model_3_multimer_v3_pred_0": 9.775161743164062e-06,
    "predict_and_compile_model_3_multimer_v3_pred_0": 112.35929775238037,
    "predict_benchmark_model_3_multimer_v3_pred_0": 30.356728076934814,
    "process_features_model_4_multimer_v3_pred_0": 1.0251998901367188e-05,
    "predict_and_compile_model_4_multimer_v3_pred_0": 115.13538646697998,
    "predict_benchmark_model_4_multimer_v3_pred_0": 33.24448323249817,
    "process_features_model_5_multimer_v3_pred_0": 1.0967254638671875e-05,
    "predict_and_compile_model_5_multimer_v3_pred_0": 111.53040981292725,
    "predict_benchmark_model_5_multimer_v3_pred_0": 29.67365789413452
}