seed,sample,ranking_score
2,0,0.8981371770879534
2,1,0.9269688927854096
2,2,0.9200601704494751
2,3,0.9082179942974323
2,4,0.9095588728776782
