seed,sample,ranking_score
1,0,0.2792335177504085
1,1,0.35000258399889583
1,2,0.28762578405227296
1,3,0.33189192396914624
1,4,0.3462768193726018
