seed,sample,ranking_score
1,0,0.5102818899438923
1,1,0.5093930978672013
1,2,0.5135259919506387
1,3,0.509971389079733
1,4,0.5184396959164526
