seed,sample,ranking_score
1,0,0.8973180367346107
1,1,0.8892452899524628
1,2,0.9127501604891826
1,3,0.9067746777613769
1,4,0.8988304356397407
