{
    "features": 0.6202285289764404,
    "process_features_model_1_multimer_v3_pred_0": 4.5299530029296875e-06,
    "predict_and_compile_model_1_multimer_v3_pred_0": 588.1781778335571,
    "predict_benchmark_model_1_multimer_v3_pred_0": 467.67879247665405,
    "process_features_model_2_multimer_v3_pred_0": 3.5762786865234375e-06,
    "predict_and_compile_model_2_multimer_v3_pred_0": 581.2546834945679,
    "predict_benchmark_model_2_multimer_v3_pred_0": 467.3562445640564,
    "process_features_model_3_multimer_v3_pred_0": 3.337860107421875e-06,
    "predict_and_compile_model_3_multimer_v3_pred_0": 583.4200506210327,
    "predict_benchmark_model_3_multimer_v3_pred_0": 468.283899307251,
    "process_features_model_4_multimer_v3_pred_0": 3.814697265625e-06,
    "predict_and_compile_model_4_multimer_v3_pred_0": 576.573498249054,
    "predict_benchmark_model_4_multimer_v3_pred_0": 456.24245405197144,
    "process_features_model_5_multimer_v3_pred_0": 3.337860107421875e-06,
    "predict_and_compile_model_5_multimer_v3_pred_0": 572.8791787624359,
    "predict_benchmark_model_5_multimer_v3_pred_0": 456.18726205825806
}