seed,sample,ranking_score
4,0,0.9265111277930582
4,1,0.9542652596214949
4,2,0.9444506317735698
4,3,0.9262629613534437
4,4,0.936027724565203
