seed,sample,ranking_score
1,0,0.6249091551834837
1,1,0.6120613393899444
1,2,0.631616400210034
1,3,0.6226815320318337
1,4,0.6202306840141777
