seed,sample,ranking_score
1,0,0.6726890026408849
1,1,0.6564703211167426
1,2,0.6660752857437928
1,3,0.6639793105403942
1,4,0.6601516072355698
