{
    "features": 0.2856152057647705,
    "process_features_model_1_multimer_v3_pred_0": 5.4836273193359375e-06,
    "predict_and_compile_model_1_multimer_v3_pred_0": 1311.9686868190765,
    "predict_benchmark_model_1_multimer_v3_pred_0": 1156.6412591934204,
    "process_features_model_2_multimer_v3_pred_0": 3.5762786865234375e-06,
    "predict_and_compile_model_2_multimer_v3_pred_0": 1300.8909742832184,
    "predict_benchmark_model_2_multimer_v3_pred_0": 1156.5305688381195,
    "process_features_model_3_multimer_v3_pred_0": 1.0728836059570312e-05,
    "predict_and_compile_model_3_multimer_v3_pred_0": 1305.0078997612,
    "predict_benchmark_model_3_multimer_v3_pred_0": 1157.1424560546875,
    "process_features_model_4_multimer_v3_pred_0": 3.814697265625e-06,
    "predict_and_compile_model_4_multimer_v3_pred_0": 1279.460855960846,
    "predict_benchmark_model_4_multimer_v3_pred_0": 1125.1966202259064,
    "process_features_model_5_multimer_v3_pred_0": 5.245208740234375e-06,
    "predict_and_compile_model_5_multimer_v3_pred_0": 1263.7973260879517,
    "predict_benchmark_model_5_multimer_v3_pred_0": 1123.6455335617065
}