seed,sample,ranking_score
2,0,0.8770773384777303
2,1,0.8754814993834903
2,2,0.885703230792138
2,3,0.862198094162467
2,4,0.8860969821879261
