seed,sample,ranking_score
1,0,0.4223818628145665
1,1,0.37436738597253694
1,2,0.3312195711362983
1,3,0.33112354705420544
1,4,0.3545847412808805
