seed,sample,ranking_score
1,0,0.7473393697334272
1,1,0.7656732460623619
1,2,0.7361150949403643
1,3,0.7533885269205041
1,4,0.7642258302405607
