seed,sample,ranking_score
1,0,0.47323695380852937
1,1,0.4909917290553748
1,2,0.47808843143522206
1,3,0.496221955618402
1,4,0.5024422703038237
