seed,sample,ranking_score
1,0,0.37661266147792044
1,1,0.4182404210120377
1,2,0.40504862544944814
1,3,0.40355871564778933
1,4,0.38608679521978134
