seed,sample,ranking_score
1,0,0.3821611123213549
1,1,0.37336126520278956
1,2,0.3819012429434614
1,3,0.51666527806149
1,4,0.36320409160164674
