seed,sample,ranking_score
1,0,0.7558592609750758
1,1,0.7599974372375615
1,2,0.7725988764602953
1,3,0.6963941709967301
1,4,0.7724583550257422
