seed,sample,ranking_score
1,0,0.3053067440638341
1,1,0.30639539460531595
1,2,0.30600348832970925
1,3,0.2685497666981653
1,4,0.29385559681546836
