{
    "iptm+ptm": {
        "model_1_multimer_v3_pred_0": 0.766395041114124,
        "model_1_multimer_v3_pred_1": 0.758464384192174,
        "model_1_multimer_v3_pred_2": 0.7481867803771654,
        "model_1_multimer_v3_pred_3": 0.761992583849655,
        "model_1_multimer_v3_pred_4": 0.7509806964054515,
        "model_2_multimer_v3_pred_0": 0.7223054481226124,
        "model_2_multimer_v3_pred_1": 0.7305966543431625,
        "model_2_multimer_v3_pred_2": 0.7422879737559056,
        "model_2_multimer_v3_pred_3": 0.7365748432274544,
        "model_2_multimer_v3_pred_4": 0.7295992982036092,
        "model_3_multimer_v3_pred_0": 0.730608562152975,
        "model_3_multimer_v3_pred_1": 0.7332608879138042,
        "model_3_multimer_v3_pred_2": 0.7464478354878805,
        "model_3_multimer_v3_pred_3": 0.7419395320729131,
        "model_3_multimer_v3_pred_4": 0.7341958489889535,
        "model_4_multimer_v3_pred_0": 0.7636986556624336,
        "model_4_multimer_v3_pred_1": 0.7640920919766877,
        "model_4_multimer_v3_pred_2": 0.7637371116188875,
        "model_4_multimer_v3_pred_3": 0.77701129740905,
        "model_4_multimer_v3_pred_4": 0.7775143772730848,
        "model_5_multimer_v3_pred_0": 0.7299674696164467,
        "model_5_multimer_v3_pred_1": 0.7335138472334315,
        "model_5_multimer_v3_pred_2": 0.721679335640184,
        "model_5_multimer_v3_pred_3": 0.7267527817519523,
        "model_5_multimer_v3_pred_4": 0.7305439466574952
    },
    "order": [
        "model_4_multimer_v3_pred_4",
        "model_4_multimer_v3_pred_3",
        "model_1_multimer_v3_pred_0",
        "model_4_multimer_v3_pred_1",
        "model_4_multimer_v3_pred_2",
        "model_4_multimer_v3_pred_0",
        "model_1_multimer_v3_pred_3",
        "model_1_multimer_v3_pred_1",
        "model_1_multimer_v3_pred_4",
        "model_1_multimer_v3_pred_2",
        "model_3_multimer_v3_pred_2",
        "model_2_multimer_v3_pred_2",
        "model_3_multimer_v3_pred_3",
        "model_2_multimer_v3_pred_3",
        "model_3_multimer_v3_pred_4",
        "model_5_multimer_v3_pred_1",
        "model_3_multimer_v3_pred_1",
        "model_3_multimer_v3_pred_0",
        "model_2_multimer_v3_pred_1",
        "model_5_multimer_v3_pred_4",
        "model_5_multimer_v3_pred_0",
        "model_2_multimer_v3_pred_4",
        "model_5_multimer_v3_pred_3",
        "model_2_multimer_v3_pred_0",
        "model_5_multimer_v3_pred_2"
    ]
}