{
    "features": 0.008770227432250977,
    "process_features_model_1_multimer_v3_pred_0": 2.86102294921875e-06,
    "predict_and_compile_model_1_multimer_v3_pred_0": 532.2892110347748,
    "relax_model_1_multimer_v3_pred_0": 58.55754470825195,
    "process_features_model_1_multimer_v3_pred_1": 3.814697265625e-06,
    "predict_and_compile_model_1_multimer_v3_pred_1": 355.2669725418091,
    "relax_model_1_multimer_v3_pred_1": 41.53709554672241,
    "process_features_model_1_multimer_v3_pred_2": 3.337860107421875e-06,
    "predict_and_compile_model_1_multimer_v3_pred_2": 355.16829681396484,
    "relax_model_1_multimer_v3_pred_2": 27.871957302093506,
    "process_features_model_1_multimer_v3_pred_3": 3.337860107421875e-06,
    "predict_and_compile_model_1_multimer_v3_pred_3": 355.0721187591553,
    "relax_model_1_multimer_v3_pred_3": 37.598262548446655,
    "process_features_model_1_multimer_v3_pred_4": 3.5762786865234375e-06,
    "predict_and_compile_model_1_multimer_v3_pred_4": 354.8794918060303,
    "relax_model_1_multimer_v3_pred_4": 44.85652422904968,
    "process_features_model_2_multimer_v3_pred_0": 1.0728836059570312e-05,
    "predict_and_compile_model_2_multimer_v3_pred_0": 356.5694978237152,
    "relax_model_2_multimer_v3_pred_0": 37.480708360672,
    "process_features_model_2_multimer_v3_pred_1": 3.337860107421875e-06,
    "predict_and_compile_model_2_multimer_v3_pred_1": 203.03954243659973,
    "relax_model_2_multimer_v3_pred_1": 46.182944774627686,
    "process_features_model_2_multimer_v3_pred_2": 3.0994415283203125e-06,
    "predict_and_compile_model_2_multimer_v3_pred_2": 321.372189283371,
    "relax_model_2_multimer_v3_pred_2": 46.10288214683533,
    "process_features_model_2_multimer_v3_pred_3": 3.0994415283203125e-06,
    "predict_and_compile_model_2_multimer_v3_pred_3": 118.61167168617249,
    "relax_model_2_multimer_v3_pred_3": 45.06438326835632,
    "process_features_model_2_multimer_v3_pred_4": 2.86102294921875e-06,
    "predict_and_compile_model_2_multimer_v3_pred_4": 237.54801630973816,
    "relax_model_2_multimer_v3_pred_4": 36.34167671203613,
    "process_features_model_3_multimer_v3_pred_0": 3.5762786865234375e-06,
    "predict_and_compile_model_3_multimer_v3_pred_0": 313.3097343444824,
    "relax_model_3_multimer_v3_pred_0": 46.374135971069336,
    "process_features_model_3_multimer_v3_pred_1": 3.814697265625e-06,
    "predict_and_compile_model_3_multimer_v3_pred_1": 118.65247988700867,
    "relax_model_3_multimer_v3_pred_1": 45.53891348838806,
    "process_features_model_3_multimer_v3_pred_2": 3.5762786865234375e-06,
    "predict_and_compile_model_3_multimer_v3_pred_2": 321.4453647136688,
    "relax_model_3_multimer_v3_pred_2": 48.17119812965393,
    "process_features_model_3_multimer_v3_pred_3": 3.0994415283203125e-06,
    "predict_and_compile_model_3_multimer_v3_pred_3": 287.5208463668823,
    "relax_model_3_multimer_v3_pred_3": 48.529223918914795,
    "process_features_model_3_multimer_v3_pred_4": 4.5299530029296875e-06,
    "predict_and_compile_model_3_multimer_v3_pred_4": 169.3260531425476,
    "relax_model_3_multimer_v3_pred_4": 47.826075077056885,
    "process_features_model_4_multimer_v3_pred_0": 3.5762786865234375e-06,
    "predict_and_compile_model_4_multimer_v3_pred_0": 335.7500190734863,
    "relax_model_4_multimer_v3_pred_0": 50.17584705352783,
    "process_features_model_4_multimer_v3_pred_1": 3.5762786865234375e-06,
    "predict_and_compile_model_4_multimer_v3_pred_1": 200.71537446975708,
    "relax_model_4_multimer_v3_pred_1": 49.48521661758423,
    "process_features_model_4_multimer_v3_pred_2": 3.337860107421875e-06,
    "predict_and_compile_model_4_multimer_v3_pred_2": 150.76834297180176,
    "relax_model_4_multimer_v3_pred_2": 48.39307737350464,
    "process_features_model_4_multimer_v3_pred_3": 3.337860107421875e-06,
    "predict_and_compile_model_4_multimer_v3_pred_3": 150.87103247642517,
    "relax_model_4_multimer_v3_pred_3": 47.74889159202576,
    "process_features_model_4_multimer_v3_pred_4": 2.86102294921875e-06,
    "predict_and_compile_model_4_multimer_v3_pred_4": 200.61708164215088,
    "relax_model_4_multimer_v3_pred_4": 30.371569395065308,
    "process_features_model_5_multimer_v3_pred_0": 2.86102294921875e-06,
    "predict_and_compile_model_5_multimer_v3_pred_0": 508.8013641834259,
    "relax_model_5_multimer_v3_pred_0": 26.488661289215088,
    "process_features_model_5_multimer_v3_pred_1": 2.86102294921875e-06,
    "predict_and_compile_model_5_multimer_v3_pred_1": 351.1260142326355,
    "relax_model_5_multimer_v3_pred_1": 37.206756353378296,
    "process_features_model_5_multimer_v3_pred_2": 3.0994415283203125e-06,
    "predict_and_compile_model_5_multimer_v3_pred_2": 350.7503263950348,
    "relax_model_5_multimer_v3_pred_2": 50.518359661102295,
    "process_features_model_5_multimer_v3_pred_3": 3.0994415283203125e-06,
    "predict_and_compile_model_5_multimer_v3_pred_3": 350.7530720233917,
    "relax_model_5_multimer_v3_pred_3": 33.01702547073364,
    "process_features_model_5_multimer_v3_pred_4": 3.337860107421875e-06,
    "predict_and_compile_model_5_multimer_v3_pred_4": 350.41058921813965,
    "relax_model_5_multimer_v3_pred_4": 35.74330711364746
}