seed,sample,ranking_score
1,0,0.7586561719465481
1,1,0.7705098246426094
1,2,0.7903474139400641
1,3,0.7482441342078987
1,4,0.7529794544040213
