seed,sample,ranking_score
3,0,0.3773155548230172
3,1,0.39209224177717367
3,2,0.34151391132382464
3,3,0.380167093863867
3,4,0.3628909981148631
