seed,sample,ranking_score
1,0,0.6655812746096681
1,1,0.6646744318930775
1,2,0.6583452738467681
1,3,0.6636447937981145
1,4,0.6737310555782617
