seed,sample,ranking_score
1,0,0.8774392361857138
1,1,0.8973262465985524
1,2,0.8735219397426006
1,3,0.8833231907343557
1,4,0.8935367060093117
