seed,sample,ranking_score
1,0,0.5206509446268467
1,1,0.4974868323084469
1,2,0.5235738483321349
1,3,0.5093923770933659
1,4,0.5050412737914576
