seed,sample,ranking_score
1,0,0.8582800901788508
1,1,0.8761657452317982
1,2,0.8585093352440916
1,3,0.868871062763933
1,4,0.8142426960601196
