seed,sample,ranking_score
1,0,0.6050750227102502
1,1,0.5932692042099382
1,2,0.6171396358036959
1,3,0.6076487917092362
1,4,0.6075550125656178
