seed,sample,ranking_score
1,0,0.3398642605549589
1,1,0.43042795519707405
1,2,0.40430423880299865
1,3,0.4311925300596
1,4,0.3850067914019343
