seed,sample,ranking_score
1,0,0.379330967271136
1,1,0.3907100998096685
1,2,0.27393617016345084
1,3,0.3737203697626015
1,4,0.3578403854202379
