seed,sample,ranking_score
1,0,0.8773557531695844
1,1,0.8743758384294171
1,2,0.8681897863946227
1,3,0.8686436665115608
1,4,0.8825361344107857
