seed,sample,ranking_score
1,0,0.2611177402114432
1,1,0.34332201165896425
1,2,0.37286151741066703
1,3,0.30621957853971354
1,4,0.2450016143214367
