seed,sample,ranking_score
1,0,0.6736601117201755
1,1,0.7011645457300375
1,2,0.7037124657419135
1,3,0.6225692955207188
1,4,0.658141978335265
