seed,sample,ranking_score
1,0,0.7046514894313796
1,1,0.70263652743681
1,2,0.6925416601198505
1,3,0.6864848593433099
1,4,0.6998478525495831
