seed,sample,ranking_score
1,0,0.6431746058741532
1,1,0.6635606796580411
1,2,0.6607998770245586
1,3,0.6556639565722021
1,4,0.6772683516937134
