seed,sample,ranking_score
1,0,0.709211947126954
1,1,0.7521508322063788
1,2,0.7321941104767017
1,3,0.7039859255918273
1,4,0.7368933402087674
