seed,sample,ranking_score
2,0,0.7652265757435546
2,1,0.7443109423223053
2,2,0.7748538992152849
2,3,0.7747979522923238
2,4,0.7320159507412777
