seed,sample,ranking_score
1,0,0.6113002904063378
1,1,0.603553911380047
1,2,0.5866156634583943
1,3,0.5747723325712122
1,4,0.6028997446060597
