seed,sample,ranking_score
1,0,0.4620530795841946
1,1,0.4897130649306912
1,2,0.4651737305067829
1,3,0.4447500402376432
1,4,0.47813250628814685
