seed,sample,ranking_score
1,0,0.6567766729299765
1,1,0.6864303324070481
1,2,0.6795303955823219
1,3,0.7103855978734251
1,4,0.6962044268592422
