{
    "iptm+ptm": {
        "model_1_multimer_v3_pred_0": 0.5369842959954316,
        "model_1_multimer_v3_pred_1": 0.52275567811879,
        "model_1_multimer_v3_pred_2": 0.5073543709364943,
        "model_1_multimer_v3_pred_3": 0.7174387495843468,
        "model_1_multimer_v3_pred_4": 0.691292499103565,
        "model_2_multimer_v3_pred_0": 0.5447601372748065,
        "model_2_multimer_v3_pred_1": 0.6073021872612363,
        "model_2_multimer_v3_pred_2": 0.5276413856717652,
        "model_2_multimer_v3_pred_3": 0.5300432314711837,
        "model_2_multimer_v3_pred_4": 0.5216412515512746,
        "model_3_multimer_v3_pred_0": 0.5269290053675445,
        "model_3_multimer_v3_pred_1": 0.6775130937019044,
        "model_3_multimer_v3_pred_2": 0.6427027983577135,
        "model_3_multimer_v3_pred_3": 0.5533459511675115,
        "model_3_multimer_v3_pred_4": 0.6446834748654321,
        "model_4_multimer_v3_pred_0": 0.5780487764248571,
        "model_4_multimer_v3_pred_1": 0.5524133652827827,
        "model_4_multimer_v3_pred_2": 0.5649608765105177,
        "model_4_multimer_v3_pred_3": 0.6595458603745881,
        "model_4_multimer_v3_pred_4": 0.6764276791328286,
        "model_5_multimer_v3_pred_0": 0.5368840888521377,
        "model_5_multimer_v3_pred_1": 0.6848464236755399,
        "model_5_multimer_v3_pred_2": 0.7075052149457967,
        "model_5_multimer_v3_pred_3": 0.7003580316479662,
        "model_5_multimer_v3_pred_4": 0.6017180753886513
    },
    "order": [
        "model_1_multimer_v3_pred_3",
        "model_5_multimer_v3_pred_2",
        "model_5_multimer_v3_pred_3",
        "model_1_multimer_v3_pred_4",
        "model_5_multimer_v3_pred_1",
        "model_3_multimer_v3_pred_1",
        "model_4_multimer_v3_pred_4",
        "model_4_multimer_v3_pred_3",
        "model_3_multimer_v3_pred_4",
        "model_3_multimer_v3_pred_2",
        "model_2_multimer_v3_pred_1",
        "model_5_multimer_v3_pred_4",
        "model_4_multimer_v3_pred_0",
        "model_4_multimer_v3_pred_2",
        "model_3_multimer_v3_pred_3",
        "model_4_multimer_v3_pred_1",
        "model_2_multimer_v3_pred_0",
        "model_1_multimer_v3_pred_0",
        "model_5_multimer_v3_pred_0",
        "model_2_multimer_v3_pred_3",
        "model_2_multimer_v3_pred_2",
        "model_3_multimer_v3_pred_0",
        "model_1_multimer_v3_pred_1",
        "model_2_multimer_v3_pred_4",
        "model_1_multimer_v3_pred_2"
    ]
}