{
    "features": 0.007062196731567383,
    "process_features_model_1_multimer_v3_pred_0": 3.337860107421875e-06,
    "predict_and_compile_model_1_multimer_v3_pred_0": 200.13264417648315,
    "relax_model_1_multimer_v3_pred_0": 37.749510288238525,
    "process_features_model_1_multimer_v3_pred_1": 2.86102294921875e-06,
    "predict_and_compile_model_1_multimer_v3_pred_1": 174.90666365623474,
    "relax_model_1_multimer_v3_pred_1": 45.15659213066101,
    "process_features_model_1_multimer_v3_pred_2": 1.9073486328125e-06,
    "predict_and_compile_model_1_multimer_v3_pred_2": 174.83714890480042,
    "relax_model_1_multimer_v3_pred_2": 24.6583833694458,
    "process_features_model_1_multimer_v3_pred_3": 2.1457672119140625e-06,
    "predict_and_compile_model_1_multimer_v3_pred_3": 133.49458074569702,
    "relax_model_1_multimer_v3_pred_3": 36.81027865409851,
    "process_features_model_1_multimer_v3_pred_4": 2.86102294921875e-06,
    "predict_and_compile_model_1_multimer_v3_pred_4": 175.1677544116974,
    "relax_model_1_multimer_v3_pred_4": 25.53024649620056,
    "process_features_model_2_multimer_v3_pred_0": 3.0994415283203125e-06,
    "predict_and_compile_model_2_multimer_v3_pred_0": 230.12616991996765,
    "relax_model_2_multimer_v3_pred_0": 24.34527349472046,
    "process_features_model_2_multimer_v3_pred_1": 3.5762786865234375e-06,
    "predict_and_compile_model_2_multimer_v3_pred_1": 92.34050297737122,
    "relax_model_2_multimer_v3_pred_1": 25.62361192703247,
    "process_features_model_2_multimer_v3_pred_2": 2.384185791015625e-06,
    "predict_and_compile_model_2_multimer_v3_pred_2": 92.11089777946472,
    "relax_model_2_multimer_v3_pred_2": 25.566917896270752,
    "process_features_model_2_multimer_v3_pred_3": 2.384185791015625e-06,
    "predict_and_compile_model_2_multimer_v3_pred_3": 92.01899838447571,
    "relax_model_2_multimer_v3_pred_3": 36.030739068984985,
    "process_features_model_2_multimer_v3_pred_4": 2.6226043701171875e-06,
    "predict_and_compile_model_2_multimer_v3_pred_4": 108.55462765693665,
    "relax_model_2_multimer_v3_pred_4": 24.69632649421692,
    "process_features_model_3_multimer_v3_pred_0": 2.86102294921875e-06,
    "predict_and_compile_model_3_multimer_v3_pred_0": 240.0133135318756,
    "relax_model_3_multimer_v3_pred_0": 48.30022168159485,
    "process_features_model_3_multimer_v3_pred_1": 3.337860107421875e-06,
    "predict_and_compile_model_3_multimer_v3_pred_1": 83.64783835411072,
    "relax_model_3_multimer_v3_pred_1": 25.644331455230713,
    "process_features_model_3_multimer_v3_pred_2": 2.6226043701171875e-06,
    "predict_and_compile_model_3_multimer_v3_pred_2": 100.36361861228943,
    "relax_model_3_multimer_v3_pred_2": 26.237492322921753,
    "process_features_model_3_multimer_v3_pred_3": 2.86102294921875e-06,
    "predict_and_compile_model_3_multimer_v3_pred_3": 174.94253206253052,
    "relax_model_3_multimer_v3_pred_3": 33.2191047668457,
    "process_features_model_3_multimer_v3_pred_4": 2.1457672119140625e-06,
    "predict_and_compile_model_3_multimer_v3_pred_4": 125.54788517951965,
    "relax_model_3_multimer_v3_pred_4": 24.57240629196167,
    "process_features_model_4_multimer_v3_pred_0": 2.6226043701171875e-06,
    "predict_and_compile_model_4_multimer_v3_pred_0": 292.6559853553772,
    "relax_model_4_multimer_v3_pred_0": 46.08976697921753,
    "process_features_model_4_multimer_v3_pred_1": 3.0994415283203125e-06,
    "predict_and_compile_model_4_multimer_v3_pred_1": 172.11534118652344,
    "relax_model_4_multimer_v3_pred_1": 25.606879949569702,
    "process_features_model_4_multimer_v3_pred_2": 2.6226043701171875e-06,
    "predict_and_compile_model_4_multimer_v3_pred_2": 172.281108379364,
    "relax_model_4_multimer_v3_pred_2": 24.955389976501465,
    "process_features_model_4_multimer_v3_pred_3": 2.86102294921875e-06,
    "predict_and_compile_model_4_multimer_v3_pred_3": 172.14564538002014,
    "relax_model_4_multimer_v3_pred_3": 27.51276659965515,
    "process_features_model_4_multimer_v3_pred_4": 2.86102294921875e-06,
    "predict_and_compile_model_4_multimer_v3_pred_4": 172.06718945503235,
    "relax_model_4_multimer_v3_pred_4": 24.791725635528564,
    "process_features_model_5_multimer_v3_pred_0": 2.1457672119140625e-06,
    "predict_and_compile_model_5_multimer_v3_pred_0": 289.13380122184753,
    "relax_model_5_multimer_v3_pred_0": 27.551897287368774,
    "process_features_model_5_multimer_v3_pred_1": 3.337860107421875e-06,
    "predict_and_compile_model_5_multimer_v3_pred_1": 139.66286158561707,
    "relax_model_5_multimer_v3_pred_1": 25.206021070480347,
    "process_features_model_5_multimer_v3_pred_2": 5.0067901611328125e-06,
    "predict_and_compile_model_5_multimer_v3_pred_2": 172.39512515068054,
    "relax_model_5_multimer_v3_pred_2": 29.42497706413269,
    "process_features_model_5_multimer_v3_pred_3": 2.6226043701171875e-06,
    "predict_and_compile_model_5_multimer_v3_pred_3": 131.43956470489502,
    "relax_model_5_multimer_v3_pred_3": 24.270610094070435,
    "process_features_model_5_multimer_v3_pred_4": 3.0994415283203125e-06,
    "predict_and_compile_model_5_multimer_v3_pred_4": 172.23409914970398,
    "relax_model_5_multimer_v3_pred_4": 24.931859016418457
}