seed,sample,ranking_score
1,0,0.8374200741705113
1,1,0.8297129014725333
1,2,0.8337760272436645
1,3,0.8282952934968947
1,4,0.8316082413987521
