seed,sample,ranking_score
4,0,0.568991540620228
4,1,0.6274071664360462
4,2,0.626278835589247
4,3,0.5492629531765079
4,4,0.5494580790083605
