seed,sample,ranking_score
1,0,0.6243778124752225
1,1,0.6014926606154055
1,2,0.622356217919183
1,3,0.615472883870058
1,4,0.6166920693896459
