seed,sample,ranking_score
1,0,0.6614483931290974
1,1,0.4562713659728755
1,2,0.6823563879635265
1,3,0.6834452877682329
1,4,0.7176862924572889
