seed,sample,ranking_score
1,0,0.5056148645098718
1,1,0.48848142349685625
1,2,0.5132115016403265
1,3,0.5301181970051123
1,4,0.5089903602806383
