seed,sample,ranking_score
2,0,0.9299949698090638
2,1,0.9257223964309125
2,2,0.9310204879880768
2,3,0.9223653107067125
2,4,0.9339723672506904
