{
    "features": 0.005740642547607422,
    "process_features_model_1_multimer_v3_pred_0": 3.0994415283203125e-06,
    "predict_and_compile_model_1_multimer_v3_pred_0": 149.79242181777954,
    "relax_model_1_multimer_v3_pred_0": 23.309042930603027,
    "process_features_model_1_multimer_v3_pred_1": 2.86102294921875e-06,
    "predict_and_compile_model_1_multimer_v3_pred_1": 40.1468460559845,
    "relax_model_1_multimer_v3_pred_1": 20.733625888824463,
    "process_features_model_1_multimer_v3_pred_2": 2.86102294921875e-06,
    "predict_and_compile_model_1_multimer_v3_pred_2": 53.36212229728699,
    "relax_model_1_multimer_v3_pred_2": 21.143155097961426,
    "process_features_model_1_multimer_v3_pred_3": 3.0994415283203125e-06,
    "predict_and_compile_model_1_multimer_v3_pred_3": 46.700748682022095,
    "relax_model_1_multimer_v3_pred_3": 21.014299154281616,
    "process_features_model_1_multimer_v3_pred_4": 2.86102294921875e-06,
    "predict_and_compile_model_1_multimer_v3_pred_4": 33.57689881324768,
    "relax_model_1_multimer_v3_pred_4": 20.528274536132812,
    "process_features_model_2_multimer_v3_pred_0": 3.0994415283203125e-06,
    "predict_and_compile_model_2_multimer_v3_pred_0": 152.81117796897888,
    "relax_model_2_multimer_v3_pred_0": 21.951319217681885,
    "process_features_model_2_multimer_v3_pred_1": 3.0994415283203125e-06,
    "predict_and_compile_model_2_multimer_v3_pred_1": 40.2052366733551,
    "relax_model_2_multimer_v3_pred_1": 20.61023998260498,
    "process_features_model_2_multimer_v3_pred_2": 3.0994415283203125e-06,
    "predict_and_compile_model_2_multimer_v3_pred_2": 40.176130533218384,
    "relax_model_2_multimer_v3_pred_2": 21.247593641281128,
    "process_features_model_2_multimer_v3_pred_3": 3.337860107421875e-06,
    "predict_and_compile_model_2_multimer_v3_pred_3": 40.16789221763611,
    "relax_model_2_multimer_v3_pred_3": 20.984184503555298,
    "process_features_model_2_multimer_v3_pred_4": 3.0994415283203125e-06,
    "predict_and_compile_model_2_multimer_v3_pred_4": 40.17794990539551,
    "relax_model_2_multimer_v3_pred_4": 21.06259846687317,
    "process_features_model_3_multimer_v3_pred_0": 3.5762786865234375e-06,
    "predict_and_compile_model_3_multimer_v3_pred_0": 168.0962188243866,
    "relax_model_3_multimer_v3_pred_0": 20.888915538787842,
    "process_features_model_3_multimer_v3_pred_1": 3.337860107421875e-06,
    "predict_and_compile_model_3_multimer_v3_pred_1": 53.4334032535553,
    "relax_model_3_multimer_v3_pred_1": 21.6574444770813,
    "process_features_model_3_multimer_v3_pred_2": 3.0994415283203125e-06,
    "predict_and_compile_model_3_multimer_v3_pred_2": 46.83234405517578,
    "relax_model_3_multimer_v3_pred_2": 21.599151372909546,
    "process_features_model_3_multimer_v3_pred_3": 3.814697265625e-06,
    "predict_and_compile_model_3_multimer_v3_pred_3": 33.60666012763977,
    "relax_model_3_multimer_v3_pred_3": 22.21946883201599,
    "process_features_model_3_multimer_v3_pred_4": 3.5762786865234375e-06,
    "predict_and_compile_model_3_multimer_v3_pred_4": 53.38795208930969,
    "relax_model_3_multimer_v3_pred_4": 23.349839448928833,
    "process_features_model_4_multimer_v3_pred_0": 3.0994415283203125e-06,
    "predict_and_compile_model_4_multimer_v3_pred_0": 166.07723832130432,
    "relax_model_4_multimer_v3_pred_0": 21.784364461898804,
    "process_features_model_4_multimer_v3_pred_1": 3.337860107421875e-06,
    "predict_and_compile_model_4_multimer_v3_pred_1": 39.53614807128906,
    "relax_model_4_multimer_v3_pred_1": 27.540231704711914,
    "process_features_model_4_multimer_v3_pred_2": 3.0994415283203125e-06,
    "predict_and_compile_model_4_multimer_v3_pred_2": 46.07859444618225,
    "relax_model_4_multimer_v3_pred_2": 21.377254009246826,
    "process_features_model_4_multimer_v3_pred_3": 3.337860107421875e-06,
    "predict_and_compile_model_4_multimer_v3_pred_3": 45.904062271118164,
    "relax_model_4_multimer_v3_pred_3": 21.410969734191895,
    "process_features_model_4_multimer_v3_pred_4": 3.814697265625e-06,
    "predict_and_compile_model_4_multimer_v3_pred_4": 46.064284801483154,
    "relax_model_4_multimer_v3_pred_4": 22.072357416152954,
    "process_features_model_5_multimer_v3_pred_0": 3.5762786865234375e-06,
    "predict_and_compile_model_5_multimer_v3_pred_0": 155.79999828338623,
    "relax_model_5_multimer_v3_pred_0": 26.114248752593994,
    "process_features_model_5_multimer_v3_pred_1": 3.0994415283203125e-06,
    "predict_and_compile_model_5_multimer_v3_pred_1": 33.06118607521057,
    "relax_model_5_multimer_v3_pred_1": 22.082926034927368,
    "process_features_model_5_multimer_v3_pred_2": 5.0067901611328125e-06,
    "predict_and_compile_model_5_multimer_v3_pred_2": 65.54061722755432,
    "relax_model_5_multimer_v3_pred_2": 21.97779417037964,
    "process_features_model_5_multimer_v3_pred_3": 3.337860107421875e-06,
    "predict_and_compile_model_5_multimer_v3_pred_3": 33.0286819934845,
    "relax_model_5_multimer_v3_pred_3": 20.85124158859253,
    "process_features_model_5_multimer_v3_pred_4": 3.0994415283203125e-06,
    "predict_and_compile_model_5_multimer_v3_pred_4": 59.024611949920654,
    "relax_model_5_multimer_v3_pred_4": 21.824000120162964
}