seed,sample,ranking_score
1,0,0.5576979736664784
1,1,0.587869164363263
1,2,0.560379285224631
1,3,0.5736954211135538
1,4,0.549428441969815
