seed,sample,ranking_score
1,0,0.705420866232646
1,1,0.6731897773379537
1,2,0.6759399387487629
1,3,0.7108592388178312
1,4,0.6759263229094173
