seed,sample,ranking_score
1,0,0.7143572024339874
1,1,0.7143753595069714
1,2,0.6865534296368565
1,3,0.7294983080550957
1,4,0.6789288062401213
