seed,sample,ranking_score
1,0,0.375127809712263
1,1,0.38428060940639486
1,2,0.36947704251847086
1,3,0.37022200639953307
1,4,0.3692455338200995
