{
    "features": 0.048366546630859375,
    "process_features_model_1_multimer_v3_pred_0": 2.384185791015625e-06,
    "predict_and_compile_model_1_multimer_v3_pred_0": 214.23463606834412,
    "predict_benchmark_model_1_multimer_v3_pred_0": 139.15067386627197,
    "process_features_model_2_multimer_v3_pred_0": 8.58306884765625e-06,
    "predict_and_compile_model_2_multimer_v3_pred_0": 218.03517270088196,
    "predict_benchmark_model_2_multimer_v3_pred_0": 138.95446634292603,
    "process_features_model_3_multimer_v3_pred_0": 2.5987625122070312e-05,
    "predict_and_compile_model_3_multimer_v3_pred_0": 215.71488451957703,
    "predict_benchmark_model_3_multimer_v3_pred_0": 139.16859889030457,
    "process_features_model_4_multimer_v3_pred_0": 1.8358230590820312e-05,
    "predict_and_compile_model_4_multimer_v3_pred_0": 212.7783989906311,
    "predict_benchmark_model_4_multimer_v3_pred_0": 135.38719582557678,
    "process_features_model_5_multimer_v3_pred_0": 2.5987625122070312e-05,
    "predict_and_compile_model_5_multimer_v3_pred_0": 212.1101474761963,
    "predict_benchmark_model_5_multimer_v3_pred_0": 135.1935966014862
}