seed,sample,ranking_score
1,0,0.6516866111682805
1,1,0.6809204100976808
1,2,0.6792332235927427
1,3,0.6691595545770156
1,4,0.6867143884694178
