seed,sample,ranking_score
1,0,0.6707330543909428
1,1,0.672777205376707
1,2,0.657974137704247
1,3,0.6748647953313179
1,4,0.6704745182834183
