seed,sample,ranking_score
1,0,0.5450053817792324
1,1,0.5375475400106998
1,2,0.5648764949560672
1,3,0.545112281491212
1,4,0.5504792873623299
