seed,sample,ranking_score
1,0,0.5699192396968076
1,1,0.5817254807052563
1,2,0.6436355379465111
1,3,0.6766416380458118
1,4,0.5680365502564297
