seed,sample,ranking_score
3,0,0.4422796161874339
3,1,0.385791890540105
3,2,0.4586022656408398
3,3,0.4506285385371255
3,4,0.44895857741149353
