seed,sample,ranking_score
1,0,0.44634019515681905
1,1,0.4421550703250656
1,2,0.436410141686492
1,3,0.44495812405782614
1,4,0.45688275623932606
