seed,sample,ranking_score
1,0,0.8010281170667083
1,1,0.8072624804952206
1,2,0.8022744481221648
1,3,0.8148265505589432
1,4,0.8136977608145098
