seed,sample,ranking_score
2,0,0.7056022944553655
2,1,0.6980801137948413
2,2,0.6739186284056389
2,3,0.718899340094565
2,4,0.7034192750680566
