seed,sample,ranking_score
1,0,0.7535732086430598
1,1,0.7208217560573184
1,2,0.7347133191471462
1,3,0.7402588219617909
1,4,0.739105560693413
