{
    "features": 0.01740121841430664,
    "process_features_model_1_multimer_v3_pred_0": 3.5762786865234375e-06,
    "predict_and_compile_model_1_multimer_v3_pred_0": 157.10324335098267,
    "predict_benchmark_model_1_multimer_v3_pred_0": 82.03117537498474,
    "process_features_model_2_multimer_v3_pred_0": 2.0742416381835938e-05,
    "predict_and_compile_model_2_multimer_v3_pred_0": 133.29104590415955,
    "predict_benchmark_model_2_multimer_v3_pred_0": 55.97821068763733,
    "process_features_model_3_multimer_v3_pred_0": 2.7894973754882812e-05,
    "predict_and_compile_model_3_multimer_v3_pred_0": 102.17192196846008,
    "predict_benchmark_model_3_multimer_v3_pred_0": 21.639269590377808,
    "process_features_model_4_multimer_v3_pred_0": 1.621246337890625e-05,
    "predict_and_compile_model_4_multimer_v3_pred_0": 165.8478229045868,
    "predict_benchmark_model_4_multimer_v3_pred_0": 87.69419384002686,
    "process_features_model_5_multimer_v3_pred_0": 1.811981201171875e-05,
    "predict_and_compile_model_5_multimer_v3_pred_0": 167.94593691825867,
    "predict_benchmark_model_5_multimer_v3_pred_0": 87.69958639144897
}