{
    "features": 0.013862133026123047,
    "process_features_model_1_multimer_v3_pred_0": 3.337860107421875e-06,
    "predict_and_compile_model_1_multimer_v3_pred_0": 692.8379962444305,
    "relax_model_1_multimer_v3_pred_0": 115.72276616096497,
    "process_features_model_1_multimer_v3_pred_1": 2.6226043701171875e-06,
    "predict_and_compile_model_1_multimer_v3_pred_1": 569.180447101593,
    "relax_model_1_multimer_v3_pred_1": 58.29975342750549,
    "process_features_model_1_multimer_v3_pred_2": 2.86102294921875e-06,
    "predict_and_compile_model_1_multimer_v3_pred_2": 569.6035940647125,
    "relax_model_1_multimer_v3_pred_2": 104.22283172607422,
    "process_features_model_1_multimer_v3_pred_3": 3.0994415283203125e-06,
    "predict_and_compile_model_1_multimer_v3_pred_3": 569.4109575748444,
    "relax_model_1_multimer_v3_pred_3": 55.703433990478516,
    "process_features_model_1_multimer_v3_pred_4": 3.0994415283203125e-06,
    "predict_and_compile_model_1_multimer_v3_pred_4": 569.8125495910645,
    "relax_model_1_multimer_v3_pred_4": 102.25271034240723,
    "process_features_model_2_multimer_v3_pred_0": 3.0994415283203125e-06,
    "predict_and_compile_model_2_multimer_v3_pred_0": 684.7126519680023,
    "relax_model_2_multimer_v3_pred_0": 141.69488286972046,
    "process_features_model_2_multimer_v3_pred_1": 2.86102294921875e-06,
    "predict_and_compile_model_2_multimer_v3_pred_1": 569.9323215484619,
    "relax_model_2_multimer_v3_pred_1": 92.02086043357849,
    "process_features_model_2_multimer_v3_pred_2": 3.0994415283203125e-06,
    "predict_and_compile_model_2_multimer_v3_pred_2": 569.5852699279785,
    "relax_model_2_multimer_v3_pred_2": 137.19517636299133,
    "process_features_model_2_multimer_v3_pred_3": 3.337860107421875e-06,
    "predict_and_compile_model_2_multimer_v3_pred_3": 569.4249584674835,
    "relax_model_2_multimer_v3_pred_3": 108.71090817451477,
    "process_features_model_2_multimer_v3_pred_4": 2.86102294921875e-06,
    "predict_and_compile_model_2_multimer_v3_pred_4": 570.5261816978455,
    "relax_model_2_multimer_v3_pred_4": 108.9439218044281,
    "process_features_model_3_multimer_v3_pred_0": 3.0994415283203125e-06,
    "predict_and_compile_model_3_multimer_v3_pred_0": 686.8131473064423,
    "relax_model_3_multimer_v3_pred_0": 63.2838249206543,
    "process_features_model_3_multimer_v3_pred_1": 3.0994415283203125e-06,
    "predict_and_compile_model_3_multimer_v3_pred_1": 569.3684873580933,
    "relax_model_3_multimer_v3_pred_1": 75.32795524597168,
    "process_features_model_3_multimer_v3_pred_2": 3.337860107421875e-06,
    "predict_and_compile_model_3_multimer_v3_pred_2": 570.166276216507,
    "relax_model_3_multimer_v3_pred_2": 75.34144258499146,
    "process_features_model_3_multimer_v3_pred_3": 3.337860107421875e-06,
    "predict_and_compile_model_3_multimer_v3_pred_3": 570.2763178348541,
    "relax_model_3_multimer_v3_pred_3": 83.03330445289612,
    "process_features_model_3_multimer_v3_pred_4": 2.86102294921875e-06,
    "predict_and_compile_model_3_multimer_v3_pred_4": 570.6706256866455,
    "relax_model_3_multimer_v3_pred_4": 100.1906213760376,
    "process_features_model_4_multimer_v3_pred_0": 3.0994415283203125e-06,
    "predict_and_compile_model_4_multimer_v3_pred_0": 676.6452441215515,
    "relax_model_4_multimer_v3_pred_0": 109.96044969558716,
    "process_features_model_4_multimer_v3_pred_1": 4.76837158203125e-06,
    "predict_and_compile_model_4_multimer_v3_pred_1": 556.5668399333954,
    "relax_model_4_multimer_v3_pred_1": 53.7997100353241,
    "process_features_model_4_multimer_v3_pred_2": 3.337860107421875e-06,
    "predict_and_compile_model_4_multimer_v3_pred_2": 556.2732133865356,
    "relax_model_4_multimer_v3_pred_2": 54.37458062171936,
    "process_features_model_4_multimer_v3_pred_3": 3.0994415283203125e-06,
    "predict_and_compile_model_4_multimer_v3_pred_3": 555.6690013408661,
    "relax_model_4_multimer_v3_pred_3": 97.90903306007385,
    "process_features_model_4_multimer_v3_pred_4": 4.291534423828125e-06,
    "predict_and_compile_model_4_multimer_v3_pred_4": 555.6093857288361,
    "relax_model_4_multimer_v3_pred_4": 74.25950074195862,
    "process_features_model_5_multimer_v3_pred_0": 2.86102294921875e-06,
    "predict_and_compile_model_5_multimer_v3_pred_0": 663.2352087497711,
    "relax_model_5_multimer_v3_pred_0": 74.75494861602783,
    "process_features_model_5_multimer_v3_pred_1": 2.86102294921875e-06,
    "predict_and_compile_model_5_multimer_v3_pred_1": 555.8966062068939,
    "relax_model_5_multimer_v3_pred_1": 119.0972192287445,
    "process_features_model_5_multimer_v3_pred_2": 2.6226043701171875e-06,
    "predict_and_compile_model_5_multimer_v3_pred_2": 556.3560483455658,
    "relax_model_5_multimer_v3_pred_2": 134.05833649635315,
    "process_features_model_5_multimer_v3_pred_3": 3.337860107421875e-06,
    "predict_and_compile_model_5_multimer_v3_pred_3": 555.3208086490631,
    "relax_model_5_multimer_v3_pred_3": 101.42085933685303,
    "process_features_model_5_multimer_v3_pred_4": 2.86102294921875e-06,
    "predict_and_compile_model_5_multimer_v3_pred_4": 556.1869764328003,
    "relax_model_5_multimer_v3_pred_4": 129.1055850982666
}