{
    "features": 0.006799459457397461,
    "process_features_model_1_multimer_v3_pred_0": 4.0531158447265625e-06,
    "predict_and_compile_model_1_multimer_v3_pred_0": 149.4701633453369,
    "relax_model_1_multimer_v3_pred_0": 23.135780811309814,
    "process_features_model_1_multimer_v3_pred_1": 2.6226043701171875e-06,
    "predict_and_compile_model_1_multimer_v3_pred_1": 40.5403950214386,
    "relax_model_1_multimer_v3_pred_1": 20.60002112388611,
    "process_features_model_1_multimer_v3_pred_2": 2.1457672119140625e-06,
    "predict_and_compile_model_1_multimer_v3_pred_2": 53.25490093231201,
    "relax_model_1_multimer_v3_pred_2": 21.052171230316162,
    "process_features_model_1_multimer_v3_pred_3": 2.6226043701171875e-06,
    "predict_and_compile_model_1_multimer_v3_pred_3": 46.66266703605652,
    "relax_model_1_multimer_v3_pred_3": 20.96867823600769,
    "process_features_model_1_multimer_v3_pred_4": 2.1457672119140625e-06,
    "predict_and_compile_model_1_multimer_v3_pred_4": 33.523988008499146,
    "relax_model_1_multimer_v3_pred_4": 21.21578025817871,
    "process_features_model_2_multimer_v3_pred_0": 2.6226043701171875e-06,
    "predict_and_compile_model_2_multimer_v3_pred_0": 153.1971869468689,
    "relax_model_2_multimer_v3_pred_0": 21.45838499069214,
    "process_features_model_2_multimer_v3_pred_1": 2.86102294921875e-06,
    "predict_and_compile_model_2_multimer_v3_pred_1": 40.11102604866028,
    "relax_model_2_multimer_v3_pred_1": 20.649303197860718,
    "process_features_model_2_multimer_v3_pred_2": 2.1457672119140625e-06,
    "predict_and_compile_model_2_multimer_v3_pred_2": 40.07748985290527,
    "relax_model_2_multimer_v3_pred_2": 20.96711015701294,
    "process_features_model_2_multimer_v3_pred_3": 2.384185791015625e-06,
    "predict_and_compile_model_2_multimer_v3_pred_3": 40.08902335166931,
    "relax_model_2_multimer_v3_pred_3": 22.455084085464478,
    "process_features_model_2_multimer_v3_pred_4": 2.86102294921875e-06,
    "predict_and_compile_model_2_multimer_v3_pred_4": 40.05205464363098,
    "relax_model_2_multimer_v3_pred_4": 20.414397716522217,
    "process_features_model_3_multimer_v3_pred_0": 2.86102294921875e-06,
    "predict_and_compile_model_3_multimer_v3_pred_0": 168.29917120933533,
    "relax_model_3_multimer_v3_pred_0": 20.82845377922058,
    "process_features_model_3_multimer_v3_pred_1": 3.0994415283203125e-06,
    "predict_and_compile_model_3_multimer_v3_pred_1": 53.291932106018066,
    "relax_model_3_multimer_v3_pred_1": 37.667887926101685,
    "process_features_model_3_multimer_v3_pred_2": 2.6226043701171875e-06,
    "predict_and_compile_model_3_multimer_v3_pred_2": 47.01936197280884,
    "relax_model_3_multimer_v3_pred_2": 21.327784776687622,
    "process_features_model_3_multimer_v3_pred_3": 2.6226043701171875e-06,
    "predict_and_compile_model_3_multimer_v3_pred_3": 33.442548751831055,
    "relax_model_3_multimer_v3_pred_3": 22.570510864257812,
    "process_features_model_3_multimer_v3_pred_4": 3.337860107421875e-06,
    "predict_and_compile_model_3_multimer_v3_pred_4": 53.294644355773926,
    "relax_model_3_multimer_v3_pred_4": 22.624156713485718,
    "process_features_model_4_multimer_v3_pred_0": 2.6226043701171875e-06,
    "predict_and_compile_model_4_multimer_v3_pred_0": 165.54458332061768,
    "relax_model_4_multimer_v3_pred_0": 20.9162495136261,
    "process_features_model_4_multimer_v3_pred_1": 3.0994415283203125e-06,
    "predict_and_compile_model_4_multimer_v3_pred_1": 39.452595233917236,
    "relax_model_4_multimer_v3_pred_1": 26.146824598312378,
    "process_features_model_4_multimer_v3_pred_2": 2.86102294921875e-06,
    "predict_and_compile_model_4_multimer_v3_pred_2": 49.134418964385986,
    "relax_model_4_multimer_v3_pred_2": 21.54195785522461,
    "process_features_model_4_multimer_v3_pred_3": 2.6226043701171875e-06,
    "predict_and_compile_model_4_multimer_v3_pred_3": 45.90365934371948,
    "relax_model_4_multimer_v3_pred_3": 21.12639570236206,
    "process_features_model_4_multimer_v3_pred_4": 2.384185791015625e-06,
    "predict_and_compile_model_4_multimer_v3_pred_4": 45.999223470687866,
    "relax_model_4_multimer_v3_pred_4": 21.738022804260254,
    "process_features_model_5_multimer_v3_pred_0": 2.86102294921875e-06,
    "predict_and_compile_model_5_multimer_v3_pred_0": 155.84691047668457,
    "relax_model_5_multimer_v3_pred_0": 25.970598220825195,
    "process_features_model_5_multimer_v3_pred_1": 3.0994415283203125e-06,
    "predict_and_compile_model_5_multimer_v3_pred_1": 33.01140332221985,
    "relax_model_5_multimer_v3_pred_1": 21.836530685424805,
    "process_features_model_5_multimer_v3_pred_2": 2.86102294921875e-06,
    "predict_and_compile_model_5_multimer_v3_pred_2": 65.62755537033081,
    "relax_model_5_multimer_v3_pred_2": 22.811031341552734,
    "process_features_model_5_multimer_v3_pred_3": 2.6226043701171875e-06,
    "predict_and_compile_model_5_multimer_v3_pred_3": 32.99912619590759,
    "relax_model_5_multimer_v3_pred_3": 23.977494955062866,
    "process_features_model_5_multimer_v3_pred_4": 2.6226043701171875e-06,
    "predict_and_compile_model_5_multimer_v3_pred_4": 59.061152935028076,
    "relax_model_5_multimer_v3_pred_4": 21.71834135055542
}