seed,sample,ranking_score
1,0,0.30082299636954146
1,1,0.2922245348331586
1,2,0.2703576072916141
1,3,0.33810072779364114
1,4,0.27271343688528826
