{
    "features": 0.04798078536987305,
    "process_features_model_1_multimer_v3_pred_0": 2.8848648071289062e-05,
    "predict_and_compile_model_1_multimer_v3_pred_0": 264.91306495666504,
    "predict_benchmark_model_1_multimer_v3_pred_0": 156.84628915786743,
    "process_features_model_2_multimer_v3_pred_0": 3.981590270996094e-05,
    "predict_and_compile_model_2_multimer_v3_pred_0": 270.5247948169708,
    "predict_benchmark_model_2_multimer_v3_pred_0": 156.00489592552185,
    "process_features_model_3_multimer_v3_pred_0": 2.5272369384765625e-05,
    "predict_and_compile_model_3_multimer_v3_pred_0": 267.4739716053009,
    "predict_benchmark_model_3_multimer_v3_pred_0": 156.47352719306946,
    "process_features_model_4_multimer_v3_pred_0": 2.5033950805664062e-05,
    "predict_and_compile_model_4_multimer_v3_pred_0": 271.0286967754364,
    "predict_benchmark_model_4_multimer_v3_pred_0": 153.9405596256256,
    "process_features_model_5_multimer_v3_pred_0": 1.7642974853515625e-05,
    "predict_and_compile_model_5_multimer_v3_pred_0": 270.41524505615234,
    "predict_benchmark_model_5_multimer_v3_pred_0": 152.86438536643982
}