seed,sample,ranking_score
1,0,0.6591265025972228
1,1,0.5950030658275168
1,2,0.6603203263462266
1,3,0.6406219710180696
1,4,0.6106873455054391
