seed,sample,ranking_score
1,0,0.6762690257518275
1,1,0.7037693432750434
1,2,0.6809932717761337
1,3,0.7022527641601928
1,4,0.6704244777277455
