{
    "features": 0.02068638801574707,
    "process_features_model_1_multimer_v3_pred_0": 3.337860107421875e-06,
    "predict_and_compile_model_1_multimer_v3_pred_0": 257.22004103660583,
    "predict_benchmark_model_1_multimer_v3_pred_0": 176.9266233444214,
    "process_features_model_2_multimer_v3_pred_0": 1.1444091796875e-05,
    "predict_and_compile_model_2_multimer_v3_pred_0": 214.06911516189575,
    "predict_benchmark_model_2_multimer_v3_pred_0": 134.76636624336243,
    "process_features_model_3_multimer_v3_pred_0": 2.1457672119140625e-05,
    "predict_and_compile_model_3_multimer_v3_pred_0": 174.5121533870697,
    "predict_benchmark_model_3_multimer_v3_pred_0": 92.61681914329529,
    "process_features_model_4_multimer_v3_pred_0": 1.8835067749023438e-05,
    "predict_and_compile_model_4_multimer_v3_pred_0": 253.4082474708557,
    "predict_benchmark_model_4_multimer_v3_pred_0": 170.97457146644592,
    "process_features_model_5_multimer_v3_pred_0": 2.765655517578125e-05,
    "predict_and_compile_model_5_multimer_v3_pred_0": 250.8890357017517,
    "predict_benchmark_model_5_multimer_v3_pred_0": 171.23426008224487
}