{
    "features": 0.17149639129638672,
    "process_features_model_1_multimer_v3_pred_0": 4.76837158203125e-06,
    "predict_and_compile_model_1_multimer_v3_pred_0": 398.74073243141174,
    "predict_benchmark_model_1_multimer_v3_pred_0": 278.93096899986267,
    "process_features_model_2_multimer_v3_pred_0": 3.814697265625e-06,
    "predict_and_compile_model_2_multimer_v3_pred_0": 393.5223958492279,
    "predict_benchmark_model_2_multimer_v3_pred_0": 279.04601645469666,
    "process_features_model_3_multimer_v3_pred_0": 3.337860107421875e-06,
    "predict_and_compile_model_3_multimer_v3_pred_0": 395.9275794029236,
    "predict_benchmark_model_3_multimer_v3_pred_0": 278.9150619506836,
    "process_features_model_4_multimer_v3_pred_0": 3.814697265625e-06,
    "predict_and_compile_model_4_multimer_v3_pred_0": 392.1417715549469,
    "predict_benchmark_model_4_multimer_v3_pred_0": 271.35622811317444,
    "process_features_model_5_multimer_v3_pred_0": 3.337860107421875e-06,
    "predict_and_compile_model_5_multimer_v3_pred_0": 389.12462401390076,
    "predict_benchmark_model_5_multimer_v3_pred_0": 271.23592019081116
}