seed,sample,ranking_score
2,0,0.7249471423025303
2,1,0.7328082741984562
2,2,0.7114698378481635
2,3,0.7343681310563125
2,4,0.7108864506617208
