{
    "features": 0.26358819007873535,
    "process_features_model_1_multimer_v3_pred_0": 4.76837158203125e-06,
    "predict_and_compile_model_1_multimer_v3_pred_0": 575.3340182304382,
    "predict_benchmark_model_1_multimer_v3_pred_0": 454.31688380241394,
    "process_features_model_2_multimer_v3_pred_0": 4.0531158447265625e-06,
    "predict_and_compile_model_2_multimer_v3_pred_0": 570.9620199203491,
    "predict_benchmark_model_2_multimer_v3_pred_0": 454.4822700023651,
    "process_features_model_3_multimer_v3_pred_0": 4.0531158447265625e-06,
    "predict_and_compile_model_3_multimer_v3_pred_0": 570.271479845047,
    "predict_benchmark_model_3_multimer_v3_pred_0": 454.37452268600464,
    "process_features_model_4_multimer_v3_pred_0": 4.5299530029296875e-06,
    "predict_and_compile_model_4_multimer_v3_pred_0": 562.9436602592468,
    "predict_benchmark_model_4_multimer_v3_pred_0": 442.8890507221222,
    "process_features_model_5_multimer_v3_pred_0": 3.5762786865234375e-06,
    "predict_and_compile_model_5_multimer_v3_pred_0": 558.926479101181,
    "predict_benchmark_model_5_multimer_v3_pred_0": 454.4620065689087
}