seed,sample,ranking_score
1,0,0.3124405563321299
1,1,0.5327697860478302
1,2,0.3627506625245121
1,3,0.33786867094356887
1,4,0.37033659229550947
