{
    "features": 0.0052492618560791016,
    "process_features_model_1_multimer_v3_pred_0": 4.5299530029296875e-06,
    "predict_and_compile_model_1_multimer_v3_pred_0": 138.0086190700531,
    "relax_model_1_multimer_v3_pred_0": 22.659103631973267,
    "process_features_model_1_multimer_v3_pred_1": 3.5762786865234375e-06,
    "predict_and_compile_model_1_multimer_v3_pred_1": 21.11896824836731,
    "relax_model_1_multimer_v3_pred_1": 19.410860300064087,
    "process_features_model_1_multimer_v3_pred_2": 3.0994415283203125e-06,
    "predict_and_compile_model_1_multimer_v3_pred_2": 16.959823608398438,
    "relax_model_1_multimer_v3_pred_2": 25.42027258872986,
    "process_features_model_1_multimer_v3_pred_3": 2.86102294921875e-06,
    "predict_and_compile_model_1_multimer_v3_pred_3": 21.12926721572876,
    "relax_model_1_multimer_v3_pred_3": 28.921555280685425,
    "process_features_model_1_multimer_v3_pred_4": 3.0994415283203125e-06,
    "predict_and_compile_model_1_multimer_v3_pred_4": 21.061476945877075,
    "relax_model_1_multimer_v3_pred_4": 14.299083948135376,
    "process_features_model_2_multimer_v3_pred_0": 3.0994415283203125e-06,
    "predict_and_compile_model_2_multimer_v3_pred_0": 135.2644305229187,
    "relax_model_2_multimer_v3_pred_0": 14.61212682723999,
    "process_features_model_2_multimer_v3_pred_1": 3.5762786865234375e-06,
    "predict_and_compile_model_2_multimer_v3_pred_1": 21.061924934387207,
    "relax_model_2_multimer_v3_pred_1": 20.379209756851196,
    "process_features_model_2_multimer_v3_pred_2": 2.86102294921875e-06,
    "predict_and_compile_model_2_multimer_v3_pred_2": 21.09938645362854,
    "relax_model_2_multimer_v3_pred_2": 14.56094765663147,
    "process_features_model_2_multimer_v3_pred_3": 3.0994415283203125e-06,
    "predict_and_compile_model_2_multimer_v3_pred_3": 21.085113763809204,
    "relax_model_2_multimer_v3_pred_3": 15.493604898452759,
    "process_features_model_2_multimer_v3_pred_4": 3.0994415283203125e-06,
    "predict_and_compile_model_2_multimer_v3_pred_4": 21.095868587493896,
    "relax_model_2_multimer_v3_pred_4": 14.94212555885315,
    "process_features_model_3_multimer_v3_pred_0": 2.6226043701171875e-06,
    "predict_and_compile_model_3_multimer_v3_pred_0": 141.09868144989014,
    "relax_model_3_multimer_v3_pred_0": 20.257625818252563,
    "process_features_model_3_multimer_v3_pred_1": 2.86102294921875e-06,
    "predict_and_compile_model_3_multimer_v3_pred_1": 25.219437837600708,
    "relax_model_3_multimer_v3_pred_1": 15.279489994049072,
    "process_features_model_3_multimer_v3_pred_2": 3.5762786865234375e-06,
    "predict_and_compile_model_3_multimer_v3_pred_2": 25.232917547225952,
    "relax_model_3_multimer_v3_pred_2": 23.451220273971558,
    "process_features_model_3_multimer_v3_pred_3": 3.337860107421875e-06,
    "predict_and_compile_model_3_multimer_v3_pred_3": 33.625731229782104,
    "relax_model_3_multimer_v3_pred_3": 24.311503887176514,
    "process_features_model_3_multimer_v3_pred_4": 3.5762786865234375e-06,
    "predict_and_compile_model_3_multimer_v3_pred_4": 21.094186305999756,
    "relax_model_3_multimer_v3_pred_4": 19.59849452972412,
    "process_features_model_4_multimer_v3_pred_0": 2.86102294921875e-06,
    "predict_and_compile_model_4_multimer_v3_pred_0": 184.04991817474365,
    "relax_model_4_multimer_v3_pred_0": 14.880528926849365,
    "process_features_model_4_multimer_v3_pred_1": 3.0994415283203125e-06,
    "predict_and_compile_model_4_multimer_v3_pred_1": 33.01471018791199,
    "relax_model_4_multimer_v3_pred_1": 23.70786190032959,
    "process_features_model_4_multimer_v3_pred_2": 3.337860107421875e-06,
    "predict_and_compile_model_4_multimer_v3_pred_2": 86.27763080596924,
    "relax_model_4_multimer_v3_pred_2": 28.282772302627563,
    "process_features_model_4_multimer_v3_pred_3": 2.86102294921875e-06,
    "predict_and_compile_model_4_multimer_v3_pred_3": 86.12216353416443,
    "relax_model_4_multimer_v3_pred_3": 29.820678234100342,
    "process_features_model_4_multimer_v3_pred_4": 3.337860107421875e-06,
    "predict_and_compile_model_4_multimer_v3_pred_4": 28.954670429229736,
    "relax_model_4_multimer_v3_pred_4": 28.449240684509277,
    "process_features_model_5_multimer_v3_pred_0": 3.0994415283203125e-06,
    "predict_and_compile_model_5_multimer_v3_pred_0": 136.86111569404602,
    "relax_model_5_multimer_v3_pred_0": 21.814441204071045,
    "process_features_model_5_multimer_v3_pred_1": 3.0994415283203125e-06,
    "predict_and_compile_model_5_multimer_v3_pred_1": 28.91170597076416,
    "relax_model_5_multimer_v3_pred_1": 27.278911590576172,
    "process_features_model_5_multimer_v3_pred_2": 3.5762786865234375e-06,
    "predict_and_compile_model_5_multimer_v3_pred_2": 24.81714653968811,
    "relax_model_5_multimer_v3_pred_2": 21.938363552093506,
    "process_features_model_5_multimer_v3_pred_3": 3.337860107421875e-06,
    "predict_and_compile_model_5_multimer_v3_pred_3": 20.688053369522095,
    "relax_model_5_multimer_v3_pred_3": 14.9501953125,
    "process_features_model_5_multimer_v3_pred_4": 3.5762786865234375e-06,
    "predict_and_compile_model_5_multimer_v3_pred_4": 21.240206241607666,
    "relax_model_5_multimer_v3_pred_4": 27.491376399993896
}