seed,sample,ranking_score
1,0,0.7379252191456243
1,1,0.6761364820396831
1,2,0.6774026200734817
1,3,0.6977608262454804
1,4,0.7269081522080769
