seed,sample,ranking_score
1,0,0.47761159688527616
1,1,0.49035533651366325
1,2,0.5056290384433957
1,3,0.543332265943932
1,4,0.5097392133933046
