seed,sample,ranking_score
1,0,0.6878416164072831
1,1,0.669133214857083
1,2,0.6896361335662797
1,3,0.6836361778713458
1,4,0.6754790216663993
