seed,sample,ranking_score
1,0,0.5429410462515198
1,1,0.5039905125920545
1,2,0.5214642486310337
1,3,0.499522234742105
1,4,0.4991963704817058
