seed,sample,ranking_score
3,0,0.862229842005842
3,1,0.8560335805110523
3,2,0.8625163451736173
3,3,0.8659595068746144
3,4,0.8654991477244102
