seed,sample,ranking_score
1,0,0.325233911408368
1,1,0.33544421813932745
1,2,0.34476574605970695
1,3,0.315157921375416
1,4,0.3121796514715899
