{
    "features": 0.006677150726318359,
    "process_features_model_1_multimer_v3_pred_0": 3.814697265625e-06,
    "predict_and_compile_model_1_multimer_v3_pred_0": 243.8116111755371,
    "relax_model_1_multimer_v3_pred_0": 27.877464532852173,
    "process_features_model_1_multimer_v3_pred_1": 3.337860107421875e-06,
    "predict_and_compile_model_1_multimer_v3_pred_1": 125.13355541229248,
    "relax_model_1_multimer_v3_pred_1": 32.01269817352295,
    "process_features_model_1_multimer_v3_pred_2": 3.0994415283203125e-06,
    "predict_and_compile_model_1_multimer_v3_pred_2": 125.18853950500488,
    "relax_model_1_multimer_v3_pred_2": 18.26106905937195,
    "process_features_model_1_multimer_v3_pred_3": 3.0994415283203125e-06,
    "predict_and_compile_model_1_multimer_v3_pred_3": 124.93855428695679,
    "relax_model_1_multimer_v3_pred_3": 32.065109968185425,
    "process_features_model_1_multimer_v3_pred_4": 3.0994415283203125e-06,
    "predict_and_compile_model_1_multimer_v3_pred_4": 125.62639164924622,
    "relax_model_1_multimer_v3_pred_4": 33.02793550491333,
    "process_features_model_2_multimer_v3_pred_0": 2.6226043701171875e-06,
    "predict_and_compile_model_2_multimer_v3_pred_0": 240.9268605709076,
    "relax_model_2_multimer_v3_pred_0": 18.341978788375854,
    "process_features_model_2_multimer_v3_pred_1": 3.0994415283203125e-06,
    "predict_and_compile_model_2_multimer_v3_pred_1": 125.20290994644165,
    "relax_model_2_multimer_v3_pred_1": 31.274639129638672,
    "process_features_model_2_multimer_v3_pred_2": 2.86102294921875e-06,
    "predict_and_compile_model_2_multimer_v3_pred_2": 101.37425804138184,
    "relax_model_2_multimer_v3_pred_2": 19.1558518409729,
    "process_features_model_2_multimer_v3_pred_3": 3.0994415283203125e-06,
    "predict_and_compile_model_2_multimer_v3_pred_3": 89.62545347213745,
    "relax_model_2_multimer_v3_pred_3": 32.97795367240906,
    "process_features_model_2_multimer_v3_pred_4": 3.0994415283203125e-06,
    "predict_and_compile_model_2_multimer_v3_pred_4": 77.75507831573486,
    "relax_model_2_multimer_v3_pred_4": 17.91580629348755,
    "process_features_model_3_multimer_v3_pred_0": 3.5762786865234375e-06,
    "predict_and_compile_model_3_multimer_v3_pred_0": 211.6950080394745,
    "relax_model_3_multimer_v3_pred_0": 32.38656306266785,
    "process_features_model_3_multimer_v3_pred_1": 3.0994415283203125e-06,
    "predict_and_compile_model_3_multimer_v3_pred_1": 125.19292783737183,
    "relax_model_3_multimer_v3_pred_1": 33.57055640220642,
    "process_features_model_3_multimer_v3_pred_2": 3.337860107421875e-06,
    "predict_and_compile_model_3_multimer_v3_pred_2": 125.03097438812256,
    "relax_model_3_multimer_v3_pred_2": 32.95393633842468,
    "process_features_model_3_multimer_v3_pred_3": 3.337860107421875e-06,
    "predict_and_compile_model_3_multimer_v3_pred_3": 125.47890901565552,
    "relax_model_3_multimer_v3_pred_3": 33.804577112197876,
    "process_features_model_3_multimer_v3_pred_4": 3.0994415283203125e-06,
    "predict_and_compile_model_3_multimer_v3_pred_4": 124.9855489730835,
    "relax_model_3_multimer_v3_pred_4": 32.11756372451782,
    "process_features_model_4_multimer_v3_pred_0": 2.86102294921875e-06,
    "predict_and_compile_model_4_multimer_v3_pred_0": 242.04861283302307,
    "relax_model_4_multimer_v3_pred_0": 25.350263357162476,
    "process_features_model_4_multimer_v3_pred_1": 3.0994415283203125e-06,
    "predict_and_compile_model_4_multimer_v3_pred_1": 122.23007202148438,
    "relax_model_4_multimer_v3_pred_1": 25.322914361953735,
    "process_features_model_4_multimer_v3_pred_2": 2.6226043701171875e-06,
    "predict_and_compile_model_4_multimer_v3_pred_2": 122.42233538627625,
    "relax_model_4_multimer_v3_pred_2": 26.21471905708313,
    "process_features_model_4_multimer_v3_pred_3": 3.0994415283203125e-06,
    "predict_and_compile_model_4_multimer_v3_pred_3": 122.46923494338989,
    "relax_model_4_multimer_v3_pred_3": 33.82400989532471,
    "process_features_model_4_multimer_v3_pred_4": 2.86102294921875e-06,
    "predict_and_compile_model_4_multimer_v3_pred_4": 123.19689059257507,
    "relax_model_4_multimer_v3_pred_4": 18.79869842529297,
    "process_features_model_5_multimer_v3_pred_0": 3.337860107421875e-06,
    "predict_and_compile_model_5_multimer_v3_pred_0": 238.7868356704712,
    "relax_model_5_multimer_v3_pred_0": 32.95959734916687,
    "process_features_model_5_multimer_v3_pred_1": 3.0994415283203125e-06,
    "predict_and_compile_model_5_multimer_v3_pred_1": 122.4591212272644,
    "relax_model_5_multimer_v3_pred_1": 33.64670181274414,
    "process_features_model_5_multimer_v3_pred_2": 3.337860107421875e-06,
    "predict_and_compile_model_5_multimer_v3_pred_2": 122.71553373336792,
    "relax_model_5_multimer_v3_pred_2": 25.890680074691772,
    "process_features_model_5_multimer_v3_pred_3": 3.337860107421875e-06,
    "predict_and_compile_model_5_multimer_v3_pred_3": 122.39551496505737,
    "relax_model_5_multimer_v3_pred_3": 33.36399841308594,
    "process_features_model_5_multimer_v3_pred_4": 3.0994415283203125e-06,
    "predict_and_compile_model_5_multimer_v3_pred_4": 122.61680102348328,
    "relax_model_5_multimer_v3_pred_4": 18.361154794692993
}