seed,sample,ranking_score
1,0,0.46978848213381946
1,1,0.4797770506791828
1,2,0.4862724004219264
1,3,0.47180001686479367
1,4,0.4782890102769276
