seed,sample,ranking_score
1,0,0.36849501782776306
1,1,0.38270828765270537
1,2,0.6616141640085856
1,3,0.6557580030868952
1,4,0.6800161159608964
