seed,sample,ranking_score
1,0,0.8959131498871428
1,1,0.89621000617926
1,2,0.8971504422896681
1,3,0.8946643222709638
1,4,0.8982863821517965
