seed,sample,ranking_score
1,0,0.24534633734657502
1,1,0.24705277537494474
1,2,0.23129048120395124
1,3,0.29135678164071876
1,4,0.24549999298184969
