seed,sample,ranking_score
1,0,0.877215644557385
1,1,0.8658927764643267
1,2,0.8416772075704143
1,3,0.8429389927217001
1,4,0.8516756883400123
