seed,sample,ranking_score
1,0,0.7543341909583372
1,1,0.6391248613605995
1,2,0.7322765923750945
1,3,0.7648793441273766
1,4,0.7544531716955769
