{
    "features": 0.28704285621643066,
    "process_features_model_1_multimer_v3_pred_0": 4.5299530029296875e-06,
    "predict_and_compile_model_1_multimer_v3_pred_0": 565.6393671035767,
    "predict_benchmark_model_1_multimer_v3_pred_0": 451.6568548679352,
    "process_features_model_2_multimer_v3_pred_0": 3.337860107421875e-06,
    "predict_and_compile_model_2_multimer_v3_pred_0": 559.1282751560211,
    "predict_benchmark_model_2_multimer_v3_pred_0": 451.90510988235474,
    "process_features_model_3_multimer_v3_pred_0": 4.291534423828125e-06,
    "predict_and_compile_model_3_multimer_v3_pred_0": 561.6875112056732,
    "predict_benchmark_model_3_multimer_v3_pred_0": 451.85646176338196,
    "process_features_model_4_multimer_v3_pred_0": 3.5762786865234375e-06,
    "predict_and_compile_model_4_multimer_v3_pred_0": 555.6740791797638,
    "predict_benchmark_model_4_multimer_v3_pred_0": 441.693252325058,
    "process_features_model_5_multimer_v3_pred_0": 3.814697265625e-06,
    "predict_and_compile_model_5_multimer_v3_pred_0": 552.8858389854431,
    "predict_benchmark_model_5_multimer_v3_pred_0": 442.18612456321716
}