seed,sample,ranking_score
4,0,0.9756635272255575
4,1,0.9621932400426535
4,2,0.9747816883091648
4,3,0.9767672270195625
4,4,0.9630352906773585
