seed,sample,ranking_score
1,0,0.6898303736825061
1,1,0.6876419270580217
1,2,0.7108881811452199
1,3,0.7181830797870518
1,4,0.7066271003641199
