seed,sample,ranking_score
1,0,0.632303516160195
1,1,0.6949886138894177
1,2,0.6838255861740022
1,3,0.6534709153229536
1,4,0.7306010527880076
