{
    "features": 0.16261506080627441,
    "process_features_model_1_multimer_v3_pred_0": 5.245208740234375e-06,
    "predict_and_compile_model_1_multimer_v3_pred_0": 608.2878813743591,
    "predict_benchmark_model_1_multimer_v3_pred_0": 460.26129698753357,
    "process_features_model_2_multimer_v3_pred_0": 5.0067901611328125e-06,
    "predict_and_compile_model_2_multimer_v3_pred_0": 602.3790428638458,
    "predict_benchmark_model_2_multimer_v3_pred_0": 461.5111906528473,
    "process_features_model_3_multimer_v3_pred_0": 5.4836273193359375e-06,
    "predict_and_compile_model_3_multimer_v3_pred_0": 470.24785137176514,
    "predict_benchmark_model_3_multimer_v3_pred_0": 329.6073944568634,
    "process_features_model_4_multimer_v3_pred_0": 5.0067901611328125e-06,
    "predict_and_compile_model_4_multimer_v3_pred_0": 591.2952454090118,
    "predict_benchmark_model_4_multimer_v3_pred_0": 449.2007005214691,
    "process_features_model_5_multimer_v3_pred_0": 5.245208740234375e-06,
    "predict_and_compile_model_5_multimer_v3_pred_0": 579.2697875499725,
    "predict_benchmark_model_5_multimer_v3_pred_0": 450.0424995422363
}