{
    "features": 0.007750272750854492,
    "process_features_model_1_multimer_v3_pred_0": 3.337860107421875e-06,
    "predict_and_compile_model_1_multimer_v3_pred_0": 234.08778285980225,
    "relax_model_1_multimer_v3_pred_0": 26.583988428115845,
    "process_features_model_1_multimer_v3_pred_1": 3.5762786865234375e-06,
    "predict_and_compile_model_1_multimer_v3_pred_1": 59.59829616546631,
    "relax_model_1_multimer_v3_pred_1": 25.732507705688477,
    "process_features_model_1_multimer_v3_pred_2": 3.5762786865234375e-06,
    "predict_and_compile_model_1_multimer_v3_pred_2": 71.34576463699341,
    "relax_model_1_multimer_v3_pred_2": 22.813939094543457,
    "process_features_model_1_multimer_v3_pred_3": 3.5762786865234375e-06,
    "predict_and_compile_model_1_multimer_v3_pred_3": 59.507492780685425,
    "relax_model_1_multimer_v3_pred_3": 19.958762168884277,
    "process_features_model_1_multimer_v3_pred_4": 3.337860107421875e-06,
    "predict_and_compile_model_1_multimer_v3_pred_4": 59.6320059299469,
    "relax_model_1_multimer_v3_pred_4": 22.03418254852295,
    "process_features_model_2_multimer_v3_pred_0": 4.0531158447265625e-06,
    "predict_and_compile_model_2_multimer_v3_pred_0": 219.5783360004425,
    "relax_model_2_multimer_v3_pred_0": 20.738059520721436,
    "process_features_model_2_multimer_v3_pred_1": 3.814697265625e-06,
    "predict_and_compile_model_2_multimer_v3_pred_1": 61.42883634567261,
    "relax_model_2_multimer_v3_pred_1": 20.33619213104248,
    "process_features_model_2_multimer_v3_pred_2": 3.814697265625e-06,
    "predict_and_compile_model_2_multimer_v3_pred_2": 59.6041374206543,
    "relax_model_2_multimer_v3_pred_2": 19.771100759506226,
    "process_features_model_2_multimer_v3_pred_3": 2.0265579223632812e-05,
    "predict_and_compile_model_2_multimer_v3_pred_3": 59.59832262992859,
    "relax_model_2_multimer_v3_pred_3": 21.068941831588745,
    "process_features_model_2_multimer_v3_pred_4": 5.245208740234375e-06,
    "predict_and_compile_model_2_multimer_v3_pred_4": 59.47337079048157,
    "relax_model_2_multimer_v3_pred_4": 20.43018078804016,
    "process_features_model_3_multimer_v3_pred_0": 3.5762786865234375e-06,
    "predict_and_compile_model_3_multimer_v3_pred_0": 250.74250292778015,
    "relax_model_3_multimer_v3_pred_0": 21.464938640594482,
    "process_features_model_3_multimer_v3_pred_1": 3.814697265625e-06,
    "predict_and_compile_model_3_multimer_v3_pred_1": 59.619635820388794,
    "relax_model_3_multimer_v3_pred_1": 20.89357590675354,
    "process_features_model_3_multimer_v3_pred_2": 4.0531158447265625e-06,
    "predict_and_compile_model_3_multimer_v3_pred_2": 59.58591604232788,
    "relax_model_3_multimer_v3_pred_2": 181.6656653881073,
    "process_features_model_3_multimer_v3_pred_3": 3.337860107421875e-06,
    "predict_and_compile_model_3_multimer_v3_pred_3": 59.67642140388489,
    "relax_model_3_multimer_v3_pred_3": 20.519696712493896,
    "process_features_model_3_multimer_v3_pred_4": 3.814697265625e-06,
    "predict_and_compile_model_3_multimer_v3_pred_4": 71.46992230415344,
    "relax_model_3_multimer_v3_pred_4": 19.676647901535034,
    "process_features_model_4_multimer_v3_pred_0": 3.337860107421875e-06,
    "predict_and_compile_model_4_multimer_v3_pred_0": 246.5916633605957,
    "relax_model_4_multimer_v3_pred_0": 21.129483461380005,
    "process_features_model_4_multimer_v3_pred_1": 3.5762786865234375e-06,
    "predict_and_compile_model_4_multimer_v3_pred_1": 82.18851971626282,
    "relax_model_4_multimer_v3_pred_1": 23.653621673583984,
    "process_features_model_4_multimer_v3_pred_2": 3.5762786865234375e-06,
    "predict_and_compile_model_4_multimer_v3_pred_2": 58.94452977180481,
    "relax_model_4_multimer_v3_pred_2": 21.302513599395752,
    "process_features_model_4_multimer_v3_pred_3": 3.5762786865234375e-06,
    "predict_and_compile_model_4_multimer_v3_pred_3": 58.82858753204346,
    "relax_model_4_multimer_v3_pred_3": 34.37940263748169,
    "process_features_model_4_multimer_v3_pred_4": 3.5762786865234375e-06,
    "predict_and_compile_model_4_multimer_v3_pred_4": 82.34099578857422,
    "relax_model_4_multimer_v3_pred_4": 26.44322657585144,
    "process_features_model_5_multimer_v3_pred_0": 4.5299530029296875e-06,
    "predict_and_compile_model_5_multimer_v3_pred_0": 255.04201889038086,
    "relax_model_5_multimer_v3_pred_0": 27.896833896636963,
    "process_features_model_5_multimer_v3_pred_1": 3.814697265625e-06,
    "predict_and_compile_model_5_multimer_v3_pred_1": 58.87907791137695,
    "relax_model_5_multimer_v3_pred_1": 21.979448318481445,
    "process_features_model_5_multimer_v3_pred_2": 4.0531158447265625e-06,
    "predict_and_compile_model_5_multimer_v3_pred_2": 70.68527674674988,
    "relax_model_5_multimer_v3_pred_2": 20.30858612060547,
    "process_features_model_5_multimer_v3_pred_3": 3.814697265625e-06,
    "predict_and_compile_model_5_multimer_v3_pred_3": 93.93928718566895,
    "relax_model_5_multimer_v3_pred_3": 21.03076672554016,
    "process_features_model_5_multimer_v3_pred_4": 4.76837158203125e-06,
    "predict_and_compile_model_5_multimer_v3_pred_4": 58.7770676612854,
    "relax_model_5_multimer_v3_pred_4": 21.642895221710205
}