seed,sample,ranking_score
1,0,0.5863111313562304
1,1,0.615337430975605
1,2,0.5926339275461878
1,3,0.5932106545346918
1,4,0.5891761285256641
