{
    "iptm+ptm": {
        "model_1_multimer_v3_pred_0": 0.7495898115441043,
        "model_1_multimer_v3_pred_1": 0.7485774947834731,
        "model_1_multimer_v3_pred_2": 0.7365224918855062,
        "model_1_multimer_v3_pred_3": 0.7446831437008851,
        "model_1_multimer_v3_pred_4": 0.7514644779296314,
        "model_2_multimer_v3_pred_0": 0.7384732348941478,
        "model_2_multimer_v3_pred_1": 0.7320668545238505,
        "model_2_multimer_v3_pred_2": 0.7338926444969378,
        "model_2_multimer_v3_pred_3": 0.7324901409190956,
        "model_2_multimer_v3_pred_4": 0.7308081424128586,
        "model_3_multimer_v3_pred_0": 0.7255017607788486,
        "model_3_multimer_v3_pred_1": 0.7429377039536336,
        "model_3_multimer_v3_pred_2": 0.7548098544941585,
        "model_3_multimer_v3_pred_3": 0.7510206595381813,
        "model_3_multimer_v3_pred_4": 0.7212105157609726,
        "model_4_multimer_v3_pred_0": 0.7421076719168291,
        "model_4_multimer_v3_pred_1": 0.7360553727375645,
        "model_4_multimer_v3_pred_2": 0.746031222591414,
        "model_4_multimer_v3_pred_3": 0.7272465238840085,
        "model_4_multimer_v3_pred_4": 0.7374998483323011,
        "model_5_multimer_v3_pred_0": 0.7564028720698871,
        "model_5_multimer_v3_pred_1": 0.7549269275968334,
        "model_5_multimer_v3_pred_2": 0.749877044298098,
        "model_5_multimer_v3_pred_3": 0.7572969556963803,
        "model_5_multimer_v3_pred_4": 0.7344759061053169
    },
    "order": [
        "model_5_multimer_v3_pred_3",
        "model_5_multimer_v3_pred_0",
        "model_5_multimer_v3_pred_1",
        "model_3_multimer_v3_pred_2",
        "model_1_multimer_v3_pred_4",
        "model_3_multimer_v3_pred_3",
        "model_5_multimer_v3_pred_2",
        "model_1_multimer_v3_pred_0",
        "model_1_multimer_v3_pred_1",
        "model_4_multimer_v3_pred_2",
        "model_1_multimer_v3_pred_3",
        "model_3_multimer_v3_pred_1",
        "model_4_multimer_v3_pred_0",
        "model_2_multimer_v3_pred_0",
        "model_4_multimer_v3_pred_4",
        "model_1_multimer_v3_pred_2",
        "model_4_multimer_v3_pred_1",
        "model_5_multimer_v3_pred_4",
        "model_2_multimer_v3_pred_2",
        "model_2_multimer_v3_pred_3",
        "model_2_multimer_v3_pred_1",
        "model_2_multimer_v3_pred_4",
        "model_4_multimer_v3_pred_3",
        "model_3_multimer_v3_pred_0",
        "model_3_multimer_v3_pred_4"
    ]
}