seed,sample,ranking_score
1,0,0.6197119103843107
1,1,0.6467669289704242
1,2,0.6460971901545064
1,3,0.6176696820883405
1,4,0.7079254178639925
