seed,sample,ranking_score
1,0,0.7155222539809375
1,1,0.7080730202158908
1,2,0.7230953814180265
1,3,0.7029670566086305
1,4,0.7076942758995599
