seed,sample,ranking_score
1,0,0.5052355570989536
1,1,0.5274984098585599
1,2,0.5227111695521619
1,3,0.2867134452155437
1,4,0.2829703794183278
