seed,sample,ranking_score
1,0,0.5606221062308676
1,1,0.6252726189790527
1,2,0.6180441760210081
1,3,0.6004291501250733
1,4,0.6119602096703631
