seed,sample,ranking_score
1,0,0.7934475071174154
1,1,0.7962966156981307
1,2,0.7994249307161893
1,3,0.8068700144967682
1,4,0.807146731993489
