seed,sample,ranking_score
1,0,0.6560885946954977
1,1,0.7065660874558806
1,2,0.6863606945784251
1,3,0.7114639836442251
1,4,0.6903784218959379
