{
    "features": 0.016043424606323242,
    "process_features_model_1_multimer_v3_pred_0": 2.6226043701171875e-06,
    "predict_and_compile_model_1_multimer_v3_pred_0": 221.37640190124512,
    "predict_benchmark_model_1_multimer_v3_pred_0": 137.92142009735107,
    "process_features_model_2_multimer_v3_pred_0": 3.62396240234375e-05,
    "predict_and_compile_model_2_multimer_v3_pred_0": 217.3756308555603,
    "predict_benchmark_model_2_multimer_v3_pred_0": 137.67159223556519,
    "process_features_model_3_multimer_v3_pred_0": 2.8848648071289062e-05,
    "predict_and_compile_model_3_multimer_v3_pred_0": 223.24490928649902,
    "predict_benchmark_model_3_multimer_v3_pred_0": 137.94063019752502,
    "process_features_model_4_multimer_v3_pred_0": 2.86102294921875e-05,
    "predict_and_compile_model_4_multimer_v3_pred_0": 122.91791772842407,
    "predict_benchmark_model_4_multimer_v3_pred_0": 38.433079957962036,
    "process_features_model_5_multimer_v3_pred_0": 2.5272369384765625e-05,
    "predict_and_compile_model_5_multimer_v3_pred_0": 184.18177890777588,
    "predict_benchmark_model_5_multimer_v3_pred_0": 96.04213190078735
}