{
    "features": 0.012533903121948242,
    "process_features_model_1_multimer_v3_pred_0": 3.5762786865234375e-06,
    "predict_and_compile_model_1_multimer_v3_pred_0": 478.471471786499,
    "relax_model_1_multimer_v3_pred_0": 72.29393339157104,
    "process_features_model_1_multimer_v3_pred_1": 1.0967254638671875e-05,
    "predict_and_compile_model_1_multimer_v3_pred_1": 340.19970536231995,
    "relax_model_1_multimer_v3_pred_1": 42.51669931411743,
    "process_features_model_1_multimer_v3_pred_2": 4.0531158447265625e-06,
    "predict_and_compile_model_1_multimer_v3_pred_2": 306.12262415885925,
    "relax_model_1_multimer_v3_pred_2": 41.567471981048584,
    "process_features_model_1_multimer_v3_pred_3": 2.6226043701171875e-06,
    "predict_and_compile_model_1_multimer_v3_pred_3": 357.50178813934326,
    "relax_model_1_multimer_v3_pred_3": 41.346200466156006,
    "process_features_model_1_multimer_v3_pred_4": 2.86102294921875e-06,
    "predict_and_compile_model_1_multimer_v3_pred_4": 356.94670248031616,
    "relax_model_1_multimer_v3_pred_4": 41.11484718322754,
    "process_features_model_2_multimer_v3_pred_0": 3.337860107421875e-06,
    "predict_and_compile_model_2_multimer_v3_pred_0": 303.1973252296448,
    "relax_model_2_multimer_v3_pred_0": 45.074912786483765,
    "process_features_model_2_multimer_v3_pred_1": 3.337860107421875e-06,
    "predict_and_compile_model_2_multimer_v3_pred_1": 255.09741497039795,
    "relax_model_2_multimer_v3_pred_1": 42.41785764694214,
    "process_features_model_2_multimer_v3_pred_2": 2.6226043701171875e-06,
    "predict_and_compile_model_2_multimer_v3_pred_2": 340.5558931827545,
    "relax_model_2_multimer_v3_pred_2": 42.56339740753174,
    "process_features_model_2_multimer_v3_pred_3": 2.6226043701171875e-06,
    "predict_and_compile_model_2_multimer_v3_pred_3": 356.47201895713806,
    "relax_model_2_multimer_v3_pred_3": 77.53490805625916,
    "process_features_model_2_multimer_v3_pred_4": 3.0994415283203125e-06,
    "predict_and_compile_model_2_multimer_v3_pred_4": 288.9431173801422,
    "relax_model_2_multimer_v3_pred_4": 88.83343768119812,
    "process_features_model_3_multimer_v3_pred_0": 3.337860107421875e-06,
    "predict_and_compile_model_3_multimer_v3_pred_0": 287.3621621131897,
    "relax_model_3_multimer_v3_pred_0": 86.89325332641602,
    "process_features_model_3_multimer_v3_pred_1": 3.0994415283203125e-06,
    "predict_and_compile_model_3_multimer_v3_pred_1": 356.8868918418884,
    "relax_model_3_multimer_v3_pred_1": 54.65619492530823,
    "process_features_model_3_multimer_v3_pred_2": 3.0994415283203125e-06,
    "predict_and_compile_model_3_multimer_v3_pred_2": 322.7023012638092,
    "relax_model_3_multimer_v3_pred_2": 74.6281635761261,
    "process_features_model_3_multimer_v3_pred_3": 2.86102294921875e-06,
    "predict_and_compile_model_3_multimer_v3_pred_3": 357.1598072052002,
    "relax_model_3_multimer_v3_pred_3": 63.77295994758606,
    "process_features_model_3_multimer_v3_pred_4": 3.0994415283203125e-06,
    "predict_and_compile_model_3_multimer_v3_pred_4": 273.4038691520691,
    "relax_model_3_multimer_v3_pred_4": 96.97753143310547,
    "process_features_model_4_multimer_v3_pred_0": 3.337860107421875e-06,
    "predict_and_compile_model_4_multimer_v3_pred_0": 467.45366048812866,
    "relax_model_4_multimer_v3_pred_0": 44.03000354766846,
    "process_features_model_4_multimer_v3_pred_1": 2.86102294921875e-06,
    "predict_and_compile_model_4_multimer_v3_pred_1": 314.35136818885803,
    "relax_model_4_multimer_v3_pred_1": 40.50321674346924,
    "process_features_model_4_multimer_v3_pred_2": 3.0994415283203125e-06,
    "predict_and_compile_model_4_multimer_v3_pred_2": 347.5755753517151,
    "relax_model_4_multimer_v3_pred_2": 45.64512228965759,
    "process_features_model_4_multimer_v3_pred_3": 3.0994415283203125e-06,
    "predict_and_compile_model_4_multimer_v3_pred_3": 347.07860565185547,
    "relax_model_4_multimer_v3_pred_3": 46.2770357131958,
    "process_features_model_4_multimer_v3_pred_4": 2.6226043701171875e-06,
    "predict_and_compile_model_4_multimer_v3_pred_4": 348.0093266963959,
    "relax_model_4_multimer_v3_pred_4": 74.70476531982422,
    "process_features_model_5_multimer_v3_pred_0": 3.0994415283203125e-06,
    "predict_and_compile_model_5_multimer_v3_pred_0": 381.9925305843353,
    "relax_model_5_multimer_v3_pred_0": 61.90180563926697,
    "process_features_model_5_multimer_v3_pred_1": 3.337860107421875e-06,
    "predict_and_compile_model_5_multimer_v3_pred_1": 347.48876428604126,
    "relax_model_5_multimer_v3_pred_1": 44.27309465408325,
    "process_features_model_5_multimer_v3_pred_2": 2.86102294921875e-06,
    "predict_and_compile_model_5_multimer_v3_pred_2": 347.7746183872223,
    "relax_model_5_multimer_v3_pred_2": 43.57120895385742,
    "process_features_model_5_multimer_v3_pred_3": 3.0994415283203125e-06,
    "predict_and_compile_model_5_multimer_v3_pred_3": 199.29664707183838,
    "relax_model_5_multimer_v3_pred_3": 42.037593126297,
    "process_features_model_5_multimer_v3_pred_4": 2.86102294921875e-06,
    "predict_and_compile_model_5_multimer_v3_pred_4": 347.5874412059784,
    "relax_model_5_multimer_v3_pred_4": 46.12658452987671
}