seed,sample,ranking_score
1,0,0.42592680805406835
1,1,0.41763625747017863
1,2,0.4445118184396902
1,3,0.3946744853866466
1,4,0.4055635671765
