seed,sample,ranking_score
1,0,0.8106860441955609
1,1,0.8132744510705339
1,2,0.8169064020006952
1,3,0.8321499497730082
1,4,0.8354540936944177
