seed,sample,ranking_score
1,0,0.5888103214558359
1,1,0.6109686503378378
1,2,0.583530423574956
1,3,0.6306685602504273
1,4,0.6554221342645047
