seed,sample,ranking_score
1,0,0.7001206401803742
1,1,0.7180690406532235
1,2,0.7856678106021244
1,3,0.8543345342934501
1,4,0.8565551220011101
