seed,sample,ranking_score
3,0,0.9544247787312471
3,1,0.9456046336704625
3,2,0.9552417988300235
3,3,0.9392162045763301
3,4,0.9174674870716171
