{
    "features": 0.007708072662353516,
    "process_features_model_1_multimer_v3_pred_0": 4.0531158447265625e-06,
    "predict_and_compile_model_1_multimer_v3_pred_0": 357.479373216629,
    "relax_model_1_multimer_v3_pred_0": 36.06991195678711,
    "process_features_model_1_multimer_v3_pred_1": 3.0994415283203125e-06,
    "predict_and_compile_model_1_multimer_v3_pred_1": 238.31575798988342,
    "relax_model_1_multimer_v3_pred_1": 39.22786617279053,
    "process_features_model_1_multimer_v3_pred_2": 3.0994415283203125e-06,
    "predict_and_compile_model_1_multimer_v3_pred_2": 125.72837257385254,
    "relax_model_1_multimer_v3_pred_2": 35.386449098587036,
    "process_features_model_1_multimer_v3_pred_3": 3.0994415283203125e-06,
    "predict_and_compile_model_1_multimer_v3_pred_3": 136.72919917106628,
    "relax_model_1_multimer_v3_pred_3": 40.40133547782898,
    "process_features_model_1_multimer_v3_pred_4": 4.5299530029296875e-06,
    "predict_and_compile_model_1_multimer_v3_pred_4": 147.94006872177124,
    "relax_model_1_multimer_v3_pred_4": 35.497586488723755,
    "process_features_model_2_multimer_v3_pred_0": 2.86102294921875e-06,
    "predict_and_compile_model_2_multimer_v3_pred_0": 195.35155582427979,
    "relax_model_2_multimer_v3_pred_0": 36.87367820739746,
    "process_features_model_2_multimer_v3_pred_1": 3.337860107421875e-06,
    "predict_and_compile_model_2_multimer_v3_pred_1": 182.19429731369019,
    "relax_model_2_multimer_v3_pred_1": 42.58118009567261,
    "process_features_model_2_multimer_v3_pred_2": 2.86102294921875e-06,
    "predict_and_compile_model_2_multimer_v3_pred_2": 148.23480558395386,
    "relax_model_2_multimer_v3_pred_2": 34.96991968154907,
    "process_features_model_2_multimer_v3_pred_3": 3.337860107421875e-06,
    "predict_and_compile_model_2_multimer_v3_pred_3": 114.1758759021759,
    "relax_model_2_multimer_v3_pred_3": 37.17332124710083,
    "process_features_model_2_multimer_v3_pred_4": 2.86102294921875e-06,
    "predict_and_compile_model_2_multimer_v3_pred_4": 114.08263540267944,
    "relax_model_2_multimer_v3_pred_4": 35.52792978286743,
    "process_features_model_3_multimer_v3_pred_0": 3.337860107421875e-06,
    "predict_and_compile_model_3_multimer_v3_pred_0": 287.6446785926819,
    "relax_model_3_multimer_v3_pred_0": 34.08882141113281,
    "process_features_model_3_multimer_v3_pred_1": 2.6226043701171875e-06,
    "predict_and_compile_model_3_multimer_v3_pred_1": 147.98796153068542,
    "relax_model_3_multimer_v3_pred_1": 34.433162689208984,
    "process_features_model_3_multimer_v3_pred_2": 4.291534423828125e-06,
    "predict_and_compile_model_3_multimer_v3_pred_2": 159.71204018592834,
    "relax_model_3_multimer_v3_pred_2": 33.71794056892395,
    "process_features_model_3_multimer_v3_pred_3": 3.0994415283203125e-06,
    "predict_and_compile_model_3_multimer_v3_pred_3": 148.0210862159729,
    "relax_model_3_multimer_v3_pred_3": 35.69124126434326,
    "process_features_model_3_multimer_v3_pred_4": 3.0994415283203125e-06,
    "predict_and_compile_model_3_multimer_v3_pred_4": 182.26529240608215,
    "relax_model_3_multimer_v3_pred_4": 33.816808462142944,
    "process_features_model_4_multimer_v3_pred_0": 4.291534423828125e-06,
    "predict_and_compile_model_4_multimer_v3_pred_0": 354.96372961997986,
    "relax_model_4_multimer_v3_pred_0": 38.742873430252075,
    "process_features_model_4_multimer_v3_pred_1": 3.0994415283203125e-06,
    "predict_and_compile_model_4_multimer_v3_pred_1": 234.2520296573639,
    "relax_model_4_multimer_v3_pred_1": 63.75469613075256,
    "process_features_model_4_multimer_v3_pred_2": 2.86102294921875e-06,
    "predict_and_compile_model_4_multimer_v3_pred_2": 234.3700520992279,
    "relax_model_4_multimer_v3_pred_2": 46.967684745788574,
    "process_features_model_4_multimer_v3_pred_3": 3.0994415283203125e-06,
    "predict_and_compile_model_4_multimer_v3_pred_3": 234.15351939201355,
    "relax_model_4_multimer_v3_pred_3": 38.07505440711975,
    "process_features_model_4_multimer_v3_pred_4": 2.86102294921875e-06,
    "predict_and_compile_model_4_multimer_v3_pred_4": 233.95676398277283,
    "relax_model_4_multimer_v3_pred_4": 34.03856873512268,
    "process_features_model_5_multimer_v3_pred_0": 3.337860107421875e-06,
    "predict_and_compile_model_5_multimer_v3_pred_0": 351.3116600513458,
    "relax_model_5_multimer_v3_pred_0": 65.89320921897888,
    "process_features_model_5_multimer_v3_pred_1": 3.0994415283203125e-06,
    "predict_and_compile_model_5_multimer_v3_pred_1": 233.69669103622437,
    "relax_model_5_multimer_v3_pred_1": 33.006391525268555,
    "process_features_model_5_multimer_v3_pred_2": 5.4836273193359375e-06,
    "predict_and_compile_model_5_multimer_v3_pred_2": 233.86205625534058,
    "relax_model_5_multimer_v3_pred_2": 34.151946783065796,
    "process_features_model_5_multimer_v3_pred_3": 3.0994415283203125e-06,
    "predict_and_compile_model_5_multimer_v3_pred_3": 233.83482933044434,
    "relax_model_5_multimer_v3_pred_3": 39.936603307724,
    "process_features_model_5_multimer_v3_pred_4": 2.86102294921875e-06,
    "predict_and_compile_model_5_multimer_v3_pred_4": 156.3966031074524,
    "relax_model_5_multimer_v3_pred_4": 38.484604358673096
}