seed,sample,ranking_score
1,0,0.7851304299685681
1,1,0.7797983384344539
1,2,0.7774562982917964
1,3,0.7874315590442335
1,4,0.768501737704675
