{
    "features": 0.13811278343200684,
    "process_features_model_1_multimer_v3_pred_0": 4.0531158447265625e-06,
    "predict_and_compile_model_1_multimer_v3_pred_0": 121.49009895324707,
    "predict_benchmark_model_1_multimer_v3_pred_0": 41.179502725601196,
    "process_features_model_2_multimer_v3_pred_0": 2.5510787963867188e-05,
    "predict_and_compile_model_2_multimer_v3_pred_0": 114.12401628494263,
    "predict_benchmark_model_2_multimer_v3_pred_0": 30.990326404571533,
    "process_features_model_3_multimer_v3_pred_0": 1.4781951904296875e-05,
    "predict_and_compile_model_3_multimer_v3_pred_0": 189.20152282714844,
    "predict_benchmark_model_3_multimer_v3_pred_0": 107.61815929412842,
    "process_features_model_4_multimer_v3_pred_0": 2.5033950805664062e-05,
    "predict_and_compile_model_4_multimer_v3_pred_0": 128.2862091064453,
    "predict_benchmark_model_4_multimer_v3_pred_0": 44.5084114074707,
    "process_features_model_5_multimer_v3_pred_0": 2.288818359375e-05,
    "predict_and_compile_model_5_multimer_v3_pred_0": 114.977374792099,
    "predict_benchmark_model_5_multimer_v3_pred_0": 34.68856978416443
}