seed,sample,ranking_score
3,0,0.8833410500255348
3,1,0.8889283042827494
3,2,0.8885799631671968
3,3,0.8862060044104095
3,4,0.8774886762507034
