seed,sample,ranking_score
1,0,0.39136419598483296
1,1,0.3712945176613352
1,2,0.39512077146991487
1,3,0.4027959590232236
1,4,0.4080953133737337
