seed,sample,ranking_score
1,0,0.5185946121751057
1,1,0.5415402527479671
1,2,0.5398157433124606
1,3,0.5368913487092275
1,4,0.527983505820629
