seed,sample,ranking_score
1,0,0.7544611990909944
1,1,0.763936731653262
1,2,0.748050854892448
1,3,0.7505157649759434
1,4,0.770121725831638
