{
    "features": 0.07759928703308105,
    "process_features_model_1_multimer_v3_pred_0": 4.5299530029296875e-06,
    "predict_and_compile_model_1_multimer_v3_pred_0": 277.89564323425293,
    "predict_benchmark_model_1_multimer_v3_pred_0": 167.14987444877625,
    "process_features_model_2_multimer_v3_pred_0": 3.5762786865234375e-06,
    "predict_and_compile_model_2_multimer_v3_pred_0": 218.91487169265747,
    "predict_benchmark_model_2_multimer_v3_pred_0": 111.4997501373291,
    "process_features_model_3_multimer_v3_pred_0": 4.76837158203125e-06,
    "predict_and_compile_model_3_multimer_v3_pred_0": 275.7767708301544,
    "predict_benchmark_model_3_multimer_v3_pred_0": 166.9704008102417,
    "process_features_model_4_multimer_v3_pred_0": 4.0531158447265625e-06,
    "predict_and_compile_model_4_multimer_v3_pred_0": 275.25229835510254,
    "predict_benchmark_model_4_multimer_v3_pred_0": 162.03546285629272,
    "process_features_model_5_multimer_v3_pred_0": 4.0531158447265625e-06,
    "predict_and_compile_model_5_multimer_v3_pred_0": 271.42928981781006,
    "predict_benchmark_model_5_multimer_v3_pred_0": 162.06432271003723
}