seed,sample,ranking_score
2,0,0.9512121521716594
2,1,0.9462159080777707
2,2,0.9535705151753057
2,3,0.952492788639661
2,4,0.9469332901323958
