{
    "features": 0.2775847911834717,
    "process_features_model_1_multimer_v3_pred_0": 4.5299530029296875e-06,
    "predict_and_compile_model_1_multimer_v3_pred_0": 1039.625551700592,
    "predict_benchmark_model_1_multimer_v3_pred_0": 916.3124215602875,
    "process_features_model_2_multimer_v3_pred_0": 3.5762786865234375e-06,
    "predict_and_compile_model_2_multimer_v3_pred_0": 1030.0239131450653,
    "predict_benchmark_model_2_multimer_v3_pred_0": 916.4657874107361,
    "process_features_model_3_multimer_v3_pred_0": 3.5762786865234375e-06,
    "predict_and_compile_model_3_multimer_v3_pred_0": 1032.463381767273,
    "predict_benchmark_model_3_multimer_v3_pred_0": 916.2212152481079,
    "process_features_model_4_multimer_v3_pred_0": 3.814697265625e-06,
    "predict_and_compile_model_4_multimer_v3_pred_0": 1015.7656950950623,
    "predict_benchmark_model_4_multimer_v3_pred_0": 895.202481508255,
    "process_features_model_5_multimer_v3_pred_0": 3.0517578125e-05,
    "predict_and_compile_model_5_multimer_v3_pred_0": 1013.0687739849091,
    "predict_benchmark_model_5_multimer_v3_pred_0": 895.6115524768829
}