seed,sample,ranking_score
3,0,0.9542389779749971
3,1,0.963777439410181
3,2,0.934590854364124
3,3,0.9506711344979657
3,4,0.9580018126916362
