seed,sample,ranking_score
1,0,0.7690309797526135
1,1,0.7997578633052254
1,2,0.7995662126339498
1,3,0.7864333947511144
1,4,0.7792953270357725
