seed,sample,ranking_score
1,0,0.6086711486189024
1,1,0.6109607356551419
1,2,0.6118853472845093
1,3,0.5656734884918354
1,4,0.57218066167645
