seed,sample,ranking_score
1,0,0.7584376491526621
1,1,0.755214818588172
1,2,0.7619271735918495
1,3,0.7487552359780822
1,4,0.7740130953057902
