seed,sample,ranking_score
1,0,0.6229405186622887
1,1,0.6202500625888203
1,2,0.6306049548490864
1,3,0.6382259544231624
1,4,0.6342177261071632
