{
    "features": 0.014822959899902344,
    "process_features_model_1_multimer_v3_pred_0": 3.0994415283203125e-06,
    "predict_and_compile_model_1_multimer_v3_pred_0": 237.22255945205688,
    "predict_benchmark_model_1_multimer_v3_pred_0": 153.13498640060425,
    "process_features_model_2_multimer_v3_pred_0": 2.7894973754882812e-05,
    "predict_and_compile_model_2_multimer_v3_pred_0": 216.6511070728302,
    "predict_benchmark_model_2_multimer_v3_pred_0": 131.1070258617401,
    "process_features_model_3_multimer_v3_pred_0": 2.0265579223632812e-05,
    "predict_and_compile_model_3_multimer_v3_pred_0": 236.6697437763214,
    "predict_benchmark_model_3_multimer_v3_pred_0": 152.74144768714905,
    "process_features_model_4_multimer_v3_pred_0": 7.62939453125e-06,
    "predict_and_compile_model_4_multimer_v3_pred_0": 236.35498905181885,
    "predict_benchmark_model_4_multimer_v3_pred_0": 150.31757640838623,
    "process_features_model_5_multimer_v3_pred_0": 7.152557373046875e-06,
    "predict_and_compile_model_5_multimer_v3_pred_0": 233.98307991027832,
    "predict_benchmark_model_5_multimer_v3_pred_0": 150.22025418281555
}