seed,sample,ranking_score
3,0,0.621928244035787
3,1,0.6018368622784431
3,2,0.6199203445447579
3,3,0.6206081898584315
3,4,0.6182502297852589
