seed,sample,ranking_score
1,0,0.463326561235179
1,1,0.4810855203819718
1,2,0.4413652056185484
1,3,0.4497601697700939
1,4,0.4508031405078243
