seed,sample,ranking_score
1,0,0.5579589326541476
1,1,0.5286791941475016
1,2,0.5530524049506294
1,3,0.5624481987173745
1,4,0.5773016408044777
