seed,sample,ranking_score
1,0,0.522455319240005
1,1,0.5606954760061232
1,2,0.5202075011404091
1,3,0.475996562036823
1,4,0.5582477801973718
