seed,sample,ranking_score
5,0,0.9253955080929408
5,1,0.9287417837701368
5,2,0.9224120419552844
5,3,0.9158671946135089
5,4,0.926503383008446
