{
    "features": 0.1031336784362793,
    "process_features_model_1_multimer_v3_pred_0": 5.7220458984375e-06,
    "predict_and_compile_model_1_multimer_v3_pred_0": 330.78714895248413,
    "predict_benchmark_model_1_multimer_v3_pred_0": 248.66611742973328,
    "process_features_model_2_multimer_v3_pred_0": 2.002716064453125e-05,
    "predict_and_compile_model_2_multimer_v3_pred_0": 328.51795983314514,
    "predict_benchmark_model_2_multimer_v3_pred_0": 249.04672622680664,
    "process_features_model_3_multimer_v3_pred_0": 2.09808349609375e-05,
    "predict_and_compile_model_3_multimer_v3_pred_0": 326.2854058742523,
    "predict_benchmark_model_3_multimer_v3_pred_0": 248.5534315109253,
    "process_features_model_4_multimer_v3_pred_0": 2.2411346435546875e-05,
    "predict_and_compile_model_4_multimer_v3_pred_0": 317.2229766845703,
    "predict_benchmark_model_4_multimer_v3_pred_0": 241.45125889778137,
    "process_features_model_5_multimer_v3_pred_0": 1.811981201171875e-05,
    "predict_and_compile_model_5_multimer_v3_pred_0": 319.67959332466125,
    "predict_benchmark_model_5_multimer_v3_pred_0": 240.9169840812683
}