seed,sample,ranking_score
2,0,0.9066991834909247
2,1,0.9074440537703605
2,2,0.9008818836581649
2,3,0.9117605807838339
2,4,0.9058130337591179
