seed,sample,ranking_score
1,0,0.482637598377132
1,1,0.4667769158188708
1,2,0.5221066658246346
1,3,0.5218572198724701
1,4,0.5314152946119152
