seed,sample,ranking_score
1,0,0.8142240420038117
1,1,0.8012588030023063
1,2,0.7750650736301744
1,3,0.7724155452076819
1,4,0.7704456472891794
