seed,sample,ranking_score
1,0,0.6658415898490738
1,1,0.6851609147299439
1,2,0.6535709708014384
1,3,0.634071247649428
1,4,0.6338384390441423
