seed,sample,ranking_score
1,0,0.6327594205364439
1,1,0.6310390949677402
1,2,0.6323755097385027
1,3,0.6333509123873158
1,4,0.5977628051812203
