seed,sample,ranking_score
1,0,0.322953212202019
1,1,0.28540288310774287
1,2,0.3140226835290828
1,3,0.3231043722219448
1,4,0.28074431491946594
