seed,sample,ranking_score
1,0,0.7198156992435512
1,1,0.6923838620732575
1,2,0.6742119052655206
1,3,0.6796085589058102
1,4,0.6939656744321097
