seed,sample,ranking_score
1,0,0.5046585440345651
1,1,0.4721010562600045
1,2,0.48757394945648863
1,3,0.5115318060383792
1,4,0.4963852947498144
