seed,sample,ranking_score
1,0,0.3643808859508977
1,1,0.33892879538331055
1,2,0.34348276617938867
1,3,0.3470753873391126
1,4,0.3538151264847944
