seed,sample,ranking_score
1,0,0.5323014408740815
1,1,0.5229335674885475
1,2,0.49692505964569117
1,3,0.5036241921284237
1,4,0.5119541287819808
