seed,sample,ranking_score
1,0,0.5474254869592391
1,1,0.5632060252478
1,2,0.5184501011018826
1,3,0.57674492445159
1,4,0.5458767593331731
