seed,sample,ranking_score
1,0,0.5151205025093393
1,1,0.5105534693801865
1,2,0.519878323147271
1,3,0.5204453857819797
1,4,0.5230887160604771
