seed,sample,ranking_score
1,0,0.6613392038463819
1,1,0.6672011440046539
1,2,0.6801103307767234
1,3,0.630579100038584
1,4,0.6252573741696718
