seed,sample,ranking_score
1,0,0.790990767705413
1,1,0.8325098590407578
1,2,0.7639960225322324
1,3,0.7835577305587209
1,4,0.7696783134867922
