seed,sample,ranking_score
1,0,0.6979960797447987
1,1,0.7053299649287343
1,2,0.6973435652396089
1,3,0.7023176410977784
1,4,0.6942437074580522
