seed,sample,ranking_score
1,0,1.057404776675885
1,1,1.049054740892653
1,2,1.0530869721271126
1,3,1.0523388328187049
1,4,1.0549918706843036
