seed,sample,ranking_score
2,0,0.7625059482094937
2,1,0.7542021014098073
2,2,0.7582612454342683
2,3,0.7429564945765712
2,4,0.749263999124188
