seed,sample,ranking_score
1,0,0.49429323455783747
1,1,0.4684521240488221
1,2,0.438044565141822
1,3,0.47890429429808723
1,4,0.4843760945993176
