seed,sample,ranking_score
1,0,0.973254756195683
1,1,0.9591409256924726
1,2,0.9478297403938395
1,3,0.9564302219646287
1,4,0.9592542353788012
