seed,sample,ranking_score
4,0,0.872311120236546
4,1,0.86963303498242
4,2,0.8737598072413655
4,3,0.8692907594977167
4,4,0.8733883399847373
