seed,sample,ranking_score
1,0,0.6681013525387927
1,1,0.7153034358559787
1,2,0.6994983382703959
1,3,0.7085498317776152
1,4,0.7064603501216055
