seed,sample,ranking_score
2,0,0.9431885631823389
2,1,0.9347035524757421
2,2,0.9303918468607064
2,3,0.9273606070917697
2,4,0.9270938422271369
