seed,sample,ranking_score
1,0,0.7696542793351678
1,1,0.7268375296819366
1,2,0.6407475991029259
1,3,0.7120684939521846
1,4,0.7152462465173157
