seed,sample,ranking_score
1,0,0.43736641451293984
1,1,0.44247110640861126
1,2,0.44026586183944894
1,3,0.41393867270214757
1,4,0.43970677406871855
