seed,sample,ranking_score
1,0,0.543028468534205
1,1,0.5797361866784247
1,2,0.5416879274676666
1,3,0.5561484211222424
1,4,0.5779875626567095
