seed,sample,ranking_score
2,0,0.8849345147802549
2,1,0.883827438680274
2,2,0.8802134652220255
2,3,0.8831387249273781
2,4,0.89031107201376
