seed,sample,ranking_score
1,0,0.6126942968871572
1,1,0.5873721885788196
1,2,0.608954134101814
1,3,0.6414938687749727
1,4,0.6291246455870134
