seed,sample,ranking_score
1,0,0.7912123469005627
1,1,0.8077504894172813
1,2,0.8096756529040023
1,3,0.8032146675789318
1,4,0.8135088569865871
