{
    "features": 0.019739151000976562,
    "process_features_model_1_multimer_v3_pred_0": 5.4836273193359375e-06,
    "predict_and_compile_model_1_multimer_v3_pred_0": 221.12727284431458,
    "predict_benchmark_model_1_multimer_v3_pred_0": 140.14413118362427,
    "process_features_model_2_multimer_v3_pred_0": 1.7642974853515625e-05,
    "predict_and_compile_model_2_multimer_v3_pred_0": 223.39819979667664,
    "predict_benchmark_model_2_multimer_v3_pred_0": 139.95153379440308,
    "process_features_model_3_multimer_v3_pred_0": 2.956390380859375e-05,
    "predict_and_compile_model_3_multimer_v3_pred_0": 224.97526288032532,
    "predict_benchmark_model_3_multimer_v3_pred_0": 140.30848097801208,
    "process_features_model_4_multimer_v3_pred_0": 3.0279159545898438e-05,
    "predict_and_compile_model_4_multimer_v3_pred_0": 220.86237835884094,
    "predict_benchmark_model_4_multimer_v3_pred_0": 137.2887315750122,
    "process_features_model_5_multimer_v3_pred_0": 2.5510787963867188e-05,
    "predict_and_compile_model_5_multimer_v3_pred_0": 223.58234333992004,
    "predict_benchmark_model_5_multimer_v3_pred_0": 137.3409285545349
}