seed,sample,ranking_score
1,0,0.39074344896279845
1,1,0.3959044774169965
1,2,0.3992918664710042
1,3,0.3874427306332325
1,4,0.37075967284270545
