seed,sample,ranking_score
1,0,0.7206973005331154
1,1,0.7228139799464743
1,2,0.7267723911781847
1,3,0.7255919234366637
1,4,0.7232999205312437
