{
    "features": 0.022422075271606445,
    "process_features_model_1_multimer_v3_pred_0": 3.5762786865234375e-06,
    "predict_and_compile_model_1_multimer_v3_pred_0": 164.80765891075134,
    "predict_benchmark_model_1_multimer_v3_pred_0": 82.30006909370422,
    "process_features_model_2_multimer_v3_pred_0": 1.52587890625e-05,
    "predict_and_compile_model_2_multimer_v3_pred_0": 218.71174955368042,
    "predict_benchmark_model_2_multimer_v3_pred_0": 136.8955225944519,
    "process_features_model_3_multimer_v3_pred_0": 2.0742416381835938e-05,
    "predict_and_compile_model_3_multimer_v3_pred_0": 221.24664402008057,
    "predict_benchmark_model_3_multimer_v3_pred_0": 143.97907257080078,
    "process_features_model_4_multimer_v3_pred_0": 2.09808349609375e-05,
    "predict_and_compile_model_4_multimer_v3_pred_0": 219.42171454429626,
    "predict_benchmark_model_4_multimer_v3_pred_0": 139.00796484947205,
    "process_features_model_5_multimer_v3_pred_0": 3.647804260253906e-05,
    "predict_and_compile_model_5_multimer_v3_pred_0": 214.10492181777954,
    "predict_benchmark_model_5_multimer_v3_pred_0": 139.30331778526306
}