seed,sample,ranking_score
1,0,0.324909695888276
1,1,0.3260174928145281
1,2,0.33335059196285677
1,3,0.3241864040794939
1,4,0.31350579449267413
