seed,sample,ranking_score
1,0,0.4455777763877337
1,1,0.4086695892677508
1,2,0.35218916200363337
1,3,0.45551831964427975
1,4,0.4393317147233521
