{
    "features": 0.02475571632385254,
    "process_features_model_1_multimer_v3_pred_0": 1.0967254638671875e-05,
    "predict_and_compile_model_1_multimer_v3_pred_0": 285.93793272972107,
    "predict_benchmark_model_1_multimer_v3_pred_0": 198.95787644386292,
    "process_features_model_2_multimer_v3_pred_0": 1.5735626220703125e-05,
    "predict_and_compile_model_2_multimer_v3_pred_0": 279.52722430229187,
    "predict_benchmark_model_2_multimer_v3_pred_0": 199.23450422286987,
    "process_features_model_3_multimer_v3_pred_0": 1.239776611328125e-05,
    "predict_and_compile_model_3_multimer_v3_pred_0": 280.55819153785706,
    "predict_benchmark_model_3_multimer_v3_pred_0": 198.712317943573,
    "process_features_model_4_multimer_v3_pred_0": 2.5033950805664062e-05,
    "predict_and_compile_model_4_multimer_v3_pred_0": 274.9829857349396,
    "predict_benchmark_model_4_multimer_v3_pred_0": 192.46003246307373,
    "process_features_model_5_multimer_v3_pred_0": 3.9577484130859375e-05,
    "predict_and_compile_model_5_multimer_v3_pred_0": 274.6114594936371,
    "predict_benchmark_model_5_multimer_v3_pred_0": 192.24336981773376
}