{
    "features": 0.2056140899658203,
    "process_features_model_1_multimer_v3_pred_0": 5.245208740234375e-06,
    "predict_and_compile_model_1_multimer_v3_pred_0": 1150.8398315906525,
    "predict_benchmark_model_1_multimer_v3_pred_0": 989.2181611061096,
    "process_features_model_2_multimer_v3_pred_0": 3.5762786865234375e-06,
    "predict_and_compile_model_2_multimer_v3_pred_0": 1138.7916083335876,
    "predict_benchmark_model_2_multimer_v3_pred_0": 988.1242649555206,
    "process_features_model_3_multimer_v3_pred_0": 3.814697265625e-06,
    "predict_and_compile_model_3_multimer_v3_pred_0": 1126.93861079216,
    "predict_benchmark_model_3_multimer_v3_pred_0": 990.4242901802063,
    "process_features_model_4_multimer_v3_pred_0": 4.291534423828125e-06,
    "predict_and_compile_model_4_multimer_v3_pred_0": 1115.2072458267212,
    "predict_benchmark_model_4_multimer_v3_pred_0": 967.7438235282898,
    "process_features_model_5_multimer_v3_pred_0": 9.775161743164062e-06,
    "predict_and_compile_model_5_multimer_v3_pred_0": 1112.6848576068878,
    "predict_benchmark_model_5_multimer_v3_pred_0": 970.8668372631073
}