seed,sample,ranking_score
1,0,0.6829734352288795
1,1,0.7233927815341219
1,2,0.7046704243101823
1,3,0.7050828367889468
1,4,0.7712709089934806
