{
    "features": 0.016123533248901367,
    "process_features_model_1_multimer_v3_pred_0": 3.814697265625e-06,
    "predict_and_compile_model_1_multimer_v3_pred_0": 212.2850832939148,
    "predict_benchmark_model_1_multimer_v3_pred_0": 126.22496747970581,
    "process_features_model_2_multimer_v3_pred_0": 2.193450927734375e-05,
    "predict_and_compile_model_2_multimer_v3_pred_0": 215.20457363128662,
    "predict_benchmark_model_2_multimer_v3_pred_0": 126.55130934715271,
    "process_features_model_3_multimer_v3_pred_0": 2.0503997802734375e-05,
    "predict_and_compile_model_3_multimer_v3_pred_0": 176.6073431968689,
    "predict_benchmark_model_3_multimer_v3_pred_0": 72.42261695861816,
    "process_features_model_4_multimer_v3_pred_0": 2.3365020751953125e-05,
    "predict_and_compile_model_4_multimer_v3_pred_0": 190.5735421180725,
    "predict_benchmark_model_4_multimer_v3_pred_0": 100.73078751564026,
    "process_features_model_5_multimer_v3_pred_0": 7.3909759521484375e-06,
    "predict_and_compile_model_5_multimer_v3_pred_0": 169.677237033844,
    "predict_benchmark_model_5_multimer_v3_pred_0": 83.00677704811096
}