seed,sample,ranking_score
1,0,0.7376685948119566
1,1,0.7410675581313438
1,2,0.741523375975805
1,3,0.7454290541905391
1,4,0.7277297177381117
