seed,sample,ranking_score
1,0,0.5840921983685646
1,1,0.5867805379455132
1,2,0.6049967339539402
1,3,0.5873390703880974
1,4,0.5821682105745971
