seed,sample,ranking_score
1,0,0.6995185383845411
1,1,0.7024345036886002
1,2,0.6967711188288238
1,3,0.7009910590559724
1,4,0.7009818016137023
