seed,sample,ranking_score
1,0,0.9300626707321078
1,1,0.9264849529464673
1,2,0.9425279811562117
1,3,0.9465052249372663
1,4,0.9322457287322886
