seed,sample,ranking_score
1,0,0.582957259777893
1,1,0.5772334321116883
1,2,0.5929892884961935
1,3,0.608652005032358
1,4,0.5949362249462669
