seed,sample,ranking_score
1,0,0.6476469647288251
1,1,0.6178678361073262
1,2,0.6534461464352699
1,3,0.6286511546850159
1,4,0.6220754181236147
