{
    "features": 2.9553723335266113,
    "process_features_model_1_multimer_v3_pred_0": 4.76837158203125e-06,
    "predict_and_compile_model_1_multimer_v3_pred_0": 159.95060634613037,
    "predict_benchmark_model_1_multimer_v3_pred_0": 77.82961463928223,
    "process_features_model_2_multimer_v3_pred_0": 2.7894973754882812e-05,
    "predict_and_compile_model_2_multimer_v3_pred_0": 155.58337116241455,
    "predict_benchmark_model_2_multimer_v3_pred_0": 71.4495370388031,
    "process_features_model_3_multimer_v3_pred_0": 2.4557113647460938e-05,
    "predict_and_compile_model_3_multimer_v3_pred_0": 169.3085515499115,
    "predict_benchmark_model_3_multimer_v3_pred_0": 84.57796311378479,
    "process_features_model_4_multimer_v3_pred_0": 2.6941299438476562e-05,
    "predict_and_compile_model_4_multimer_v3_pred_0": 206.43754839897156,
    "predict_benchmark_model_4_multimer_v3_pred_0": 119.30875158309937,
    "process_features_model_5_multimer_v3_pred_0": 1.7404556274414062e-05,
    "predict_and_compile_model_5_multimer_v3_pred_0": 221.42371487617493,
    "predict_benchmark_model_5_multimer_v3_pred_0": 132.19787693023682
}