{
    "features": 0.11957192420959473,
    "process_features_model_1_multimer_v3_pred_0": 4.76837158203125e-06,
    "predict_and_compile_model_1_multimer_v3_pred_0": 286.8215880393982,
    "predict_benchmark_model_1_multimer_v3_pred_0": 170.24038863182068,
    "process_features_model_2_multimer_v3_pred_0": 3.337860107421875e-06,
    "predict_and_compile_model_2_multimer_v3_pred_0": 203.10792756080627,
    "predict_benchmark_model_2_multimer_v3_pred_0": 89.48926639556885,
    "process_features_model_3_multimer_v3_pred_0": 3.5762786865234375e-06,
    "predict_and_compile_model_3_multimer_v3_pred_0": 285.441921710968,
    "predict_benchmark_model_3_multimer_v3_pred_0": 170.0126130580902,
    "process_features_model_4_multimer_v3_pred_0": 3.5762786865234375e-06,
    "predict_and_compile_model_4_multimer_v3_pred_0": 283.77464747428894,
    "predict_benchmark_model_4_multimer_v3_pred_0": 164.50484919548035,
    "process_features_model_5_multimer_v3_pred_0": 3.337860107421875e-06,
    "predict_and_compile_model_5_multimer_v3_pred_0": 280.6322994232178,
    "predict_benchmark_model_5_multimer_v3_pred_0": 164.67264127731323
}