{
    "features": 0.1373906135559082,
    "process_features_model_1_multimer_v3_pred_0": 5.9604644775390625e-06,
    "predict_and_compile_model_1_multimer_v3_pred_0": 1055.5560109615326,
    "predict_benchmark_model_1_multimer_v3_pred_0": 902.0227203369141,
    "process_features_model_2_multimer_v3_pred_0": 2.2411346435546875e-05,
    "predict_and_compile_model_2_multimer_v3_pred_0": 1042.24116563797,
    "predict_benchmark_model_2_multimer_v3_pred_0": 901.3552222251892,
    "process_features_model_3_multimer_v3_pred_0": 5.0067901611328125e-06,
    "predict_and_compile_model_3_multimer_v3_pred_0": 1042.0948803424835,
    "predict_benchmark_model_3_multimer_v3_pred_0": 898.910572052002,
    "process_features_model_4_multimer_v3_pred_0": 3.0279159545898438e-05,
    "predict_and_compile_model_4_multimer_v3_pred_0": 1032.3041317462921,
    "predict_benchmark_model_4_multimer_v3_pred_0": 882.6222696304321,
    "process_features_model_5_multimer_v3_pred_0": 2.0503997802734375e-05,
    "predict_and_compile_model_5_multimer_v3_pred_0": 1021.6289944648743,
    "predict_benchmark_model_5_multimer_v3_pred_0": 882.7511472702026
}