seed,sample,ranking_score
2,0,0.9690169146178995
2,1,0.9616290607409692
2,2,0.9610177465530296
2,3,0.9576596350781728
2,4,0.961339185451999
