seed,sample,ranking_score
1,0,0.5226666795942825
1,1,0.5431586514928498
1,2,0.5263293937825532
1,3,0.5381957667324295
1,4,0.5248432605816962
