seed,sample,ranking_score
1,0,0.5446602285896462
1,1,0.6228931287961251
1,2,0.5911690852265202
1,3,0.6275392198590437
1,4,0.6524932268309245
