{
    "features": 0.22434020042419434,
    "process_features_model_1_multimer_v3_pred_0": 4.76837158203125e-06,
    "predict_and_compile_model_1_multimer_v3_pred_0": 547.3919882774353,
    "predict_benchmark_model_1_multimer_v3_pred_0": 430.83804535865784,
    "process_features_model_2_multimer_v3_pred_0": 3.814697265625e-06,
    "predict_and_compile_model_2_multimer_v3_pred_0": 541.7393012046814,
    "predict_benchmark_model_2_multimer_v3_pred_0": 431.0388112068176,
    "process_features_model_3_multimer_v3_pred_0": 4.291534423828125e-06,
    "predict_and_compile_model_3_multimer_v3_pred_0": 541.6646068096161,
    "predict_benchmark_model_3_multimer_v3_pred_0": 430.8910405635834,
    "process_features_model_4_multimer_v3_pred_0": 4.0531158447265625e-06,
    "predict_and_compile_model_4_multimer_v3_pred_0": 535.6325581073761,
    "predict_benchmark_model_4_multimer_v3_pred_0": 419.3560094833374,
    "process_features_model_5_multimer_v3_pred_0": 3.814697265625e-06,
    "predict_and_compile_model_5_multimer_v3_pred_0": 534.8804469108582,
    "predict_benchmark_model_5_multimer_v3_pred_0": 420.3259243965149
}