seed,sample,ranking_score
1,0,0.7287759878936266
1,1,0.7255998971399047
1,2,0.7320821672733979
1,3,0.7212286595796026
1,4,0.7391033687555871
