seed,sample,ranking_score
1,0,0.43379401835714215
1,1,0.37779346545421666
1,2,0.4190848779457268
1,3,0.4191795624141803
1,4,0.4231080688098726
