seed,sample,ranking_score
4,0,0.9996034449122527
4,1,0.9801934968863778
4,2,1.0046082154387603
4,3,0.9973749249130194
4,4,0.9934095115315398
