seed,sample,ranking_score
1,0,0.4507863625326113
1,1,0.45177337267733964
1,2,0.4625090625470085
1,3,0.4515547834453798
1,4,0.45739705785634316
