{
    "features": 0.011074066162109375,
    "process_features_model_1_multimer_v3_pred_0": 3.337860107421875e-06,
    "predict_and_compile_model_1_multimer_v3_pred_0": 507.13362073898315,
    "relax_model_1_multimer_v3_pred_0": 86.87191343307495,
    "process_features_model_1_multimer_v3_pred_1": 3.337860107421875e-06,
    "predict_and_compile_model_1_multimer_v3_pred_1": 386.89129614830017,
    "relax_model_1_multimer_v3_pred_1": 46.651036500930786,
    "process_features_model_1_multimer_v3_pred_2": 2.86102294921875e-06,
    "predict_and_compile_model_1_multimer_v3_pred_2": 387.3216247558594,
    "relax_model_1_multimer_v3_pred_2": 66.24931168556213,
    "process_features_model_1_multimer_v3_pred_3": 3.0994415283203125e-06,
    "predict_and_compile_model_1_multimer_v3_pred_3": 387.163720369339,
    "relax_model_1_multimer_v3_pred_3": 90.496009349823,
    "process_features_model_1_multimer_v3_pred_4": 3.5762786865234375e-06,
    "predict_and_compile_model_1_multimer_v3_pred_4": 387.02312779426575,
    "relax_model_1_multimer_v3_pred_4": 70.31324887275696,
    "process_features_model_2_multimer_v3_pred_0": 3.5762786865234375e-06,
    "predict_and_compile_model_2_multimer_v3_pred_0": 501.29714822769165,
    "relax_model_2_multimer_v3_pred_0": 87.96010565757751,
    "process_features_model_2_multimer_v3_pred_1": 3.5762786865234375e-06,
    "predict_and_compile_model_2_multimer_v3_pred_1": 387.7327070236206,
    "relax_model_2_multimer_v3_pred_1": 89.97226691246033,
    "process_features_model_2_multimer_v3_pred_2": 3.337860107421875e-06,
    "predict_and_compile_model_2_multimer_v3_pred_2": 387.69176959991455,
    "relax_model_2_multimer_v3_pred_2": 86.54614353179932,
    "process_features_model_2_multimer_v3_pred_3": 3.337860107421875e-06,
    "predict_and_compile_model_2_multimer_v3_pred_3": 387.52341771125793,
    "relax_model_2_multimer_v3_pred_3": 86.83557868003845,
    "process_features_model_2_multimer_v3_pred_4": 3.814697265625e-06,
    "predict_and_compile_model_2_multimer_v3_pred_4": 387.603000164032,
    "relax_model_2_multimer_v3_pred_4": 87.12632513046265,
    "process_features_model_3_multimer_v3_pred_0": 2.86102294921875e-06,
    "predict_and_compile_model_3_multimer_v3_pred_0": 502.55796551704407,
    "relax_model_3_multimer_v3_pred_0": 88.55905342102051,
    "process_features_model_3_multimer_v3_pred_1": 3.0994415283203125e-06,
    "predict_and_compile_model_3_multimer_v3_pred_1": 387.46260690689087,
    "relax_model_3_multimer_v3_pred_1": 87.5143072605133,
    "process_features_model_3_multimer_v3_pred_2": 3.0994415283203125e-06,
    "predict_and_compile_model_3_multimer_v3_pred_2": 387.5413489341736,
    "relax_model_3_multimer_v3_pred_2": 92.75285530090332,
    "process_features_model_3_multimer_v3_pred_3": 3.337860107421875e-06,
    "predict_and_compile_model_3_multimer_v3_pred_3": 386.9706835746765,
    "relax_model_3_multimer_v3_pred_3": 87.77803874015808,
    "process_features_model_3_multimer_v3_pred_4": 3.337860107421875e-06,
    "predict_and_compile_model_3_multimer_v3_pred_4": 387.39041543006897,
    "relax_model_3_multimer_v3_pred_4": 89.07273936271667,
    "process_features_model_4_multimer_v3_pred_0": 2.6226043701171875e-06,
    "predict_and_compile_model_4_multimer_v3_pred_0": 491.22690439224243,
    "relax_model_4_multimer_v3_pred_0": 92.54356217384338,
    "process_features_model_4_multimer_v3_pred_1": 3.5762786865234375e-06,
    "predict_and_compile_model_4_multimer_v3_pred_1": 380.8553364276886,
    "relax_model_4_multimer_v3_pred_1": 122.89245319366455,
    "process_features_model_4_multimer_v3_pred_2": 3.814697265625e-06,
    "predict_and_compile_model_4_multimer_v3_pred_2": 380.62716841697693,
    "relax_model_4_multimer_v3_pred_2": 87.58903741836548,
    "process_features_model_4_multimer_v3_pred_3": 3.0994415283203125e-06,
    "predict_and_compile_model_4_multimer_v3_pred_3": 381.1203262805939,
    "relax_model_4_multimer_v3_pred_3": 88.09990406036377,
    "process_features_model_4_multimer_v3_pred_4": 3.5762786865234375e-06,
    "predict_and_compile_model_4_multimer_v3_pred_4": 380.413117647171,
    "relax_model_4_multimer_v3_pred_4": 111.24740648269653,
    "process_features_model_5_multimer_v3_pred_0": 3.5762786865234375e-06,
    "predict_and_compile_model_5_multimer_v3_pred_0": 487.9546625614166,
    "relax_model_5_multimer_v3_pred_0": 92.48585963249207,
    "process_features_model_5_multimer_v3_pred_1": 3.0994415283203125e-06,
    "predict_and_compile_model_5_multimer_v3_pred_1": 381.14760637283325,
    "relax_model_5_multimer_v3_pred_1": 88.76408123970032,
    "process_features_model_5_multimer_v3_pred_2": 4.76837158203125e-06,
    "predict_and_compile_model_5_multimer_v3_pred_2": 381.2860496044159,
    "relax_model_5_multimer_v3_pred_2": 97.5319893360138,
    "process_features_model_5_multimer_v3_pred_3": 2.86102294921875e-06,
    "predict_and_compile_model_5_multimer_v3_pred_3": 380.5514249801636,
    "relax_model_5_multimer_v3_pred_3": 70.72813034057617,
    "process_features_model_5_multimer_v3_pred_4": 2.86102294921875e-06,
    "predict_and_compile_model_5_multimer_v3_pred_4": 380.51342725753784,
    "relax_model_5_multimer_v3_pred_4": 59.73158264160156
}