seed,sample,ranking_score
1,0,0.9149941974420053
1,1,0.9003875045261781
1,2,0.9265311866668204
1,3,0.9283873669652428
1,4,0.9190117446676568
