seed,sample,ranking_score
5,0,0.8509544199867486
5,1,0.8406716150879741
5,2,0.8259676600490969
5,3,0.8583194653684819
5,4,0.8582821878923879
