{
    "features": 0.012517929077148438,
    "process_features_model_1_multimer_v3_pred_0": 4.5299530029296875e-06,
    "predict_and_compile_model_1_multimer_v3_pred_0": 699.2251415252686,
    "relax_model_1_multimer_v3_pred_0": 89.11188960075378,
    "process_features_model_1_multimer_v3_pred_1": 4.0531158447265625e-06,
    "predict_and_compile_model_1_multimer_v3_pred_1": 529.5196597576141,
    "relax_model_1_multimer_v3_pred_1": 47.31593203544617,
    "process_features_model_1_multimer_v3_pred_2": 3.5762786865234375e-06,
    "predict_and_compile_model_1_multimer_v3_pred_2": 530.3820445537567,
    "relax_model_1_multimer_v3_pred_2": 91.32041621208191,
    "process_features_model_1_multimer_v3_pred_3": 3.5762786865234375e-06,
    "predict_and_compile_model_1_multimer_v3_pred_3": 532.6198711395264,
    "relax_model_1_multimer_v3_pred_3": 58.08683395385742,
    "process_features_model_1_multimer_v3_pred_4": 3.5762786865234375e-06,
    "predict_and_compile_model_1_multimer_v3_pred_4": 529.6757276058197,
    "relax_model_1_multimer_v3_pred_4": 58.62252449989319,
    "process_features_model_2_multimer_v3_pred_0": 3.5762786865234375e-06,
    "predict_and_compile_model_2_multimer_v3_pred_0": 684.5536842346191,
    "relax_model_2_multimer_v3_pred_0": 62.43261194229126,
    "process_features_model_2_multimer_v3_pred_1": 4.0531158447265625e-06,
    "predict_and_compile_model_2_multimer_v3_pred_1": 530.8880088329315,
    "relax_model_2_multimer_v3_pred_1": 59.47578454017639,
    "process_features_model_2_multimer_v3_pred_2": 2.86102294921875e-06,
    "predict_and_compile_model_2_multimer_v3_pred_2": 533.5198557376862,
    "relax_model_2_multimer_v3_pred_2": 72.11048913002014,
    "process_features_model_2_multimer_v3_pred_3": 3.337860107421875e-06,
    "predict_and_compile_model_2_multimer_v3_pred_3": 529.3352477550507,
    "relax_model_2_multimer_v3_pred_3": 58.39028787612915,
    "process_features_model_2_multimer_v3_pred_4": 3.337860107421875e-06,
    "predict_and_compile_model_2_multimer_v3_pred_4": 528.5079898834229,
    "relax_model_2_multimer_v3_pred_4": 79.03667855262756,
    "process_features_model_3_multimer_v3_pred_0": 4.291534423828125e-06,
    "predict_and_compile_model_3_multimer_v3_pred_0": 677.1528539657593,
    "relax_model_3_multimer_v3_pred_0": 61.853999853134155,
    "process_features_model_3_multimer_v3_pred_1": 3.5762786865234375e-06,
    "predict_and_compile_model_3_multimer_v3_pred_1": 378.64902806282043,
    "relax_model_3_multimer_v3_pred_1": 59.458455324172974,
    "process_features_model_3_multimer_v3_pred_2": 2.86102294921875e-06,
    "predict_and_compile_model_3_multimer_v3_pred_2": 528.859546661377,
    "relax_model_3_multimer_v3_pred_2": 58.259843587875366,
    "process_features_model_3_multimer_v3_pred_3": 3.337860107421875e-06,
    "predict_and_compile_model_3_multimer_v3_pred_3": 529.2959721088409,
    "relax_model_3_multimer_v3_pred_3": 57.98772120475769,
    "process_features_model_3_multimer_v3_pred_4": 4.0531158447265625e-06,
    "predict_and_compile_model_3_multimer_v3_pred_4": 328.14477825164795,
    "relax_model_3_multimer_v3_pred_4": 58.901190519332886,
    "process_features_model_4_multimer_v3_pred_0": 2.384185791015625e-06,
    "predict_and_compile_model_4_multimer_v3_pred_0": 676.8282866477966,
    "relax_model_4_multimer_v3_pred_0": 59.468759536743164,
    "process_features_model_4_multimer_v3_pred_1": 4.5299530029296875e-06,
    "predict_and_compile_model_4_multimer_v3_pred_1": 521.9172461032867,
    "relax_model_4_multimer_v3_pred_1": 62.38591194152832,
    "process_features_model_4_multimer_v3_pred_2": 3.0994415283203125e-06,
    "predict_and_compile_model_4_multimer_v3_pred_2": 524.0158977508545,
    "relax_model_4_multimer_v3_pred_2": 64.92886447906494,
    "process_features_model_4_multimer_v3_pred_3": 2.86102294921875e-06,
    "predict_and_compile_model_4_multimer_v3_pred_3": 523.8792176246643,
    "relax_model_4_multimer_v3_pred_3": 62.6437463760376,
    "process_features_model_4_multimer_v3_pred_4": 3.814697265625e-06,
    "predict_and_compile_model_4_multimer_v3_pred_4": 527.6077003479004,
    "relax_model_4_multimer_v3_pred_4": 66.93484449386597,
    "process_features_model_5_multimer_v3_pred_0": 3.337860107421875e-06,
    "predict_and_compile_model_5_multimer_v3_pred_0": 673.4446136951447,
    "relax_model_5_multimer_v3_pred_0": 57.30456042289734,
    "process_features_model_5_multimer_v3_pred_1": 3.5762786865234375e-06,
    "predict_and_compile_model_5_multimer_v3_pred_1": 528.3345627784729,
    "relax_model_5_multimer_v3_pred_1": 36.86761975288391,
    "process_features_model_5_multimer_v3_pred_2": 3.814697265625e-06,
    "predict_and_compile_model_5_multimer_v3_pred_2": 521.3497285842896,
    "relax_model_5_multimer_v3_pred_2": 42.28712749481201,
    "process_features_model_5_multimer_v3_pred_3": 3.337860107421875e-06,
    "predict_and_compile_model_5_multimer_v3_pred_3": 523.9144141674042,
    "relax_model_5_multimer_v3_pred_3": 36.88857650756836,
    "process_features_model_5_multimer_v3_pred_4": 3.337860107421875e-06,
    "predict_and_compile_model_5_multimer_v3_pred_4": 527.2017769813538,
    "relax_model_5_multimer_v3_pred_4": 51.9437620639801
}