seed,sample,ranking_score
1,0,0.7369530942795847
1,1,0.7474713215109496
1,2,0.7129595960832316
1,3,0.6972249532351915
1,4,0.7389659933668512
