seed,sample,ranking_score
1,0,0.3074247864630677
1,1,0.30421051474272565
1,2,0.3000898438838889
1,3,0.27673318054889984
1,4,0.30408442919394574
