{
    "features": 0.1720728874206543,
    "process_features_model_1_multimer_v3_pred_0": 5.4836273193359375e-06,
    "predict_and_compile_model_1_multimer_v3_pred_0": 693.1466202735901,
    "predict_benchmark_model_1_multimer_v3_pred_0": 534.4975428581238,
    "process_features_model_2_multimer_v3_pred_0": 4.291534423828125e-06,
    "predict_and_compile_model_2_multimer_v3_pred_0": 586.0567140579224,
    "predict_benchmark_model_2_multimer_v3_pred_0": 433.5394070148468,
    "process_features_model_3_multimer_v3_pred_0": 4.291534423828125e-06,
    "predict_and_compile_model_3_multimer_v3_pred_0": 690.0744049549103,
    "predict_benchmark_model_3_multimer_v3_pred_0": 535.6098136901855,
    "process_features_model_4_multimer_v3_pred_0": 5.245208740234375e-06,
    "predict_and_compile_model_4_multimer_v3_pred_0": 677.5310759544373,
    "predict_benchmark_model_4_multimer_v3_pred_0": 522.0036625862122,
    "process_features_model_5_multimer_v3_pred_0": 5.0067901611328125e-06,
    "predict_and_compile_model_5_multimer_v3_pred_0": 675.4981608390808,
    "predict_benchmark_model_5_multimer_v3_pred_0": 522.6300585269928
}