seed,sample,ranking_score
1,0,0.9714134601525491
1,1,0.9556067336268251
1,2,0.9544706893922201
1,3,0.9705323971960169
1,4,0.9628119388297266
