{
    "features": 0.6433262825012207,
    "process_features_model_1_multimer_v3_pred_0": 5.7220458984375e-06,
    "predict_and_compile_model_1_multimer_v3_pred_0": 157.13105487823486,
    "predict_benchmark_model_1_multimer_v3_pred_0": 76.37140154838562,
    "process_features_model_2_multimer_v3_pred_0": 1.9073486328125e-05,
    "predict_and_compile_model_2_multimer_v3_pred_0": 117.43063926696777,
    "predict_benchmark_model_2_multimer_v3_pred_0": 32.68249988555908,
    "process_features_model_3_multimer_v3_pred_0": 1.0013580322265625e-05,
    "predict_and_compile_model_3_multimer_v3_pred_0": 198.89908003807068,
    "predict_benchmark_model_3_multimer_v3_pred_0": 114.09783291816711,
    "process_features_model_4_multimer_v3_pred_0": 1.9311904907226562e-05,
    "predict_and_compile_model_4_multimer_v3_pred_0": 195.98582243919373,
    "predict_benchmark_model_4_multimer_v3_pred_0": 112.35948920249939,
    "process_features_model_5_multimer_v3_pred_0": 7.3909759521484375e-06,
    "predict_and_compile_model_5_multimer_v3_pred_0": 194.2975447177887,
    "predict_benchmark_model_5_multimer_v3_pred_0": 112.00134372711182
}