seed,sample,ranking_score
1,0,0.5695671195842501
1,1,0.5871972100762906
1,2,0.5252956119697614
1,3,0.5718565127822677
1,4,0.5264258317308529
