seed,sample,ranking_score
1,0,0.4948703157188357
1,1,0.7537769509854031
1,2,0.7854692729197021
1,3,0.7705735856177933
1,4,0.7480932325742853
