{
    "iptm+ptm": {
        "model_1_multimer_v3_pred_0": 0.8855130200907284,
        "model_1_multimer_v3_pred_1": 0.8864661951927398,
        "model_1_multimer_v3_pred_2": 0.8846954910469937,
        "model_1_multimer_v3_pred_3": 0.8858337550411022,
        "model_1_multimer_v3_pred_4": 0.8865700056779309,
        "model_2_multimer_v3_pred_0": 0.8892075547609428,
        "model_2_multimer_v3_pred_1": 0.8888101119814483,
        "model_2_multimer_v3_pred_2": 0.8888602058129343,
        "model_2_multimer_v3_pred_3": 0.8879023220598555,
        "model_2_multimer_v3_pred_4": 0.8876946326113331,
        "model_3_multimer_v3_pred_0": 0.8856812497928147,
        "model_3_multimer_v3_pred_1": 0.8879278969065706,
        "model_3_multimer_v3_pred_2": 0.8859530554015229,
        "model_3_multimer_v3_pred_3": 0.8862772658611958,
        "model_3_multimer_v3_pred_4": 0.8856615279182692,
        "model_4_multimer_v3_pred_0": 0.8917498185378461,
        "model_4_multimer_v3_pred_1": 0.8915631803166337,
        "model_4_multimer_v3_pred_2": 0.8911296981471825,
        "model_4_multimer_v3_pred_3": 0.8909099366237231,
        "model_4_multimer_v3_pred_4": 0.8912892569215191,
        "model_5_multimer_v3_pred_0": 0.8908196324907969,
        "model_5_multimer_v3_pred_1": 0.8899423376704546,
        "model_5_multimer_v3_pred_2": 0.8904754384430551,
        "model_5_multimer_v3_pred_3": 0.8905733593705883,
        "model_5_multimer_v3_pred_4": 0.8905224929405392
    },
    "order": [
        "model_4_multimer_v3_pred_0",
        "model_4_multimer_v3_pred_1",
        "model_4_multimer_v3_pred_4",
        "model_4_multimer_v3_pred_2",
        "model_4_multimer_v3_pred_3",
        "model_5_multimer_v3_pred_0",
        "model_5_multimer_v3_pred_3",
        "model_5_multimer_v3_pred_4",
        "model_5_multimer_v3_pred_2",
        "model_5_multimer_v3_pred_1",
        "model_2_multimer_v3_pred_0",
        "model_2_multimer_v3_pred_2",
        "model_2_multimer_v3_pred_1",
        "model_3_multimer_v3_pred_1",
        "model_2_multimer_v3_pred_3",
        "model_2_multimer_v3_pred_4",
        "model_1_multimer_v3_pred_4",
        "model_1_multimer_v3_pred_1",
        "model_3_multimer_v3_pred_3",
        "model_3_multimer_v3_pred_2",
        "model_1_multimer_v3_pred_3",
        "model_3_multimer_v3_pred_0",
        "model_3_multimer_v3_pred_4",
        "model_1_multimer_v3_pred_0",
        "model_1_multimer_v3_pred_2"
    ]
}