seed,sample,ranking_score
1,0,0.5402682838213323
1,1,0.5327312844087113
1,2,0.5367194140618146
1,3,0.5595594112771078
1,4,0.5428682676352323
