seed,sample,ranking_score
1,0,0.3401602633041532
1,1,0.2978390619936498
1,2,0.3201476799444661
1,3,0.33266427149512645
1,4,0.3134983342480637
