seed,sample,ranking_score
3,0,0.8943588277310454
3,1,0.8940802577559315
3,2,0.8956281936893862
3,3,0.8780010376566242
3,4,0.8983055072776924
