seed,sample,ranking_score
5,0,0.8692555582687567
5,1,0.8621749977130907
5,2,0.8705392166448959
5,3,0.8688385686369293
5,4,0.8518441605613541
