{
    "features": 0.01474761962890625,
    "process_features_model_1_multimer_v3_pred_0": 3.5762786865234375e-06,
    "predict_and_compile_model_1_multimer_v3_pred_0": 504.5044677257538,
    "relax_model_1_multimer_v3_pred_0": 41.24263310432434,
    "process_features_model_1_multimer_v3_pred_1": 4.291534423828125e-06,
    "predict_and_compile_model_1_multimer_v3_pred_1": 174.0262200832367,
    "relax_model_1_multimer_v3_pred_1": 77.590008020401,
    "process_features_model_1_multimer_v3_pred_2": 3.814697265625e-06,
    "predict_and_compile_model_1_multimer_v3_pred_2": 232.37944269180298,
    "relax_model_1_multimer_v3_pred_2": 38.17893576622009,
    "process_features_model_1_multimer_v3_pred_3": 4.5299530029296875e-06,
    "predict_and_compile_model_1_multimer_v3_pred_3": 212.9150083065033,
    "relax_model_1_multimer_v3_pred_3": 39.516019344329834,
    "process_features_model_1_multimer_v3_pred_4": 4.0531158447265625e-06,
    "predict_and_compile_model_1_multimer_v3_pred_4": 406.0573961734772,
    "relax_model_1_multimer_v3_pred_4": 35.88045406341553,
    "process_features_model_2_multimer_v3_pred_0": 4.291534423828125e-06,
    "predict_and_compile_model_2_multimer_v3_pred_0": 418.5624554157257,
    "relax_model_2_multimer_v3_pred_0": 36.60389256477356,
    "process_features_model_2_multimer_v3_pred_1": 4.0531158447265625e-06,
    "predict_and_compile_model_2_multimer_v3_pred_1": 405.36398673057556,
    "relax_model_2_multimer_v3_pred_1": 34.35983657836914,
    "process_features_model_2_multimer_v3_pred_2": 3.814697265625e-06,
    "predict_and_compile_model_2_multimer_v3_pred_2": 232.62554931640625,
    "relax_model_2_multimer_v3_pred_2": 37.646798849105835,
    "process_features_model_2_multimer_v3_pred_3": 3.5762786865234375e-06,
    "predict_and_compile_model_2_multimer_v3_pred_3": 405.73285460472107,
    "relax_model_2_multimer_v3_pred_3": 38.96492385864258,
    "process_features_model_2_multimer_v3_pred_4": 3.814697265625e-06,
    "predict_and_compile_model_2_multimer_v3_pred_4": 270.70093178749084,
    "relax_model_2_multimer_v3_pred_4": 36.244590520858765,
    "process_features_model_3_multimer_v3_pred_0": 3.814697265625e-06,
    "predict_and_compile_model_3_multimer_v3_pred_0": 441.5340940952301,
    "relax_model_3_multimer_v3_pred_0": 37.87838339805603,
    "process_features_model_3_multimer_v3_pred_1": 3.5762786865234375e-06,
    "predict_and_compile_model_3_multimer_v3_pred_1": 135.61247372627258,
    "relax_model_3_multimer_v3_pred_1": 39.84808588027954,
    "process_features_model_3_multimer_v3_pred_2": 5.245208740234375e-06,
    "predict_and_compile_model_3_multimer_v3_pred_2": 174.1750385761261,
    "relax_model_3_multimer_v3_pred_2": 39.04015779495239,
    "process_features_model_3_multimer_v3_pred_3": 4.291534423828125e-06,
    "predict_and_compile_model_3_multimer_v3_pred_3": 193.5797460079193,
    "relax_model_3_multimer_v3_pred_3": 39.77177333831787,
    "process_features_model_3_multimer_v3_pred_4": 4.291534423828125e-06,
    "predict_and_compile_model_3_multimer_v3_pred_4": 289.64448285102844,
    "relax_model_3_multimer_v3_pred_4": 52.19927954673767,
    "process_features_model_4_multimer_v3_pred_0": 4.0531158447265625e-06,
    "predict_and_compile_model_4_multimer_v3_pred_0": 327.59897565841675,
    "relax_model_4_multimer_v3_pred_0": 35.69670510292053,
    "process_features_model_4_multimer_v3_pred_1": 3.814697265625e-06,
    "predict_and_compile_model_4_multimer_v3_pred_1": 395.47132325172424,
    "relax_model_4_multimer_v3_pred_1": 35.568140745162964,
    "process_features_model_4_multimer_v3_pred_2": 3.5762786865234375e-06,
    "predict_and_compile_model_4_multimer_v3_pred_2": 396.1117389202118,
    "relax_model_4_multimer_v3_pred_2": 51.73081016540527,
    "process_features_model_4_multimer_v3_pred_3": 3.5762786865234375e-06,
    "predict_and_compile_model_4_multimer_v3_pred_3": 396.1814458370209,
    "relax_model_4_multimer_v3_pred_3": 40.965311765670776,
    "process_features_model_4_multimer_v3_pred_4": 3.814697265625e-06,
    "predict_and_compile_model_4_multimer_v3_pred_4": 113.55698943138123,
    "relax_model_4_multimer_v3_pred_4": 35.9029700756073,
    "process_features_model_5_multimer_v3_pred_0": 4.291534423828125e-06,
    "predict_and_compile_model_5_multimer_v3_pred_0": 561.7406296730042,
    "relax_model_5_multimer_v3_pred_0": 36.1758086681366,
    "process_features_model_5_multimer_v3_pred_1": 3.337860107421875e-06,
    "predict_and_compile_model_5_multimer_v3_pred_1": 396.1300013065338,
    "relax_model_5_multimer_v3_pred_1": 38.24335336685181,
    "process_features_model_5_multimer_v3_pred_2": 9.298324584960938e-06,
    "predict_and_compile_model_5_multimer_v3_pred_2": 396.6917085647583,
    "relax_model_5_multimer_v3_pred_2": 49.51109600067139,
    "process_features_model_5_multimer_v3_pred_3": 4.291534423828125e-06,
    "predict_and_compile_model_5_multimer_v3_pred_3": 395.8347795009613,
    "relax_model_5_multimer_v3_pred_3": 36.452863931655884,
    "process_features_model_5_multimer_v3_pred_4": 4.5299530029296875e-06,
    "predict_and_compile_model_5_multimer_v3_pred_4": 395.37999153137207,
    "relax_model_5_multimer_v3_pred_4": 39.12838053703308
}