{
    "features": 0.02449202537536621,
    "process_features_model_1_multimer_v3_pred_0": 3.5762786865234375e-06,
    "predict_and_compile_model_1_multimer_v3_pred_0": 281.6982123851776,
    "predict_benchmark_model_1_multimer_v3_pred_0": 161.79980540275574,
    "process_features_model_2_multimer_v3_pred_0": 4.00543212890625e-05,
    "predict_and_compile_model_2_multimer_v3_pred_0": 286.3186728954315,
    "predict_benchmark_model_2_multimer_v3_pred_0": 161.72197937965393,
    "process_features_model_3_multimer_v3_pred_0": 2.1696090698242188e-05,
    "predict_and_compile_model_3_multimer_v3_pred_0": 265.3896360397339,
    "predict_benchmark_model_3_multimer_v3_pred_0": 163.24725937843323,
    "process_features_model_4_multimer_v3_pred_0": 2.2649765014648438e-05,
    "predict_and_compile_model_4_multimer_v3_pred_0": 256.576375246048,
    "predict_benchmark_model_4_multimer_v3_pred_0": 157.8735363483429,
    "process_features_model_5_multimer_v3_pred_0": 2.2411346435546875e-05,
    "predict_and_compile_model_5_multimer_v3_pred_0": 273.85235500335693,
    "predict_benchmark_model_5_multimer_v3_pred_0": 157.72412419319153
}