seed,sample,ranking_score
1,0,0.5721694794803971
1,1,0.555364747655185
1,2,0.5794959124856685
1,3,0.5832656938298899
1,4,0.5459579277459977
