seed,sample,ranking_score
1,0,0.8578843632373137
1,1,0.8724616609286107
1,2,0.8805142127971308
1,3,0.8590232559649558
1,4,0.8572507864625373
