seed,sample,ranking_score
1,0,0.7051346007626739
1,1,0.6877239916442588
1,2,0.6494663925388094
1,3,0.6594978296563521
1,4,0.6479833549296674
