seed,sample,ranking_score
1,0,0.25624765243645986
1,1,0.26178547960937687
1,2,0.2600559865395255
1,3,0.2611668510166544
1,4,0.25039825960714845
