seed,sample,ranking_score
1,0,0.5612506089377358
1,1,0.5289686174625995
1,2,0.5472347079191068
1,3,0.55217065327832
1,4,0.5256083909508854
