{
    "features": 0.01777791976928711,
    "process_features_model_1_multimer_v3_pred_0": 3.337860107421875e-06,
    "predict_and_compile_model_1_multimer_v3_pred_0": 125.76625561714172,
    "predict_benchmark_model_1_multimer_v3_pred_0": 47.89043307304382,
    "process_features_model_2_multimer_v3_pred_0": 2.1457672119140625e-05,
    "predict_and_compile_model_2_multimer_v3_pred_0": 135.36271595954895,
    "predict_benchmark_model_2_multimer_v3_pred_0": 57.359426975250244,
    "process_features_model_3_multimer_v3_pred_0": 1.9311904907226562e-05,
    "predict_and_compile_model_3_multimer_v3_pred_0": 179.36092853546143,
    "predict_benchmark_model_3_multimer_v3_pred_0": 101.15479850769043,
    "process_features_model_4_multimer_v3_pred_0": 3.504753112792969e-05,
    "predict_and_compile_model_4_multimer_v3_pred_0": 183.91353487968445,
    "predict_benchmark_model_4_multimer_v3_pred_0": 98.21910381317139,
    "process_features_model_5_multimer_v3_pred_0": 1.8835067749023438e-05,
    "predict_and_compile_model_5_multimer_v3_pred_0": 113.83020186424255,
    "predict_benchmark_model_5_multimer_v3_pred_0": 32.690762519836426
}