seed,sample,ranking_score
1,0,0.9300719109688006
1,1,0.9287052956829999
1,2,0.9358772641202362
1,3,0.9291743252568448
1,4,0.9269180621395153
