seed,sample,ranking_score
1,0,0.7393585820278805
1,1,0.7547478907004457
1,2,0.7372323268713358
1,3,0.733391026472384
1,4,0.7323293490219711
