seed,sample,ranking_score
1,0,0.8212689321592639
1,1,0.8585022823460772
1,2,0.7989246110560594
1,3,0.8596980634272511
1,4,0.8422822130057686
