seed,sample,ranking_score
1,0,0.2862924211022184
1,1,0.27751001959390587
1,2,0.28276801888655684
1,3,0.28199727533515906
1,4,0.301177480850504
