seed,sample,ranking_score
1,0,0.9226629401517326
1,1,0.9222737232307667
1,2,0.9253172895459237
1,3,0.9244388399462151
1,4,0.9271736391700607
