seed,sample,ranking_score
3,0,0.8819361693914279
3,1,0.8845145270038994
3,2,0.898691523218011
3,3,0.8915972054625967
3,4,0.8830846031304009
