seed,sample,ranking_score
1,0,0.5804522217526771
1,1,0.6273767977475364
1,2,0.6397526586750111
1,3,0.61733744651281
1,4,0.6362651240843357
