seed,sample,ranking_score
1,0,0.6013961967378566
1,1,0.6083845725208826
1,2,0.6136451304509959
1,3,0.6205756577015286
1,4,0.6005706952568942
