seed,sample,ranking_score
1,0,0.45104320904772455
1,1,0.4433420809315033
1,2,0.41069883192495166
1,3,0.459028940416897
1,4,0.4539727707253832
