seed,sample,ranking_score
1,0,0.8254086109440628
1,1,0.827049095292233
1,2,0.8305821423707516
1,3,0.819844085547834
1,4,0.8341438427895369
