seed,sample,ranking_score
1,0,0.9797826801269388
1,1,0.9777200362394949
1,2,0.9776076682294442
1,3,0.9794453691087239
1,4,0.9683012287442683
