seed,sample,ranking_score
5,0,0.8109680216782429
5,1,0.8131756021211194
5,2,0.8083806350487883
5,3,0.8193347432289011
5,4,0.8481379091185486
