seed,sample,ranking_score
1,0,0.5253876483792873
1,1,0.54889921708424
1,2,0.4925279913331241
1,3,0.5278973785774957
1,4,0.5240003549568347
