seed,sample,ranking_score
1,0,0.34561966935694227
1,1,0.3400536832737737
1,2,0.32821138347122475
1,3,0.32305421252691346
1,4,0.31682867269493614
