seed,sample,ranking_score
1,0,0.5152743558918746
1,1,0.5398308253080523
1,2,0.5244945646330176
1,3,0.4836361353976061
1,4,0.4939196385825045
