{
    "iptm+ptm": {
        "model_1_multimer_v3_pred_0": 0.6256446223357087,
        "model_2_multimer_v3_pred_0": 0.6204255088153712,
        "model_3_multimer_v3_pred_0": 0.6789079948498344,
        "model_4_multimer_v3_pred_0": 0.7129210694023047,
        "model_5_multimer_v3_pred_0": 0.6962981839130393
    },
    "order": [
        "model_4_multimer_v3_pred_0",
        "model_5_multimer_v3_pred_0",
        "model_3_multimer_v3_pred_0",
        "model_1_multimer_v3_pred_0",
        "model_2_multimer_v3_pred_0"
    ]
}