seed,sample,ranking_score
1,0,0.5117002814826602
1,1,0.48556887055283937
1,2,0.5111556461527594
1,3,0.5346225595518934
1,4,0.510819076925803
