seed,sample,ranking_score
1,0,0.8757333812311354
1,1,0.8801485619595786
1,2,0.8717973989737123
1,3,0.8754573013850669
1,4,0.8688622646094828
