seed,sample,ranking_score
4,0,0.8662105720046462
4,1,0.8602408567660462
4,2,0.8727485217192597
4,3,0.8698016026958317
4,4,0.8643197216204108
