seed,sample,ranking_score
1,0,0.9102503322169652
1,1,0.9133992672566957
1,2,0.9142793734323015
1,3,0.8158999964758178
1,4,0.9165978185160375
