seed,sample,ranking_score
1,0,0.5394466960442028
1,1,0.571207949369958
1,2,0.5394670750871452
1,3,0.5132133746238214
1,4,0.5539103721053753
