seed,sample,ranking_score
1,0,0.9475028988461088
1,1,0.9691130775918884
1,2,0.9547282757250498
1,3,0.9608885011937842
1,4,0.9577722304166246
