seed,sample,ranking_score
1,0,0.6630049985511867
1,1,0.6690531946960736
1,2,0.6751319423086504
1,3,0.6574887883245868
1,4,0.6549766508209682
