seed,sample,ranking_score
1,0,0.6653780161051895
1,1,0.6673473634563509
1,2,0.6627424180919387
1,3,0.6855216201859671
1,4,0.6784659239151344
