seed,sample,ranking_score
1,0,0.7167749187243293
1,1,0.729647433831327
1,2,0.6123869199896959
1,3,0.7042920890124981
1,4,0.7214220102641787
