{
    "features": 0.5172646045684814,
    "process_features_model_1_multimer_v3_pred_0": 5.245208740234375e-06,
    "predict_and_compile_model_1_multimer_v3_pred_0": 237.21450924873352,
    "predict_benchmark_model_1_multimer_v3_pred_0": 155.67062497138977,
    "process_features_model_2_multimer_v3_pred_0": 6.4373016357421875e-06,
    "predict_and_compile_model_2_multimer_v3_pred_0": 237.1752734184265,
    "predict_benchmark_model_2_multimer_v3_pred_0": 155.32464623451233,
    "process_features_model_3_multimer_v3_pred_0": 2.574920654296875e-05,
    "predict_and_compile_model_3_multimer_v3_pred_0": 245.048814535141,
    "predict_benchmark_model_3_multimer_v3_pred_0": 155.67251753807068,
    "process_features_model_4_multimer_v3_pred_0": 3.0040740966796875e-05,
    "predict_and_compile_model_4_multimer_v3_pred_0": 238.46458292007446,
    "predict_benchmark_model_4_multimer_v3_pred_0": 152.6940586566925,
    "process_features_model_5_multimer_v3_pred_0": 1.0967254638671875e-05,
    "predict_and_compile_model_5_multimer_v3_pred_0": 238.5627360343933,
    "predict_benchmark_model_5_multimer_v3_pred_0": 152.80867433547974
}