seed,sample,ranking_score
1,0,0.7960841392794318
1,1,0.7960554166966245
1,2,0.8285101349210978
1,3,0.8315020502531316
1,4,0.7972748213156108
