{
    "features": 0.5945529937744141,
    "process_features_model_1_multimer_v3_pred_0": 6.67572021484375e-06,
    "predict_and_compile_model_1_multimer_v3_pred_0": 327.8420250415802,
    "predict_benchmark_model_1_multimer_v3_pred_0": 209.22433495521545,
    "process_features_model_2_multimer_v3_pred_0": 2.5033950805664062e-05,
    "predict_and_compile_model_2_multimer_v3_pred_0": 319.78271079063416,
    "predict_benchmark_model_2_multimer_v3_pred_0": 208.71081447601318,
    "process_features_model_3_multimer_v3_pred_0": 2.1696090698242188e-05,
    "predict_and_compile_model_3_multimer_v3_pred_0": 330.2179527282715,
    "predict_benchmark_model_3_multimer_v3_pred_0": 209.28116154670715,
    "process_features_model_4_multimer_v3_pred_0": 4.172325134277344e-05,
    "predict_and_compile_model_4_multimer_v3_pred_0": 321.46642303466797,
    "predict_benchmark_model_4_multimer_v3_pred_0": 202.33198499679565,
    "process_features_model_5_multimer_v3_pred_0": 1.1682510375976562e-05,
    "predict_and_compile_model_5_multimer_v3_pred_0": 321.40577483177185,
    "predict_benchmark_model_5_multimer_v3_pred_0": 202.11528277397156
}