{
    "features": 0.004558086395263672,
    "process_features_model_1_multimer_v3_pred_0": 3.5762786865234375e-06,
    "predict_and_compile_model_1_multimer_v3_pred_0": 161.89291429519653,
    "relax_model_1_multimer_v3_pred_0": 18.45041060447693,
    "process_features_model_1_multimer_v3_pred_1": 3.814697265625e-06,
    "predict_and_compile_model_1_multimer_v3_pred_1": 24.408081531524658,
    "relax_model_1_multimer_v3_pred_1": 16.4407000541687,
    "process_features_model_1_multimer_v3_pred_2": 3.0994415283203125e-06,
    "predict_and_compile_model_1_multimer_v3_pred_2": 29.201780557632446,
    "relax_model_1_multimer_v3_pred_2": 16.17530846595764,
    "process_features_model_1_multimer_v3_pred_3": 3.0994415283203125e-06,
    "predict_and_compile_model_1_multimer_v3_pred_3": 24.46753215789795,
    "relax_model_1_multimer_v3_pred_3": 17.25684118270874,
    "process_features_model_1_multimer_v3_pred_4": 2.86102294921875e-06,
    "predict_and_compile_model_1_multimer_v3_pred_4": 24.413929224014282,
    "relax_model_1_multimer_v3_pred_4": 16.210397005081177,
    "process_features_model_2_multimer_v3_pred_0": 3.0994415283203125e-06,
    "predict_and_compile_model_2_multimer_v3_pred_0": 138.4997968673706,
    "relax_model_2_multimer_v3_pred_0": 25.300069570541382,
    "process_features_model_2_multimer_v3_pred_1": 3.0994415283203125e-06,
    "predict_and_compile_model_2_multimer_v3_pred_1": 24.401897192001343,
    "relax_model_2_multimer_v3_pred_1": 16.181764364242554,
    "process_features_model_2_multimer_v3_pred_2": 3.0994415283203125e-06,
    "predict_and_compile_model_2_multimer_v3_pred_2": 34.063894748687744,
    "relax_model_2_multimer_v3_pred_2": 15.742439031600952,
    "process_features_model_2_multimer_v3_pred_3": 3.0994415283203125e-06,
    "predict_and_compile_model_2_multimer_v3_pred_3": 19.585227489471436,
    "relax_model_2_multimer_v3_pred_3": 15.827589988708496,
    "process_features_model_2_multimer_v3_pred_4": 3.337860107421875e-06,
    "predict_and_compile_model_2_multimer_v3_pred_4": 29.723199129104614,
    "relax_model_2_multimer_v3_pred_4": 31.459775686264038,
    "process_features_model_3_multimer_v3_pred_0": 4.0531158447265625e-06,
    "predict_and_compile_model_3_multimer_v3_pred_0": 149.35057306289673,
    "relax_model_3_multimer_v3_pred_0": 16.27082133293152,
    "process_features_model_3_multimer_v3_pred_1": 2.86102294921875e-06,
    "predict_and_compile_model_3_multimer_v3_pred_1": 48.06497764587402,
    "relax_model_3_multimer_v3_pred_1": 26.483744859695435,
    "process_features_model_3_multimer_v3_pred_2": 3.5762786865234375e-06,
    "predict_and_compile_model_3_multimer_v3_pred_2": 59.56893610954285,
    "relax_model_3_multimer_v3_pred_2": 16.249927759170532,
    "process_features_model_3_multimer_v3_pred_3": 3.0994415283203125e-06,
    "predict_and_compile_model_3_multimer_v3_pred_3": 51.11741018295288,
    "relax_model_3_multimer_v3_pred_3": 16.753154516220093,
    "process_features_model_3_multimer_v3_pred_4": 3.0994415283203125e-06,
    "predict_and_compile_model_3_multimer_v3_pred_4": 62.93043851852417,
    "relax_model_3_multimer_v3_pred_4": 16.78501534461975,
    "process_features_model_4_multimer_v3_pred_0": 3.0994415283203125e-06,
    "predict_and_compile_model_4_multimer_v3_pred_0": 167.41553163528442,
    "relax_model_4_multimer_v3_pred_0": 16.25800657272339,
    "process_features_model_4_multimer_v3_pred_1": 3.0994415283203125e-06,
    "predict_and_compile_model_4_multimer_v3_pred_1": 42.97931122779846,
    "relax_model_4_multimer_v3_pred_1": 20.281764268875122,
    "process_features_model_4_multimer_v3_pred_2": 1.2636184692382812e-05,
    "predict_and_compile_model_4_multimer_v3_pred_2": 33.43217897415161,
    "relax_model_4_multimer_v3_pred_2": 15.702495336532593,
    "process_features_model_4_multimer_v3_pred_3": 3.0994415283203125e-06,
    "predict_and_compile_model_4_multimer_v3_pred_3": 28.688167095184326,
    "relax_model_4_multimer_v3_pred_3": 16.02358055114746,
    "process_features_model_4_multimer_v3_pred_4": 2.86102294921875e-06,
    "predict_and_compile_model_4_multimer_v3_pred_4": 30.62718367576599,
    "relax_model_4_multimer_v3_pred_4": 15.833096027374268,
    "process_features_model_5_multimer_v3_pred_0": 3.337860107421875e-06,
    "predict_and_compile_model_5_multimer_v3_pred_0": 192.61762356758118,
    "relax_model_5_multimer_v3_pred_0": 19.766727447509766,
    "process_features_model_5_multimer_v3_pred_1": 2.86102294921875e-06,
    "predict_and_compile_model_5_multimer_v3_pred_1": 28.729856252670288,
    "relax_model_5_multimer_v3_pred_1": 16.407676219940186,
    "process_features_model_5_multimer_v3_pred_2": 3.0994415283203125e-06,
    "predict_and_compile_model_5_multimer_v3_pred_2": 50.99163770675659,
    "relax_model_5_multimer_v3_pred_2": 18.293111324310303,
    "process_features_model_5_multimer_v3_pred_3": 3.0994415283203125e-06,
    "predict_and_compile_model_5_multimer_v3_pred_3": 33.5046911239624,
    "relax_model_5_multimer_v3_pred_3": 26.454655408859253,
    "process_features_model_5_multimer_v3_pred_4": 2.86102294921875e-06,
    "predict_and_compile_model_5_multimer_v3_pred_4": 33.56193828582764,
    "relax_model_5_multimer_v3_pred_4": 30.91146755218506
}