seed,sample,ranking_score
1,0,0.9208449685285318
1,1,0.9225529736612049
1,2,0.9107146086656167
1,3,0.9261397884877516
1,4,0.9178271986582008
