seed,sample,ranking_score
1,0,0.2845071651271648
1,1,0.319676096221297
1,2,0.2881675244118185
1,3,0.3497943482769963
1,4,0.2924539016267079
