seed,sample,ranking_score
1,0,0.485853546610416
1,1,0.440623076214182
1,2,0.4408676311785436
1,3,0.42996782625733165
1,4,0.4298337056881645
