seed,sample,ranking_score
1,0,0.5224821014770847
1,1,0.5196967989734207
1,2,0.4938137917342438
1,3,0.5103556722248167
1,4,0.5261541675434158
