{
    "features": 0.3427753448486328,
    "process_features_model_1_multimer_v3_pred_0": 5.0067901611328125e-06,
    "predict_and_compile_model_1_multimer_v3_pred_0": 551.9885323047638,
    "predict_benchmark_model_1_multimer_v3_pred_0": 431.38186860084534,
    "process_features_model_2_multimer_v3_pred_0": 3.5762786865234375e-06,
    "predict_and_compile_model_2_multimer_v3_pred_0": 545.0536897182465,
    "predict_benchmark_model_2_multimer_v3_pred_0": 431.42006516456604,
    "process_features_model_3_multimer_v3_pred_0": 4.0531158447265625e-06,
    "predict_and_compile_model_3_multimer_v3_pred_0": 546.5991380214691,
    "predict_benchmark_model_3_multimer_v3_pred_0": 433.79497957229614,
    "process_features_model_4_multimer_v3_pred_0": 3.5762786865234375e-06,
    "predict_and_compile_model_4_multimer_v3_pred_0": 541.4861967563629,
    "predict_benchmark_model_4_multimer_v3_pred_0": 421.2457275390625,
    "process_features_model_5_multimer_v3_pred_0": 3.814697265625e-06,
    "predict_and_compile_model_5_multimer_v3_pred_0": 538.775514125824,
    "predict_benchmark_model_5_multimer_v3_pred_0": 420.6858992576599
}