seed,sample,ranking_score
1,0,0.5417790246276611
1,1,0.5263588573834391
1,2,0.5364260693149974
1,3,0.530678550774698
1,4,0.5405121058171068
