{
    "features": 0.0199739933013916,
    "process_features_model_1_multimer_v3_pred_0": 2.86102294921875e-06,
    "predict_and_compile_model_1_multimer_v3_pred_0": 238.70654845237732,
    "predict_benchmark_model_1_multimer_v3_pred_0": 151.99637126922607,
    "process_features_model_2_multimer_v3_pred_0": 3.5762786865234375e-05,
    "predict_and_compile_model_2_multimer_v3_pred_0": 309.5408766269684,
    "predict_benchmark_model_2_multimer_v3_pred_0": 227.60862755775452,
    "process_features_model_3_multimer_v3_pred_0": 1.6689300537109375e-05,
    "predict_and_compile_model_3_multimer_v3_pred_0": 308.6119382381439,
    "predict_benchmark_model_3_multimer_v3_pred_0": 227.58040285110474,
    "process_features_model_4_multimer_v3_pred_0": 3.695487976074219e-05,
    "predict_and_compile_model_4_multimer_v3_pred_0": 309.34292006492615,
    "predict_benchmark_model_4_multimer_v3_pred_0": 223.8650608062744,
    "process_features_model_5_multimer_v3_pred_0": 3.743171691894531e-05,
    "predict_and_compile_model_5_multimer_v3_pred_0": 307.9054696559906,
    "predict_benchmark_model_5_multimer_v3_pred_0": 223.99436497688293
}