seed,sample,ranking_score
1,0,0.8260955938155058
1,1,0.8205454298390242
1,2,0.8141657054544806
1,3,0.8245395592463651
1,4,0.8322427517577504
