seed,sample,ranking_score
1,0,0.4610787486486949
1,1,0.5218807184318042
1,2,0.4457690576852028
1,3,0.45176160803320997
1,4,0.4619060283399661
