seed,sample,ranking_score
4,0,0.8805833996707444
4,1,0.8814929031558987
4,2,0.8772478110012869
4,3,0.8789798609925367
4,4,0.8733848052704503
