seed,sample,ranking_score
1,0,0.9238530327730532
1,1,0.9292460796437142
1,2,0.926551833934232
1,3,0.9411911911391744
1,4,0.934838289330267
