seed,sample,ranking_score
1,0,0.6013822582398504
1,1,0.5962519316488976
1,2,0.5855404871922038
1,3,0.600130771453682
1,4,0.5874576794586677
