seed,sample,ranking_score
1,0,0.6375549638430816
1,1,0.6330122256663435
1,2,0.6440632063681824
1,3,0.6157140281402238
1,4,0.632168298752795
