seed,sample,ranking_score
1,0,0.8643745459545887
1,1,0.8702714250898466
1,2,0.842231343234605
1,3,0.8619584945545762
1,4,0.8670114816000779
