seed,sample,ranking_score
1,0,0.5858724279037473
1,1,0.5950500678910856
1,2,0.5878455391319405
1,3,0.5864646391956054
1,4,0.591563941159196
