seed,sample,ranking_score
1,0,0.7454813213675758
1,1,0.7530644835839643
1,2,0.7656556910975316
1,3,0.7156301772298809
1,4,0.7411599011280734
