seed,sample,ranking_score
5,0,0.8042986766417394
5,1,0.8001900415972787
5,2,0.8030329009185102
5,3,0.7923389538166826
5,4,0.7952687770774496
