seed,sample,ranking_score
1,0,0.7984584276990989
1,1,0.8027809276930286
1,2,0.7967319241267321
1,3,0.7990691366725934
1,4,0.7969097399084641
