{
    "features": 0.015190601348876953,
    "process_features_model_1_multimer_v3_pred_0": 2.6226043701171875e-06,
    "predict_and_compile_model_1_multimer_v3_pred_0": 107.54217386245728,
    "predict_benchmark_model_1_multimer_v3_pred_0": 19.43753671646118,
    "process_features_model_2_multimer_v3_pred_0": 3.218650817871094e-05,
    "predict_and_compile_model_2_multimer_v3_pred_0": 109.67358136177063,
    "predict_benchmark_model_2_multimer_v3_pred_0": 27.097026824951172,
    "process_features_model_3_multimer_v3_pred_0": 1.1205673217773438e-05,
    "predict_and_compile_model_3_multimer_v3_pred_0": 104.63522171974182,
    "predict_benchmark_model_3_multimer_v3_pred_0": 19.36666178703308,
    "process_features_model_4_multimer_v3_pred_0": 1.7404556274414062e-05,
    "predict_and_compile_model_4_multimer_v3_pred_0": 103.97158575057983,
    "predict_benchmark_model_4_multimer_v3_pred_0": 18.985805988311768,
    "process_features_model_5_multimer_v3_pred_0": 1.7881393432617188e-05,
    "predict_and_compile_model_5_multimer_v3_pred_0": 111.17869734764099,
    "predict_benchmark_model_5_multimer_v3_pred_0": 22.811168909072876
}