seed,sample,ranking_score
1,0,0.7936057378742897
1,1,0.7820778495594627
1,2,0.7833257854140069
1,3,0.767456565564772
1,4,0.7876017842408863
