{
    "iptm+ptm": {
        "model_1_multimer_v3_pred_0": 0.8027229515706717,
        "model_1_multimer_v3_pred_1": 0.8064210964680965,
        "model_1_multimer_v3_pred_2": 0.7904184587496565,
        "model_1_multimer_v3_pred_3": 0.7991527824433379,
        "model_1_multimer_v3_pred_4": 0.799385112070085,
        "model_2_multimer_v3_pred_0": 0.793510996589422,
        "model_2_multimer_v3_pred_1": 0.7953606263166101,
        "model_2_multimer_v3_pred_2": 0.8021484797858045,
        "model_2_multimer_v3_pred_3": 0.7921068098385478,
        "model_2_multimer_v3_pred_4": 0.8008482801069672,
        "model_3_multimer_v3_pred_0": 0.7387669731225972,
        "model_3_multimer_v3_pred_1": 0.7592523646816337,
        "model_3_multimer_v3_pred_2": 0.8678732207468869,
        "model_3_multimer_v3_pred_3": 0.7562477252631442,
        "model_3_multimer_v3_pred_4": 0.8755475358367381,
        "model_4_multimer_v3_pred_0": 0.8089251205964736,
        "model_4_multimer_v3_pred_1": 0.80547989707149,
        "model_4_multimer_v3_pred_2": 0.6815504593009488,
        "model_4_multimer_v3_pred_3": 0.8148104456169338,
        "model_4_multimer_v3_pred_4": 0.8063389535040424,
        "model_5_multimer_v3_pred_0": 0.820659196570918,
        "model_5_multimer_v3_pred_1": 0.8251383022168524,
        "model_5_multimer_v3_pred_2": 0.7231664070828547,
        "model_5_multimer_v3_pred_3": 0.804753419133965,
        "model_5_multimer_v3_pred_4": 0.8173459173774693
    },
    "order": [
        "model_3_multimer_v3_pred_4",
        "model_3_multimer_v3_pred_2",
        "model_5_multimer_v3_pred_1",
        "model_5_multimer_v3_pred_0",
        "model_5_multimer_v3_pred_4",
        "model_4_multimer_v3_pred_3",
        "model_4_multimer_v3_pred_0",
        "model_1_multimer_v3_pred_1",
        "model_4_multimer_v3_pred_4",
        "model_4_multimer_v3_pred_1",
        "model_5_multimer_v3_pred_3",
        "model_1_multimer_v3_pred_0",
        "model_2_multimer_v3_pred_2",
        "model_2_multimer_v3_pred_4",
        "model_1_multimer_v3_pred_4",
        "model_1_multimer_v3_pred_3",
        "model_2_multimer_v3_pred_1",
        "model_2_multimer_v3_pred_0",
        "model_2_multimer_v3_pred_3",
        "model_1_multimer_v3_pred_2",
        "model_3_multimer_v3_pred_1",
        "model_3_multimer_v3_pred_3",
        "model_3_multimer_v3_pred_0",
        "model_5_multimer_v3_pred_2",
        "model_4_multimer_v3_pred_2"
    ]
}