seed,sample,ranking_score
1,0,0.7057241616594276
1,1,0.693287026727374
1,2,0.7207702533049999
1,3,0.7263125298403046
1,4,0.6369296810624471
