{
    "iptm+ptm": {
        "model_1_multimer_v3_pred_0": 0.5805118388946122,
        "model_1_multimer_v3_pred_1": 0.577540516502793,
        "model_1_multimer_v3_pred_2": 0.59503947528298,
        "model_1_multimer_v3_pred_3": 0.5920453475170966,
        "model_1_multimer_v3_pred_4": 0.2052033144719478,
        "model_2_multimer_v3_pred_0": 0.7306874503640843,
        "model_2_multimer_v3_pred_1": 0.5935086799004415,
        "model_2_multimer_v3_pred_2": 0.5959641754359108,
        "model_2_multimer_v3_pred_3": 0.5906994492519435,
        "model_2_multimer_v3_pred_4": 0.5800258087023166,
        "model_3_multimer_v3_pred_0": 0.6084436972774527,
        "model_3_multimer_v3_pred_1": 0.6225738535487898,
        "model_3_multimer_v3_pred_2": 0.5927802440753157,
        "model_3_multimer_v3_pred_3": 0.6206409410236711,
        "model_3_multimer_v3_pred_4": 0.6068651300357571,
        "model_4_multimer_v3_pred_0": 0.35176276056576805,
        "model_4_multimer_v3_pred_1": 0.46739831697482304,
        "model_4_multimer_v3_pred_2": 0.38818516593608243,
        "model_4_multimer_v3_pred_3": 0.7268545558434988,
        "model_4_multimer_v3_pred_4": 0.3425127304282697,
        "model_5_multimer_v3_pred_0": 0.22553605275370747,
        "model_5_multimer_v3_pred_1": 0.5919232497129234,
        "model_5_multimer_v3_pred_2": 0.610798987816645,
        "model_5_multimer_v3_pred_3": 0.6034832226195946,
        "model_5_multimer_v3_pred_4": 0.6198694984390515
    },
    "order": [
        "model_2_multimer_v3_pred_0",
        "model_4_multimer_v3_pred_3",
        "model_3_multimer_v3_pred_1",
        "model_3_multimer_v3_pred_3",
        "model_5_multimer_v3_pred_4",
        "model_5_multimer_v3_pred_2",
        "model_3_multimer_v3_pred_0",
        "model_3_multimer_v3_pred_4",
        "model_5_multimer_v3_pred_3",
        "model_2_multimer_v3_pred_2",
        "model_1_multimer_v3_pred_2",
        "model_2_multimer_v3_pred_1",
        "model_3_multimer_v3_pred_2",
        "model_1_multimer_v3_pred_3",
        "model_5_multimer_v3_pred_1",
        "model_2_multimer_v3_pred_3",
        "model_1_multimer_v3_pred_0",
        "model_2_multimer_v3_pred_4",
        "model_1_multimer_v3_pred_1",
        "model_4_multimer_v3_pred_1",
        "model_4_multimer_v3_pred_2",
        "model_4_multimer_v3_pred_0",
        "model_4_multimer_v3_pred_4",
        "model_5_multimer_v3_pred_0",
        "model_1_multimer_v3_pred_4"
    ]
}