seed,sample,ranking_score
1,0,0.7232791957793538
1,1,0.7281229563675744
1,2,0.7193164631168292
1,3,0.7305899212665641
1,4,0.7092531731332503
