seed,sample,ranking_score
1,0,0.6308961783892556
1,1,0.564140285479032
1,2,0.6344056857571274
1,3,0.6009809100595267
1,4,0.5662836628268034
