seed,sample,ranking_score
1,0,0.6098300227452426
1,1,0.5985672530526042
1,2,0.5998486404065255
1,3,0.5854250931863082
1,4,0.5925254372020736
