{
    "features": 0.014011383056640625,
    "process_features_model_1_multimer_v3_pred_0": 3.814697265625e-06,
    "predict_and_compile_model_1_multimer_v3_pred_0": 119.51028561592102,
    "predict_benchmark_model_1_multimer_v3_pred_0": 36.35373020172119,
    "process_features_model_2_multimer_v3_pred_0": 1.7404556274414062e-05,
    "predict_and_compile_model_2_multimer_v3_pred_0": 180.68906688690186,
    "predict_benchmark_model_2_multimer_v3_pred_0": 95.0773332118988,
    "process_features_model_3_multimer_v3_pred_0": 6.67572021484375e-06,
    "predict_and_compile_model_3_multimer_v3_pred_0": 122.03892946243286,
    "predict_benchmark_model_3_multimer_v3_pred_0": 36.36631178855896,
    "process_features_model_4_multimer_v3_pred_0": 1.33514404296875e-05,
    "predict_and_compile_model_4_multimer_v3_pred_0": 138.83627605438232,
    "predict_benchmark_model_4_multimer_v3_pred_0": 48.950313568115234,
    "process_features_model_5_multimer_v3_pred_0": 1.9073486328125e-05,
    "predict_and_compile_model_5_multimer_v3_pred_0": 183.26121735572815,
    "predict_benchmark_model_5_multimer_v3_pred_0": 93.07544493675232
}