{
    "features": 0.10000824928283691,
    "process_features_model_1_multimer_v3_pred_0": 3.0994415283203125e-06,
    "predict_and_compile_model_1_multimer_v3_pred_0": 381.7649383544922,
    "predict_benchmark_model_1_multimer_v3_pred_0": 306.85953426361084,
    "process_features_model_2_multimer_v3_pred_0": 6.9141387939453125e-06,
    "predict_and_compile_model_2_multimer_v3_pred_0": 379.52463579177856,
    "predict_benchmark_model_2_multimer_v3_pred_0": 306.461905002594,
    "process_features_model_3_multimer_v3_pred_0": 8.344650268554688e-06,
    "predict_and_compile_model_3_multimer_v3_pred_0": 374.8226590156555,
    "predict_benchmark_model_3_multimer_v3_pred_0": 307.23731756210327,
    "process_features_model_4_multimer_v3_pred_0": 2.8848648071289062e-05,
    "predict_and_compile_model_4_multimer_v3_pred_0": 374.8394556045532,
    "predict_benchmark_model_4_multimer_v3_pred_0": 302.20779037475586,
    "process_features_model_5_multimer_v3_pred_0": 1.5974044799804688e-05,
    "predict_and_compile_model_5_multimer_v3_pred_0": 372.3973217010498,
    "predict_benchmark_model_5_multimer_v3_pred_0": 301.98096108436584
}