seed,sample,ranking_score
1,0,0.9165408308755275
1,1,0.9174188086399524
1,2,0.9058304466170246
1,3,0.9138607442500176
1,4,0.9095483251206564
