seed,sample,ranking_score
1,0,0.36966632056459875
1,1,0.43067121648077566
1,2,0.4305064058974374
1,3,0.4274548624874578
1,4,0.35178742203214686
