seed,sample,ranking_score
1,0,0.6382470940176305
1,1,0.6430536415406218
1,2,0.6598134984718798
1,3,0.641370869636634
1,4,0.6545814061980251
