seed,sample,ranking_score
1,0,0.77483621783863
1,1,0.7572173827863391
1,2,0.7937763857095652
1,3,0.7335434201708512
1,4,0.7464523594147173
