{
    "features": 0.17739391326904297,
    "process_features_model_1_multimer_v3_pred_0": 4.5299530029296875e-06,
    "predict_and_compile_model_1_multimer_v3_pred_0": 500.7803900241852,
    "predict_benchmark_model_1_multimer_v3_pred_0": 378.72481417655945,
    "process_features_model_2_multimer_v3_pred_0": 4.5299530029296875e-06,
    "predict_and_compile_model_2_multimer_v3_pred_0": 492.1846396923065,
    "predict_benchmark_model_2_multimer_v3_pred_0": 379.15129804611206,
    "process_features_model_3_multimer_v3_pred_0": 4.291534423828125e-06,
    "predict_and_compile_model_3_multimer_v3_pred_0": 497.3284947872162,
    "predict_benchmark_model_3_multimer_v3_pred_0": 379.41694617271423,
    "process_features_model_4_multimer_v3_pred_0": 4.291534423828125e-06,
    "predict_and_compile_model_4_multimer_v3_pred_0": 487.37800550460815,
    "predict_benchmark_model_4_multimer_v3_pred_0": 369.19679284095764,
    "process_features_model_5_multimer_v3_pred_0": 5.7220458984375e-06,
    "predict_and_compile_model_5_multimer_v3_pred_0": 481.5802752971649,
    "predict_benchmark_model_5_multimer_v3_pred_0": 368.54523515701294
}