seed,sample,ranking_score
1,0,0.6493368755258766
1,1,0.643787999725395
1,2,0.6855548338029663
1,3,0.6871199374469581
1,4,0.6355057321054807
