seed,sample,ranking_score
1,0,0.5781836454470486
1,1,0.5908873470025251
1,2,0.5628939297506087
1,3,0.6101794571697047
1,4,0.5075422992344651
