seed,sample,ranking_score
1,0,0.5463996854447276
1,1,0.5401090401732925
1,2,0.5346617225087019
1,3,0.5742020511356181
1,4,0.5411747971746119
