seed,sample,ranking_score
1,0,0.6625167950520353
1,1,0.5934446068595776
1,2,0.6363861006896783
1,3,0.6413600272632538
1,4,0.6159237900004666
