seed,sample,ranking_score
1,0,0.8177744070117475
1,1,0.8184119109490717
1,2,0.8196268062664019
1,3,0.8120671869339916
1,4,0.8211753392356049
