seed,sample,ranking_score
1,0,0.6102908721122589
1,1,0.5946244559875798
1,2,0.6113341008336824
1,3,0.5054105236260156
1,4,0.5897241307136748
