seed,sample,ranking_score
5,0,0.6739545409050546
5,1,0.6623996157808052
5,2,0.6650194734584741
5,3,0.6677648993067697
5,4,0.6600934243837958
