seed,sample,ranking_score
1,0,0.7170455017296364
1,1,0.7128472432753317
1,2,0.7264068296749091
1,3,0.7253338114330425
1,4,0.7224151302824295
