seed,sample,ranking_score
1,0,0.4250158209546039
1,1,0.4222300958183876
1,2,0.40383530224993336
1,3,0.42308857901619545
1,4,0.46669764751086196
