seed,sample,ranking_score
4,0,0.944233552374005
4,1,0.9491709281363798
4,2,0.9570369313337078
4,3,0.9567021222923444
4,4,0.9534877566488503
