seed,sample,ranking_score
2,0,1.0088054001153628
2,1,1.0026492598824253
2,2,0.9995109699508985
2,3,1.0100319595346612
2,4,0.9976096703865737
