{
    "features": 0.2827341556549072,
    "process_features_model_1_multimer_v3_pred_0": 4.5299530029296875e-06,
    "predict_and_compile_model_1_multimer_v3_pred_0": 882.8498067855835,
    "predict_benchmark_model_1_multimer_v3_pred_0": 765.4628596305847,
    "process_features_model_2_multimer_v3_pred_0": 2.86102294921875e-06,
    "predict_and_compile_model_2_multimer_v3_pred_0": 874.3655745983124,
    "predict_benchmark_model_2_multimer_v3_pred_0": 765.3869488239288,
    "process_features_model_3_multimer_v3_pred_0": 4.0531158447265625e-06,
    "predict_and_compile_model_3_multimer_v3_pred_0": 877.0885734558105,
    "predict_benchmark_model_3_multimer_v3_pred_0": 764.8142614364624,
    "process_features_model_4_multimer_v3_pred_0": 3.337860107421875e-06,
    "predict_and_compile_model_4_multimer_v3_pred_0": 863.0499382019043,
    "predict_benchmark_model_4_multimer_v3_pred_0": 746.6974205970764,
    "process_features_model_5_multimer_v3_pred_0": 4.0531158447265625e-06,
    "predict_and_compile_model_5_multimer_v3_pred_0": 853.1172955036163,
    "predict_benchmark_model_5_multimer_v3_pred_0": 746.7517635822296
}