{
    "features": 0.025136470794677734,
    "process_features_model_1_multimer_v3_pred_0": 2.86102294921875e-06,
    "predict_and_compile_model_1_multimer_v3_pred_0": 240.3650460243225,
    "predict_benchmark_model_1_multimer_v3_pred_0": 156.7338674068451,
    "process_features_model_2_multimer_v3_pred_0": 1.1920928955078125e-05,
    "predict_and_compile_model_2_multimer_v3_pred_0": 228.66619634628296,
    "predict_benchmark_model_2_multimer_v3_pred_0": 141.58876872062683,
    "process_features_model_3_multimer_v3_pred_0": 8.344650268554688e-06,
    "predict_and_compile_model_3_multimer_v3_pred_0": 231.45157027244568,
    "predict_benchmark_model_3_multimer_v3_pred_0": 141.92415618896484,
    "process_features_model_4_multimer_v3_pred_0": 3.4809112548828125e-05,
    "predict_and_compile_model_4_multimer_v3_pred_0": 241.18019890785217,
    "predict_benchmark_model_4_multimer_v3_pred_0": 151.09392261505127,
    "process_features_model_5_multimer_v3_pred_0": 1.2636184692382812e-05,
    "predict_and_compile_model_5_multimer_v3_pred_0": 236.54344820976257,
    "predict_benchmark_model_5_multimer_v3_pred_0": 151.39659571647644
}