seed,sample,ranking_score
1,0,0.5833890444224192
1,1,0.6148136071464498
1,2,0.60592351262513
1,3,0.5930452546474627
1,4,0.6323081742458017
