seed,sample,ranking_score
2,0,0.8947016507560318
2,1,0.8948404057948012
2,2,0.8931409271893752
2,3,0.8947075617995971
2,4,0.8968008356741441
