seed,sample,ranking_score
1,0,0.42722956387981315
1,1,0.4408151730187614
1,2,0.4523183644085609
1,3,0.4248384297615071
1,4,0.4056816302525934
