seed,sample,ranking_score
1,0,0.3268695344171013
1,1,0.3282943662056592
1,2,0.31247616172784065
1,3,0.29822093732269295
1,4,0.2984688706064091
