seed,sample,ranking_score
1,0,0.9159336257157555
1,1,0.9048498552490067
1,2,0.8784823367065114
1,3,0.9219311881212444
1,4,0.9022378816890197
