{
    "features": 0.15219402313232422,
    "process_features_model_1_multimer_v3_pred_0": 5.4836273193359375e-06,
    "predict_and_compile_model_1_multimer_v3_pred_0": 363.51638865470886,
    "predict_benchmark_model_1_multimer_v3_pred_0": 243.75310897827148,
    "process_features_model_2_multimer_v3_pred_0": 3.814697265625e-06,
    "predict_and_compile_model_2_multimer_v3_pred_0": 359.4713475704193,
    "predict_benchmark_model_2_multimer_v3_pred_0": 243.77273035049438,
    "process_features_model_3_multimer_v3_pred_0": 4.76837158203125e-06,
    "predict_and_compile_model_3_multimer_v3_pred_0": 360.2393445968628,
    "predict_benchmark_model_3_multimer_v3_pred_0": 243.97259736061096,
    "process_features_model_4_multimer_v3_pred_0": 4.291534423828125e-06,
    "predict_and_compile_model_4_multimer_v3_pred_0": 356.82074332237244,
    "predict_benchmark_model_4_multimer_v3_pred_0": 237.31596994400024,
    "process_features_model_5_multimer_v3_pred_0": 4.5299530029296875e-06,
    "predict_and_compile_model_5_multimer_v3_pred_0": 353.14688515663147,
    "predict_benchmark_model_5_multimer_v3_pred_0": 237.3068642616272
}