seed,sample,ranking_score
1,0,0.799705415182534
1,1,0.7842673242127087
1,2,0.8080419606658418
1,3,0.8128480178260987
1,4,0.7695214594944824
