seed,sample,ranking_score
1,0,0.5059058078557838
1,1,0.4951470319023422
1,2,0.4867875454132038
1,3,0.5008155918095503
1,4,0.5146285992175157
