seed,sample,ranking_score
5,0,0.8588265332924776
5,1,0.845802603888742
5,2,0.8515235675340848
5,3,0.8535070356289522
5,4,0.8591108211951717
