seed,sample,ranking_score
1,0,0.551049908073534
1,1,0.5574151859449954
1,2,0.5529784377277663
1,3,0.5451670925279948
1,4,0.5478971124923304
