seed,sample,ranking_score
1,0,0.6899397144755339
1,1,0.6902595835327701
1,2,0.7171941551022109
1,3,0.6951453851934029
1,4,0.7144194670678579
