seed,sample,ranking_score
1,0,0.5182204953055408
1,1,0.5140426171742438
1,2,0.5222141783268563
1,3,0.5167306135680582
1,4,0.5101262385526036
