seed,sample,ranking_score
3,0,0.9031184886588187
3,1,0.8910745650553473
3,2,0.9312095413967887
3,3,0.9013231830731199
3,4,0.8775091257856202
