seed,sample,ranking_score
1,0,0.9514107386453157
1,1,0.9286660430711549
1,2,0.9492285569067186
1,3,0.9413701705349957
1,4,0.9454491533901057
