seed,sample,ranking_score
1,0,0.9190156584619563
1,1,0.9397536205300704
1,2,0.9449394966915471
1,3,0.9420930924653206
1,4,0.93739529472904
