seed,sample,ranking_score
1,0,0.66962313935987
1,1,0.6525588096698511
1,2,0.6605301114512748
1,3,0.6697523497706646
1,4,0.6495385479333285
