{
    "features": 0.017414093017578125,
    "process_features_model_1_multimer_v3_pred_0": 4.5299530029296875e-06,
    "predict_and_compile_model_1_multimer_v3_pred_0": 121.63225078582764,
    "predict_benchmark_model_1_multimer_v3_pred_0": 45.3615026473999,
    "process_features_model_2_multimer_v3_pred_0": 6.198883056640625e-06,
    "predict_and_compile_model_2_multimer_v3_pred_0": 115.57050132751465,
    "predict_benchmark_model_2_multimer_v3_pred_0": 39.003132343292236,
    "process_features_model_3_multimer_v3_pred_0": 2.7179718017578125e-05,
    "predict_and_compile_model_3_multimer_v3_pred_0": 113.20252537727356,
    "predict_benchmark_model_3_multimer_v3_pred_0": 32.424583435058594,
    "process_features_model_4_multimer_v3_pred_0": 3.504753112792969e-05,
    "predict_and_compile_model_4_multimer_v3_pred_0": 110.82258129119873,
    "predict_benchmark_model_4_multimer_v3_pred_0": 31.26257848739624,
    "process_features_model_5_multimer_v3_pred_0": 1.5020370483398438e-05,
    "predict_and_compile_model_5_multimer_v3_pred_0": 117.39158987998962,
    "predict_benchmark_model_5_multimer_v3_pred_0": 37.611658573150635
}