seed,sample,ranking_score
1,0,0.6697741657710482
1,1,0.6608275420292689
1,2,0.6784499221772086
1,3,0.682988836346473
1,4,0.6658789821881519
