seed,sample,ranking_score
1,0,0.6177699569957303
1,1,0.618646308500594
1,2,0.633017686467992
1,3,0.620268323370228
1,4,0.6128041584608198
