seed,sample,ranking_score
1,0,0.5178437171488695
1,1,0.4976384791111014
1,2,0.4935737786502153
1,3,0.5119707298257233
1,4,0.5103771335620277
