seed,sample,ranking_score
1,0,0.4889111220148604
1,1,0.47605030716087093
1,2,0.4607568452042899
1,3,0.4706647477712509
1,4,0.48389908216853345
