seed,sample,ranking_score
1,0,0.5617580102796855
1,1,0.555474682179686
1,2,0.5747223479276459
1,3,0.5305426399198641
1,4,0.5345092460804663
