seed,sample,ranking_score
1,0,0.38303968256377563
1,1,0.40686770321935084
1,2,0.3965008635417646
1,3,0.35820739531942963
1,4,0.3665376591676343
