{
    "features": 0.2095491886138916,
    "process_features_model_1_multimer_v3_pred_0": 1.9550323486328125e-05,
    "predict_and_compile_model_1_multimer_v3_pred_0": 1251.042219877243,
    "predict_benchmark_model_1_multimer_v3_pred_0": 1081.8573353290558,
    "process_features_model_2_multimer_v3_pred_0": 5.0067901611328125e-06,
    "predict_and_compile_model_2_multimer_v3_pred_0": 1232.4990184307098,
    "predict_benchmark_model_2_multimer_v3_pred_0": 1085.5135896205902,
    "process_features_model_3_multimer_v3_pred_0": 1.9311904907226562e-05,
    "predict_and_compile_model_3_multimer_v3_pred_0": 1224.44882106781,
    "predict_benchmark_model_3_multimer_v3_pred_0": 1084.6854219436646,
    "process_features_model_4_multimer_v3_pred_0": 4.5299530029296875e-06,
    "predict_and_compile_model_4_multimer_v3_pred_0": 1211.2680242061615,
    "predict_benchmark_model_4_multimer_v3_pred_0": 1055.0817975997925,
    "process_features_model_5_multimer_v3_pred_0": 4.5299530029296875e-06,
    "predict_and_compile_model_5_multimer_v3_pred_0": 1194.4099912643433,
    "predict_benchmark_model_5_multimer_v3_pred_0": 1056.7802107334137
}