seed,sample,ranking_score
1,0,0.5904435841608673
1,1,0.5795962679388372
1,2,0.6026829852646602
1,3,0.6070014016262781
1,4,0.6089915200382172
