{
    "features": 0.24173998832702637,
    "process_features_model_1_multimer_v3_pred_0": 4.76837158203125e-06,
    "predict_and_compile_model_1_multimer_v3_pred_0": 683.349457025528,
    "predict_benchmark_model_1_multimer_v3_pred_0": 568.59166431427,
    "process_features_model_2_multimer_v3_pred_0": 3.337860107421875e-06,
    "predict_and_compile_model_2_multimer_v3_pred_0": 676.0303266048431,
    "predict_benchmark_model_2_multimer_v3_pred_0": 567.8197696208954,
    "process_features_model_3_multimer_v3_pred_0": 3.5762786865234375e-06,
    "predict_and_compile_model_3_multimer_v3_pred_0": 677.508237361908,
    "predict_benchmark_model_3_multimer_v3_pred_0": 569.0611407756805,
    "process_features_model_4_multimer_v3_pred_0": 4.0531158447265625e-06,
    "predict_and_compile_model_4_multimer_v3_pred_0": 669.1431167125702,
    "predict_benchmark_model_4_multimer_v3_pred_0": 555.9070978164673,
    "process_features_model_5_multimer_v3_pred_0": 3.814697265625e-06,
    "predict_and_compile_model_5_multimer_v3_pred_0": 666.2901537418365,
    "predict_benchmark_model_5_multimer_v3_pred_0": 555.4801230430603
}