seed,sample,ranking_score
1,0,0.3954474107294448
1,1,0.3864548107599723
1,2,0.3894340127528178
1,3,0.4000461273625504
1,4,0.40809924392307156
