{
    "features": 0.40741968154907227,
    "process_features_model_1_multimer_v3_pred_0": 5.0067901611328125e-06,
    "predict_and_compile_model_1_multimer_v3_pred_0": 118.36790108680725,
    "predict_benchmark_model_1_multimer_v3_pred_0": 35.778926372528076,
    "process_features_model_2_multimer_v3_pred_0": 3.814697265625e-05,
    "predict_and_compile_model_2_multimer_v3_pred_0": 111.42021822929382,
    "predict_benchmark_model_2_multimer_v3_pred_0": 27.800166130065918,
    "process_features_model_3_multimer_v3_pred_0": 1.8835067749023438e-05,
    "predict_and_compile_model_3_multimer_v3_pred_0": 129.24274611473083,
    "predict_benchmark_model_3_multimer_v3_pred_0": 43.60606002807617,
    "process_features_model_4_multimer_v3_pred_0": 0.00015926361083984375,
    "predict_and_compile_model_4_multimer_v3_pred_0": 107.12552428245544,
    "predict_benchmark_model_4_multimer_v3_pred_0": 19.62848734855652,
    "process_features_model_5_multimer_v3_pred_0": 3.1948089599609375e-05,
    "predict_and_compile_model_5_multimer_v3_pred_0": 166.77103447914124,
    "predict_benchmark_model_5_multimer_v3_pred_0": 81.46928811073303
}