{
    "iptm+ptm": {
        "model_1_multimer_v3_pred_0": 0.830486073975419,
        "model_1_multimer_v3_pred_1": 0.8304744007065087,
        "model_1_multimer_v3_pred_2": 0.8329068232690722,
        "model_1_multimer_v3_pred_3": 0.8286987413259629,
        "model_1_multimer_v3_pred_4": 0.8357160623532479,
        "model_2_multimer_v3_pred_0": 0.8520882582100501,
        "model_2_multimer_v3_pred_1": 0.8491629832661239,
        "model_2_multimer_v3_pred_2": 0.8486876339058635,
        "model_2_multimer_v3_pred_3": 0.851605890736824,
        "model_2_multimer_v3_pred_4": 0.8398541979996166,
        "model_3_multimer_v3_pred_0": 0.8277059806759085,
        "model_3_multimer_v3_pred_1": 0.8312778074871886,
        "model_3_multimer_v3_pred_2": 0.8164487785220707,
        "model_3_multimer_v3_pred_3": 0.828844222538365,
        "model_3_multimer_v3_pred_4": 0.8252261451318886,
        "model_4_multimer_v3_pred_0": 0.8419538555172587,
        "model_4_multimer_v3_pred_1": 0.8406846215464219,
        "model_4_multimer_v3_pred_2": 0.8426423097135723,
        "model_4_multimer_v3_pred_3": 0.836722639234959,
        "model_4_multimer_v3_pred_4": 0.8362504381971216,
        "model_5_multimer_v3_pred_0": 0.8350096813452099,
        "model_5_multimer_v3_pred_1": 0.8455329218985893,
        "model_5_multimer_v3_pred_2": 0.8515204573117398,
        "model_5_multimer_v3_pred_3": 0.8497548260045105,
        "model_5_multimer_v3_pred_4": 0.8348833454766845
    },
    "order": [
        "model_2_multimer_v3_pred_0",
        "model_2_multimer_v3_pred_3",
        "model_5_multimer_v3_pred_2",
        "model_5_multimer_v3_pred_3",
        "model_2_multimer_v3_pred_1",
        "model_2_multimer_v3_pred_2",
        "model_5_multimer_v3_pred_1",
        "model_4_multimer_v3_pred_2",
        "model_4_multimer_v3_pred_0",
        "model_4_multimer_v3_pred_1",
        "model_2_multimer_v3_pred_4",
        "model_4_multimer_v3_pred_3",
        "model_4_multimer_v3_pred_4",
        "model_1_multimer_v3_pred_4",
        "model_5_multimer_v3_pred_0",
        "model_5_multimer_v3_pred_4",
        "model_1_multimer_v3_pred_2",
        "model_3_multimer_v3_pred_1",
        "model_1_multimer_v3_pred_0",
        "model_1_multimer_v3_pred_1",
        "model_3_multimer_v3_pred_3",
        "model_1_multimer_v3_pred_3",
        "model_3_multimer_v3_pred_0",
        "model_3_multimer_v3_pred_4",
        "model_3_multimer_v3_pred_2"
    ]
}