seed,sample,ranking_score
1,0,0.5752926250246062
1,1,0.598698708290009
1,2,0.5978993494816286
1,3,0.5855618404115099
1,4,0.5841148599985729
