{
    "features": 0.0067005157470703125,
    "process_features_model_1_multimer_v3_pred_0": 3.337860107421875e-06,
    "predict_and_compile_model_1_multimer_v3_pred_0": 280.99539065361023,
    "relax_model_1_multimer_v3_pred_0": 40.97316884994507,
    "process_features_model_1_multimer_v3_pred_1": 2.86102294921875e-06,
    "predict_and_compile_model_1_multimer_v3_pred_1": 163.65848755836487,
    "relax_model_1_multimer_v3_pred_1": 37.83048725128174,
    "process_features_model_1_multimer_v3_pred_2": 3.5762786865234375e-06,
    "predict_and_compile_model_1_multimer_v3_pred_2": 163.84316277503967,
    "relax_model_1_multimer_v3_pred_2": 37.626847982406616,
    "process_features_model_1_multimer_v3_pred_3": 3.0994415283203125e-06,
    "predict_and_compile_model_1_multimer_v3_pred_3": 163.91623520851135,
    "relax_model_1_multimer_v3_pred_3": 29.963224411010742,
    "process_features_model_1_multimer_v3_pred_4": 2.6226043701171875e-06,
    "predict_and_compile_model_1_multimer_v3_pred_4": 163.93140721321106,
    "relax_model_1_multimer_v3_pred_4": 39.33115291595459,
    "process_features_model_2_multimer_v3_pred_0": 2.86102294921875e-06,
    "predict_and_compile_model_2_multimer_v3_pred_0": 277.91131925582886,
    "relax_model_2_multimer_v3_pred_0": 38.97997808456421,
    "process_features_model_2_multimer_v3_pred_1": 3.0994415283203125e-06,
    "predict_and_compile_model_2_multimer_v3_pred_1": 163.62347722053528,
    "relax_model_2_multimer_v3_pred_1": 39.37389874458313,
    "process_features_model_2_multimer_v3_pred_2": 2.86102294921875e-06,
    "predict_and_compile_model_2_multimer_v3_pred_2": 163.83859992027283,
    "relax_model_2_multimer_v3_pred_2": 41.62113332748413,
    "process_features_model_2_multimer_v3_pred_3": 2.86102294921875e-06,
    "predict_and_compile_model_2_multimer_v3_pred_3": 163.88942217826843,
    "relax_model_2_multimer_v3_pred_3": 38.59641456604004,
    "process_features_model_2_multimer_v3_pred_4": 2.86102294921875e-06,
    "predict_and_compile_model_2_multimer_v3_pred_4": 164.0940728187561,
    "relax_model_2_multimer_v3_pred_4": 39.30172395706177,
    "process_features_model_3_multimer_v3_pred_0": 3.337860107421875e-06,
    "predict_and_compile_model_3_multimer_v3_pred_0": 256.5923306941986,
    "relax_model_3_multimer_v3_pred_0": 38.13998341560364,
    "process_features_model_3_multimer_v3_pred_1": 3.0994415283203125e-06,
    "predict_and_compile_model_3_multimer_v3_pred_1": 117.19996094703674,
    "relax_model_3_multimer_v3_pred_1": 40.317415952682495,
    "process_features_model_3_multimer_v3_pred_2": 3.0994415283203125e-06,
    "predict_and_compile_model_3_multimer_v3_pred_2": 163.78111028671265,
    "relax_model_3_multimer_v3_pred_2": 37.14827585220337,
    "process_features_model_3_multimer_v3_pred_3": 3.0994415283203125e-06,
    "predict_and_compile_model_3_multimer_v3_pred_3": 163.67451572418213,
    "relax_model_3_multimer_v3_pred_3": 40.36251521110535,
    "process_features_model_3_multimer_v3_pred_4": 2.384185791015625e-06,
    "predict_and_compile_model_3_multimer_v3_pred_4": 164.3285186290741,
    "relax_model_3_multimer_v3_pred_4": 29.942488431930542,
    "process_features_model_4_multimer_v3_pred_0": 3.0994415283203125e-06,
    "predict_and_compile_model_4_multimer_v3_pred_0": 284.32117772102356,
    "relax_model_4_multimer_v3_pred_0": 39.16154456138611,
    "process_features_model_4_multimer_v3_pred_1": 2.86102294921875e-06,
    "predict_and_compile_model_4_multimer_v3_pred_1": 161.42888164520264,
    "relax_model_4_multimer_v3_pred_1": 39.5695481300354,
    "process_features_model_4_multimer_v3_pred_2": 3.0994415283203125e-06,
    "predict_and_compile_model_4_multimer_v3_pred_2": 161.33192253112793,
    "relax_model_4_multimer_v3_pred_2": 43.31952619552612,
    "process_features_model_4_multimer_v3_pred_3": 2.86102294921875e-06,
    "predict_and_compile_model_4_multimer_v3_pred_3": 161.38309049606323,
    "relax_model_4_multimer_v3_pred_3": 38.972107887268066,
    "process_features_model_4_multimer_v3_pred_4": 3.337860107421875e-06,
    "predict_and_compile_model_4_multimer_v3_pred_4": 161.29772305488586,
    "relax_model_4_multimer_v3_pred_4": 39.28557777404785,
    "process_features_model_5_multimer_v3_pred_0": 2.6226043701171875e-06,
    "predict_and_compile_model_5_multimer_v3_pred_0": 279.98420238494873,
    "relax_model_5_multimer_v3_pred_0": 31.161283254623413,
    "process_features_model_5_multimer_v3_pred_1": 2.6226043701171875e-06,
    "predict_and_compile_model_5_multimer_v3_pred_1": 161.53488302230835,
    "relax_model_5_multimer_v3_pred_1": 39.812246561050415,
    "process_features_model_5_multimer_v3_pred_2": 2.6226043701171875e-06,
    "predict_and_compile_model_5_multimer_v3_pred_2": 161.42067289352417,
    "relax_model_5_multimer_v3_pred_2": 38.28737449645996,
    "process_features_model_5_multimer_v3_pred_3": 2.6226043701171875e-06,
    "predict_and_compile_model_5_multimer_v3_pred_3": 161.80214524269104,
    "relax_model_5_multimer_v3_pred_3": 22.900729179382324,
    "process_features_model_5_multimer_v3_pred_4": 2.6226043701171875e-06,
    "predict_and_compile_model_5_multimer_v3_pred_4": 161.87254905700684,
    "relax_model_5_multimer_v3_pred_4": 41.246941566467285
}