seed,sample,ranking_score
1,0,0.8538775813755495
1,1,0.8649989608379396
1,2,0.8613190578010822
1,3,0.8587968053388122
1,4,0.8724026591325001
