seed,sample,ranking_score
1,0,0.7087385822192134
1,1,0.6581433439461828
1,2,0.6981623758016461
1,3,0.6971360854765689
1,4,0.6848576837626178
