seed,sample,ranking_score
1,0,0.3606516293479851
1,1,0.34845011770253376
1,2,0.38030783312127225
1,3,0.36383993601380327
1,4,0.38066692676983604
