{
    "features": 0.14112210273742676,
    "process_features_model_1_multimer_v3_pred_0": 4.5299530029296875e-06,
    "predict_and_compile_model_1_multimer_v3_pred_0": 277.5459234714508,
    "predict_benchmark_model_1_multimer_v3_pred_0": 160.7030634880066,
    "process_features_model_2_multimer_v3_pred_0": 3.5762786865234375e-06,
    "predict_and_compile_model_2_multimer_v3_pred_0": 273.64410758018494,
    "predict_benchmark_model_2_multimer_v3_pred_0": 160.42670273780823,
    "process_features_model_3_multimer_v3_pred_0": 3.814697265625e-06,
    "predict_and_compile_model_3_multimer_v3_pred_0": 275.63950657844543,
    "predict_benchmark_model_3_multimer_v3_pred_0": 160.62827610969543,
    "process_features_model_4_multimer_v3_pred_0": 3.814697265625e-06,
    "predict_and_compile_model_4_multimer_v3_pred_0": 275.2901122570038,
    "predict_benchmark_model_4_multimer_v3_pred_0": 155.45321106910706,
    "process_features_model_5_multimer_v3_pred_0": 4.0531158447265625e-06,
    "predict_and_compile_model_5_multimer_v3_pred_0": 271.69531536102295,
    "predict_benchmark_model_5_multimer_v3_pred_0": 155.611674785614
}