seed,sample,ranking_score
1,0,0.7425668277109472
1,1,0.7400608214828154
1,2,0.7340212402852602
1,3,0.6526440835610245
1,4,0.6730900794307771
