seed,sample,ranking_score
1,0,0.9419646275818435
1,1,0.9358615161568415
1,2,0.9388278403193308
1,3,0.9382521207259071
1,4,0.9344063937225089
