seed,sample,ranking_score
1,0,0.37665536145111433
1,1,0.40106516557449
1,2,0.4028845173884287
1,3,0.3987788257238536
1,4,0.3616437213426969
