{
    "iptm+ptm": {
        "model_1_multimer_v3_pred_0": 0.6371928357492346,
        "model_1_multimer_v3_pred_1": 0.6327235158910314,
        "model_1_multimer_v3_pred_2": 0.6847096776560151,
        "model_1_multimer_v3_pred_3": 0.6257410353672099,
        "model_1_multimer_v3_pred_4": 0.7190655751010088,
        "model_2_multimer_v3_pred_0": 0.6055979790929131,
        "model_2_multimer_v3_pred_1": 0.644976807171344,
        "model_2_multimer_v3_pred_2": 0.6397024171921926,
        "model_2_multimer_v3_pred_3": 0.6025061424679954,
        "model_2_multimer_v3_pred_4": 0.668356713304196,
        "model_3_multimer_v3_pred_0": 0.632394196991513,
        "model_3_multimer_v3_pred_1": 0.6499333078191534,
        "model_3_multimer_v3_pred_2": 0.6411842950379671,
        "model_3_multimer_v3_pred_3": 0.6184087681262593,
        "model_3_multimer_v3_pred_4": 0.6392866900388736,
        "model_4_multimer_v3_pred_0": 0.6243432963551696,
        "model_4_multimer_v3_pred_1": 0.6096776618196046,
        "model_4_multimer_v3_pred_2": 0.6194844096844044,
        "model_4_multimer_v3_pred_3": 0.6374166653711675,
        "model_4_multimer_v3_pred_4": 0.6217754713388878,
        "model_5_multimer_v3_pred_0": 0.6757805104467441,
        "model_5_multimer_v3_pred_1": 0.6321675804366909,
        "model_5_multimer_v3_pred_2": 0.6775266329493982,
        "model_5_multimer_v3_pred_3": 0.6774425667078053,
        "model_5_multimer_v3_pred_4": 0.7559404747232104
    },
    "order": [
        "model_5_multimer_v3_pred_4",
        "model_1_multimer_v3_pred_4",
        "model_1_multimer_v3_pred_2",
        "model_5_multimer_v3_pred_2",
        "model_5_multimer_v3_pred_3",
        "model_5_multimer_v3_pred_0",
        "model_2_multimer_v3_pred_4",
        "model_3_multimer_v3_pred_1",
        "model_2_multimer_v3_pred_1",
        "model_3_multimer_v3_pred_2",
        "model_2_multimer_v3_pred_2",
        "model_3_multimer_v3_pred_4",
        "model_4_multimer_v3_pred_3",
        "model_1_multimer_v3_pred_0",
        "model_1_multimer_v3_pred_1",
        "model_3_multimer_v3_pred_0",
        "model_5_multimer_v3_pred_1",
        "model_1_multimer_v3_pred_3",
        "model_4_multimer_v3_pred_0",
        "model_4_multimer_v3_pred_4",
        "model_4_multimer_v3_pred_2",
        "model_3_multimer_v3_pred_3",
        "model_4_multimer_v3_pred_1",
        "model_2_multimer_v3_pred_0",
        "model_2_multimer_v3_pred_3"
    ]
}