{
    "features": 0.024846553802490234,
    "process_features_model_1_multimer_v3_pred_0": 2.6226043701171875e-06,
    "predict_and_compile_model_1_multimer_v3_pred_0": 196.6227831840515,
    "predict_benchmark_model_1_multimer_v3_pred_0": 118.31898093223572,
    "process_features_model_2_multimer_v3_pred_0": 8.344650268554688e-06,
    "predict_and_compile_model_2_multimer_v3_pred_0": 164.83300137519836,
    "predict_benchmark_model_2_multimer_v3_pred_0": 61.93186068534851,
    "process_features_model_3_multimer_v3_pred_0": 1.8835067749023438e-05,
    "predict_and_compile_model_3_multimer_v3_pred_0": 166.62402963638306,
    "predict_benchmark_model_3_multimer_v3_pred_0": 47.640517473220825,
    "process_features_model_4_multimer_v3_pred_0": 3.647804260253906e-05,
    "predict_and_compile_model_4_multimer_v3_pred_0": 235.30611062049866,
    "predict_benchmark_model_4_multimer_v3_pred_0": 99.95085501670837,
    "process_features_model_5_multimer_v3_pred_0": 2.6941299438476562e-05,
    "predict_and_compile_model_5_multimer_v3_pred_0": 252.24833607673645,
    "predict_benchmark_model_5_multimer_v3_pred_0": 117.4513258934021
}