seed,sample,ranking_score
1,0,0.3175120777841305
1,1,0.4019940321971891
1,2,0.33365533856107815
1,3,0.30916380724997694
1,4,0.33009845243441505
