seed,sample,ranking_score
1,0,0.5353468371831607
1,1,0.6516666702174873
1,2,0.6551527029695096
1,3,0.6669737634258124
1,4,0.6677271481725667
