seed,sample,ranking_score
1,0,0.38093053667122323
1,1,0.31711149478335715
1,2,0.38454887233313717
1,3,0.3895778112244424
1,4,0.38704971922423936
