seed,sample,ranking_score
2,0,0.9383317993808792
2,1,0.936934690773153
2,2,0.9294244034144004
2,3,0.9486931363547566
2,4,0.9324514635077032
