seed,sample,ranking_score
1,0,0.44996505472221726
1,1,0.304952238613754
1,2,0.4596069498778897
1,3,0.4482422882526312
1,4,0.48606337085498585
