seed,sample,ranking_score
1,0,0.5153770074438219
1,1,0.50275403566322
1,2,0.49175076289834413
1,3,0.4993491150789841
1,4,0.5112209865851103
