seed,sample,ranking_score
1,0,0.5777630828334199
1,1,0.5907106869135321
1,2,0.5593613550894092
1,3,0.5959456723187613
1,4,0.5411221860952276
