seed,sample,ranking_score
1,0,0.6496094859340149
1,1,0.6494224122266811
1,2,0.6612963365763359
1,3,0.6643348067060018
1,4,0.65878637165612
