{
    "features": 0.18907713890075684,
    "process_features_model_1_multimer_v3_pred_0": 3.337860107421875e-06,
    "predict_and_compile_model_1_multimer_v3_pred_0": 188.6443452835083,
    "predict_benchmark_model_1_multimer_v3_pred_0": 104.95594835281372,
    "process_features_model_2_multimer_v3_pred_0": 1.9788742065429688e-05,
    "predict_and_compile_model_2_multimer_v3_pred_0": 200.41494178771973,
    "predict_benchmark_model_2_multimer_v3_pred_0": 116.46611857414246,
    "process_features_model_3_multimer_v3_pred_0": 3.2901763916015625e-05,
    "predict_and_compile_model_3_multimer_v3_pred_0": 202.43080306053162,
    "predict_benchmark_model_3_multimer_v3_pred_0": 115.96190118789673,
    "process_features_model_4_multimer_v3_pred_0": 2.3365020751953125e-05,
    "predict_and_compile_model_4_multimer_v3_pred_0": 204.84115958213806,
    "predict_benchmark_model_4_multimer_v3_pred_0": 116.10021877288818,
    "process_features_model_5_multimer_v3_pred_0": 1.4781951904296875e-05,
    "predict_and_compile_model_5_multimer_v3_pred_0": 129.7017707824707,
    "predict_benchmark_model_5_multimer_v3_pred_0": 49.03417611122131
}