seed,sample,ranking_score
1,0,0.9342191054895992
1,1,0.9250318802483852
1,2,0.9392185247410341
1,3,0.93582727572376
1,4,0.9347569021223243
