seed,sample,ranking_score
1,0,0.9548878700310326
1,1,0.9588028087735667
1,2,0.9625529338781803
1,3,0.9574590800104457
1,4,0.9630903050113291
