seed,sample,ranking_score
1,0,0.4833520709082291
1,1,0.5116170681777517
1,2,0.5035733282787256
1,3,0.4902169503886595
1,4,0.5021702122682683
