seed,sample,ranking_score
5,0,0.8954694040126551
5,1,0.893522277487333
5,2,0.8923449685255697
5,3,0.8969866789263885
5,4,0.8918409313777789
