seed,sample,ranking_score
4,0,0.8848757237743469
4,1,0.8742570457894637
4,2,0.8811576193500622
4,3,0.8867870558294341
4,4,0.8630193226676812
