seed,sample,ranking_score
1,0,0.621760385644308
1,1,0.5922588023613296
1,2,0.6227241420458958
1,3,0.6422870237454404
1,4,0.6429347398796506
