seed,sample,ranking_score
1,0,0.5945610411614726
1,1,0.6152012252352642
1,2,0.6136971160682727
1,3,0.6083217414492982
1,4,0.6093617019140664
