seed,sample,ranking_score
4,0,0.6579396723174835
4,1,0.6901303184877343
4,2,0.6633533429609176
4,3,0.6898440356312636
4,4,0.6574353446660293
