seed,sample,ranking_score
1,0,0.59467888984627
1,1,0.5915746349712645
1,2,0.5944694287332797
1,3,0.5998189122590339
1,4,0.5861087907795383
