seed,sample,ranking_score
1,0,0.3205215311900722
1,1,0.31004408986855814
1,2,0.30902095442701527
1,3,0.32257469248458026
1,4,0.3043935981947136
