seed,sample,ranking_score
1,0,0.5626705797972142
1,1,0.5275166188359255
1,2,0.533676094146083
1,3,0.5433476713511786
1,4,0.5028832845546598
