seed,sample,ranking_score
1,0,0.6453613454929598
1,1,0.6584881608956699
1,2,0.6598355322455534
1,3,0.6740662726127469
1,4,0.6643121948702769
