seed,sample,ranking_score
1,0,0.6625950086370904
1,1,0.6923032634453397
1,2,0.6774350530369827
1,3,0.6991475389969558
1,4,0.6926795236244504
