seed,sample,ranking_score
1,0,0.3874764128860053
1,1,0.392314712279323
1,2,0.4934664662806012
1,3,0.38188219589255057
1,4,0.4951954126790755
