seed,sample,ranking_score
1,0,0.3476724601033268
1,1,0.34475167638924276
1,2,0.34746855925881154
1,3,0.3502408095658205
1,4,0.34882552535488665
