seed,sample,ranking_score
1,0,0.42167494387526416
1,1,0.5160746476497464
1,2,0.49857648638102803
1,3,0.39284810304760465
1,4,0.5088284832506141
