seed,sample,ranking_score
5,0,0.5522950411677965
5,1,0.5364973471880624
5,2,0.5480642870576276
5,3,0.5512835975997569
5,4,0.5406514779614383
