seed,sample,ranking_score
5,0,0.7287591688523081
5,1,0.6819231164262174
5,2,0.7184107703661781
5,3,0.7027206226306493
5,4,0.7127030537658552
