{
    "features": 0.2530786991119385,
    "process_features_model_1_multimer_v3_pred_0": 5.4836273193359375e-06,
    "predict_and_compile_model_1_multimer_v3_pred_0": 803.8713846206665,
    "predict_benchmark_model_1_multimer_v3_pred_0": 629.224764585495,
    "process_features_model_2_multimer_v3_pred_0": 5.0067901611328125e-06,
    "predict_and_compile_model_2_multimer_v3_pred_0": 782.7598531246185,
    "predict_benchmark_model_2_multimer_v3_pred_0": 628.9402892589569,
    "process_features_model_3_multimer_v3_pred_0": 4.5299530029296875e-06,
    "predict_and_compile_model_3_multimer_v3_pred_0": 783.4751036167145,
    "predict_benchmark_model_3_multimer_v3_pred_0": 627.7586712837219,
    "process_features_model_4_multimer_v3_pred_0": 4.76837158203125e-06,
    "predict_and_compile_model_4_multimer_v3_pred_0": 775.7804448604584,
    "predict_benchmark_model_4_multimer_v3_pred_0": 612.2591140270233,
    "process_features_model_5_multimer_v3_pred_0": 1.1205673217773438e-05,
    "predict_and_compile_model_5_multimer_v3_pred_0": 756.9394021034241,
    "predict_benchmark_model_5_multimer_v3_pred_0": 611.9866001605988
}