seed,sample,ranking_score
1,0,0.7202096726158478
1,1,0.689281922983757
1,2,0.6593820466525402
1,3,0.6788304817469166
1,4,0.5413009837262498
