{
    "features": 0.018998146057128906,
    "process_features_model_1_multimer_v3_pred_0": 2.6226043701171875e-06,
    "predict_and_compile_model_1_multimer_v3_pred_0": 209.9194140434265,
    "predict_benchmark_model_1_multimer_v3_pred_0": 132.85295462608337,
    "process_features_model_2_multimer_v3_pred_0": 5.7220458984375e-06,
    "predict_and_compile_model_2_multimer_v3_pred_0": 212.7921702861786,
    "predict_benchmark_model_2_multimer_v3_pred_0": 132.98867440223694,
    "process_features_model_3_multimer_v3_pred_0": 5.0067901611328125e-06,
    "predict_and_compile_model_3_multimer_v3_pred_0": 142.00256061553955,
    "predict_benchmark_model_3_multimer_v3_pred_0": 63.41348481178284,
    "process_features_model_4_multimer_v3_pred_0": 3.337860107421875e-06,
    "predict_and_compile_model_4_multimer_v3_pred_0": 177.8770091533661,
    "predict_benchmark_model_4_multimer_v3_pred_0": 99.72836184501648,
    "process_features_model_5_multimer_v3_pred_0": 4.291534423828125e-06,
    "predict_and_compile_model_5_multimer_v3_pred_0": 209.39298629760742,
    "predict_benchmark_model_5_multimer_v3_pred_0": 130.83736062049866
}