seed,sample,ranking_score
1,0,0.45176216830702925
1,1,0.4384936356647433
1,2,0.4242883198526799
1,3,0.4204243770374862
1,4,0.4568675435243049
