seed,sample,ranking_score
4,0,0.9156239438611732
4,1,0.9215676998602252
4,2,0.9083849960946818
4,3,0.909836527410235
4,4,0.9173554107712354
