{
    "iptm+ptm": {
        "model_1_multimer_v3_pred_0": 0.8882534923052183,
        "model_1_multimer_v3_pred_1": 0.8879041247150232,
        "model_1_multimer_v3_pred_2": 0.887970512404434,
        "model_1_multimer_v3_pred_3": 0.8847955615850934,
        "model_1_multimer_v3_pred_4": 0.8781548125970471,
        "model_2_multimer_v3_pred_0": 0.8483663978878129,
        "model_2_multimer_v3_pred_1": 0.8420144503377383,
        "model_2_multimer_v3_pred_2": 0.8939001010991423,
        "model_2_multimer_v3_pred_3": 0.8443154904292525,
        "model_2_multimer_v3_pred_4": 0.8475123360714873,
        "model_3_multimer_v3_pred_0": 0.8578761577947632,
        "model_3_multimer_v3_pred_1": 0.6792844066357958,
        "model_3_multimer_v3_pred_2": 0.8657447233937045,
        "model_3_multimer_v3_pred_3": 0.671555554492422,
        "model_3_multimer_v3_pred_4": 0.6395774240158506,
        "model_4_multimer_v3_pred_0": 0.8837934445369887,
        "model_4_multimer_v3_pred_1": 0.8839528005010019,
        "model_4_multimer_v3_pred_2": 0.887028928625877,
        "model_4_multimer_v3_pred_3": 0.891531369825167,
        "model_4_multimer_v3_pred_4": 0.8880660820332421,
        "model_5_multimer_v3_pred_0": 0.8838893186201038,
        "model_5_multimer_v3_pred_1": 0.8809859678650116,
        "model_5_multimer_v3_pred_2": 0.6650443680105758,
        "model_5_multimer_v3_pred_3": 0.6536501174294007,
        "model_5_multimer_v3_pred_4": 0.8817731284045923
    },
    "order": [
        "model_2_multimer_v3_pred_2",
        "model_4_multimer_v3_pred_3",
        "model_1_multimer_v3_pred_0",
        "model_4_multimer_v3_pred_4",
        "model_1_multimer_v3_pred_2",
        "model_1_multimer_v3_pred_1",
        "model_4_multimer_v3_pred_2",
        "model_1_multimer_v3_pred_3",
        "model_4_multimer_v3_pred_1",
        "model_5_multimer_v3_pred_0",
        "model_4_multimer_v3_pred_0",
        "model_5_multimer_v3_pred_4",
        "model_5_multimer_v3_pred_1",
        "model_1_multimer_v3_pred_4",
        "model_3_multimer_v3_pred_2",
        "model_3_multimer_v3_pred_0",
        "model_2_multimer_v3_pred_0",
        "model_2_multimer_v3_pred_4",
        "model_2_multimer_v3_pred_3",
        "model_2_multimer_v3_pred_1",
        "model_3_multimer_v3_pred_1",
        "model_3_multimer_v3_pred_3",
        "model_5_multimer_v3_pred_2",
        "model_5_multimer_v3_pred_3",
        "model_3_multimer_v3_pred_4"
    ]
}