seed,sample,ranking_score
2,0,0.8428114233431369
2,1,0.8312976462783587
2,2,0.8339080542761778
2,3,0.8282078644316495
2,4,0.8186661307989422
