seed,sample,ranking_score
1,0,0.8511316527210089
1,1,0.8434247274265646
1,2,0.8447178761197145
1,3,0.836015965880399
1,4,0.8427781786853636
