seed,sample,ranking_score
1,0,0.49719666641409566
1,1,0.48265722590540383
1,2,0.47756141588119927
1,3,0.4523220310776685
1,4,0.46926064861969646
