seed,sample,ranking_score
3,0,0.8140287237756261
3,1,0.7996356090966498
3,2,0.8120503587520461
3,3,0.8659201909824362
3,4,0.8123729649149778
