{
    "features": 2.9800689220428467,
    "process_features_model_1_multimer_v3_pred_0": 7.152557373046875e-06,
    "predict_and_compile_model_1_multimer_v3_pred_0": 224.33234119415283,
    "predict_benchmark_model_1_multimer_v3_pred_0": 142.88728976249695,
    "process_features_model_2_multimer_v3_pred_0": 2.2172927856445312e-05,
    "predict_and_compile_model_2_multimer_v3_pred_0": 228.40745067596436,
    "predict_benchmark_model_2_multimer_v3_pred_0": 142.998272895813,
    "process_features_model_3_multimer_v3_pred_0": 1.9311904907226562e-05,
    "predict_and_compile_model_3_multimer_v3_pred_0": 199.4040036201477,
    "predict_benchmark_model_3_multimer_v3_pred_0": 115.98517274856567,
    "process_features_model_4_multimer_v3_pred_0": 1.1444091796875e-05,
    "predict_and_compile_model_4_multimer_v3_pred_0": 223.39007115364075,
    "predict_benchmark_model_4_multimer_v3_pred_0": 138.620365858078,
    "process_features_model_5_multimer_v3_pred_0": 2.1219253540039062e-05,
    "predict_and_compile_model_5_multimer_v3_pred_0": 224.15613079071045,
    "predict_benchmark_model_5_multimer_v3_pred_0": 138.74688506126404
}