seed,sample,ranking_score
1,0,0.5385624940238791
1,1,0.5444390818211365
1,2,0.5793591560325496
1,3,0.4981234865879759
1,4,0.5591832298443337
