seed,sample,ranking_score
1,0,0.8513286483278221
1,1,0.8461717894434502
1,2,0.8501647062202441
1,3,0.846334800709375
1,4,0.8617289501185
