seed,sample,ranking_score
1,0,0.41508803877336553
1,1,0.41672146945972766
1,2,0.40773319954902226
1,3,0.42955700114163653
1,4,0.4019887629342365
