{
    "features": 0.007664203643798828,
    "process_features_model_1_multimer_v3_pred_0": 4.0531158447265625e-06,
    "predict_and_compile_model_1_multimer_v3_pred_0": 193.89362907409668,
    "relax_model_1_multimer_v3_pred_0": 28.101167917251587,
    "process_features_model_1_multimer_v3_pred_1": 2.6226043701171875e-06,
    "predict_and_compile_model_1_multimer_v3_pred_1": 117.52856755256653,
    "relax_model_1_multimer_v3_pred_1": 26.03511643409729,
    "process_features_model_1_multimer_v3_pred_2": 3.337860107421875e-06,
    "predict_and_compile_model_1_multimer_v3_pred_2": 175.9691605567932,
    "relax_model_1_multimer_v3_pred_2": 28.05507493019104,
    "process_features_model_1_multimer_v3_pred_3": 3.0994415283203125e-06,
    "predict_and_compile_model_1_multimer_v3_pred_3": 176.10786747932434,
    "relax_model_1_multimer_v3_pred_3": 28.190773248672485,
    "process_features_model_1_multimer_v3_pred_4": 2.86102294921875e-06,
    "predict_and_compile_model_1_multimer_v3_pred_4": 159.17658305168152,
    "relax_model_1_multimer_v3_pred_4": 25.119088888168335,
    "process_features_model_2_multimer_v3_pred_0": 3.814697265625e-06,
    "predict_and_compile_model_2_multimer_v3_pred_0": 232.04786610603333,
    "relax_model_2_multimer_v3_pred_0": 25.929978609085083,
    "process_features_model_2_multimer_v3_pred_1": 3.5762786865234375e-06,
    "predict_and_compile_model_2_multimer_v3_pred_1": 92.48507785797119,
    "relax_model_2_multimer_v3_pred_1": 25.224961280822754,
    "process_features_model_2_multimer_v3_pred_2": 3.814697265625e-06,
    "predict_and_compile_model_2_multimer_v3_pred_2": 175.9532446861267,
    "relax_model_2_multimer_v3_pred_2": 47.026275634765625,
    "process_features_model_2_multimer_v3_pred_3": 3.5762786865234375e-06,
    "predict_and_compile_model_2_multimer_v3_pred_3": 67.35493326187134,
    "relax_model_2_multimer_v3_pred_3": 27.532804012298584,
    "process_features_model_2_multimer_v3_pred_4": 3.337860107421875e-06,
    "predict_and_compile_model_2_multimer_v3_pred_4": 125.94387197494507,
    "relax_model_2_multimer_v3_pred_4": 26.0530366897583,
    "process_features_model_3_multimer_v3_pred_0": 3.337860107421875e-06,
    "predict_and_compile_model_3_multimer_v3_pred_0": 292.15132188796997,
    "relax_model_3_multimer_v3_pred_0": 25.834120750427246,
    "process_features_model_3_multimer_v3_pred_1": 3.5762786865234375e-06,
    "predict_and_compile_model_3_multimer_v3_pred_1": 176.23053169250488,
    "relax_model_3_multimer_v3_pred_1": 25.64526867866516,
    "process_features_model_3_multimer_v3_pred_2": 3.0994415283203125e-06,
    "predict_and_compile_model_3_multimer_v3_pred_2": 176.2457103729248,
    "relax_model_3_multimer_v3_pred_2": 27.10057497024536,
    "process_features_model_3_multimer_v3_pred_3": 3.5762786865234375e-06,
    "predict_and_compile_model_3_multimer_v3_pred_3": 176.2073941230774,
    "relax_model_3_multimer_v3_pred_3": 25.216003894805908,
    "process_features_model_3_multimer_v3_pred_4": 3.0994415283203125e-06,
    "predict_and_compile_model_3_multimer_v3_pred_4": 176.09940576553345,
    "relax_model_3_multimer_v3_pred_4": 27.26006531715393,
    "process_features_model_4_multimer_v3_pred_0": 3.0994415283203125e-06,
    "predict_and_compile_model_4_multimer_v3_pred_0": 294.864883184433,
    "relax_model_4_multimer_v3_pred_0": 35.15663123130798,
    "process_features_model_4_multimer_v3_pred_1": 3.814697265625e-06,
    "predict_and_compile_model_4_multimer_v3_pred_1": 173.10919332504272,
    "relax_model_4_multimer_v3_pred_1": 37.647562980651855,
    "process_features_model_4_multimer_v3_pred_2": 3.337860107421875e-06,
    "predict_and_compile_model_4_multimer_v3_pred_2": 173.07390975952148,
    "relax_model_4_multimer_v3_pred_2": 35.393425703048706,
    "process_features_model_4_multimer_v3_pred_3": 3.337860107421875e-06,
    "predict_and_compile_model_4_multimer_v3_pred_3": 173.1986837387085,
    "relax_model_4_multimer_v3_pred_3": 29.995922327041626,
    "process_features_model_4_multimer_v3_pred_4": 1.5497207641601562e-05,
    "predict_and_compile_model_4_multimer_v3_pred_4": 173.1575207710266,
    "relax_model_4_multimer_v3_pred_4": 35.87551474571228,
    "process_features_model_5_multimer_v3_pred_0": 3.337860107421875e-06,
    "predict_and_compile_model_5_multimer_v3_pred_0": 291.9280295372009,
    "relax_model_5_multimer_v3_pred_0": 38.12941861152649,
    "process_features_model_5_multimer_v3_pred_1": 3.5762786865234375e-06,
    "predict_and_compile_model_5_multimer_v3_pred_1": 173.10763549804688,
    "relax_model_5_multimer_v3_pred_1": 28.356475353240967,
    "process_features_model_5_multimer_v3_pred_2": 3.0994415283203125e-06,
    "predict_and_compile_model_5_multimer_v3_pred_2": 173.22354984283447,
    "relax_model_5_multimer_v3_pred_2": 28.973153829574585,
    "process_features_model_5_multimer_v3_pred_3": 3.0994415283203125e-06,
    "predict_and_compile_model_5_multimer_v3_pred_3": 173.07169318199158,
    "relax_model_5_multimer_v3_pred_3": 27.537612199783325,
    "process_features_model_5_multimer_v3_pred_4": 3.337860107421875e-06,
    "predict_and_compile_model_5_multimer_v3_pred_4": 173.16319751739502,
    "relax_model_5_multimer_v3_pred_4": 26.035180807113647
}