seed,sample,ranking_score
1,0,0.39445823464956287
1,1,0.41349361626181985
1,2,0.4150611679164552
1,3,0.40015286904673514
1,4,0.40008597024762427
