seed,sample,ranking_score
1,0,0.8454441035851415
1,1,0.8396608401879628
1,2,0.8336645915563778
1,3,0.830598965974014
1,4,0.8469532825370393
