seed,sample,ranking_score
1,0,0.5336115586171587
1,1,0.5678402040544318
1,2,0.5441941049982028
1,3,0.5533152493231823
1,4,0.5401168060127483
