seed,sample,ranking_score
2,0,0.8373100646208356
2,1,0.8148436896117114
2,2,0.8249548814886676
2,3,0.8151020188335025
2,4,0.8421237699166523
