seed,sample,ranking_score
1,0,0.6348713248522647
1,1,0.6939091678511919
1,2,0.6860052032805828
1,3,0.6869648248247672
1,4,0.6880956812768706
