seed,sample,ranking_score
1,0,0.3303871005977325
1,1,0.5479301122563882
1,2,0.34633884290127226
1,3,0.32533860507586976
1,4,0.34660216879016503
