seed,sample,ranking_score
1,0,0.5975426807464186
1,1,0.6219676601061008
1,2,0.5550362261961842
1,3,0.5642973365470851
1,4,0.5909062610060563
