seed,sample,ranking_score
1,0,0.6616286571681346
1,1,0.6523971814206163
1,2,0.6678515501137434
1,3,0.664731929626631
1,4,0.6582462126247728
