seed,sample,ranking_score
1,0,0.6686718604467063
1,1,0.6763639996566758
1,2,0.6902136105656322
1,3,0.6664351051525454
1,4,0.6897539807902092
