seed,sample,ranking_score
1,0,0.5822234698420719
1,1,0.5926748890864869
1,2,0.5734317661387317
1,3,0.5746597003106232
1,4,0.5781004588726869
