seed,sample,ranking_score
1,0,0.6463867050634993
1,1,0.6588312183672616
1,2,0.643748838089175
1,3,0.6399818968011359
1,4,0.6656780119224348
