seed,sample,ranking_score
3,0,0.849807848162803
3,1,0.8423854954262818
3,2,0.8413846339356054
3,3,0.8434649057107453
3,4,0.843501198503752
