{
    "features": 0.018402576446533203,
    "process_features_model_1_multimer_v3_pred_0": 2.6226043701171875e-06,
    "predict_and_compile_model_1_multimer_v3_pred_0": 256.6040048599243,
    "predict_benchmark_model_1_multimer_v3_pred_0": 175.64583802223206,
    "process_features_model_2_multimer_v3_pred_0": 3.3855438232421875e-05,
    "predict_and_compile_model_2_multimer_v3_pred_0": 254.43707704544067,
    "predict_benchmark_model_2_multimer_v3_pred_0": 175.75251746177673,
    "process_features_model_3_multimer_v3_pred_0": 2.3126602172851562e-05,
    "predict_and_compile_model_3_multimer_v3_pred_0": 258.2573540210724,
    "predict_benchmark_model_3_multimer_v3_pred_0": 175.716632604599,
    "process_features_model_4_multimer_v3_pred_0": 2.47955322265625e-05,
    "predict_and_compile_model_4_multimer_v3_pred_0": 251.93952083587646,
    "predict_benchmark_model_4_multimer_v3_pred_0": 170.32470226287842,
    "process_features_model_5_multimer_v3_pred_0": 2.002716064453125e-05,
    "predict_and_compile_model_5_multimer_v3_pred_0": 249.60257935523987,
    "predict_benchmark_model_5_multimer_v3_pred_0": 170.02436089515686
}