seed,sample,ranking_score
3,0,0.5228613245899268
3,1,0.5455687259278923
3,2,0.5557195454267434
3,3,0.5438732163077685
3,4,0.5508759264725036
