seed,sample,ranking_score
1,0,0.5375915372827458
1,1,0.5406409922482824
1,2,0.5251520505063212
1,3,0.5351375286184484
1,4,0.5378526007038551
