seed,sample,ranking_score
1,0,0.5059693531331166
1,1,0.5145546626740793
1,2,0.5056626161559247
1,3,0.28067654574396056
1,4,0.49280164883435484
