seed,sample,ranking_score
1,0,0.550264153461606
1,1,0.5562250775871718
1,2,0.552424661166484
1,3,0.554404886809692
1,4,0.5740846024617029
