{
    "features": 0.12553000450134277,
    "process_features_model_1_multimer_v3_pred_0": 5.4836273193359375e-06,
    "predict_and_compile_model_1_multimer_v3_pred_0": 267.3740966320038,
    "predict_benchmark_model_1_multimer_v3_pred_0": 148.58412075042725,
    "process_features_model_2_multimer_v3_pred_0": 4.5299530029296875e-06,
    "predict_and_compile_model_2_multimer_v3_pred_0": 221.32804679870605,
    "predict_benchmark_model_2_multimer_v3_pred_0": 106.18950176239014,
    "process_features_model_3_multimer_v3_pred_0": 4.5299530029296875e-06,
    "predict_and_compile_model_3_multimer_v3_pred_0": 265.12053084373474,
    "predict_benchmark_model_3_multimer_v3_pred_0": 148.42316365242004,
    "process_features_model_4_multimer_v3_pred_0": 4.76837158203125e-06,
    "predict_and_compile_model_4_multimer_v3_pred_0": 264.90400743484497,
    "predict_benchmark_model_4_multimer_v3_pred_0": 144.82759404182434,
    "process_features_model_5_multimer_v3_pred_0": 4.291534423828125e-06,
    "predict_and_compile_model_5_multimer_v3_pred_0": 261.74671459198,
    "predict_benchmark_model_5_multimer_v3_pred_0": 144.91017842292786
}