seed,sample,ranking_score
1,0,0.33029051603154924
1,1,0.31476909213535026
1,2,0.3266178032744878
1,3,0.3100188192723013
1,4,0.3084791039168965
