seed,sample,ranking_score
2,0,0.8877554501333662
2,1,0.8867093039924276
2,2,0.8854834054903642
2,3,0.8822927278216952
2,4,0.8821813795329321
