{
    "features": 0.14365816116333008,
    "process_features_model_1_multimer_v3_pred_0": 3.337860107421875e-06,
    "predict_and_compile_model_1_multimer_v3_pred_0": 211.64066433906555,
    "predict_benchmark_model_1_multimer_v3_pred_0": 129.40221047401428,
    "process_features_model_2_multimer_v3_pred_0": 1.9311904907226562e-05,
    "predict_and_compile_model_2_multimer_v3_pred_0": 192.17838525772095,
    "predict_benchmark_model_2_multimer_v3_pred_0": 111.26356410980225,
    "process_features_model_3_multimer_v3_pred_0": 2.2172927856445312e-05,
    "predict_and_compile_model_3_multimer_v3_pred_0": 215.84212446212769,
    "predict_benchmark_model_3_multimer_v3_pred_0": 129.38989663124084,
    "process_features_model_4_multimer_v3_pred_0": 2.288818359375e-05,
    "predict_and_compile_model_4_multimer_v3_pred_0": 212.07746720314026,
    "predict_benchmark_model_4_multimer_v3_pred_0": 125.25980591773987,
    "process_features_model_5_multimer_v3_pred_0": 2.1219253540039062e-05,
    "predict_and_compile_model_5_multimer_v3_pred_0": 133.03084564208984,
    "predict_benchmark_model_5_multimer_v3_pred_0": 47.6442973613739
}