seed,sample,ranking_score
1,0,0.5604211687766072
1,1,0.5330441583287171
1,2,0.5483221743146476
1,3,0.5221086956813712
1,4,0.5341206929721218
