seed,sample,ranking_score
1,0,0.6405652148544819
1,1,0.6536939440224815
1,2,0.6330283712439092
1,3,0.6431069864795892
1,4,0.6475499075684616
