seed,sample,ranking_score
1,0,0.7881335832536193
1,1,0.7481374216622001
1,2,0.7622678587371097
1,3,0.7891230242636113
1,4,0.7699838014474205
