seed,sample,ranking_score
1,0,0.707171198940237
1,1,0.7338430969292933
1,2,0.732674182246932
1,3,0.7205020430835589
1,4,0.7276179626670448
