seed,sample,ranking_score
1,0,0.5879872078824919
1,1,0.5768051889103343
1,2,0.5909284838199286
1,3,0.591486311187066
1,4,0.5890466765532744
