seed,sample,ranking_score
1,0,0.31339160814505074
1,1,0.32005450580235684
1,2,0.30323325760012976
1,3,0.2931364677920384
1,4,0.30194981317284136
