seed,sample,ranking_score
1,0,0.7529791071967378
1,1,0.7572252367706435
1,2,0.7408810317634911
1,3,0.7479291498134099
1,4,0.7496770031643494
