seed,sample,ranking_score
1,0,0.5328329099747764
1,1,0.5667688581299021
1,2,0.5617535301857751
1,3,0.5486859158767142
1,4,0.556720938108164
