seed,sample,ranking_score
1,0,0.6232984603298256
1,1,0.6342593338284012
1,2,0.5891897341643565
1,3,0.6344289499980617
1,4,0.6435815891856979
