seed,sample,ranking_score
1,0,0.2485436235462927
1,1,0.2917370846339691
1,2,0.29352360240187886
1,3,0.28885035185335756
1,4,0.267876552199824
