seed,sample,ranking_score
1,0,0.672344458986457
1,1,0.6684729727524628
1,2,0.6411621232090899
1,3,0.6527569148700278
1,4,0.6596122605706035
