{
    "features": 0.006366252899169922,
    "process_features_model_1_multimer_v3_pred_0": 4.0531158447265625e-06,
    "predict_and_compile_model_1_multimer_v3_pred_0": 243.78464365005493,
    "relax_model_1_multimer_v3_pred_0": 34.579793214797974,
    "process_features_model_1_multimer_v3_pred_1": 2.1457672119140625e-06,
    "predict_and_compile_model_1_multimer_v3_pred_1": 124.751699924469,
    "relax_model_1_multimer_v3_pred_1": 17.49709987640381,
    "process_features_model_1_multimer_v3_pred_2": 2.6226043701171875e-06,
    "predict_and_compile_model_1_multimer_v3_pred_2": 124.78203701972961,
    "relax_model_1_multimer_v3_pred_2": 17.533851146697998,
    "process_features_model_1_multimer_v3_pred_3": 2.384185791015625e-06,
    "predict_and_compile_model_1_multimer_v3_pred_3": 124.53059816360474,
    "relax_model_1_multimer_v3_pred_3": 17.933655977249146,
    "process_features_model_1_multimer_v3_pred_4": 2.6226043701171875e-06,
    "predict_and_compile_model_1_multimer_v3_pred_4": 124.5850932598114,
    "relax_model_1_multimer_v3_pred_4": 18.226886987686157,
    "process_features_model_2_multimer_v3_pred_0": 2.1457672119140625e-06,
    "predict_and_compile_model_2_multimer_v3_pred_0": 170.41997051239014,
    "relax_model_2_multimer_v3_pred_0": 25.30309796333313,
    "process_features_model_2_multimer_v3_pred_1": 2.384185791015625e-06,
    "predict_and_compile_model_2_multimer_v3_pred_1": 65.38975191116333,
    "relax_model_2_multimer_v3_pred_1": 18.117515802383423,
    "process_features_model_2_multimer_v3_pred_2": 2.384185791015625e-06,
    "predict_and_compile_model_2_multimer_v3_pred_2": 59.555564880371094,
    "relax_model_2_multimer_v3_pred_2": 18.51399564743042,
    "process_features_model_2_multimer_v3_pred_3": 2.6226043701171875e-06,
    "predict_and_compile_model_2_multimer_v3_pred_3": 124.54905891418457,
    "relax_model_2_multimer_v3_pred_3": 18.73556876182556,
    "process_features_model_2_multimer_v3_pred_4": 2.384185791015625e-06,
    "predict_and_compile_model_2_multimer_v3_pred_4": 59.59542775154114,
    "relax_model_2_multimer_v3_pred_4": 18.62133288383484,
    "process_features_model_3_multimer_v3_pred_0": 2.384185791015625e-06,
    "predict_and_compile_model_3_multimer_v3_pred_0": 218.08652138710022,
    "relax_model_3_multimer_v3_pred_0": 32.42453074455261,
    "process_features_model_3_multimer_v3_pred_1": 2.384185791015625e-06,
    "predict_and_compile_model_3_multimer_v3_pred_1": 47.767701387405396,
    "relax_model_3_multimer_v3_pred_1": 33.100426197052,
    "process_features_model_3_multimer_v3_pred_2": 3.814697265625e-06,
    "predict_and_compile_model_3_multimer_v3_pred_2": 77.2972617149353,
    "relax_model_3_multimer_v3_pred_2": 33.04847002029419,
    "process_features_model_3_multimer_v3_pred_3": 2.384185791015625e-06,
    "predict_and_compile_model_3_multimer_v3_pred_3": 124.8410177230835,
    "relax_model_3_multimer_v3_pred_3": 32.74512767791748,
    "process_features_model_3_multimer_v3_pred_4": 2.384185791015625e-06,
    "predict_and_compile_model_3_multimer_v3_pred_4": 124.53625655174255,
    "relax_model_3_multimer_v3_pred_4": 31.908069133758545,
    "process_features_model_4_multimer_v3_pred_0": 2.384185791015625e-06,
    "predict_and_compile_model_4_multimer_v3_pred_0": 243.20081639289856,
    "relax_model_4_multimer_v3_pred_0": 25.61622166633606,
    "process_features_model_4_multimer_v3_pred_1": 2.1457672119140625e-06,
    "predict_and_compile_model_4_multimer_v3_pred_1": 121.80868077278137,
    "relax_model_4_multimer_v3_pred_1": 25.35496711730957,
    "process_features_model_4_multimer_v3_pred_2": 2.6226043701171875e-06,
    "predict_and_compile_model_4_multimer_v3_pred_2": 121.96646785736084,
    "relax_model_4_multimer_v3_pred_2": 17.768478631973267,
    "process_features_model_4_multimer_v3_pred_3": 2.384185791015625e-06,
    "predict_and_compile_model_4_multimer_v3_pred_3": 121.84283089637756,
    "relax_model_4_multimer_v3_pred_3": 24.84783101081848,
    "process_features_model_4_multimer_v3_pred_4": 1.9073486328125e-06,
    "predict_and_compile_model_4_multimer_v3_pred_4": 122.105388879776,
    "relax_model_4_multimer_v3_pred_4": 25.44068741798401,
    "process_features_model_5_multimer_v3_pred_0": 2.384185791015625e-06,
    "predict_and_compile_model_5_multimer_v3_pred_0": 193.50936341285706,
    "relax_model_5_multimer_v3_pred_0": 18.747797966003418,
    "process_features_model_5_multimer_v3_pred_1": 2.384185791015625e-06,
    "predict_and_compile_model_5_multimer_v3_pred_1": 122.07933259010315,
    "relax_model_5_multimer_v3_pred_1": 18.567244052886963,
    "process_features_model_5_multimer_v3_pred_2": 3.0994415283203125e-06,
    "predict_and_compile_model_5_multimer_v3_pred_2": 121.84013438224792,
    "relax_model_5_multimer_v3_pred_2": 18.56223964691162,
    "process_features_model_5_multimer_v3_pred_3": 2.384185791015625e-06,
    "predict_and_compile_model_5_multimer_v3_pred_3": 121.99069213867188,
    "relax_model_5_multimer_v3_pred_3": 25.83867597579956,
    "process_features_model_5_multimer_v3_pred_4": 1.9073486328125e-06,
    "predict_and_compile_model_5_multimer_v3_pred_4": 52.4400053024292,
    "relax_model_5_multimer_v3_pred_4": 19.119505405426025
}