seed,sample,ranking_score
1,0,0.7299821453672998
1,1,0.7562218845822094
1,2,0.7265359596206657
1,3,0.6803932874624685
1,4,0.7089053663259326
