seed,sample,ranking_score
1,0,0.5865379377508858
1,1,0.6207621440203365
1,2,0.602504599564482
1,3,0.6211877644098687
1,4,0.6227324186964366
