{
    "features": 0.02926182746887207,
    "process_features_model_1_multimer_v3_pred_0": 2.384185791015625e-06,
    "predict_and_compile_model_1_multimer_v3_pred_0": 99.80865478515625,
    "predict_benchmark_model_1_multimer_v3_pred_0": 16.065255880355835,
    "process_features_model_2_multimer_v3_pred_0": 1.0967254638671875e-05,
    "predict_and_compile_model_2_multimer_v3_pred_0": 107.37542843818665,
    "predict_benchmark_model_2_multimer_v3_pred_0": 24.035793781280518,
    "process_features_model_3_multimer_v3_pred_0": 2.574920654296875e-05,
    "predict_and_compile_model_3_multimer_v3_pred_0": 113.24796199798584,
    "predict_benchmark_model_3_multimer_v3_pred_0": 27.8896005153656,
    "process_features_model_4_multimer_v3_pred_0": 3.0517578125e-05,
    "predict_and_compile_model_4_multimer_v3_pred_0": 168.70056629180908,
    "predict_benchmark_model_4_multimer_v3_pred_0": 81.96610999107361,
    "process_features_model_5_multimer_v3_pred_0": 8.034706115722656e-05,
    "predict_and_compile_model_5_multimer_v3_pred_0": 122.95471286773682,
    "predict_benchmark_model_5_multimer_v3_pred_0": 27.51802349090576
}