{
    "features": 0.2903478145599365,
    "process_features_model_1_multimer_v3_pred_0": 5.0067901611328125e-06,
    "predict_and_compile_model_1_multimer_v3_pred_0": 641.7047786712646,
    "predict_benchmark_model_1_multimer_v3_pred_0": 520.0942089557648,
    "process_features_model_2_multimer_v3_pred_0": 3.5762786865234375e-06,
    "predict_and_compile_model_2_multimer_v3_pred_0": 636.2057001590729,
    "predict_benchmark_model_2_multimer_v3_pred_0": 520.295768737793,
    "process_features_model_3_multimer_v3_pred_0": 3.5762786865234375e-06,
    "predict_and_compile_model_3_multimer_v3_pred_0": 638.2568311691284,
    "predict_benchmark_model_3_multimer_v3_pred_0": 519.9046506881714,
    "process_features_model_4_multimer_v3_pred_0": 3.814697265625e-06,
    "predict_and_compile_model_4_multimer_v3_pred_0": 631.0848054885864,
    "predict_benchmark_model_4_multimer_v3_pred_0": 508.4226920604706,
    "process_features_model_5_multimer_v3_pred_0": 3.5762786865234375e-06,
    "predict_and_compile_model_5_multimer_v3_pred_0": 624.3941571712494,
    "predict_benchmark_model_5_multimer_v3_pred_0": 508.37691617012024
}