seed,sample,ranking_score
1,0,0.8635565262839247
1,1,0.8557778538497685
1,2,0.8629652897238758
1,3,0.859610002388657
1,4,0.856496896177328
