seed,sample,ranking_score
1,0,0.6075075881809371
1,1,0.5949646100980552
1,2,0.5873762279370227
1,3,0.6056850676411871
1,4,0.6026809883954013
