seed,sample,ranking_score
1,0,0.8273135218526281
1,1,0.8278330442424197
1,2,0.8435461566534147
1,3,0.8320813411476917
1,4,0.8320451671291956
