seed,sample,ranking_score
1,0,0.8344139892827495
1,1,0.8155612091954247
1,2,0.8194695455735165
1,3,0.8211800707524768
1,4,0.8252562493875919
