{
    "features": 0.1262068748474121,
    "process_features_model_1_multimer_v3_pred_0": 4.0531158447265625e-06,
    "predict_and_compile_model_1_multimer_v3_pred_0": 152.73463773727417,
    "predict_benchmark_model_1_multimer_v3_pred_0": 34.302695751190186,
    "process_features_model_2_multimer_v3_pred_0": 3.0994415283203125e-06,
    "predict_and_compile_model_2_multimer_v3_pred_0": 169.7691252231598,
    "predict_benchmark_model_2_multimer_v3_pred_0": 54.56673836708069,
    "process_features_model_3_multimer_v3_pred_0": 4.76837158203125e-06,
    "predict_and_compile_model_3_multimer_v3_pred_0": 205.06906056404114,
    "predict_benchmark_model_3_multimer_v3_pred_0": 88.42956376075745,
    "process_features_model_4_multimer_v3_pred_0": 4.291534423828125e-06,
    "predict_and_compile_model_4_multimer_v3_pred_0": 166.71182584762573,
    "predict_benchmark_model_4_multimer_v3_pred_0": 46.41871500015259,
    "process_features_model_5_multimer_v3_pred_0": 3.5762786865234375e-06,
    "predict_and_compile_model_5_multimer_v3_pred_0": 156.7687487602234,
    "predict_benchmark_model_5_multimer_v3_pred_0": 39.839598655700684
}