seed,sample,ranking_score
1,0,0.549845848465176
1,1,0.5577610201646189
1,2,0.5511296347906152
1,3,0.5489658197227278
1,4,0.5542696396190024
