seed,sample,ranking_score
1,0,0.5176198754565782
1,1,0.5399807470750366
1,2,0.530641061258857
1,3,0.5406873121090643
1,4,0.524989505991303
