{
    "features": 0.021129608154296875,
    "process_features_model_1_multimer_v3_pred_0": 2.6226043701171875e-06,
    "predict_and_compile_model_1_multimer_v3_pred_0": 208.82907938957214,
    "predict_benchmark_model_1_multimer_v3_pred_0": 127.58216404914856,
    "process_features_model_2_multimer_v3_pred_0": 3.552436828613281e-05,
    "predict_and_compile_model_2_multimer_v3_pred_0": 211.31645107269287,
    "predict_benchmark_model_2_multimer_v3_pred_0": 127.71135425567627,
    "process_features_model_3_multimer_v3_pred_0": 3.218650817871094e-05,
    "predict_and_compile_model_3_multimer_v3_pred_0": 213.26155591011047,
    "predict_benchmark_model_3_multimer_v3_pred_0": 127.49750685691833,
    "process_features_model_4_multimer_v3_pred_0": 2.4318695068359375e-05,
    "predict_and_compile_model_4_multimer_v3_pred_0": 211.53885769844055,
    "predict_benchmark_model_4_multimer_v3_pred_0": 125.37123155593872,
    "process_features_model_5_multimer_v3_pred_0": 2.1219253540039062e-05,
    "predict_and_compile_model_5_multimer_v3_pred_0": 211.36144399642944,
    "predict_benchmark_model_5_multimer_v3_pred_0": 125.07409739494324
}