seed,sample,ranking_score
1,0,0.6085906626993135
1,1,0.6227104293676226
1,2,0.6632593914441546
1,3,0.6727190251747933
1,4,0.6673067771047183
