seed,sample,ranking_score
2,0,0.860558544902861
2,1,0.8533191065561487
2,2,0.8535549726640593
2,3,0.8553684612711883
2,4,0.8552784958826697
