seed,sample,ranking_score
1,0,0.46718742848500366
1,1,0.4904424178429573
1,2,0.48524020357377196
1,3,0.4855046592268651
1,4,0.4790823905683558
