seed,sample,ranking_score
1,0,0.6978697041373217
1,1,0.7223737808671231
1,2,0.7068515724455395
1,3,0.7195394109040631
1,4,0.7210218593987978
