seed,sample,ranking_score
1,0,0.47486724903732147
1,1,0.45027662331302704
1,2,0.44752194804651557
1,3,0.4708802900961375
1,4,0.4731678360933045
