seed,sample,ranking_score
1,0,0.4632711111285295
1,1,0.45113290779495663
1,2,0.43727388070717543
1,3,0.4580220408741632
1,4,0.4612029978994074
