seed,sample,ranking_score
1,0,0.7551403329123739
1,1,0.735510789920371
1,2,0.7462472505036959
1,3,0.7589046560761036
1,4,0.7243882685116242
