seed,sample,ranking_score
1,0,0.9074977375919675
1,1,0.9059997048336973
1,2,0.8920849943136967
1,3,0.9252632806486515
1,4,0.9437802710038335
