seed,sample,ranking_score
1,0,0.5296500615883226
1,1,0.5508799130141597
1,2,0.5469770647426796
1,3,0.5542689527707827
1,4,0.5349179870965297
