seed,sample,ranking_score
1,0,0.7111668222944865
1,1,0.7219481087791442
1,2,0.6957240498506926
1,3,0.6931528440220497
1,4,0.706271602544164
