seed,sample,ranking_score
1,0,0.6644806690937229
1,1,0.6640565368603456
1,2,0.5573931747662614
1,3,0.6537397048140139
1,4,0.6688361958847623
