seed,sample,ranking_score
3,0,0.7154291912217291
3,1,0.7277497086538068
3,2,0.7241672106955634
3,3,0.7436107736656751
3,4,0.7084011720504872
