seed,sample,ranking_score
1,0,0.5609390597752052
1,1,0.5640468533607479
1,2,0.5527702731026751
1,3,0.5688792361669683
1,4,0.5568071889582813
