{
    "features": 0.03203296661376953,
    "process_features_model_1_multimer_v3_pred_0": 5.245208740234375e-06,
    "predict_and_compile_model_1_multimer_v3_pred_0": 245.99193954467773,
    "predict_benchmark_model_1_multimer_v3_pred_0": 169.60150480270386,
    "process_features_model_2_multimer_v3_pred_0": 8.58306884765625e-06,
    "predict_and_compile_model_2_multimer_v3_pred_0": 246.991619348526,
    "predict_benchmark_model_2_multimer_v3_pred_0": 169.31692814826965,
    "process_features_model_3_multimer_v3_pred_0": 3.0517578125e-05,
    "predict_and_compile_model_3_multimer_v3_pred_0": 251.29599523544312,
    "predict_benchmark_model_3_multimer_v3_pred_0": 169.51005601882935,
    "process_features_model_4_multimer_v3_pred_0": 3.0040740966796875e-05,
    "predict_and_compile_model_4_multimer_v3_pred_0": 245.35319089889526,
    "predict_benchmark_model_4_multimer_v3_pred_0": 164.78224396705627,
    "process_features_model_5_multimer_v3_pred_0": 1.9073486328125e-05,
    "predict_and_compile_model_5_multimer_v3_pred_0": 242.2262213230133,
    "predict_benchmark_model_5_multimer_v3_pred_0": 165.13622617721558
}