{
    "features": 0.025017261505126953,
    "process_features_model_1_multimer_v3_pred_0": 2.86102294921875e-06,
    "predict_and_compile_model_1_multimer_v3_pred_0": 148.46452236175537,
    "predict_benchmark_model_1_multimer_v3_pred_0": 63.663761377334595,
    "process_features_model_2_multimer_v3_pred_0": 1.9311904907226562e-05,
    "predict_and_compile_model_2_multimer_v3_pred_0": 110.33156633377075,
    "predict_benchmark_model_2_multimer_v3_pred_0": 31.83163809776306,
    "process_features_model_3_multimer_v3_pred_0": 1.0728836059570312e-05,
    "predict_and_compile_model_3_multimer_v3_pred_0": 115.9096314907074,
    "predict_benchmark_model_3_multimer_v3_pred_0": 38.31352424621582,
    "process_features_model_4_multimer_v3_pred_0": 8.821487426757812e-06,
    "predict_and_compile_model_4_multimer_v3_pred_0": 110.37593293190002,
    "predict_benchmark_model_4_multimer_v3_pred_0": 30.830687046051025,
    "process_features_model_5_multimer_v3_pred_0": 3.266334533691406e-05,
    "predict_and_compile_model_5_multimer_v3_pred_0": 141.16387391090393,
    "predict_benchmark_model_5_multimer_v3_pred_0": 61.7578547000885
}