seed,sample,ranking_score
1,0,0.8730660141706392
1,1,0.8829682594380299
1,2,0.8700346153225645
1,3,0.8471561960647384
1,4,0.8742385121741509
