seed,sample,ranking_score
1,0,0.8132398990065829
1,1,0.8062770481381064
1,2,0.8126982497084522
1,3,0.8051864809060425
1,4,0.7689775921696429
