{
    "features": 0.4046058654785156,
    "process_features_model_1_multimer_v3_pred_0": 4.291534423828125e-06,
    "predict_and_compile_model_1_multimer_v3_pred_0": 631.3077456951141,
    "predict_benchmark_model_1_multimer_v3_pred_0": 511.521954536438,
    "process_features_model_2_multimer_v3_pred_0": 3.814697265625e-06,
    "predict_and_compile_model_2_multimer_v3_pred_0": 625.0099904537201,
    "predict_benchmark_model_2_multimer_v3_pred_0": 511.196923494339,
    "process_features_model_3_multimer_v3_pred_0": 4.0531158447265625e-06,
    "predict_and_compile_model_3_multimer_v3_pred_0": 626.9132170677185,
    "predict_benchmark_model_3_multimer_v3_pred_0": 511.4012315273285,
    "process_features_model_4_multimer_v3_pred_0": 5.9604644775390625e-06,
    "predict_and_compile_model_4_multimer_v3_pred_0": 619.2640695571899,
    "predict_benchmark_model_4_multimer_v3_pred_0": 497.8699359893799,
    "process_features_model_5_multimer_v3_pred_0": 9.5367431640625e-06,
    "predict_and_compile_model_5_multimer_v3_pred_0": 615.060943365097,
    "predict_benchmark_model_5_multimer_v3_pred_0": 497.86237478256226
}