{
    "features": 0.008236169815063477,
    "process_features_model_1_multimer_v3_pred_0": 3.0994415283203125e-06,
    "predict_and_compile_model_1_multimer_v3_pred_0": 271.8868296146393,
    "relax_model_1_multimer_v3_pred_0": 62.48861265182495,
    "process_features_model_1_multimer_v3_pred_1": 2.86102294921875e-06,
    "predict_and_compile_model_1_multimer_v3_pred_1": 228.63950490951538,
    "relax_model_1_multimer_v3_pred_1": 59.71076536178589,
    "process_features_model_1_multimer_v3_pred_2": 2.6226043701171875e-06,
    "predict_and_compile_model_1_multimer_v3_pred_2": 228.7574212551117,
    "relax_model_1_multimer_v3_pred_2": 63.49201583862305,
    "process_features_model_1_multimer_v3_pred_3": 2.6226043701171875e-06,
    "predict_and_compile_model_1_multimer_v3_pred_3": 228.47274708747864,
    "relax_model_1_multimer_v3_pred_3": 60.11721396446228,
    "process_features_model_1_multimer_v3_pred_4": 3.0994415283203125e-06,
    "predict_and_compile_model_1_multimer_v3_pred_4": 163.37050604820251,
    "relax_model_1_multimer_v3_pred_4": 61.12326717376709,
    "process_features_model_2_multimer_v3_pred_0": 2.86102294921875e-06,
    "predict_and_compile_model_2_multimer_v3_pred_0": 299.47570395469666,
    "relax_model_2_multimer_v3_pred_0": 62.96561670303345,
    "process_features_model_2_multimer_v3_pred_1": 2.6226043701171875e-06,
    "predict_and_compile_model_2_multimer_v3_pred_1": 217.84503483772278,
    "relax_model_2_multimer_v3_pred_1": 61.629722595214844,
    "process_features_model_2_multimer_v3_pred_2": 3.337860107421875e-06,
    "predict_and_compile_model_2_multimer_v3_pred_2": 228.4833745956421,
    "relax_model_2_multimer_v3_pred_2": 62.457706689834595,
    "process_features_model_2_multimer_v3_pred_3": 3.337860107421875e-06,
    "predict_and_compile_model_2_multimer_v3_pred_3": 174.79000210762024,
    "relax_model_2_multimer_v3_pred_3": 65.48541951179504,
    "process_features_model_2_multimer_v3_pred_4": 3.814697265625e-06,
    "predict_and_compile_model_2_multimer_v3_pred_4": 217.80445837974548,
    "relax_model_2_multimer_v3_pred_4": 63.43989324569702,
    "process_features_model_3_multimer_v3_pred_0": 3.337860107421875e-06,
    "predict_and_compile_model_3_multimer_v3_pred_0": 225.34497690200806,
    "relax_model_3_multimer_v3_pred_0": 47.39218473434448,
    "process_features_model_3_multimer_v3_pred_1": 2.6226043701171875e-06,
    "predict_and_compile_model_3_multimer_v3_pred_1": 120.64907765388489,
    "relax_model_3_multimer_v3_pred_1": 60.49418616294861,
    "process_features_model_3_multimer_v3_pred_2": 2.86102294921875e-06,
    "predict_and_compile_model_3_multimer_v3_pred_2": 217.8938694000244,
    "relax_model_3_multimer_v3_pred_2": 61.47924876213074,
    "process_features_model_3_multimer_v3_pred_3": 3.0994415283203125e-06,
    "predict_and_compile_model_3_multimer_v3_pred_3": 217.76900482177734,
    "relax_model_3_multimer_v3_pred_3": 66.69942283630371,
    "process_features_model_3_multimer_v3_pred_4": 3.0994415283203125e-06,
    "predict_and_compile_model_3_multimer_v3_pred_4": 152.64092421531677,
    "relax_model_3_multimer_v3_pred_4": 62.60755896568298,
    "process_features_model_4_multimer_v3_pred_0": 3.0994415283203125e-06,
    "predict_and_compile_model_4_multimer_v3_pred_0": 344.60087299346924,
    "relax_model_4_multimer_v3_pred_0": 35.22238326072693,
    "process_features_model_4_multimer_v3_pred_1": 3.337860107421875e-06,
    "predict_and_compile_model_4_multimer_v3_pred_1": 224.52938103675842,
    "relax_model_4_multimer_v3_pred_1": 61.62866449356079,
    "process_features_model_4_multimer_v3_pred_2": 3.0994415283203125e-06,
    "predict_and_compile_model_4_multimer_v3_pred_2": 224.73641204833984,
    "relax_model_4_multimer_v3_pred_2": 61.315271854400635,
    "process_features_model_4_multimer_v3_pred_3": 3.337860107421875e-06,
    "predict_and_compile_model_4_multimer_v3_pred_3": 224.2460458278656,
    "relax_model_4_multimer_v3_pred_3": 35.56946063041687,
    "process_features_model_4_multimer_v3_pred_4": 3.814697265625e-06,
    "predict_and_compile_model_4_multimer_v3_pred_4": 224.5740225315094,
    "relax_model_4_multimer_v3_pred_4": 61.535171031951904,
    "process_features_model_5_multimer_v3_pred_0": 5.0067901611328125e-06,
    "predict_and_compile_model_5_multimer_v3_pred_0": 255.5577323436737,
    "relax_model_5_multimer_v3_pred_0": 47.31995487213135,
    "process_features_model_5_multimer_v3_pred_1": 3.337860107421875e-06,
    "predict_and_compile_model_5_multimer_v3_pred_1": 224.25614762306213,
    "relax_model_5_multimer_v3_pred_1": 47.94770121574402,
    "process_features_model_5_multimer_v3_pred_2": 3.337860107421875e-06,
    "predict_and_compile_model_5_multimer_v3_pred_2": 224.8685052394867,
    "relax_model_5_multimer_v3_pred_2": 63.850754261016846,
    "process_features_model_5_multimer_v3_pred_3": 2.86102294921875e-06,
    "predict_and_compile_model_5_multimer_v3_pred_3": 224.2783215045929,
    "relax_model_5_multimer_v3_pred_3": 48.67381405830383,
    "process_features_model_5_multimer_v3_pred_4": 2.6226043701171875e-06,
    "predict_and_compile_model_5_multimer_v3_pred_4": 224.41843032836914,
    "relax_model_5_multimer_v3_pred_4": 61.7353618144989
}