seed,sample,ranking_score
1,0,0.7827963957584066
1,1,0.7857656871034108
1,2,0.7845765032537202
1,3,0.7826204365391851
1,4,0.7709573833691176
