seed,sample,ranking_score
1,0,0.8695868308887916
1,1,0.8656110170988338
1,2,0.8712213094162639
1,3,0.8583839851823896
1,4,0.8597726723067092
