seed,sample,ranking_score
1,0,0.8837976944219617
1,1,0.8797732023225693
1,2,0.875842809387675
1,3,0.8796645056152914
1,4,0.8647124551402188
