{
    "features": 0.21861839294433594,
    "process_features_model_1_multimer_v3_pred_0": 5.245208740234375e-06,
    "predict_and_compile_model_1_multimer_v3_pred_0": 2206.2560658454895,
    "predict_benchmark_model_1_multimer_v3_pred_0": 2072.4012413024902,
    "process_features_model_2_multimer_v3_pred_0": 1.33514404296875e-05,
    "predict_and_compile_model_2_multimer_v3_pred_0": 2186.0100889205933,
    "predict_benchmark_model_2_multimer_v3_pred_0": 2072.5043547153473,
    "process_features_model_3_multimer_v3_pred_0": 5.984306335449219e-05,
    "predict_and_compile_model_3_multimer_v3_pred_0": 2189.2640931606293,
    "predict_benchmark_model_3_multimer_v3_pred_0": 2071.2883462905884,
    "process_features_model_4_multimer_v3_pred_0": 4.291534423828125e-06,
    "predict_and_compile_model_4_multimer_v3_pred_0": 2139.880783557892,
    "predict_benchmark_model_4_multimer_v3_pred_0": 2013.6086747646332,
    "process_features_model_5_multimer_v3_pred_0": 3.5762786865234375e-06,
    "predict_and_compile_model_5_multimer_v3_pred_0": 2117.255320072174,
    "predict_benchmark_model_5_multimer_v3_pred_0": 2025.9588749408722
}