seed,sample,ranking_score
1,0,0.5349070888178937
1,1,0.4617825990013741
1,2,0.504806287432817
1,3,0.5198643153946603
1,4,0.5254831112135416
