{
    "features": 0.06699705123901367,
    "process_features_model_1_multimer_v3_pred_0": 3.814697265625e-06,
    "predict_and_compile_model_1_multimer_v3_pred_0": 125.07641673088074,
    "predict_benchmark_model_1_multimer_v3_pred_0": 44.282339096069336,
    "process_features_model_2_multimer_v3_pred_0": 3.218650817871094e-05,
    "predict_and_compile_model_2_multimer_v3_pred_0": 122.56846880912781,
    "predict_benchmark_model_2_multimer_v3_pred_0": 39.87319302558899,
    "process_features_model_3_multimer_v3_pred_0": 1.1205673217773438e-05,
    "predict_and_compile_model_3_multimer_v3_pred_0": 107.34514474868774,
    "predict_benchmark_model_3_multimer_v3_pred_0": 22.170523643493652,
    "process_features_model_4_multimer_v3_pred_0": 1.1444091796875e-05,
    "predict_and_compile_model_4_multimer_v3_pred_0": 105.96047639846802,
    "predict_benchmark_model_4_multimer_v3_pred_0": 17.419745445251465,
    "process_features_model_5_multimer_v3_pred_0": 5.9604644775390625e-06,
    "predict_and_compile_model_5_multimer_v3_pred_0": 112.77039051055908,
    "predict_benchmark_model_5_multimer_v3_pred_0": 26.072266578674316
}