seed,sample,ranking_score
1,0,0.823243003064264
1,1,0.7983009133996292
1,2,0.8403946960249967
1,3,0.829364361055027
1,4,0.7979743064823498
