{
    "features": 0.14914917945861816,
    "process_features_model_1_multimer_v3_pred_0": 5.9604644775390625e-06,
    "predict_and_compile_model_1_multimer_v3_pred_0": 656.3657550811768,
    "predict_benchmark_model_1_multimer_v3_pred_0": 496.70026111602783,
    "process_features_model_2_multimer_v3_pred_0": 4.291534423828125e-06,
    "predict_and_compile_model_2_multimer_v3_pred_0": 653.2078671455383,
    "predict_benchmark_model_2_multimer_v3_pred_0": 500.5974872112274,
    "process_features_model_3_multimer_v3_pred_0": 4.76837158203125e-06,
    "predict_and_compile_model_3_multimer_v3_pred_0": 661.3398880958557,
    "predict_benchmark_model_3_multimer_v3_pred_0": 496.34128499031067,
    "process_features_model_4_multimer_v3_pred_0": 4.5299530029296875e-06,
    "predict_and_compile_model_4_multimer_v3_pred_0": 642.3480410575867,
    "predict_benchmark_model_4_multimer_v3_pred_0": 486.3790068626404,
    "process_features_model_5_multimer_v3_pred_0": 1.0967254638671875e-05,
    "predict_and_compile_model_5_multimer_v3_pred_0": 632.9192850589752,
    "predict_benchmark_model_5_multimer_v3_pred_0": 483.6914222240448
}