seed,sample,ranking_score
3,0,0.9046577854446121
3,1,0.9133662568467414
3,2,0.9129988484542243
3,3,0.9047200808310942
3,4,0.8835326763044585
