seed,sample,ranking_score
1,0,0.3002690670403576
1,1,0.6220759054811908
1,2,0.6049024175124843
1,3,0.3135216854796796
1,4,0.6296014539060426
