seed,sample,ranking_score
1,0,0.8419500169715127
1,1,0.8567208758626984
1,2,0.8454623344734711
1,3,0.8454354859837195
1,4,0.8551494741420229
