{
    "features": 0.12752413749694824,
    "process_features_model_1_multimer_v3_pred_0": 3.337860107421875e-06,
    "predict_and_compile_model_1_multimer_v3_pred_0": 976.8595750331879,
    "predict_benchmark_model_1_multimer_v3_pred_0": 892.8935770988464,
    "process_features_model_2_multimer_v3_pred_0": 3.457069396972656e-05,
    "predict_and_compile_model_2_multimer_v3_pred_0": 839.7623453140259,
    "predict_benchmark_model_2_multimer_v3_pred_0": 765.450511932373,
    "process_features_model_3_multimer_v3_pred_0": 1.8358230590820312e-05,
    "predict_and_compile_model_3_multimer_v3_pred_0": 965.6083703041077,
    "predict_benchmark_model_3_multimer_v3_pred_0": 892.5288543701172,
    "process_features_model_4_multimer_v3_pred_0": 2.8848648071289062e-05,
    "predict_and_compile_model_4_multimer_v3_pred_0": 952.4381639957428,
    "predict_benchmark_model_4_multimer_v3_pred_0": 873.0178852081299,
    "process_features_model_5_multimer_v3_pred_0": 3.218650817871094e-05,
    "predict_and_compile_model_5_multimer_v3_pred_0": 962.8823189735413,
    "predict_benchmark_model_5_multimer_v3_pred_0": 873.9734990596771
}