seed,sample,ranking_score
3,0,0.8540150562210984
3,1,0.8607177903345831
3,2,0.8737844508859316
3,3,0.8752448327466201
3,4,0.8559911436310964
