{
    "features": 0.012151479721069336,
    "process_features_model_1_multimer_v3_pred_0": 3.5762786865234375e-06,
    "predict_and_compile_model_1_multimer_v3_pred_0": 462.4426577091217,
    "relax_model_1_multimer_v3_pred_0": 33.0673668384552,
    "process_features_model_1_multimer_v3_pred_1": 4.0531158447265625e-06,
    "predict_and_compile_model_1_multimer_v3_pred_1": 132.3409628868103,
    "relax_model_1_multimer_v3_pred_1": 26.867343187332153,
    "process_features_model_1_multimer_v3_pred_2": 3.5762786865234375e-06,
    "predict_and_compile_model_1_multimer_v3_pred_2": 131.73591566085815,
    "relax_model_1_multimer_v3_pred_2": 27.9132080078125,
    "process_features_model_1_multimer_v3_pred_3": 3.0994415283203125e-06,
    "predict_and_compile_model_1_multimer_v3_pred_3": 131.822448015213,
    "relax_model_1_multimer_v3_pred_3": 37.42189598083496,
    "process_features_model_1_multimer_v3_pred_4": 2.86102294921875e-06,
    "predict_and_compile_model_1_multimer_v3_pred_4": 188.0773561000824,
    "relax_model_1_multimer_v3_pred_4": 27.317331314086914,
    "process_features_model_2_multimer_v3_pred_0": 3.0994415283203125e-06,
    "predict_and_compile_model_2_multimer_v3_pred_0": 450.00766801834106,
    "relax_model_2_multimer_v3_pred_0": 32.06651735305786,
    "process_features_model_2_multimer_v3_pred_1": 3.337860107421875e-06,
    "predict_and_compile_model_2_multimer_v3_pred_1": 338.1179437637329,
    "relax_model_2_multimer_v3_pred_1": 30.723267793655396,
    "process_features_model_2_multimer_v3_pred_2": 4.0531158447265625e-06,
    "predict_and_compile_model_2_multimer_v3_pred_2": 151.14989638328552,
    "relax_model_2_multimer_v3_pred_2": 36.84631633758545,
    "process_features_model_2_multimer_v3_pred_3": 3.0994415283203125e-06,
    "predict_and_compile_model_2_multimer_v3_pred_3": 169.2862753868103,
    "relax_model_2_multimer_v3_pred_3": 25.281213521957397,
    "process_features_model_2_multimer_v3_pred_4": 3.337860107421875e-06,
    "predict_and_compile_model_2_multimer_v3_pred_4": 394.0127592086792,
    "relax_model_2_multimer_v3_pred_4": 25.024495840072632,
    "process_features_model_3_multimer_v3_pred_0": 2.6226043701171875e-06,
    "predict_and_compile_model_3_multimer_v3_pred_0": 386.11157631874084,
    "relax_model_3_multimer_v3_pred_0": 29.052873611450195,
    "process_features_model_3_multimer_v3_pred_1": 2.86102294921875e-06,
    "predict_and_compile_model_3_multimer_v3_pred_1": 394.73771381378174,
    "relax_model_3_multimer_v3_pred_1": 26.954669952392578,
    "process_features_model_3_multimer_v3_pred_2": 2.6226043701171875e-06,
    "predict_and_compile_model_3_multimer_v3_pred_2": 169.31982350349426,
    "relax_model_3_multimer_v3_pred_2": 27.327417373657227,
    "process_features_model_3_multimer_v3_pred_3": 2.6226043701171875e-06,
    "predict_and_compile_model_3_multimer_v3_pred_3": 244.1384813785553,
    "relax_model_3_multimer_v3_pred_3": 26.341404914855957,
    "process_features_model_3_multimer_v3_pred_4": 4.0531158447265625e-06,
    "predict_and_compile_model_3_multimer_v3_pred_4": 150.40644645690918,
    "relax_model_3_multimer_v3_pred_4": 36.96931171417236,
    "process_features_model_4_multimer_v3_pred_0": 3.5762786865234375e-06,
    "predict_and_compile_model_4_multimer_v3_pred_0": 563.4504065513611,
    "relax_model_4_multimer_v3_pred_0": 29.551604747772217,
    "process_features_model_4_multimer_v3_pred_1": 2.384185791015625e-06,
    "predict_and_compile_model_4_multimer_v3_pred_1": 185.64506697654724,
    "relax_model_4_multimer_v3_pred_1": 26.49750065803528,
    "process_features_model_4_multimer_v3_pred_2": 3.0994415283203125e-06,
    "predict_and_compile_model_4_multimer_v3_pred_2": 204.39252853393555,
    "relax_model_4_multimer_v3_pred_2": 28.229939937591553,
    "process_features_model_4_multimer_v3_pred_3": 2.86102294921875e-06,
    "predict_and_compile_model_4_multimer_v3_pred_3": 334.18095874786377,
    "relax_model_4_multimer_v3_pred_3": 34.70058822631836,
    "process_features_model_4_multimer_v3_pred_4": 3.5762786865234375e-06,
    "predict_and_compile_model_4_multimer_v3_pred_4": 111.55288481712341,
    "relax_model_4_multimer_v3_pred_4": 27.687378644943237,
    "process_features_model_5_multimer_v3_pred_0": 2.86102294921875e-06,
    "predict_and_compile_model_5_multimer_v3_pred_0": 555.0871977806091,
    "relax_model_5_multimer_v3_pred_0": 28.750550270080566,
    "process_features_model_5_multimer_v3_pred_1": 1.8835067749023438e-05,
    "predict_and_compile_model_5_multimer_v3_pred_1": 389.69906520843506,
    "relax_model_5_multimer_v3_pred_1": 28.12561273574829,
    "process_features_model_5_multimer_v3_pred_2": 3.0994415283203125e-06,
    "predict_and_compile_model_5_multimer_v3_pred_2": 390.08787655830383,
    "relax_model_5_multimer_v3_pred_2": 28.886326551437378,
    "process_features_model_5_multimer_v3_pred_3": 2.86102294921875e-06,
    "predict_and_compile_model_5_multimer_v3_pred_3": 389.4610860347748,
    "relax_model_5_multimer_v3_pred_3": 29.641550302505493,
    "process_features_model_5_multimer_v3_pred_4": 3.337860107421875e-06,
    "predict_and_compile_model_5_multimer_v3_pred_4": 296.4793622493744,
    "relax_model_5_multimer_v3_pred_4": 28.286190271377563
}