{
    "features": 0.016788005828857422,
    "process_features_model_1_multimer_v3_pred_0": 3.814697265625e-06,
    "predict_and_compile_model_1_multimer_v3_pred_0": 695.54678606987,
    "relax_model_1_multimer_v3_pred_0": 88.67737936973572,
    "process_features_model_1_multimer_v3_pred_1": 2.384185791015625e-06,
    "predict_and_compile_model_1_multimer_v3_pred_1": 568.9613308906555,
    "relax_model_1_multimer_v3_pred_1": 95.3484673500061,
    "process_features_model_1_multimer_v3_pred_2": 2.86102294921875e-06,
    "predict_and_compile_model_1_multimer_v3_pred_2": 568.3490135669708,
    "relax_model_1_multimer_v3_pred_2": 88.86762809753418,
    "process_features_model_1_multimer_v3_pred_3": 2.86102294921875e-06,
    "predict_and_compile_model_1_multimer_v3_pred_3": 568.3479475975037,
    "relax_model_1_multimer_v3_pred_3": 58.7017297744751,
    "process_features_model_1_multimer_v3_pred_4": 2.384185791015625e-06,
    "predict_and_compile_model_1_multimer_v3_pred_4": 569.1602430343628,
    "relax_model_1_multimer_v3_pred_4": 112.83724021911621,
    "process_features_model_2_multimer_v3_pred_0": 2.6226043701171875e-06,
    "predict_and_compile_model_2_multimer_v3_pred_0": 684.5412435531616,
    "relax_model_2_multimer_v3_pred_0": 137.01595187187195,
    "process_features_model_2_multimer_v3_pred_1": 3.0994415283203125e-06,
    "predict_and_compile_model_2_multimer_v3_pred_1": 569.1128785610199,
    "relax_model_2_multimer_v3_pred_1": 117.2351233959198,
    "process_features_model_2_multimer_v3_pred_2": 2.384185791015625e-06,
    "predict_and_compile_model_2_multimer_v3_pred_2": 568.6870107650757,
    "relax_model_2_multimer_v3_pred_2": 98.64064168930054,
    "process_features_model_2_multimer_v3_pred_3": 3.0994415283203125e-06,
    "predict_and_compile_model_2_multimer_v3_pred_3": 568.6213800907135,
    "relax_model_2_multimer_v3_pred_3": 120.2934775352478,
    "process_features_model_2_multimer_v3_pred_4": 3.0994415283203125e-06,
    "predict_and_compile_model_2_multimer_v3_pred_4": 573.7139775753021,
    "relax_model_2_multimer_v3_pred_4": 74.79235506057739,
    "process_features_model_3_multimer_v3_pred_0": 3.0994415283203125e-06,
    "predict_and_compile_model_3_multimer_v3_pred_0": 686.7746019363403,
    "relax_model_3_multimer_v3_pred_0": 62.785839319229126,
    "process_features_model_3_multimer_v3_pred_1": 3.337860107421875e-06,
    "predict_and_compile_model_3_multimer_v3_pred_1": 568.5481240749359,
    "relax_model_3_multimer_v3_pred_1": 112.93644309043884,
    "process_features_model_3_multimer_v3_pred_2": 3.0994415283203125e-06,
    "predict_and_compile_model_3_multimer_v3_pred_2": 585.0675203800201,
    "relax_model_3_multimer_v3_pred_2": 136.34658789634705,
    "process_features_model_3_multimer_v3_pred_3": 2.6226043701171875e-06,
    "predict_and_compile_model_3_multimer_v3_pred_3": 569.1877760887146,
    "relax_model_3_multimer_v3_pred_3": 120.56687903404236,
    "process_features_model_3_multimer_v3_pred_4": 2.86102294921875e-06,
    "predict_and_compile_model_3_multimer_v3_pred_4": 569.4565494060516,
    "relax_model_3_multimer_v3_pred_4": 88.64010524749756,
    "process_features_model_4_multimer_v3_pred_0": 2.86102294921875e-06,
    "predict_and_compile_model_4_multimer_v3_pred_0": 676.0021133422852,
    "relax_model_4_multimer_v3_pred_0": 74.26550221443176,
    "process_features_model_4_multimer_v3_pred_1": 3.0994415283203125e-06,
    "predict_and_compile_model_4_multimer_v3_pred_1": 555.5266923904419,
    "relax_model_4_multimer_v3_pred_1": 80.56531500816345,
    "process_features_model_4_multimer_v3_pred_2": 2.86102294921875e-06,
    "predict_and_compile_model_4_multimer_v3_pred_2": 555.0852153301239,
    "relax_model_4_multimer_v3_pred_2": 82.13204312324524,
    "process_features_model_4_multimer_v3_pred_3": 3.337860107421875e-06,
    "predict_and_compile_model_4_multimer_v3_pred_3": 397.13173508644104,
    "relax_model_4_multimer_v3_pred_3": 58.0194935798645,
    "process_features_model_4_multimer_v3_pred_4": 4.0531158447265625e-06,
    "predict_and_compile_model_4_multimer_v3_pred_4": 554.7126839160919,
    "relax_model_4_multimer_v3_pred_4": 76.39865183830261,
    "process_features_model_5_multimer_v3_pred_0": 2.6226043701171875e-06,
    "predict_and_compile_model_5_multimer_v3_pred_0": 672.0147461891174,
    "relax_model_5_multimer_v3_pred_0": 61.92802357673645,
    "process_features_model_5_multimer_v3_pred_1": 2.86102294921875e-06,
    "predict_and_compile_model_5_multimer_v3_pred_1": 555.1527647972107,
    "relax_model_5_multimer_v3_pred_1": 122.19444966316223,
    "process_features_model_5_multimer_v3_pred_2": 2.6226043701171875e-06,
    "predict_and_compile_model_5_multimer_v3_pred_2": 555.3414115905762,
    "relax_model_5_multimer_v3_pred_2": 65.77378177642822,
    "process_features_model_5_multimer_v3_pred_3": 2.6226043701171875e-06,
    "predict_and_compile_model_5_multimer_v3_pred_3": 554.1695735454559,
    "relax_model_5_multimer_v3_pred_3": 54.8910710811615,
    "process_features_model_5_multimer_v3_pred_4": 2.6226043701171875e-06,
    "predict_and_compile_model_5_multimer_v3_pred_4": 559.2108726501465,
    "relax_model_5_multimer_v3_pred_4": 82.78012371063232
}