{
    "features": 0.22563600540161133,
    "process_features_model_1_multimer_v3_pred_0": 4.291534423828125e-06,
    "predict_and_compile_model_1_multimer_v3_pred_0": 551.4766473770142,
    "predict_benchmark_model_1_multimer_v3_pred_0": 430.9418091773987,
    "process_features_model_2_multimer_v3_pred_0": 3.337860107421875e-06,
    "predict_and_compile_model_2_multimer_v3_pred_0": 544.5230770111084,
    "predict_benchmark_model_2_multimer_v3_pred_0": 430.9020781517029,
    "process_features_model_3_multimer_v3_pred_0": 4.0531158447265625e-06,
    "predict_and_compile_model_3_multimer_v3_pred_0": 545.5521147251129,
    "predict_benchmark_model_3_multimer_v3_pred_0": 430.8138473033905,
    "process_features_model_4_multimer_v3_pred_0": 3.814697265625e-06,
    "predict_and_compile_model_4_multimer_v3_pred_0": 538.2645456790924,
    "predict_benchmark_model_4_multimer_v3_pred_0": 419.8800811767578,
    "process_features_model_5_multimer_v3_pred_0": 3.5762786865234375e-06,
    "predict_and_compile_model_5_multimer_v3_pred_0": 531.0684826374054,
    "predict_benchmark_model_5_multimer_v3_pred_0": 420.1930193901062
}