seed,sample,ranking_score
1,0,0.7214991075078009
1,1,0.7256266960151497
1,2,0.7186094478179171
1,3,0.7335799574254075
1,4,0.7320344773104986
