seed,sample,ranking_score
1,0,0.3416170627122474
1,1,0.3338970995005946
1,2,0.2958147890368559
1,3,0.3475950015723898
1,4,0.3089191984677411
