seed,sample,ranking_score
1,0,0.5204519577342083
1,1,0.48228529936029774
1,2,0.5538127195151382
1,3,0.5424052500196983
1,4,0.5460903941140142
