{
    "features": 0.16388440132141113,
    "process_features_model_1_multimer_v3_pred_0": 5.7220458984375e-06,
    "predict_and_compile_model_1_multimer_v3_pred_0": 753.3720934391022,
    "predict_benchmark_model_1_multimer_v3_pred_0": 596.4006412029266,
    "process_features_model_2_multimer_v3_pred_0": 5.4836273193359375e-06,
    "predict_and_compile_model_2_multimer_v3_pred_0": 402.52501916885376,
    "predict_benchmark_model_2_multimer_v3_pred_0": 257.24747705459595,
    "process_features_model_3_multimer_v3_pred_0": 4.5299530029296875e-06,
    "predict_and_compile_model_3_multimer_v3_pred_0": 740.9353199005127,
    "predict_benchmark_model_3_multimer_v3_pred_0": 598.5289769172668,
    "process_features_model_4_multimer_v3_pred_0": 5.245208740234375e-06,
    "predict_and_compile_model_4_multimer_v3_pred_0": 568.1207101345062,
    "predict_benchmark_model_4_multimer_v3_pred_0": 417.1113588809967,
    "process_features_model_5_multimer_v3_pred_0": 4.76837158203125e-06,
    "predict_and_compile_model_5_multimer_v3_pred_0": 532.4632570743561,
    "predict_benchmark_model_5_multimer_v3_pred_0": 389.2103338241577
}