{
    "features": 0.0078012943267822266,
    "process_features_model_1_multimer_v3_pred_0": 3.0994415283203125e-06,
    "predict_and_compile_model_1_multimer_v3_pred_0": 278.00056052207947,
    "relax_model_1_multimer_v3_pred_0": 28.454875946044922,
    "process_features_model_1_multimer_v3_pred_1": 4.291534423828125e-06,
    "predict_and_compile_model_1_multimer_v3_pred_1": 102.28572154045105,
    "relax_model_1_multimer_v3_pred_1": 30.142603874206543,
    "process_features_model_1_multimer_v3_pred_2": 4.291534423828125e-06,
    "predict_and_compile_model_1_multimer_v3_pred_2": 180.06651401519775,
    "relax_model_1_multimer_v3_pred_2": 26.213120222091675,
    "process_features_model_1_multimer_v3_pred_3": 3.814697265625e-06,
    "predict_and_compile_model_1_multimer_v3_pred_3": 180.61421394348145,
    "relax_model_1_multimer_v3_pred_3": 24.85994291305542,
    "process_features_model_1_multimer_v3_pred_4": 3.814697265625e-06,
    "predict_and_compile_model_1_multimer_v3_pred_4": 131.4687123298645,
    "relax_model_1_multimer_v3_pred_4": 34.73241972923279,
    "process_features_model_2_multimer_v3_pred_0": 5.245208740234375e-06,
    "predict_and_compile_model_2_multimer_v3_pred_0": 260.943701505661,
    "relax_model_2_multimer_v3_pred_0": 43.95816993713379,
    "process_features_model_2_multimer_v3_pred_1": 3.5762786865234375e-06,
    "predict_and_compile_model_2_multimer_v3_pred_1": 175.27731609344482,
    "relax_model_2_multimer_v3_pred_1": 63.00829887390137,
    "process_features_model_2_multimer_v3_pred_2": 5.0067901611328125e-06,
    "predict_and_compile_model_2_multimer_v3_pred_2": 310.07221031188965,
    "relax_model_2_multimer_v3_pred_2": 31.268844842910767,
    "process_features_model_2_multimer_v3_pred_3": 3.5762786865234375e-06,
    "predict_and_compile_model_2_multimer_v3_pred_3": 218.57334637641907,
    "relax_model_2_multimer_v3_pred_3": 34.25502872467041,
    "process_features_model_2_multimer_v3_pred_4": 4.0531158447265625e-06,
    "predict_and_compile_model_2_multimer_v3_pred_4": 146.1143355369568,
    "relax_model_2_multimer_v3_pred_4": 25.029820919036865,
    "process_features_model_3_multimer_v3_pred_0": 4.0531158447265625e-06,
    "predict_and_compile_model_3_multimer_v3_pred_0": 455.89159750938416,
    "relax_model_3_multimer_v3_pred_0": 27.916091918945312,
    "process_features_model_3_multimer_v3_pred_1": 3.337860107421875e-06,
    "predict_and_compile_model_3_multimer_v3_pred_1": 131.13556933403015,
    "relax_model_3_multimer_v3_pred_1": 37.16259407997131,
    "process_features_model_3_multimer_v3_pred_2": 3.5762786865234375e-06,
    "predict_and_compile_model_3_multimer_v3_pred_2": 87.64333820343018,
    "relax_model_3_multimer_v3_pred_2": 104.56345200538635,
    "process_features_model_3_multimer_v3_pred_3": 3.337860107421875e-06,
    "predict_and_compile_model_3_multimer_v3_pred_3": 151.51103615760803,
    "relax_model_3_multimer_v3_pred_3": 44.399982929229736,
    "process_features_model_3_multimer_v3_pred_4": 3.5762786865234375e-06,
    "predict_and_compile_model_3_multimer_v3_pred_4": 116.84610629081726,
    "relax_model_3_multimer_v3_pred_4": 41.22753667831421,
    "process_features_model_4_multimer_v3_pred_0": 3.814697265625e-06,
    "predict_and_compile_model_4_multimer_v3_pred_0": 448.19611144065857,
    "relax_model_4_multimer_v3_pred_0": 23.097935676574707,
    "process_features_model_4_multimer_v3_pred_1": 4.0531158447265625e-06,
    "predict_and_compile_model_4_multimer_v3_pred_1": 307.17226123809814,
    "relax_model_4_multimer_v3_pred_1": 24.657291889190674,
    "process_features_model_4_multimer_v3_pred_2": 2.1219253540039062e-05,
    "predict_and_compile_model_4_multimer_v3_pred_2": 302.8144404888153,
    "relax_model_4_multimer_v3_pred_2": 25.229581594467163,
    "process_features_model_4_multimer_v3_pred_3": 3.337860107421875e-06,
    "predict_and_compile_model_4_multimer_v3_pred_3": 302.64225149154663,
    "relax_model_4_multimer_v3_pred_3": 24.793379306793213,
    "process_features_model_4_multimer_v3_pred_4": 3.5762786865234375e-06,
    "predict_and_compile_model_4_multimer_v3_pred_4": 186.8824532032013,
    "relax_model_4_multimer_v3_pred_4": 39.66921639442444,
    "process_features_model_5_multimer_v3_pred_0": 4.291534423828125e-06,
    "predict_and_compile_model_5_multimer_v3_pred_0": 296.9489915370941,
    "relax_model_5_multimer_v3_pred_0": 38.79761981964111,
    "process_features_model_5_multimer_v3_pred_1": 3.814697265625e-06,
    "predict_and_compile_model_5_multimer_v3_pred_1": 129.61066246032715,
    "relax_model_5_multimer_v3_pred_1": 27.642611503601074,
    "process_features_model_5_multimer_v3_pred_2": 3.337860107421875e-06,
    "predict_and_compile_model_5_multimer_v3_pred_2": 143.98611736297607,
    "relax_model_5_multimer_v3_pred_2": 25.332151174545288,
    "process_features_model_5_multimer_v3_pred_3": 3.814697265625e-06,
    "predict_and_compile_model_5_multimer_v3_pred_3": 302.4368968009949,
    "relax_model_5_multimer_v3_pred_3": 44.92661142349243,
    "process_features_model_5_multimer_v3_pred_4": 3.814697265625e-06,
    "predict_and_compile_model_5_multimer_v3_pred_4": 129.60994935035706,
    "relax_model_5_multimer_v3_pred_4": 38.23242378234863
}