seed,sample,ranking_score
1,0,0.4991853789176142
1,1,0.481143538255915
1,2,0.4997228088498047
1,3,0.49655771285305683
1,4,0.5080600535281933
