seed,sample,ranking_score
1,0,0.6843990002232699
1,1,0.6418273713120175
1,2,0.6843832529416796
1,3,0.6772392554655838
1,4,0.6804899885465941
