seed,sample,ranking_score
1,0,0.5773912529065017
1,1,0.5285273284305634
1,2,0.5491891443152739
1,3,0.5252207592273184
1,4,0.5182184558285555
