seed,sample,ranking_score
1,0,0.7362379154278736
1,1,0.7443202766906805
1,2,0.7457403974868643
1,3,0.7569789996188827
1,4,0.7579129592511064
