seed,sample,ranking_score
1,0,0.9238246520559693
1,1,0.9192171494101717
1,2,0.9360258150476681
1,3,0.919190102815062
1,4,0.9217021559716145
