seed,sample,ranking_score
1,0,0.7804647498359761
1,1,0.7127888289425153
1,2,0.6652235822553111
1,3,0.710748857657253
1,4,0.7258521396513122
