{
    "features": 0.17758655548095703,
    "process_features_model_1_multimer_v3_pred_0": 5.9604644775390625e-06,
    "predict_and_compile_model_1_multimer_v3_pred_0": 718.4718446731567,
    "predict_benchmark_model_1_multimer_v3_pred_0": 556.7685310840607,
    "process_features_model_2_multimer_v3_pred_0": 5.245208740234375e-06,
    "predict_and_compile_model_2_multimer_v3_pred_0": 713.7963843345642,
    "predict_benchmark_model_2_multimer_v3_pred_0": 554.3607065677643,
    "process_features_model_3_multimer_v3_pred_0": 5.245208740234375e-06,
    "predict_and_compile_model_3_multimer_v3_pred_0": 708.7240760326385,
    "predict_benchmark_model_3_multimer_v3_pred_0": 553.9385151863098,
    "process_features_model_4_multimer_v3_pred_0": 5.7220458984375e-06,
    "predict_and_compile_model_4_multimer_v3_pred_0": 708.4210395812988,
    "predict_benchmark_model_4_multimer_v3_pred_0": 541.5499691963196,
    "process_features_model_5_multimer_v3_pred_0": 5.0067901611328125e-06,
    "predict_and_compile_model_5_multimer_v3_pred_0": 695.6886699199677,
    "predict_benchmark_model_5_multimer_v3_pred_0": 542.322461605072
}