seed,sample,ranking_score
1,0,0.4558274952831767
1,1,0.48384678483450194
1,2,0.4740998274818302
1,3,0.462083078407989
1,4,0.4847576719871746
