seed,sample,ranking_score
1,0,0.5364600593741331
1,1,0.48927594259157425
1,2,0.4959574826951235
1,3,0.4832298045555715
1,4,0.5802207359103064
