seed,sample,ranking_score
1,0,0.43085915324928936
1,1,0.46825140010526994
1,2,0.4682024532497402
1,3,0.5087936777392097
1,4,0.4453057393307238
