seed,sample,ranking_score
1,0,0.6365885722086951
1,1,0.6374976076878525
1,2,0.6260944466415738
1,3,0.6212291057258882
1,4,0.6367555654817316
