seed,sample,ranking_score
1,0,0.8506160473121895
1,1,0.5021689620299514
1,2,0.8718600872928408
1,3,0.8775472137036351
1,4,0.8615492727781497
