{
    "features": 0.17270779609680176,
    "process_features_model_1_multimer_v3_pred_0": 3.814697265625e-06,
    "predict_and_compile_model_1_multimer_v3_pred_0": 288.8640310764313,
    "predict_benchmark_model_1_multimer_v3_pred_0": 170.5543179512024,
    "process_features_model_2_multimer_v3_pred_0": 4.0531158447265625e-06,
    "predict_and_compile_model_2_multimer_v3_pred_0": 285.6748905181885,
    "predict_benchmark_model_2_multimer_v3_pred_0": 170.75556540489197,
    "process_features_model_3_multimer_v3_pred_0": 3.814697265625e-06,
    "predict_and_compile_model_3_multimer_v3_pred_0": 287.51082468032837,
    "predict_benchmark_model_3_multimer_v3_pred_0": 170.87223291397095,
    "process_features_model_4_multimer_v3_pred_0": 3.814697265625e-06,
    "predict_and_compile_model_4_multimer_v3_pred_0": 287.42406964302063,
    "predict_benchmark_model_4_multimer_v3_pred_0": 166.20515489578247,
    "process_features_model_5_multimer_v3_pred_0": 4.0531158447265625e-06,
    "predict_and_compile_model_5_multimer_v3_pred_0": 283.0887634754181,
    "predict_benchmark_model_5_multimer_v3_pred_0": 165.97437596321106
}