seed,sample,ranking_score
3,0,0.923802725029367
3,1,0.9239168553666774
3,2,0.9315016897429316
3,3,0.9269748694485723
3,4,0.9254709378820534
