seed,sample,ranking_score
1,0,0.8424007268427671
1,1,0.7854725175617371
1,2,0.7658803396827266
1,3,0.7486419213713263
1,4,0.7579283359462557
