{
    "features": 0.3621351718902588,
    "process_features_model_1_multimer_v3_pred_0": 4.76837158203125e-06,
    "predict_and_compile_model_1_multimer_v3_pred_0": 809.3500065803528,
    "predict_benchmark_model_1_multimer_v3_pred_0": 691.1841425895691,
    "process_features_model_2_multimer_v3_pred_0": 4.0531158447265625e-06,
    "predict_and_compile_model_2_multimer_v3_pred_0": 801.5707757472992,
    "predict_benchmark_model_2_multimer_v3_pred_0": 691.0011727809906,
    "process_features_model_3_multimer_v3_pred_0": 4.0531158447265625e-06,
    "predict_and_compile_model_3_multimer_v3_pred_0": 802.7140197753906,
    "predict_benchmark_model_3_multimer_v3_pred_0": 691.3851616382599,
    "process_features_model_4_multimer_v3_pred_0": 4.0531158447265625e-06,
    "predict_and_compile_model_4_multimer_v3_pred_0": 792.7108564376831,
    "predict_benchmark_model_4_multimer_v3_pred_0": 675.6340684890747,
    "process_features_model_5_multimer_v3_pred_0": 5.0067901611328125e-06,
    "predict_and_compile_model_5_multimer_v3_pred_0": 788.7081880569458,
    "predict_benchmark_model_5_multimer_v3_pred_0": 676.2336392402649
}