seed,sample,ranking_score
1,0,0.685492825980672
1,1,0.7052217483093302
1,2,0.59419498436447
1,3,0.6761430621378601
1,4,0.6936456528627437
