seed,sample,ranking_score
1,0,0.9145866431943506
1,1,0.9120535370670593
1,2,0.9172949241479649
1,3,0.9112061974519926
1,4,0.9180454212605358
