{
    "features": 0.016372203826904297,
    "process_features_model_1_multimer_v3_pred_0": 3.5762786865234375e-06,
    "predict_and_compile_model_1_multimer_v3_pred_0": 105.57616090774536,
    "predict_benchmark_model_1_multimer_v3_pred_0": 26.960451364517212,
    "process_features_model_2_multimer_v3_pred_0": 1.3113021850585938e-05,
    "predict_and_compile_model_2_multimer_v3_pred_0": 145.25228810310364,
    "predict_benchmark_model_2_multimer_v3_pred_0": 66.95156002044678,
    "process_features_model_3_multimer_v3_pred_0": 6.67572021484375e-06,
    "predict_and_compile_model_3_multimer_v3_pred_0": 121.23411202430725,
    "predict_benchmark_model_3_multimer_v3_pred_0": 40.30749297142029,
    "process_features_model_4_multimer_v3_pred_0": 6.9141387939453125e-06,
    "predict_and_compile_model_4_multimer_v3_pred_0": 125.08088397979736,
    "predict_benchmark_model_4_multimer_v3_pred_0": 43.28076148033142,
    "process_features_model_5_multimer_v3_pred_0": 7.62939453125e-06,
    "predict_and_compile_model_5_multimer_v3_pred_0": 128.52524089813232,
    "predict_benchmark_model_5_multimer_v3_pred_0": 47.637720823287964
}