seed,sample,ranking_score
1,0,0.8630701749623851
1,1,0.8742595470712234
1,2,0.849646528906119
1,3,0.8710745089325729
1,4,0.86913859762709
