seed,sample,ranking_score
1,0,0.6856433199181635
1,1,0.6811289230089079
1,2,0.6919598395860775
1,3,0.6937867956928679
1,4,0.6798620051313674
