seed,sample,ranking_score
1,0,0.6758309693254212
1,1,0.6864944676559885
1,2,0.7053001777738246
1,3,0.7011495917863692
1,4,0.6826239325144998
