{
    "features": 0.014404296875,
    "process_features_model_1_multimer_v3_pred_0": 2.6226043701171875e-06,
    "predict_and_compile_model_1_multimer_v3_pred_0": 197.57017350196838,
    "predict_benchmark_model_1_multimer_v3_pred_0": 113.3759229183197,
    "process_features_model_2_multimer_v3_pred_0": 2.0265579223632812e-05,
    "predict_and_compile_model_2_multimer_v3_pred_0": 195.63663053512573,
    "predict_benchmark_model_2_multimer_v3_pred_0": 113.62554574012756,
    "process_features_model_3_multimer_v3_pred_0": 1.2159347534179688e-05,
    "predict_and_compile_model_3_multimer_v3_pred_0": 199.3833613395691,
    "predict_benchmark_model_3_multimer_v3_pred_0": 113.63750886917114,
    "process_features_model_4_multimer_v3_pred_0": 2.2411346435546875e-05,
    "predict_and_compile_model_4_multimer_v3_pred_0": 199.79383754730225,
    "predict_benchmark_model_4_multimer_v3_pred_0": 109.90637135505676,
    "process_features_model_5_multimer_v3_pred_0": 1.9788742065429688e-05,
    "predict_and_compile_model_5_multimer_v3_pred_0": 129.20609140396118,
    "predict_benchmark_model_5_multimer_v3_pred_0": 42.03020524978638
}