seed,sample,ranking_score
1,0,0.8567655154298313
1,1,0.8768188314616107
1,2,0.8462517241354937
1,3,0.8749429333500433
1,4,0.8440345245817709
