seed,sample,ranking_score
1,0,0.7763838241113133
1,1,0.7961391770177867
1,2,0.787002369574262
1,3,0.7848028311190695
1,4,0.7874540462770528
