{
    "iptm+ptm": {
        "model_1_multimer_v3_pred_0": 0.619364799735804,
        "model_1_multimer_v3_pred_1": 0.715019949641628,
        "model_1_multimer_v3_pred_2": 0.7044242990778574,
        "model_1_multimer_v3_pred_3": 0.5965231064018952,
        "model_1_multimer_v3_pred_4": 0.6583983548106376,
        "model_2_multimer_v3_pred_0": 0.6167926773434305,
        "model_2_multimer_v3_pred_1": 0.614273689482757,
        "model_2_multimer_v3_pred_2": 0.5767339978401924,
        "model_2_multimer_v3_pred_3": 0.631492023265873,
        "model_2_multimer_v3_pred_4": 0.6368660469682429,
        "model_3_multimer_v3_pred_0": 0.5378527513862481,
        "model_3_multimer_v3_pred_1": 0.5418669118241001,
        "model_3_multimer_v3_pred_2": 0.5607797053178903,
        "model_3_multimer_v3_pred_3": 0.5252234342347738,
        "model_3_multimer_v3_pred_4": 0.6729976767376027,
        "model_4_multimer_v3_pred_0": 0.5616109593465642,
        "model_4_multimer_v3_pred_1": 0.5760511901956732,
        "model_4_multimer_v3_pred_2": 0.5636422559682117,
        "model_4_multimer_v3_pred_3": 0.5901688994339012,
        "model_4_multimer_v3_pred_4": 0.5835440791686439,
        "model_5_multimer_v3_pred_0": 0.5404655510492278,
        "model_5_multimer_v3_pred_1": 0.5521937442934173,
        "model_5_multimer_v3_pred_2": 0.5661700436778303,
        "model_5_multimer_v3_pred_3": 0.6114785005942545,
        "model_5_multimer_v3_pred_4": 0.5602643933210152
    },
    "order": [
        "model_1_multimer_v3_pred_1",
        "model_1_multimer_v3_pred_2",
        "model_3_multimer_v3_pred_4",
        "model_1_multimer_v3_pred_4",
        "model_2_multimer_v3_pred_4",
        "model_2_multimer_v3_pred_3",
        "model_1_multimer_v3_pred_0",
        "model_2_multimer_v3_pred_0",
        "model_2_multimer_v3_pred_1",
        "model_5_multimer_v3_pred_3",
        "model_1_multimer_v3_pred_3",
        "model_4_multimer_v3_pred_3",
        "model_4_multimer_v3_pred_4",
        "model_2_multimer_v3_pred_2",
        "model_4_multimer_v3_pred_1",
        "model_5_multimer_v3_pred_2",
        "model_4_multimer_v3_pred_2",
        "model_4_multimer_v3_pred_0",
        "model_3_multimer_v3_pred_2",
        "model_5_multimer_v3_pred_4",
        "model_5_multimer_v3_pred_1",
        "model_3_multimer_v3_pred_1",
        "model_5_multimer_v3_pred_0",
        "model_3_multimer_v3_pred_0",
        "model_3_multimer_v3_pred_3"
    ]
}