{
    "features": 0.00464940071105957,
    "process_features_model_1_multimer_v3_pred_0": 3.814697265625e-06,
    "predict_and_compile_model_1_multimer_v3_pred_0": 145.2801342010498,
    "relax_model_1_multimer_v3_pred_0": 22.472082376480103,
    "process_features_model_1_multimer_v3_pred_1": 2.86102294921875e-06,
    "predict_and_compile_model_1_multimer_v3_pred_1": 28.84682536125183,
    "relax_model_1_multimer_v3_pred_1": 17.631256580352783,
    "process_features_model_1_multimer_v3_pred_2": 3.5762786865234375e-06,
    "predict_and_compile_model_1_multimer_v3_pred_2": 19.339754104614258,
    "relax_model_1_multimer_v3_pred_2": 30.847001314163208,
    "process_features_model_1_multimer_v3_pred_3": 2.86102294921875e-06,
    "predict_and_compile_model_1_multimer_v3_pred_3": 33.629385232925415,
    "relax_model_1_multimer_v3_pred_3": 18.2972674369812,
    "process_features_model_1_multimer_v3_pred_4": 3.337860107421875e-06,
    "predict_and_compile_model_1_multimer_v3_pred_4": 61.68439841270447,
    "relax_model_1_multimer_v3_pred_4": 17.62326192855835,
    "process_features_model_2_multimer_v3_pred_0": 3.0994415283203125e-06,
    "predict_and_compile_model_2_multimer_v3_pred_0": 137.87296080589294,
    "relax_model_2_multimer_v3_pred_0": 18.549463033676147,
    "process_features_model_2_multimer_v3_pred_1": 3.337860107421875e-06,
    "predict_and_compile_model_2_multimer_v3_pred_1": 33.5792772769928,
    "relax_model_2_multimer_v3_pred_1": 23.357327699661255,
    "process_features_model_2_multimer_v3_pred_2": 2.6226043701171875e-06,
    "predict_and_compile_model_2_multimer_v3_pred_2": 36.727200746536255,
    "relax_model_2_multimer_v3_pred_2": 19.34544086456299,
    "process_features_model_2_multimer_v3_pred_3": 3.0994415283203125e-06,
    "predict_and_compile_model_2_multimer_v3_pred_3": 24.0956814289093,
    "relax_model_2_multimer_v3_pred_3": 33.49324631690979,
    "process_features_model_2_multimer_v3_pred_4": 3.337860107421875e-06,
    "predict_and_compile_model_2_multimer_v3_pred_4": 24.086029291152954,
    "relax_model_2_multimer_v3_pred_4": 18.968310356140137,
    "process_features_model_3_multimer_v3_pred_0": 3.0994415283203125e-06,
    "predict_and_compile_model_3_multimer_v3_pred_0": 149.17658472061157,
    "relax_model_3_multimer_v3_pred_0": 18.42941188812256,
    "process_features_model_3_multimer_v3_pred_1": 3.0994415283203125e-06,
    "predict_and_compile_model_3_multimer_v3_pred_1": 28.802412748336792,
    "relax_model_3_multimer_v3_pred_1": 18.35719895362854,
    "process_features_model_3_multimer_v3_pred_2": 3.0994415283203125e-06,
    "predict_and_compile_model_3_multimer_v3_pred_2": 33.59226608276367,
    "relax_model_3_multimer_v3_pred_2": 18.453360080718994,
    "process_features_model_3_multimer_v3_pred_3": 3.5762786865234375e-06,
    "predict_and_compile_model_3_multimer_v3_pred_3": 38.33301591873169,
    "relax_model_3_multimer_v3_pred_3": 21.766941785812378,
    "process_features_model_3_multimer_v3_pred_4": 3.5762786865234375e-06,
    "predict_and_compile_model_3_multimer_v3_pred_4": 33.56499528884888,
    "relax_model_3_multimer_v3_pred_4": 28.812212705612183,
    "process_features_model_4_multimer_v3_pred_0": 2.6226043701171875e-06,
    "predict_and_compile_model_4_multimer_v3_pred_0": 155.120019197464,
    "relax_model_4_multimer_v3_pred_0": 18.473785877227783,
    "process_features_model_4_multimer_v3_pred_1": 3.337860107421875e-06,
    "predict_and_compile_model_4_multimer_v3_pred_1": 33.04377460479736,
    "relax_model_4_multimer_v3_pred_1": 18.369934797286987,
    "process_features_model_4_multimer_v3_pred_2": 3.337860107421875e-06,
    "predict_and_compile_model_4_multimer_v3_pred_2": 28.362377166748047,
    "relax_model_4_multimer_v3_pred_2": 18.234370231628418,
    "process_features_model_4_multimer_v3_pred_3": 2.86102294921875e-06,
    "predict_and_compile_model_4_multimer_v3_pred_3": 27.096635818481445,
    "relax_model_4_multimer_v3_pred_3": 18.961756706237793,
    "process_features_model_4_multimer_v3_pred_4": 3.0994415283203125e-06,
    "predict_and_compile_model_4_multimer_v3_pred_4": 26.424379587173462,
    "relax_model_4_multimer_v3_pred_4": 17.88700270652771,
    "process_features_model_5_multimer_v3_pred_0": 2.86102294921875e-06,
    "predict_and_compile_model_5_multimer_v3_pred_0": 142.7568039894104,
    "relax_model_5_multimer_v3_pred_0": 47.18304371833801,
    "process_features_model_5_multimer_v3_pred_1": 3.5762786865234375e-06,
    "predict_and_compile_model_5_multimer_v3_pred_1": 23.664348125457764,
    "relax_model_5_multimer_v3_pred_1": 38.498979330062866,
    "process_features_model_5_multimer_v3_pred_2": 2.86102294921875e-06,
    "predict_and_compile_model_5_multimer_v3_pred_2": 47.038493633270264,
    "relax_model_5_multimer_v3_pred_2": 18.58735227584839,
    "process_features_model_5_multimer_v3_pred_3": 3.0994415283203125e-06,
    "predict_and_compile_model_5_multimer_v3_pred_3": 42.433143854141235,
    "relax_model_5_multimer_v3_pred_3": 18.456873416900635,
    "process_features_model_5_multimer_v3_pred_4": 3.814697265625e-06,
    "predict_and_compile_model_5_multimer_v3_pred_4": 47.05925107002258,
    "relax_model_5_multimer_v3_pred_4": 19.801403760910034
}