seed,sample,ranking_score
1,0,0.611007340453521
1,1,0.6842487857379143
1,2,0.7057862559534983
1,3,0.7106670206106168
1,4,0.6825623187314082
