{
    "features": 0.023854970932006836,
    "process_features_model_1_multimer_v3_pred_0": 5.4836273193359375e-06,
    "predict_and_compile_model_1_multimer_v3_pred_0": 100.03630185127258,
    "predict_benchmark_model_1_multimer_v3_pred_0": 15.930683851242065,
    "process_features_model_2_multimer_v3_pred_0": 2.47955322265625e-05,
    "predict_and_compile_model_2_multimer_v3_pred_0": 107.83499956130981,
    "predict_benchmark_model_2_multimer_v3_pred_0": 23.855576753616333,
    "process_features_model_3_multimer_v3_pred_0": 3.0040740966796875e-05,
    "predict_and_compile_model_3_multimer_v3_pred_0": 101.35208892822266,
    "predict_benchmark_model_3_multimer_v3_pred_0": 15.893940687179565,
    "process_features_model_4_multimer_v3_pred_0": 1.71661376953125e-05,
    "predict_and_compile_model_4_multimer_v3_pred_0": 109.26766705513,
    "predict_benchmark_model_4_multimer_v3_pred_0": 23.418736219406128,
    "process_features_model_5_multimer_v3_pred_0": 2.0742416381835938e-05,
    "predict_and_compile_model_5_multimer_v3_pred_0": 100.56474757194519,
    "predict_benchmark_model_5_multimer_v3_pred_0": 15.633951187133789
}