seed,sample,ranking_score
1,0,0.29313432645149756
1,1,0.3928198199816185
1,2,0.28409153758475475
1,3,0.28812204934796914
1,4,0.2791905384514916
