seed,sample,ranking_score
1,0,0.7950336170566752
1,1,0.7982760577316276
1,2,0.7969947145958145
1,3,0.7950204629672931
1,4,0.7980787480006192
