{
    "features": 0.16998052597045898,
    "process_features_model_1_multimer_v3_pred_0": 4.76837158203125e-06,
    "predict_and_compile_model_1_multimer_v3_pred_0": 354.5671010017395,
    "predict_benchmark_model_1_multimer_v3_pred_0": 235.25654482841492,
    "process_features_model_2_multimer_v3_pred_0": 3.0994415283203125e-06,
    "predict_and_compile_model_2_multimer_v3_pred_0": 349.10456895828247,
    "predict_benchmark_model_2_multimer_v3_pred_0": 235.32371830940247,
    "process_features_model_3_multimer_v3_pred_0": 3.5762786865234375e-06,
    "predict_and_compile_model_3_multimer_v3_pred_0": 351.2412314414978,
    "predict_benchmark_model_3_multimer_v3_pred_0": 237.9194278717041,
    "process_features_model_4_multimer_v3_pred_0": 3.337860107421875e-06,
    "predict_and_compile_model_4_multimer_v3_pred_0": 349.35361790657043,
    "predict_benchmark_model_4_multimer_v3_pred_0": 228.94125699996948,
    "process_features_model_5_multimer_v3_pred_0": 3.814697265625e-06,
    "predict_and_compile_model_5_multimer_v3_pred_0": 346.08744835853577,
    "predict_benchmark_model_5_multimer_v3_pred_0": 229.47521257400513
}