seed,sample,ranking_score
1,0,0.5579839564632603
1,1,0.5403673619276146
1,2,0.5669854964776843
1,3,0.6083074120315791
1,4,0.5719930585658562
