seed,sample,ranking_score
1,0,0.9479639522499326
1,1,0.9405878984606464
1,2,0.9176455913802981
1,3,0.9160320891532643
1,4,0.926788602353763
