seed,sample,ranking_score
4,0,0.7576079140174492
4,1,0.7533190957748944
4,2,0.7631104332440968
4,3,0.7578439886975412
4,4,0.7506621042972224
