seed,sample,ranking_score
5,0,0.5383896147495103
5,1,0.5321659038238139
5,2,0.5848599393671631
5,3,0.5406771991384021
5,4,0.5436404082695766
