{
    "features": 0.007678031921386719,
    "process_features_model_1_multimer_v3_pred_0": 3.5762786865234375e-06,
    "predict_and_compile_model_1_multimer_v3_pred_0": 244.9653036594391,
    "relax_model_1_multimer_v3_pred_0": 28.433305263519287,
    "process_features_model_1_multimer_v3_pred_1": 3.5762786865234375e-06,
    "predict_and_compile_model_1_multimer_v3_pred_1": 161.15617561340332,
    "relax_model_1_multimer_v3_pred_1": 20.312527179718018,
    "process_features_model_1_multimer_v3_pred_2": 4.291534423828125e-06,
    "predict_and_compile_model_1_multimer_v3_pred_2": 188.09267139434814,
    "relax_model_1_multimer_v3_pred_2": 23.18457055091858,
    "process_features_model_1_multimer_v3_pred_3": 3.337860107421875e-06,
    "predict_and_compile_model_1_multimer_v3_pred_3": 161.79319047927856,
    "relax_model_1_multimer_v3_pred_3": 21.215441465377808,
    "process_features_model_1_multimer_v3_pred_4": 4.0531158447265625e-06,
    "predict_and_compile_model_1_multimer_v3_pred_4": 107.67784476280212,
    "relax_model_1_multimer_v3_pred_4": 20.31839871406555,
    "process_features_model_2_multimer_v3_pred_0": 4.0531158447265625e-06,
    "predict_and_compile_model_2_multimer_v3_pred_0": 293.79316997528076,
    "relax_model_2_multimer_v3_pred_0": 29.07679033279419,
    "process_features_model_2_multimer_v3_pred_1": 4.0531158447265625e-06,
    "predict_and_compile_model_2_multimer_v3_pred_1": 94.31981110572815,
    "relax_model_2_multimer_v3_pred_1": 21.404489278793335,
    "process_features_model_2_multimer_v3_pred_2": 4.5299530029296875e-06,
    "predict_and_compile_model_2_multimer_v3_pred_2": 134.82082390785217,
    "relax_model_2_multimer_v3_pred_2": 25.057419776916504,
    "process_features_model_2_multimer_v3_pred_3": 4.76837158203125e-06,
    "predict_and_compile_model_2_multimer_v3_pred_3": 188.53277111053467,
    "relax_model_2_multimer_v3_pred_3": 21.847750425338745,
    "process_features_model_2_multimer_v3_pred_4": 3.5762786865234375e-06,
    "predict_and_compile_model_2_multimer_v3_pred_4": 94.95113396644592,
    "relax_model_2_multimer_v3_pred_4": 27.30473256111145,
    "process_features_model_3_multimer_v3_pred_0": 3.5762786865234375e-06,
    "predict_and_compile_model_3_multimer_v3_pred_0": 440.4165930747986,
    "relax_model_3_multimer_v3_pred_0": 22.918073892593384,
    "process_features_model_3_multimer_v3_pred_1": 4.5299530029296875e-06,
    "predict_and_compile_model_3_multimer_v3_pred_1": 282.4664719104767,
    "relax_model_3_multimer_v3_pred_1": 28.13093400001526,
    "process_features_model_3_multimer_v3_pred_2": 4.291534423828125e-06,
    "predict_and_compile_model_3_multimer_v3_pred_2": 174.71083760261536,
    "relax_model_3_multimer_v3_pred_2": 21.74152970314026,
    "process_features_model_3_multimer_v3_pred_3": 4.291534423828125e-06,
    "predict_and_compile_model_3_multimer_v3_pred_3": 282.2901701927185,
    "relax_model_3_multimer_v3_pred_3": 24.996827125549316,
    "process_features_model_3_multimer_v3_pred_4": 4.5299530029296875e-06,
    "predict_and_compile_model_3_multimer_v3_pred_4": 121.14033913612366,
    "relax_model_3_multimer_v3_pred_4": 20.25362277030945,
    "process_features_model_4_multimer_v3_pred_0": 3.814697265625e-06,
    "predict_and_compile_model_4_multimer_v3_pred_0": 395.7533802986145,
    "relax_model_4_multimer_v3_pred_0": 21.41550087928772,
    "process_features_model_4_multimer_v3_pred_1": 3.814697265625e-06,
    "predict_and_compile_model_4_multimer_v3_pred_1": 278.9149134159088,
    "relax_model_4_multimer_v3_pred_1": 22.77203369140625,
    "process_features_model_4_multimer_v3_pred_2": 4.291534423828125e-06,
    "predict_and_compile_model_4_multimer_v3_pred_2": 279.21947717666626,
    "relax_model_4_multimer_v3_pred_2": 22.051090717315674,
    "process_features_model_4_multimer_v3_pred_3": 4.0531158447265625e-06,
    "predict_and_compile_model_4_multimer_v3_pred_3": 212.03879070281982,
    "relax_model_4_multimer_v3_pred_3": 20.572694540023804,
    "process_features_model_4_multimer_v3_pred_4": 4.5299530029296875e-06,
    "predict_and_compile_model_4_multimer_v3_pred_4": 279.8112471103668,
    "relax_model_4_multimer_v3_pred_4": 21.2394757270813,
    "process_features_model_5_multimer_v3_pred_0": 3.814697265625e-06,
    "predict_and_compile_model_5_multimer_v3_pred_0": 357.39904046058655,
    "relax_model_5_multimer_v3_pred_0": 20.497653007507324,
    "process_features_model_5_multimer_v3_pred_1": 3.814697265625e-06,
    "predict_and_compile_model_5_multimer_v3_pred_1": 212.4892156124115,
    "relax_model_5_multimer_v3_pred_1": 19.435755014419556,
    "process_features_model_5_multimer_v3_pred_2": 4.0531158447265625e-06,
    "predict_and_compile_model_5_multimer_v3_pred_2": 253.16931748390198,
    "relax_model_5_multimer_v3_pred_2": 22.415066719055176,
    "process_features_model_5_multimer_v3_pred_3": 4.5299530029296875e-06,
    "predict_and_compile_model_5_multimer_v3_pred_3": 265.9053783416748,
    "relax_model_5_multimer_v3_pred_3": 20.494322776794434,
    "process_features_model_5_multimer_v3_pred_4": 3.5762786865234375e-06,
    "predict_and_compile_model_5_multimer_v3_pred_4": 278.95979261398315,
    "relax_model_5_multimer_v3_pred_4": 20.055416107177734
}