seed,sample,ranking_score
1,0,0.8234833241857906
1,1,0.8056510382553501
1,2,0.8168202483178088
1,3,0.8140090213767387
1,4,0.804904016565116
