seed,sample,ranking_score
1,0,0.5830879555227575
1,1,0.5625343826633726
1,2,0.5900055261672112
1,3,0.5329973495482152
1,4,0.5637827321770652
