seed,sample,ranking_score
1,0,0.42860603648983875
1,1,0.44805271120639617
1,2,0.39031918212287964
1,3,0.43368479677736244
1,4,0.44293722243458766
