{
    "features": 0.10486149787902832,
    "process_features_model_1_multimer_v3_pred_0": 4.0531158447265625e-06,
    "predict_and_compile_model_1_multimer_v3_pred_0": 197.97737503051758,
    "predict_benchmark_model_1_multimer_v3_pred_0": 77.330069065094,
    "process_features_model_2_multimer_v3_pred_0": 3.5762786865234375e-06,
    "predict_and_compile_model_2_multimer_v3_pred_0": 193.54532599449158,
    "predict_benchmark_model_2_multimer_v3_pred_0": 77.3384780883789,
    "process_features_model_3_multimer_v3_pred_0": 4.0531158447265625e-06,
    "predict_and_compile_model_3_multimer_v3_pred_0": 204.4179322719574,
    "predict_benchmark_model_3_multimer_v3_pred_0": 85.06887412071228,
    "process_features_model_4_multimer_v3_pred_0": 3.814697265625e-06,
    "predict_and_compile_model_4_multimer_v3_pred_0": 278.7796673774719,
    "predict_benchmark_model_4_multimer_v3_pred_0": 158.64361906051636,
    "process_features_model_5_multimer_v3_pred_0": 4.5299530029296875e-06,
    "predict_and_compile_model_5_multimer_v3_pred_0": 184.25234174728394,
    "predict_benchmark_model_5_multimer_v3_pred_0": 68.3775041103363
}