{
    "features": 0.023829221725463867,
    "process_features_model_1_multimer_v3_pred_0": 3.814697265625e-06,
    "predict_and_compile_model_1_multimer_v3_pred_0": 197.53434133529663,
    "predict_benchmark_model_1_multimer_v3_pred_0": 111.29425430297852,
    "process_features_model_2_multimer_v3_pred_0": 2.002716064453125e-05,
    "predict_and_compile_model_2_multimer_v3_pred_0": 195.03855156898499,
    "predict_benchmark_model_2_multimer_v3_pred_0": 111.1675500869751,
    "process_features_model_3_multimer_v3_pred_0": 2.0503997802734375e-05,
    "predict_and_compile_model_3_multimer_v3_pred_0": 197.82248449325562,
    "predict_benchmark_model_3_multimer_v3_pred_0": 111.25280165672302,
    "process_features_model_4_multimer_v3_pred_0": 2.193450927734375e-05,
    "predict_and_compile_model_4_multimer_v3_pred_0": 181.40181279182434,
    "predict_benchmark_model_4_multimer_v3_pred_0": 93.64813446998596,
    "process_features_model_5_multimer_v3_pred_0": 3.528594970703125e-05,
    "predict_and_compile_model_5_multimer_v3_pred_0": 197.42330884933472,
    "predict_benchmark_model_5_multimer_v3_pred_0": 109.22388291358948
}