seed,sample,ranking_score
1,0,0.8316700397043648
1,1,0.8329949597507251
1,2,0.8439516053427198
1,3,0.8252694436208043
1,4,0.8252024746418087
