seed,sample,ranking_score
1,0,0.7641773471599425
1,1,0.7824887487056564
1,2,0.7900114753389356
1,3,0.7719871438525335
1,4,0.7730857285797103
