seed,sample,ranking_score
1,0,0.7016546881840733
1,1,0.7304505852871122
1,2,0.7354465532277954
1,3,0.7240750534770204
1,4,0.7416469412466118
