seed,sample,ranking_score
1,0,0.6670786887293376
1,1,0.6827238759769956
1,2,0.668564317967826
1,3,0.6056335245257316
1,4,0.6828819496526447
