seed,sample,ranking_score
1,0,0.27678666835787646
1,1,0.34704226234199087
1,2,0.327798132518364
1,3,0.38927614263691035
1,4,0.32955582086713076
