seed,sample,ranking_score
4,0,0.947150454253503
4,1,0.9544064180985061
4,2,0.9490737516764111
4,3,0.9654788960559813
4,4,0.9454802462793094
