{
    "features": 0.3837759494781494,
    "process_features_model_1_multimer_v3_pred_0": 3.814697265625e-06,
    "predict_and_compile_model_1_multimer_v3_pred_0": 201.13123106956482,
    "predict_benchmark_model_1_multimer_v3_pred_0": 115.35695195198059,
    "process_features_model_2_multimer_v3_pred_0": 2.8371810913085938e-05,
    "predict_and_compile_model_2_multimer_v3_pred_0": 322.78463888168335,
    "predict_benchmark_model_2_multimer_v3_pred_0": 242.2983000278473,
    "process_features_model_3_multimer_v3_pred_0": 2.3126602172851562e-05,
    "predict_and_compile_model_3_multimer_v3_pred_0": 325.7379877567291,
    "predict_benchmark_model_3_multimer_v3_pred_0": 242.94291520118713,
    "process_features_model_4_multimer_v3_pred_0": 2.47955322265625e-05,
    "predict_and_compile_model_4_multimer_v3_pred_0": 322.26541090011597,
    "predict_benchmark_model_4_multimer_v3_pred_0": 237.82747721672058,
    "process_features_model_5_multimer_v3_pred_0": 2.0503997802734375e-05,
    "predict_and_compile_model_5_multimer_v3_pred_0": 323.46056294441223,
    "predict_benchmark_model_5_multimer_v3_pred_0": 237.80669689178467
}