seed,sample,ranking_score
1,0,0.6677548638471129
1,1,0.7453132832424646
1,2,0.7469759703909176
1,3,0.6531663207833996
1,4,0.7547447297554104
