seed,sample,ranking_score
1,0,0.31877281660199813
1,1,0.3559177633567744
1,2,0.363864472502924
1,3,0.34811848178748406
1,4,0.35806087327452746
