seed,sample,ranking_score
1,0,0.5002813132306493
1,1,0.5354256492727403
1,2,0.5278370111744503
1,3,0.4710587153918447
1,4,0.5215382423392461
