seed,sample,ranking_score
1,0,0.7801117219341148
1,1,0.8106813084314437
1,2,0.7639969800498978
1,3,0.812165027740242
1,4,0.7828012727594478
