seed,sample,ranking_score
1,0,0.3296629103013167
1,1,0.33341701110886657
1,2,0.3303229041720602
1,3,0.3427436899255325
1,4,0.341843043427714
