{
    "features": 0.03239297866821289,
    "process_features_model_1_multimer_v3_pred_0": 5.0067901611328125e-06,
    "predict_and_compile_model_1_multimer_v3_pred_0": 226.30264925956726,
    "predict_benchmark_model_1_multimer_v3_pred_0": 148.62183618545532,
    "process_features_model_2_multimer_v3_pred_0": 1.2874603271484375e-05,
    "predict_and_compile_model_2_multimer_v3_pred_0": 318.23830127716064,
    "predict_benchmark_model_2_multimer_v3_pred_0": 241.2629222869873,
    "process_features_model_3_multimer_v3_pred_0": 2.4557113647460938e-05,
    "predict_and_compile_model_3_multimer_v3_pred_0": 467.86845874786377,
    "predict_benchmark_model_3_multimer_v3_pred_0": 389.81351256370544,
    "process_features_model_4_multimer_v3_pred_0": 1.811981201171875e-05,
    "predict_and_compile_model_4_multimer_v3_pred_0": 463.0456118583679,
    "predict_benchmark_model_4_multimer_v3_pred_0": 379.16767954826355,
    "process_features_model_5_multimer_v3_pred_0": 2.0265579223632812e-05,
    "predict_and_compile_model_5_multimer_v3_pred_0": 460.7954659461975,
    "predict_benchmark_model_5_multimer_v3_pred_0": 380.8946604728699
}