seed,sample,ranking_score
3,0,0.5337490125677893
3,1,0.554748430941835
3,2,0.5289456998185919
3,3,0.517893538331079
3,4,0.5267658769293522
