seed,sample,ranking_score
1,0,0.6565559155569909
1,1,0.6434555795497432
1,2,0.6685182206191725
1,3,0.6489815863215358
1,4,0.6712094330321452
