{
    "features": 0.014256715774536133,
    "process_features_model_1_multimer_v3_pred_0": 3.5762786865234375e-06,
    "predict_and_compile_model_1_multimer_v3_pred_0": 142.56301188468933,
    "predict_benchmark_model_1_multimer_v3_pred_0": 61.78396010398865,
    "process_features_model_2_multimer_v3_pred_0": 3.170967102050781e-05,
    "predict_and_compile_model_2_multimer_v3_pred_0": 125.50504112243652,
    "predict_benchmark_model_2_multimer_v3_pred_0": 40.953731536865234,
    "process_features_model_3_multimer_v3_pred_0": 2.0265579223632812e-05,
    "predict_and_compile_model_3_multimer_v3_pred_0": 130.05201053619385,
    "predict_benchmark_model_3_multimer_v3_pred_0": 41.03868055343628,
    "process_features_model_4_multimer_v3_pred_0": 2.47955322265625e-05,
    "predict_and_compile_model_4_multimer_v3_pred_0": 127.10265779495239,
    "predict_benchmark_model_4_multimer_v3_pred_0": 40.38359355926514,
    "process_features_model_5_multimer_v3_pred_0": 2.5272369384765625e-05,
    "predict_and_compile_model_5_multimer_v3_pred_0": 144.9416298866272,
    "predict_benchmark_model_5_multimer_v3_pred_0": 60.64772701263428
}