seed,sample,ranking_score
1,0,0.5284009388165862
1,1,0.5261354251884989
1,2,0.5409086200288354
1,3,0.5297580905276441
1,4,0.5316887312056042
