{
    "iptm+ptm": {
        "model_1_multimer_v3_pred_0": 0.5658170360727451,
        "model_1_multimer_v3_pred_1": 0.5687895969254191,
        "model_1_multimer_v3_pred_2": 0.5724663367603804,
        "model_1_multimer_v3_pred_3": 0.5621167193888851,
        "model_1_multimer_v3_pred_4": 0.5579968530359434,
        "model_2_multimer_v3_pred_0": 0.5897446804870988,
        "model_2_multimer_v3_pred_1": 0.5933218975974185,
        "model_2_multimer_v3_pred_2": 0.5986515237725922,
        "model_2_multimer_v3_pred_3": 0.5892520274970068,
        "model_2_multimer_v3_pred_4": 0.6127799042923213,
        "model_3_multimer_v3_pred_0": 0.6174250335604945,
        "model_3_multimer_v3_pred_1": 0.6224296377077233,
        "model_3_multimer_v3_pred_2": 0.6071232622637801,
        "model_3_multimer_v3_pred_3": 0.6074341658390637,
        "model_3_multimer_v3_pred_4": 0.6101688150513107,
        "model_4_multimer_v3_pred_0": 0.6166239211947064,
        "model_4_multimer_v3_pred_1": 0.6236467135542814,
        "model_4_multimer_v3_pred_2": 0.6147838986448703,
        "model_4_multimer_v3_pred_3": 0.6220681807309618,
        "model_4_multimer_v3_pred_4": 0.6175159831086409,
        "model_5_multimer_v3_pred_0": 0.5939060640017781,
        "model_5_multimer_v3_pred_1": 0.6148696606006985,
        "model_5_multimer_v3_pred_2": 0.6106547054485408,
        "model_5_multimer_v3_pred_3": 0.6042295861799032,
        "model_5_multimer_v3_pred_4": 0.6018673930069118
    },
    "order": [
        "model_4_multimer_v3_pred_1",
        "model_3_multimer_v3_pred_1",
        "model_4_multimer_v3_pred_3",
        "model_4_multimer_v3_pred_4",
        "model_3_multimer_v3_pred_0",
        "model_4_multimer_v3_pred_0",
        "model_5_multimer_v3_pred_1",
        "model_4_multimer_v3_pred_2",
        "model_2_multimer_v3_pred_4",
        "model_5_multimer_v3_pred_2",
        "model_3_multimer_v3_pred_4",
        "model_3_multimer_v3_pred_3",
        "model_3_multimer_v3_pred_2",
        "model_5_multimer_v3_pred_3",
        "model_5_multimer_v3_pred_4",
        "model_2_multimer_v3_pred_2",
        "model_5_multimer_v3_pred_0",
        "model_2_multimer_v3_pred_1",
        "model_2_multimer_v3_pred_0",
        "model_2_multimer_v3_pred_3",
        "model_1_multimer_v3_pred_2",
        "model_1_multimer_v3_pred_1",
        "model_1_multimer_v3_pred_0",
        "model_1_multimer_v3_pred_3",
        "model_1_multimer_v3_pred_4"
    ]
}