seed,sample,ranking_score
1,0,0.643958759833077
1,1,0.6499974397450228
1,2,0.6426328859820322
1,3,0.6486571687502528
1,4,0.6665879941996867
