seed,sample,ranking_score
1,0,0.534916494044744
1,1,0.5345171261678208
1,2,0.534939086635163
1,3,0.5621923609653416
1,4,0.5565474003669503
