seed,sample,ranking_score
1,0,0.7178736697489577
1,1,0.6707064446203773
1,2,0.6874361419336723
1,3,0.7221093321437734
1,4,0.6929645540323097
