seed,sample,ranking_score
1,0,0.9186918117521757
1,1,0.9055438617818904
1,2,0.9209564711002747
1,3,0.9235937198237131
1,4,0.9221621197448842
