seed,sample,ranking_score
1,0,0.9378433650017777
1,1,0.9360344969637695
1,2,0.9477601887173672
1,3,0.9821247202469804
1,4,0.9663121506802996
