seed,sample,ranking_score
1,0,0.7744660680745994
1,1,0.7701167979587962
1,2,0.7461739510149001
1,3,0.7305213655260279
1,4,0.848907095273546
