seed,sample,ranking_score
1,0,0.6460700670987556
1,1,0.6681331829149503
1,2,0.6659274447472171
1,3,0.673119557374549
1,4,0.6561223831947327
