seed,sample,ranking_score
1,0,0.4390743892364885
1,1,0.48837925610331545
1,2,0.4948394903512595
1,3,0.48030353513185603
1,4,0.4747840257537069
