{
    "features": 0.02470874786376953,
    "process_features_model_1_multimer_v3_pred_0": 3.5762786865234375e-06,
    "predict_and_compile_model_1_multimer_v3_pred_0": 189.44859957695007,
    "predict_benchmark_model_1_multimer_v3_pred_0": 106.19002079963684,
    "process_features_model_2_multimer_v3_pred_0": 1.6927719116210938e-05,
    "predict_and_compile_model_2_multimer_v3_pred_0": 168.02036428451538,
    "predict_benchmark_model_2_multimer_v3_pred_0": 85.00160145759583,
    "process_features_model_3_multimer_v3_pred_0": 2.4318695068359375e-05,
    "predict_and_compile_model_3_multimer_v3_pred_0": 234.38354754447937,
    "predict_benchmark_model_3_multimer_v3_pred_0": 148.66502118110657,
    "process_features_model_4_multimer_v3_pred_0": 1.5020370483398438e-05,
    "predict_and_compile_model_4_multimer_v3_pred_0": 231.67279815673828,
    "predict_benchmark_model_4_multimer_v3_pred_0": 146.0732398033142,
    "process_features_model_5_multimer_v3_pred_0": 2.47955322265625e-05,
    "predict_and_compile_model_5_multimer_v3_pred_0": 165.37191224098206,
    "predict_benchmark_model_5_multimer_v3_pred_0": 83.66195821762085
}