seed,sample,ranking_score
2,0,0.5790070367133198
2,1,0.5612183873209723
2,2,0.5814042742281715
2,3,0.5374218389328117
2,4,0.564061747375741
