seed,sample,ranking_score
1,0,0.8739146351876487
1,1,0.8804203948290907
1,2,0.8634086019139606
1,3,0.8719923225055063
1,4,0.8845437361728503
