seed,sample,ranking_score
1,0,0.42870063575881723
1,1,0.40654791446002075
1,2,0.45424112584462323
1,3,0.4482469826863755
1,4,0.4208049324437507
