seed,sample,ranking_score
1,0,0.4828093845040974
1,1,0.5504905639600389
1,2,0.5195624601240769
1,3,0.5355843505097714
1,4,0.5172786594034933
