seed,sample,ranking_score
5,0,0.5341103334504079
5,1,0.5153195278514303
5,2,0.5757607078987588
5,3,0.5470628466411634
5,4,0.5657594743275172
