seed,sample,ranking_score
2,0,0.7043471525096097
2,1,0.7000671872633643
2,2,0.6979485249497067
2,3,0.6918714090131045
2,4,0.7194670901790194
