seed,sample,ranking_score
1,0,0.44675908658111313
1,1,0.43669070212491196
1,2,0.46642436434503143
1,3,0.43015480219158936
1,4,0.46208790219613716
