{
    "features": 0.1580512523651123,
    "process_features_model_1_multimer_v3_pred_0": 3.337860107421875e-06,
    "predict_and_compile_model_1_multimer_v3_pred_0": 314.33763885498047,
    "predict_benchmark_model_1_multimer_v3_pred_0": 230.8308334350586,
    "process_features_model_2_multimer_v3_pred_0": 1.0251998901367188e-05,
    "predict_and_compile_model_2_multimer_v3_pred_0": 317.1800973415375,
    "predict_benchmark_model_2_multimer_v3_pred_0": 231.06175208091736,
    "process_features_model_3_multimer_v3_pred_0": 2.956390380859375e-05,
    "predict_and_compile_model_3_multimer_v3_pred_0": 310.8468134403229,
    "predict_benchmark_model_3_multimer_v3_pred_0": 231.08380246162415,
    "process_features_model_4_multimer_v3_pred_0": 3.218650817871094e-05,
    "predict_and_compile_model_4_multimer_v3_pred_0": 306.15296053886414,
    "predict_benchmark_model_4_multimer_v3_pred_0": 227.38302850723267,
    "process_features_model_5_multimer_v3_pred_0": 2.86102294921875e-05,
    "predict_and_compile_model_5_multimer_v3_pred_0": 301.5712049007416,
    "predict_benchmark_model_5_multimer_v3_pred_0": 226.66511154174805
}