seed,sample,ranking_score
1,0,0.90695699815262
1,1,0.8954540580490642
1,2,0.9042889818503365
1,3,0.9144829670111939
1,4,0.9042260820501613
