seed,sample,ranking_score
1,0,0.651683638353181
1,1,0.6550091538651714
1,2,0.6824326232787662
1,3,0.6590415673648525
1,4,0.6561405971261918
