seed,sample,ranking_score
1,0,0.4667280614108913
1,1,0.4429616998819875
1,2,0.47027990322263497
1,3,0.43988825672263954
1,4,0.45661453946807407
