seed,sample,ranking_score
1,0,1.0283158873264104
1,1,1.0152444381396908
1,2,1.0149346543511961
1,3,1.0158549002748885
1,4,1.0187221835511004
