seed,sample,ranking_score
1,0,0.6457122130556364
1,1,0.6611059321874837
1,2,0.6836491749040581
1,3,0.6477594164385446
1,4,0.6857634008558224
