seed,sample,ranking_score
1,0,0.36713137329770923
1,1,0.35379787894424963
1,2,0.31451004214593664
1,3,0.3310750622527269
1,4,0.3496595622953922
