seed,sample,ranking_score
1,0,0.4703343549087833
1,1,0.36858341844840226
1,2,0.474547714244662
1,3,0.3782208854991159
1,4,0.35635409386833033
