seed,sample,ranking_score
1,0,0.8889614637069768
1,1,0.8881392632530442
1,2,0.8979679374900236
1,3,0.8921713398763346
1,4,0.8967119909927751
