seed,sample,ranking_score
1,0,0.5875272622654917
1,1,0.6179178885145976
1,2,0.5949412416617509
1,3,0.5926304937037494
1,4,0.5973405400797483
