seed,sample,ranking_score
3,0,0.8118492147934057
3,1,0.7958508130723144
3,2,0.816705802753601
3,3,0.8082371207348084
3,4,0.7931248384391189
