seed,sample,ranking_score
1,0,0.651255045847563
1,1,0.6631704239874526
1,2,0.6563014221922325
1,3,0.6868506220624695
1,4,0.667756874692107
