seed,sample,ranking_score
2,0,0.7622282349069773
2,1,0.7247757331048871
2,2,0.7508319210634372
2,3,0.7479905649587026
2,4,0.7425636875975373
