seed,sample,ranking_score
1,0,0.7013333493609579
1,1,0.6997667337233916
1,2,0.6916030751266451
1,3,0.7039490424585384
1,4,0.7049528553688353
