{
    "features": 0.5026426315307617,
    "process_features_model_1_multimer_v3_pred_0": 9.298324584960938e-06,
    "predict_and_compile_model_1_multimer_v3_pred_0": 191.94060373306274,
    "predict_benchmark_model_1_multimer_v3_pred_0": 109.27669143676758,
    "process_features_model_2_multimer_v3_pred_0": 3.695487976074219e-05,
    "predict_and_compile_model_2_multimer_v3_pred_0": 113.76743054389954,
    "predict_benchmark_model_2_multimer_v3_pred_0": 31.311118602752686,
    "process_features_model_3_multimer_v3_pred_0": 3.0994415283203125e-05,
    "predict_and_compile_model_3_multimer_v3_pred_0": 198.5296654701233,
    "predict_benchmark_model_3_multimer_v3_pred_0": 109.35618019104004,
    "process_features_model_4_multimer_v3_pred_0": 2.193450927734375e-05,
    "predict_and_compile_model_4_multimer_v3_pred_0": 156.44966435432434,
    "predict_benchmark_model_4_multimer_v3_pred_0": 66.41727113723755,
    "process_features_model_5_multimer_v3_pred_0": 1.621246337890625e-05,
    "predict_and_compile_model_5_multimer_v3_pred_0": 192.98922109603882,
    "predict_benchmark_model_5_multimer_v3_pred_0": 97.04487609863281
}