seed,sample,ranking_score
1,0,0.7996154339705042
1,1,0.8004894940725963
1,2,0.7807757420440449
1,3,0.8035826880458093
1,4,0.7986706627434326
