{
    "iptm+ptm": {
        "model_1_multimer_v3_pred_0": 0.628320570033285,
        "model_1_multimer_v3_pred_1": 0.6323752817017094,
        "model_1_multimer_v3_pred_2": 0.6305016452548977,
        "model_1_multimer_v3_pred_3": 0.6261111071699478,
        "model_1_multimer_v3_pred_4": 0.646477693898198,
        "model_2_multimer_v3_pred_0": 0.6239941483845103,
        "model_2_multimer_v3_pred_1": 0.6454017375129224,
        "model_2_multimer_v3_pred_2": 0.6292331739225139,
        "model_2_multimer_v3_pred_3": 0.6245411250166937,
        "model_2_multimer_v3_pred_4": 0.6381930228968882,
        "model_3_multimer_v3_pred_0": 0.6058979306868817,
        "model_3_multimer_v3_pred_1": 0.6115174506342018,
        "model_3_multimer_v3_pred_2": 0.6247729741155967,
        "model_3_multimer_v3_pred_3": 0.5723140607995418,
        "model_3_multimer_v3_pred_4": 0.6072590547296797,
        "model_4_multimer_v3_pred_0": 0.6478633009395006,
        "model_4_multimer_v3_pred_1": 0.6417075491307604,
        "model_4_multimer_v3_pred_2": 0.6312523002879857,
        "model_4_multimer_v3_pred_3": 0.6433247405560913,
        "model_4_multimer_v3_pred_4": 0.6535021426406497,
        "model_5_multimer_v3_pred_0": 0.6358559950348741,
        "model_5_multimer_v3_pred_1": 0.5655897188176315,
        "model_5_multimer_v3_pred_2": 0.6298311497475437,
        "model_5_multimer_v3_pred_3": 0.6425643516625134,
        "model_5_multimer_v3_pred_4": 0.6265194590165046
    },
    "order": [
        "model_4_multimer_v3_pred_4",
        "model_4_multimer_v3_pred_0",
        "model_1_multimer_v3_pred_4",
        "model_2_multimer_v3_pred_1",
        "model_4_multimer_v3_pred_3",
        "model_5_multimer_v3_pred_3",
        "model_4_multimer_v3_pred_1",
        "model_2_multimer_v3_pred_4",
        "model_5_multimer_v3_pred_0",
        "model_1_multimer_v3_pred_1",
        "model_4_multimer_v3_pred_2",
        "model_1_multimer_v3_pred_2",
        "model_5_multimer_v3_pred_2",
        "model_2_multimer_v3_pred_2",
        "model_1_multimer_v3_pred_0",
        "model_5_multimer_v3_pred_4",
        "model_1_multimer_v3_pred_3",
        "model_3_multimer_v3_pred_2",
        "model_2_multimer_v3_pred_3",
        "model_2_multimer_v3_pred_0",
        "model_3_multimer_v3_pred_1",
        "model_3_multimer_v3_pred_4",
        "model_3_multimer_v3_pred_0",
        "model_3_multimer_v3_pred_3",
        "model_5_multimer_v3_pred_1"
    ]
}