seed,sample,ranking_score
1,0,0.8588061698241071
1,1,0.8758262146568088
1,2,0.8896605715067726
1,3,0.86688658183333
1,4,0.8782417708648153
