seed,sample,ranking_score
1,0,0.6625625399705644
1,1,0.5309783651955287
1,2,0.6589164144335588
1,3,0.614984079320264
1,4,0.6337808532219762
