{
    "features": 0.13493084907531738,
    "process_features_model_1_multimer_v3_pred_0": 3.5762786865234375e-06,
    "predict_and_compile_model_1_multimer_v3_pred_0": 113.77473974227905,
    "predict_benchmark_model_1_multimer_v3_pred_0": 28.727101802825928,
    "process_features_model_2_multimer_v3_pred_0": 2.002716064453125e-05,
    "predict_and_compile_model_2_multimer_v3_pred_0": 114.85916113853455,
    "predict_benchmark_model_2_multimer_v3_pred_0": 23.898451328277588,
    "process_features_model_3_multimer_v3_pred_0": 2.09808349609375e-05,
    "predict_and_compile_model_3_multimer_v3_pred_0": 111.46649122238159,
    "predict_benchmark_model_3_multimer_v3_pred_0": 23.966519355773926,
    "process_features_model_4_multimer_v3_pred_0": 2.384185791015625e-05,
    "predict_and_compile_model_4_multimer_v3_pred_0": 120.3361542224884,
    "predict_benchmark_model_4_multimer_v3_pred_0": 32.80063199996948,
    "process_features_model_5_multimer_v3_pred_0": 1.9311904907226562e-05,
    "predict_and_compile_model_5_multimer_v3_pred_0": 155.28910183906555,
    "predict_benchmark_model_5_multimer_v3_pred_0": 70.38253092765808
}