{
    "features": 0.021121501922607422,
    "process_features_model_1_multimer_v3_pred_0": 3.5762786865234375e-06,
    "predict_and_compile_model_1_multimer_v3_pred_0": 261.24472427368164,
    "predict_benchmark_model_1_multimer_v3_pred_0": 179.08123111724854,
    "process_features_model_2_multimer_v3_pred_0": 2.6226043701171875e-05,
    "predict_and_compile_model_2_multimer_v3_pred_0": 257.90975618362427,
    "predict_benchmark_model_2_multimer_v3_pred_0": 179.05659437179565,
    "process_features_model_3_multimer_v3_pred_0": 1.2636184692382812e-05,
    "predict_and_compile_model_3_multimer_v3_pred_0": 183.2036097049713,
    "predict_benchmark_model_3_multimer_v3_pred_0": 102.49770712852478,
    "process_features_model_4_multimer_v3_pred_0": 1.4543533325195312e-05,
    "predict_and_compile_model_4_multimer_v3_pred_0": 160.7584388256073,
    "predict_benchmark_model_4_multimer_v3_pred_0": 82.62490630149841,
    "process_features_model_5_multimer_v3_pred_0": 2.1457672119140625e-05,
    "predict_and_compile_model_5_multimer_v3_pred_0": 251.4373598098755,
    "predict_benchmark_model_5_multimer_v3_pred_0": 173.68682146072388
}