{
    "features": 0.4068934917449951,
    "process_features_model_1_multimer_v3_pred_0": 4.291534423828125e-06,
    "predict_and_compile_model_1_multimer_v3_pred_0": 836.4130110740662,
    "predict_benchmark_model_1_multimer_v3_pred_0": 714.2752523422241,
    "process_features_model_2_multimer_v3_pred_0": 3.5762786865234375e-06,
    "predict_and_compile_model_2_multimer_v3_pred_0": 828.0914406776428,
    "predict_benchmark_model_2_multimer_v3_pred_0": 714.8886816501617,
    "process_features_model_3_multimer_v3_pred_0": 3.814697265625e-06,
    "predict_and_compile_model_3_multimer_v3_pred_0": 830.3125333786011,
    "predict_benchmark_model_3_multimer_v3_pred_0": 714.0577001571655,
    "process_features_model_4_multimer_v3_pred_0": 3.5762786865234375e-06,
    "predict_and_compile_model_4_multimer_v3_pred_0": 815.3305940628052,
    "predict_benchmark_model_4_multimer_v3_pred_0": 694.7799179553986,
    "process_features_model_5_multimer_v3_pred_0": 3.814697265625e-06,
    "predict_and_compile_model_5_multimer_v3_pred_0": 811.723789691925,
    "predict_benchmark_model_5_multimer_v3_pred_0": 694.2526116371155
}