seed,sample,ranking_score
1,0,0.5135078208433457
1,1,0.5076819255103896
1,2,0.5133616675038705
1,3,0.5126280618533812
1,4,0.5187118305599949
