{
    "features": 0.010187625885009766,
    "process_features_model_1_multimer_v3_pred_0": 3.5762786865234375e-06,
    "predict_and_compile_model_1_multimer_v3_pred_0": 495.1433382034302,
    "relax_model_1_multimer_v3_pred_0": 88.92390537261963,
    "process_features_model_1_multimer_v3_pred_1": 3.0994415283203125e-06,
    "predict_and_compile_model_1_multimer_v3_pred_1": 374.41769647598267,
    "relax_model_1_multimer_v3_pred_1": 69.48912906646729,
    "process_features_model_1_multimer_v3_pred_2": 2.1457672119140625e-06,
    "predict_and_compile_model_1_multimer_v3_pred_2": 374.2954831123352,
    "relax_model_1_multimer_v3_pred_2": 56.146891593933105,
    "process_features_model_1_multimer_v3_pred_3": 2.384185791015625e-06,
    "predict_and_compile_model_1_multimer_v3_pred_3": 373.8060083389282,
    "relax_model_1_multimer_v3_pred_3": 46.95060610771179,
    "process_features_model_1_multimer_v3_pred_4": 2.86102294921875e-06,
    "predict_and_compile_model_1_multimer_v3_pred_4": 373.986230134964,
    "relax_model_1_multimer_v3_pred_4": 46.50656580924988,
    "process_features_model_2_multimer_v3_pred_0": 2.384185791015625e-06,
    "predict_and_compile_model_2_multimer_v3_pred_0": 487.1125123500824,
    "relax_model_2_multimer_v3_pred_0": 84.38839602470398,
    "process_features_model_2_multimer_v3_pred_1": 2.1457672119140625e-06,
    "predict_and_compile_model_2_multimer_v3_pred_1": 374.2227303981781,
    "relax_model_2_multimer_v3_pred_1": 99.75812697410583,
    "process_features_model_2_multimer_v3_pred_2": 2.86102294921875e-06,
    "predict_and_compile_model_2_multimer_v3_pred_2": 373.9365358352661,
    "relax_model_2_multimer_v3_pred_2": 67.13969779014587,
    "process_features_model_2_multimer_v3_pred_3": 2.86102294921875e-06,
    "predict_and_compile_model_2_multimer_v3_pred_3": 374.2003412246704,
    "relax_model_2_multimer_v3_pred_3": 83.74820303916931,
    "process_features_model_2_multimer_v3_pred_4": 2.384185791015625e-06,
    "predict_and_compile_model_2_multimer_v3_pred_4": 373.96118330955505,
    "relax_model_2_multimer_v3_pred_4": 99.84765768051147,
    "process_features_model_3_multimer_v3_pred_0": 2.1457672119140625e-06,
    "predict_and_compile_model_3_multimer_v3_pred_0": 481.13906836509705,
    "relax_model_3_multimer_v3_pred_0": 85.53427362442017,
    "process_features_model_3_multimer_v3_pred_1": 2.384185791015625e-06,
    "predict_and_compile_model_3_multimer_v3_pred_1": 374.1112027168274,
    "relax_model_3_multimer_v3_pred_1": 84.84463143348694,
    "process_features_model_3_multimer_v3_pred_2": 2.384185791015625e-06,
    "predict_and_compile_model_3_multimer_v3_pred_2": 375.07297706604004,
    "relax_model_3_multimer_v3_pred_2": 84.78310203552246,
    "process_features_model_3_multimer_v3_pred_3": 2.384185791015625e-06,
    "predict_and_compile_model_3_multimer_v3_pred_3": 374.30637526512146,
    "relax_model_3_multimer_v3_pred_3": 88.19069361686707,
    "process_features_model_3_multimer_v3_pred_4": 2.1457672119140625e-06,
    "predict_and_compile_model_3_multimer_v3_pred_4": 374.1599283218384,
    "relax_model_3_multimer_v3_pred_4": 85.65856432914734,
    "process_features_model_4_multimer_v3_pred_0": 2.1457672119140625e-06,
    "predict_and_compile_model_4_multimer_v3_pred_0": 479.8445813655853,
    "relax_model_4_multimer_v3_pred_0": 87.16576790809631,
    "process_features_model_4_multimer_v3_pred_1": 2.1457672119140625e-06,
    "predict_and_compile_model_4_multimer_v3_pred_1": 368.37084102630615,
    "relax_model_4_multimer_v3_pred_1": 85.14435243606567,
    "process_features_model_4_multimer_v3_pred_2": 1.9073486328125e-06,
    "predict_and_compile_model_4_multimer_v3_pred_2": 367.8515274524689,
    "relax_model_4_multimer_v3_pred_2": 85.44136714935303,
    "process_features_model_4_multimer_v3_pred_3": 2.1457672119140625e-06,
    "predict_and_compile_model_4_multimer_v3_pred_3": 368.127140045166,
    "relax_model_4_multimer_v3_pred_3": 88.06010890007019,
    "process_features_model_4_multimer_v3_pred_4": 2.1457672119140625e-06,
    "predict_and_compile_model_4_multimer_v3_pred_4": 368.64830446243286,
    "relax_model_4_multimer_v3_pred_4": 86.57991027832031,
    "process_features_model_5_multimer_v3_pred_0": 2.1457672119140625e-06,
    "predict_and_compile_model_5_multimer_v3_pred_0": 477.42861914634705,
    "relax_model_5_multimer_v3_pred_0": 86.04884624481201,
    "process_features_model_5_multimer_v3_pred_1": 2.1457672119140625e-06,
    "predict_and_compile_model_5_multimer_v3_pred_1": 368.6043243408203,
    "relax_model_5_multimer_v3_pred_1": 88.58356213569641,
    "process_features_model_5_multimer_v3_pred_2": 2.384185791015625e-06,
    "predict_and_compile_model_5_multimer_v3_pred_2": 368.45236372947693,
    "relax_model_5_multimer_v3_pred_2": 65.91153049468994,
    "process_features_model_5_multimer_v3_pred_3": 2.384185791015625e-06,
    "predict_and_compile_model_5_multimer_v3_pred_3": 369.4237699508667,
    "relax_model_5_multimer_v3_pred_3": 83.9694607257843,
    "process_features_model_5_multimer_v3_pred_4": 2.1457672119140625e-06,
    "predict_and_compile_model_5_multimer_v3_pred_4": 368.6359589099884,
    "relax_model_5_multimer_v3_pred_4": 83.6081554889679
}