{
    "features": 0.4692561626434326,
    "process_features_model_1_multimer_v3_pred_0": 4.76837158203125e-06,
    "predict_and_compile_model_1_multimer_v3_pred_0": 803.9282033443451,
    "predict_benchmark_model_1_multimer_v3_pred_0": 679.7800898551941,
    "process_features_model_2_multimer_v3_pred_0": 3.814697265625e-06,
    "predict_and_compile_model_2_multimer_v3_pred_0": 793.7353603839874,
    "predict_benchmark_model_2_multimer_v3_pred_0": 679.7403769493103,
    "process_features_model_3_multimer_v3_pred_0": 4.291534423828125e-06,
    "predict_and_compile_model_3_multimer_v3_pred_0": 797.7588155269623,
    "predict_benchmark_model_3_multimer_v3_pred_0": 678.9781920909882,
    "process_features_model_4_multimer_v3_pred_0": 5.0067901611328125e-06,
    "predict_and_compile_model_4_multimer_v3_pred_0": 780.9803347587585,
    "predict_benchmark_model_4_multimer_v3_pred_0": 661.9709312915802,
    "process_features_model_5_multimer_v3_pred_0": 4.0531158447265625e-06,
    "predict_and_compile_model_5_multimer_v3_pred_0": 777.6391916275024,
    "predict_benchmark_model_5_multimer_v3_pred_0": 661.6989939212799
}