seed,sample,ranking_score
1,0,0.6657798013983687
1,1,0.6482054340473375
1,2,0.6606936016368474
1,3,0.6567896136379603
1,4,0.6580483885942224
