{
    "features": 0.014898061752319336,
    "process_features_model_1_multimer_v3_pred_0": 3.337860107421875e-06,
    "predict_and_compile_model_1_multimer_v3_pred_0": 205.5895586013794,
    "predict_benchmark_model_1_multimer_v3_pred_0": 120.03479528427124,
    "process_features_model_2_multimer_v3_pred_0": 2.8848648071289062e-05,
    "predict_and_compile_model_2_multimer_v3_pred_0": 152.60917711257935,
    "predict_benchmark_model_2_multimer_v3_pred_0": 68.31056690216064,
    "process_features_model_3_multimer_v3_pred_0": 2.0503997802734375e-05,
    "predict_and_compile_model_3_multimer_v3_pred_0": 124.36650395393372,
    "predict_benchmark_model_3_multimer_v3_pred_0": 45.80335283279419,
    "process_features_model_4_multimer_v3_pred_0": 7.62939453125e-06,
    "predict_and_compile_model_4_multimer_v3_pred_0": 201.09840559959412,
    "predict_benchmark_model_4_multimer_v3_pred_0": 117.96577334403992,
    "process_features_model_5_multimer_v3_pred_0": 2.6464462280273438e-05,
    "predict_and_compile_model_5_multimer_v3_pred_0": 197.9432783126831,
    "predict_benchmark_model_5_multimer_v3_pred_0": 117.81584405899048
}