seed,sample,ranking_score
5,0,0.9313879334122637
5,1,0.9249767647466027
5,2,0.924458827686028
5,3,0.9141789548135137
5,4,0.9269350959915817
