seed,sample,ranking_score
1,0,0.9051901361095184
1,1,0.8975898333439526
1,2,0.8979328714028243
1,3,0.8995784446148338
1,4,0.9066662629024642
