seed,sample,ranking_score
1,0,0.6320540211123667
1,1,0.6374555764123139
1,2,0.6353938316947197
1,3,0.625377916964694
1,4,0.6384767899347122
