seed,sample,ranking_score
1,0,0.592804166840801
1,1,0.5781070030823107
1,2,0.5722153935038135
1,3,0.5842273416147693
1,4,0.5586521229388476
