{
    "features": 0.010338306427001953,
    "process_features_model_1_multimer_v3_pred_0": 3.814697265625e-06,
    "predict_and_compile_model_1_multimer_v3_pred_0": 542.3357951641083,
    "relax_model_1_multimer_v3_pred_0": 59.48818325996399,
    "process_features_model_1_multimer_v3_pred_1": 4.0531158447265625e-06,
    "predict_and_compile_model_1_multimer_v3_pred_1": 364.77968740463257,
    "relax_model_1_multimer_v3_pred_1": 54.804686069488525,
    "process_features_model_1_multimer_v3_pred_2": 4.76837158203125e-06,
    "predict_and_compile_model_1_multimer_v3_pred_2": 364.17292308807373,
    "relax_model_1_multimer_v3_pred_2": 40.44316625595093,
    "process_features_model_1_multimer_v3_pred_3": 3.814697265625e-06,
    "predict_and_compile_model_1_multimer_v3_pred_3": 364.4800474643707,
    "relax_model_1_multimer_v3_pred_3": 42.378405809402466,
    "process_features_model_1_multimer_v3_pred_4": 4.0531158447265625e-06,
    "predict_and_compile_model_1_multimer_v3_pred_4": 364.85913825035095,
    "relax_model_1_multimer_v3_pred_4": 53.52266073226929,
    "process_features_model_2_multimer_v3_pred_0": 4.0531158447265625e-06,
    "predict_and_compile_model_2_multimer_v3_pred_0": 344.74517941474915,
    "relax_model_2_multimer_v3_pred_0": 52.92113471031189,
    "process_features_model_2_multimer_v3_pred_1": 4.5299530029296875e-06,
    "predict_and_compile_model_2_multimer_v3_pred_1": 156.2747139930725,
    "relax_model_2_multimer_v3_pred_1": 53.10074806213379,
    "process_features_model_2_multimer_v3_pred_2": 4.0531158447265625e-06,
    "predict_and_compile_model_2_multimer_v3_pred_2": 173.94632291793823,
    "relax_model_2_multimer_v3_pred_2": 56.57779908180237,
    "process_features_model_2_multimer_v3_pred_3": 4.291534423828125e-06,
    "predict_and_compile_model_2_multimer_v3_pred_3": 208.76563334465027,
    "relax_model_2_multimer_v3_pred_3": 60.08772873878479,
    "process_features_model_2_multimer_v3_pred_4": 4.5299530029296875e-06,
    "predict_and_compile_model_2_multimer_v3_pred_4": 226.1745901107788,
    "relax_model_2_multimer_v3_pred_4": 53.05796480178833,
    "process_features_model_3_multimer_v3_pred_0": 4.0531158447265625e-06,
    "predict_and_compile_model_3_multimer_v3_pred_0": 339.19195318222046,
    "relax_model_3_multimer_v3_pred_0": 67.77818870544434,
    "process_features_model_3_multimer_v3_pred_1": 4.0531158447265625e-06,
    "predict_and_compile_model_3_multimer_v3_pred_1": 364.9499228000641,
    "relax_model_3_multimer_v3_pred_1": 51.5992636680603,
    "process_features_model_3_multimer_v3_pred_2": 3.5762786865234375e-06,
    "predict_and_compile_model_3_multimer_v3_pred_2": 366.0054495334625,
    "relax_model_3_multimer_v3_pred_2": 57.84873843193054,
    "process_features_model_3_multimer_v3_pred_3": 2.0503997802734375e-05,
    "predict_and_compile_model_3_multimer_v3_pred_3": 366.97836542129517,
    "relax_model_3_multimer_v3_pred_3": 51.44408917427063,
    "process_features_model_3_multimer_v3_pred_4": 4.5299530029296875e-06,
    "predict_and_compile_model_3_multimer_v3_pred_4": 365.0777566432953,
    "relax_model_3_multimer_v3_pred_4": 51.63018774986267,
    "process_features_model_4_multimer_v3_pred_0": 4.291534423828125e-06,
    "predict_and_compile_model_4_multimer_v3_pred_0": 536.4594004154205,
    "relax_model_4_multimer_v3_pred_0": 32.51632785797119,
    "process_features_model_4_multimer_v3_pred_1": 3.5762786865234375e-06,
    "predict_and_compile_model_4_multimer_v3_pred_1": 358.18411922454834,
    "relax_model_4_multimer_v3_pred_1": 41.70697641372681,
    "process_features_model_4_multimer_v3_pred_2": 3.814697265625e-06,
    "predict_and_compile_model_4_multimer_v3_pred_2": 357.8726758956909,
    "relax_model_4_multimer_v3_pred_2": 50.78125238418579,
    "process_features_model_4_multimer_v3_pred_3": 4.5299530029296875e-06,
    "predict_and_compile_model_4_multimer_v3_pred_3": 358.1301472187042,
    "relax_model_4_multimer_v3_pred_3": 53.05474042892456,
    "process_features_model_4_multimer_v3_pred_4": 4.0531158447265625e-06,
    "predict_and_compile_model_4_multimer_v3_pred_4": 358.5145709514618,
    "relax_model_4_multimer_v3_pred_4": 46.493886947631836,
    "process_features_model_5_multimer_v3_pred_0": 5.0067901611328125e-06,
    "predict_and_compile_model_5_multimer_v3_pred_0": 528.8584232330322,
    "relax_model_5_multimer_v3_pred_0": 42.673635721206665,
    "process_features_model_5_multimer_v3_pred_1": 4.0531158447265625e-06,
    "predict_and_compile_model_5_multimer_v3_pred_1": 358.5681486129761,
    "relax_model_5_multimer_v3_pred_1": 44.11790871620178,
    "process_features_model_5_multimer_v3_pred_2": 3.814697265625e-06,
    "predict_and_compile_model_5_multimer_v3_pred_2": 358.42189860343933,
    "relax_model_5_multimer_v3_pred_2": 49.59322118759155,
    "process_features_model_5_multimer_v3_pred_3": 4.291534423828125e-06,
    "predict_and_compile_model_5_multimer_v3_pred_3": 357.4568793773651,
    "relax_model_5_multimer_v3_pred_3": 30.864701747894287,
    "process_features_model_5_multimer_v3_pred_4": 3.814697265625e-06,
    "predict_and_compile_model_5_multimer_v3_pred_4": 358.11938285827637,
    "relax_model_5_multimer_v3_pred_4": 63.45681667327881
}