seed,sample,ranking_score
1,0,0.6486180069641574
1,1,0.6617045359816901
1,2,0.6374996432213711
1,3,0.6421552393316433
1,4,0.6410784015922153
