seed,sample,ranking_score
1,0,0.5382047788498918
1,1,0.5579542904734379
1,2,0.5265594190585852
1,3,0.5387572040711346
1,4,0.5150713607207822
