seed,sample,ranking_score
1,0,0.6449232244745362
1,1,0.6326859755524915
1,2,0.39829650172916725
1,3,0.6102951996430819
1,4,0.6155216214014118
