seed,sample,ranking_score
1,0,0.9705298729020365
1,1,0.9705913836148654
1,2,0.9774356487281899
1,3,0.9710309851270158
1,4,0.9712721538902588
