seed,sample,ranking_score
1,0,0.6706716698566656
1,1,0.6631137225437342
1,2,0.6619558525983976
1,3,0.6461909966743807
1,4,0.6388086703472475
