seed,sample,ranking_score
1,0,0.5148032503401091
1,1,0.497614823071363
1,2,0.5115421057918105
1,3,0.4956026429304666
1,4,0.4954769409599658
