seed,sample,ranking_score
1,0,0.5576664898413144
1,1,0.5534815815546512
1,2,0.5448994191034051
1,3,0.5440385434585381
1,4,0.547216987138535
