{
    "features": 0.022159099578857422,
    "process_features_model_1_multimer_v3_pred_0": 2.86102294921875e-06,
    "predict_and_compile_model_1_multimer_v3_pred_0": 220.30183029174805,
    "predict_benchmark_model_1_multimer_v3_pred_0": 138.43038249015808,
    "process_features_model_2_multimer_v3_pred_0": 2.3365020751953125e-05,
    "predict_and_compile_model_2_multimer_v3_pred_0": 159.48267555236816,
    "predict_benchmark_model_2_multimer_v3_pred_0": 72.39129853248596,
    "process_features_model_3_multimer_v3_pred_0": 1.0967254638671875e-05,
    "predict_and_compile_model_3_multimer_v3_pred_0": 218.8652822971344,
    "predict_benchmark_model_3_multimer_v3_pred_0": 131.8121042251587,
    "process_features_model_4_multimer_v3_pred_0": 1.1444091796875e-05,
    "predict_and_compile_model_4_multimer_v3_pred_0": 164.40199160575867,
    "predict_benchmark_model_4_multimer_v3_pred_0": 77.52886486053467,
    "process_features_model_5_multimer_v3_pred_0": 7.3909759521484375e-06,
    "predict_and_compile_model_5_multimer_v3_pred_0": 225.3405303955078,
    "predict_benchmark_model_5_multimer_v3_pred_0": 137.2641637325287
}