seed,sample,ranking_score
1,0,0.2941960761924696
1,1,0.3978003763453518
1,2,0.4084040023457268
1,3,0.32680608739171224
1,4,0.41234011289535777
