seed,sample,ranking_score
1,0,0.5875119671762339
1,1,0.5809973865837947
1,2,0.5592648911759894
1,3,0.5909983369788863
1,4,0.5787920556902082
