{
    "features": 0.026357650756835938,
    "process_features_model_1_multimer_v3_pred_0": 3.0994415283203125e-06,
    "predict_and_compile_model_1_multimer_v3_pred_0": 243.8342010974884,
    "predict_benchmark_model_1_multimer_v3_pred_0": 162.15618419647217,
    "process_features_model_2_multimer_v3_pred_0": 2.4318695068359375e-05,
    "predict_and_compile_model_2_multimer_v3_pred_0": 248.7643346786499,
    "predict_benchmark_model_2_multimer_v3_pred_0": 162.3490252494812,
    "process_features_model_3_multimer_v3_pred_0": 1.5735626220703125e-05,
    "predict_and_compile_model_3_multimer_v3_pred_0": 249.25372433662415,
    "predict_benchmark_model_3_multimer_v3_pred_0": 162.19223833084106,
    "process_features_model_4_multimer_v3_pred_0": 1.9073486328125e-05,
    "predict_and_compile_model_4_multimer_v3_pred_0": 243.75657892227173,
    "predict_benchmark_model_4_multimer_v3_pred_0": 158.48303365707397,
    "process_features_model_5_multimer_v3_pred_0": 2.3126602172851562e-05,
    "predict_and_compile_model_5_multimer_v3_pred_0": 241.11639213562012,
    "predict_benchmark_model_5_multimer_v3_pred_0": 158.73670411109924
}