seed,sample,ranking_score
1,0,0.574746560619168
1,1,0.5106663875077503
1,2,0.549873050282624
1,3,0.5479014123628003
1,4,0.5333126823594335
