seed,sample,ranking_score
1,0,0.5602238612196984
1,1,0.5935040855204234
1,2,0.5855017785332486
1,3,0.543592709425065
1,4,0.5816448825763096
