seed,sample,ranking_score
1,0,0.7028179172398831
1,1,0.7109587346073021
1,2,0.6909021323129887
1,3,0.699345002514135
1,4,0.7191408772137655
