seed,sample,ranking_score
1,0,0.9530418636812295
1,1,0.9516930905268848
1,2,0.9622415256576384
1,3,0.9616115860200108
1,4,0.9591268488986786
