{
    "features": 0.012448310852050781,
    "process_features_model_1_multimer_v3_pred_0": 2.384185791015625e-06,
    "predict_and_compile_model_1_multimer_v3_pred_0": 132.28493237495422,
    "predict_benchmark_model_1_multimer_v3_pred_0": 52.73571228981018,
    "process_features_model_2_multimer_v3_pred_0": 1.7404556274414062e-05,
    "predict_and_compile_model_2_multimer_v3_pred_0": 108.58651661872864,
    "predict_benchmark_model_2_multimer_v3_pred_0": 28.76906704902649,
    "process_features_model_3_multimer_v3_pred_0": 4.00543212890625e-05,
    "predict_and_compile_model_3_multimer_v3_pred_0": 115.15820479393005,
    "predict_benchmark_model_3_multimer_v3_pred_0": 33.55666995048523,
    "process_features_model_4_multimer_v3_pred_0": 6.079673767089844e-05,
    "predict_and_compile_model_4_multimer_v3_pred_0": 128.5807957649231,
    "predict_benchmark_model_4_multimer_v3_pred_0": 42.11750030517578,
    "process_features_model_5_multimer_v3_pred_0": 2.574920654296875e-05,
    "predict_and_compile_model_5_multimer_v3_pred_0": 142.04538702964783,
    "predict_benchmark_model_5_multimer_v3_pred_0": 60.783201694488525
}