seed,sample,ranking_score
5,0,0.5571661329948531
5,1,0.5442994181867289
5,2,0.5553843312334678
5,3,0.5724208601091599
5,4,0.5495905577659727
