seed,sample,ranking_score
1,0,0.5888686135153274
1,1,0.5901204710462409
1,2,0.5897556381087687
1,3,0.604418240719931
1,4,0.6136668643626895
