seed,sample,ranking_score
1,0,0.8107826571458961
1,1,0.8308196151002637
1,2,0.8272169992886925
1,3,0.8199159959104446
1,4,0.826485136062484
