seed,sample,ranking_score
4,0,0.8287725083399105
4,1,0.8375947183500116
4,2,0.820903650718856
4,3,0.8283399398769361
4,4,0.8551489387316609
