seed,sample,ranking_score
1,0,0.7370521910139297
1,1,0.7493523653886974
1,2,0.7600401153731624
1,3,0.7474140483324989
1,4,0.7439076279905149
