seed,sample,ranking_score
3,0,0.8874071191704397
3,1,0.8849462699817814
3,2,0.888251806647074
3,3,0.8708457408686325
3,4,0.8855404679866112
