seed,sample,ranking_score
1,0,0.7341378636133016
1,1,0.7140910881097919
1,2,0.735045395393729
1,3,0.7488464673874393
1,4,0.723393377834402
