{
    "features": 0.018978595733642578,
    "process_features_model_1_multimer_v3_pred_0": 3.337860107421875e-06,
    "predict_and_compile_model_1_multimer_v3_pred_0": 190.48598384857178,
    "predict_benchmark_model_1_multimer_v3_pred_0": 113.05991506576538,
    "process_features_model_2_multimer_v3_pred_0": 2.8133392333984375e-05,
    "predict_and_compile_model_2_multimer_v3_pred_0": 190.4208106994629,
    "predict_benchmark_model_2_multimer_v3_pred_0": 112.71864771842957,
    "process_features_model_3_multimer_v3_pred_0": 1.0251998901367188e-05,
    "predict_and_compile_model_3_multimer_v3_pred_0": 190.17645645141602,
    "predict_benchmark_model_3_multimer_v3_pred_0": 112.56522011756897,
    "process_features_model_4_multimer_v3_pred_0": 1.52587890625e-05,
    "predict_and_compile_model_4_multimer_v3_pred_0": 184.69923973083496,
    "predict_benchmark_model_4_multimer_v3_pred_0": 110.98025441169739,
    "process_features_model_5_multimer_v3_pred_0": 2.3603439331054688e-05,
    "predict_and_compile_model_5_multimer_v3_pred_0": 185.02615571022034,
    "predict_benchmark_model_5_multimer_v3_pred_0": 111.02661228179932
}