seed,sample,ranking_score
1,0,0.42523922263149905
1,1,0.4580442789109445
1,2,0.47127520644381304
1,3,0.4695230350627979
1,4,0.46813514604049444
