seed,sample,ranking_score
3,0,0.8782154384248703
3,1,0.8442201934752148
3,2,0.8516702050337307
3,3,0.827851053519333
3,4,0.839295143277602
