seed,sample,ranking_score
1,0,0.5172302312948243
1,1,0.4908204075347795
1,2,0.5196447362182635
1,3,0.5299367685713328
1,4,0.5170633352726524
