seed,sample,ranking_score
2,0,0.878171537564855
2,1,0.8807421744327408
2,2,0.8695945880783951
2,3,0.8799735577260123
2,4,0.8822344517173502
