seed,sample,ranking_score
1,0,0.5596488748459594
1,1,0.7146650004190772
1,2,0.687282203328153
1,3,0.6941925988775
1,4,0.6990944594822726
