{
    "iptm+ptm": {
        "model_1_multimer_v3_pred_0": 0.7949528274955844,
        "model_1_multimer_v3_pred_1": 0.7911755124406983,
        "model_1_multimer_v3_pred_2": 0.7875487754227563,
        "model_1_multimer_v3_pred_3": 0.7974779451510349,
        "model_1_multimer_v3_pred_4": 0.7932461287371555,
        "model_2_multimer_v3_pred_0": 0.7942275931624609,
        "model_2_multimer_v3_pred_1": 0.6966261915034706,
        "model_2_multimer_v3_pred_2": 0.7978950643962464,
        "model_2_multimer_v3_pred_3": 0.7962558275402429,
        "model_2_multimer_v3_pred_4": 0.7915794875682752,
        "model_3_multimer_v3_pred_0": 0.8224426174614061,
        "model_3_multimer_v3_pred_1": 0.8205609053070275,
        "model_3_multimer_v3_pred_2": 0.8178372377939991,
        "model_3_multimer_v3_pred_3": 0.8199275452077464,
        "model_3_multimer_v3_pred_4": 0.8206893907854558,
        "model_4_multimer_v3_pred_0": 0.8016550924783602,
        "model_4_multimer_v3_pred_1": 0.8009051631127592,
        "model_4_multimer_v3_pred_2": 0.7962430583613321,
        "model_4_multimer_v3_pred_3": 0.7940779969791176,
        "model_4_multimer_v3_pred_4": 0.8046637101468107,
        "model_5_multimer_v3_pred_0": 0.8123505207133783,
        "model_5_multimer_v3_pred_1": 0.8175267305351623,
        "model_5_multimer_v3_pred_2": 0.8268422521790608,
        "model_5_multimer_v3_pred_3": 0.8189833221411823,
        "model_5_multimer_v3_pred_4": 0.8208745956782623
    },
    "order": [
        "model_5_multimer_v3_pred_2",
        "model_3_multimer_v3_pred_0",
        "model_5_multimer_v3_pred_4",
        "model_3_multimer_v3_pred_4",
        "model_3_multimer_v3_pred_1",
        "model_3_multimer_v3_pred_3",
        "model_5_multimer_v3_pred_3",
        "model_3_multimer_v3_pred_2",
        "model_5_multimer_v3_pred_1",
        "model_5_multimer_v3_pred_0",
        "model_4_multimer_v3_pred_4",
        "model_4_multimer_v3_pred_0",
        "model_4_multimer_v3_pred_1",
        "model_2_multimer_v3_pred_2",
        "model_1_multimer_v3_pred_3",
        "model_2_multimer_v3_pred_3",
        "model_4_multimer_v3_pred_2",
        "model_1_multimer_v3_pred_0",
        "model_2_multimer_v3_pred_0",
        "model_4_multimer_v3_pred_3",
        "model_1_multimer_v3_pred_4",
        "model_2_multimer_v3_pred_4",
        "model_1_multimer_v3_pred_1",
        "model_1_multimer_v3_pred_2",
        "model_2_multimer_v3_pred_1"
    ]
}