{
    "features": 0.01538848876953125,
    "process_features_model_1_multimer_v3_pred_0": 4.5299530029296875e-06,
    "predict_and_compile_model_1_multimer_v3_pred_0": 703.2257916927338,
    "relax_model_1_multimer_v3_pred_0": 43.796579360961914,
    "process_features_model_1_multimer_v3_pred_1": 3.0994415283203125e-06,
    "predict_and_compile_model_1_multimer_v3_pred_1": 522.9584629535675,
    "relax_model_1_multimer_v3_pred_1": 46.37050914764404,
    "process_features_model_1_multimer_v3_pred_2": 3.5762786865234375e-06,
    "predict_and_compile_model_1_multimer_v3_pred_2": 522.5088653564453,
    "relax_model_1_multimer_v3_pred_2": 60.00811195373535,
    "process_features_model_1_multimer_v3_pred_3": 3.0994415283203125e-06,
    "predict_and_compile_model_1_multimer_v3_pred_3": 273.98138976097107,
    "relax_model_1_multimer_v3_pred_3": 41.80481672286987,
    "process_features_model_1_multimer_v3_pred_4": 3.5762786865234375e-06,
    "predict_and_compile_model_1_multimer_v3_pred_4": 398.24426436424255,
    "relax_model_1_multimer_v3_pred_4": 41.35213923454285,
    "process_features_model_2_multimer_v3_pred_0": 3.5762786865234375e-06,
    "predict_and_compile_model_2_multimer_v3_pred_0": 368.92238569259644,
    "relax_model_2_multimer_v3_pred_0": 43.950677156448364,
    "process_features_model_2_multimer_v3_pred_1": 3.0994415283203125e-06,
    "predict_and_compile_model_2_multimer_v3_pred_1": 124.96052575111389,
    "relax_model_2_multimer_v3_pred_1": 43.363792419433594,
    "process_features_model_2_multimer_v3_pred_2": 3.337860107421875e-06,
    "predict_and_compile_model_2_multimer_v3_pred_2": 224.194482088089,
    "relax_model_2_multimer_v3_pred_2": 42.424248695373535,
    "process_features_model_2_multimer_v3_pred_3": 3.337860107421875e-06,
    "predict_and_compile_model_2_multimer_v3_pred_3": 249.19346523284912,
    "relax_model_2_multimer_v3_pred_3": 40.60057330131531,
    "process_features_model_2_multimer_v3_pred_4": 3.0994415283203125e-06,
    "predict_and_compile_model_2_multimer_v3_pred_4": 198.7556574344635,
    "relax_model_2_multimer_v3_pred_4": 42.430938959121704,
    "process_features_model_3_multimer_v3_pred_0": 3.5762786865234375e-06,
    "predict_and_compile_model_3_multimer_v3_pred_0": 367.74361515045166,
    "relax_model_3_multimer_v3_pred_0": 59.461004972457886,
    "process_features_model_3_multimer_v3_pred_1": 4.291534423828125e-06,
    "predict_and_compile_model_3_multimer_v3_pred_1": 522.1351318359375,
    "relax_model_3_multimer_v3_pred_1": 59.53187894821167,
    "process_features_model_3_multimer_v3_pred_2": 3.5762786865234375e-06,
    "predict_and_compile_model_3_multimer_v3_pred_2": 223.9981095790863,
    "relax_model_3_multimer_v3_pred_2": 45.50490665435791,
    "process_features_model_3_multimer_v3_pred_3": 3.337860107421875e-06,
    "predict_and_compile_model_3_multimer_v3_pred_3": 174.64329886436462,
    "relax_model_3_multimer_v3_pred_3": 72.22085380554199,
    "process_features_model_3_multimer_v3_pred_4": 3.337860107421875e-06,
    "predict_and_compile_model_3_multimer_v3_pred_4": 472.73573756217957,
    "relax_model_3_multimer_v3_pred_4": 73.88130164146423,
    "process_features_model_4_multimer_v3_pred_0": 4.291534423828125e-06,
    "predict_and_compile_model_4_multimer_v3_pred_0": 688.4148659706116,
    "relax_model_4_multimer_v3_pred_0": 57.62063527107239,
    "process_features_model_4_multimer_v3_pred_1": 3.337860107421875e-06,
    "predict_and_compile_model_4_multimer_v3_pred_1": 512.8807854652405,
    "relax_model_4_multimer_v3_pred_1": 78.50375366210938,
    "process_features_model_4_multimer_v3_pred_2": 3.0994415283203125e-06,
    "predict_and_compile_model_4_multimer_v3_pred_2": 512.363787651062,
    "relax_model_4_multimer_v3_pred_2": 73.34765982627869,
    "process_features_model_4_multimer_v3_pred_3": 3.5762786865234375e-06,
    "predict_and_compile_model_4_multimer_v3_pred_3": 512.5775208473206,
    "relax_model_4_multimer_v3_pred_3": 72.83039808273315,
    "process_features_model_4_multimer_v3_pred_4": 4.291534423828125e-06,
    "predict_and_compile_model_4_multimer_v3_pred_4": 511.909467458725,
    "relax_model_4_multimer_v3_pred_4": 58.48623871803284,
    "process_features_model_5_multimer_v3_pred_0": 3.5762786865234375e-06,
    "predict_and_compile_model_5_multimer_v3_pred_0": 674.3961701393127,
    "relax_model_5_multimer_v3_pred_0": 42.13883018493652,
    "process_features_model_5_multimer_v3_pred_1": 3.814697265625e-06,
    "predict_and_compile_model_5_multimer_v3_pred_1": 512.6850492954254,
    "relax_model_5_multimer_v3_pred_1": 42.057776927948,
    "process_features_model_5_multimer_v3_pred_2": 3.814697265625e-06,
    "predict_and_compile_model_5_multimer_v3_pred_2": 512.9488754272461,
    "relax_model_5_multimer_v3_pred_2": 57.37625026702881,
    "process_features_model_5_multimer_v3_pred_3": 3.814697265625e-06,
    "predict_and_compile_model_5_multimer_v3_pred_3": 510.56724786758423,
    "relax_model_5_multimer_v3_pred_3": 60.1735155582428,
    "process_features_model_5_multimer_v3_pred_4": 2.86102294921875e-06,
    "predict_and_compile_model_5_multimer_v3_pred_4": 512.6745100021362,
    "relax_model_5_multimer_v3_pred_4": 42.75831437110901
}