{
    "features": 0.06918835639953613,
    "process_features_model_1_multimer_v3_pred_0": 2.86102294921875e-06,
    "predict_and_compile_model_1_multimer_v3_pred_0": 371.86199498176575,
    "predict_benchmark_model_1_multimer_v3_pred_0": 298.84530305862427,
    "process_features_model_2_multimer_v3_pred_0": 3.9577484130859375e-05,
    "predict_and_compile_model_2_multimer_v3_pred_0": 373.9081244468689,
    "predict_benchmark_model_2_multimer_v3_pred_0": 298.26212668418884,
    "process_features_model_3_multimer_v3_pred_0": 3.814697265625e-05,
    "predict_and_compile_model_3_multimer_v3_pred_0": 372.73263478279114,
    "predict_benchmark_model_3_multimer_v3_pred_0": 298.5093677043915,
    "process_features_model_4_multimer_v3_pred_0": 1.3589859008789062e-05,
    "predict_and_compile_model_4_multimer_v3_pred_0": 366.1693842411041,
    "predict_benchmark_model_4_multimer_v3_pred_0": 289.62037110328674,
    "process_features_model_5_multimer_v3_pred_0": 1.5735626220703125e-05,
    "predict_and_compile_model_5_multimer_v3_pred_0": 365.28230333328247,
    "predict_benchmark_model_5_multimer_v3_pred_0": 289.544495344162
}