seed,sample,ranking_score
1,0,0.660287939847458
1,1,0.6651603530396395
1,2,0.6781985234921277
1,3,0.6568263562630343
1,4,0.6617193613062424
