seed,sample,ranking_score
1,0,0.9343927622918352
1,1,0.9304986244699374
1,2,0.9276165989434976
1,3,0.9295480581713599
1,4,0.9399552377560859
