{
    "features": 0.005169391632080078,
    "process_features_model_1_multimer_v3_pred_0": 3.337860107421875e-06,
    "predict_and_compile_model_1_multimer_v3_pred_0": 240.31151628494263,
    "relax_model_1_multimer_v3_pred_0": 19.021232843399048,
    "process_features_model_1_multimer_v3_pred_1": 3.0994415283203125e-06,
    "predict_and_compile_model_1_multimer_v3_pred_1": 121.66855502128601,
    "relax_model_1_multimer_v3_pred_1": 23.772144079208374,
    "process_features_model_1_multimer_v3_pred_2": 3.0994415283203125e-06,
    "predict_and_compile_model_1_multimer_v3_pred_2": 116.13976550102234,
    "relax_model_1_multimer_v3_pred_2": 29.68430209159851,
    "process_features_model_1_multimer_v3_pred_3": 2.86102294921875e-06,
    "predict_and_compile_model_1_multimer_v3_pred_3": 121.81794762611389,
    "relax_model_1_multimer_v3_pred_3": 23.04690670967102,
    "process_features_model_1_multimer_v3_pred_4": 4.0531158447265625e-06,
    "predict_and_compile_model_1_multimer_v3_pred_4": 122.12550187110901,
    "relax_model_1_multimer_v3_pred_4": 16.944230794906616,
    "process_features_model_2_multimer_v3_pred_0": 2.86102294921875e-06,
    "predict_and_compile_model_2_multimer_v3_pred_0": 236.3872992992401,
    "relax_model_2_multimer_v3_pred_0": 30.9645414352417,
    "process_features_model_2_multimer_v3_pred_1": 2.86102294921875e-06,
    "predict_and_compile_model_2_multimer_v3_pred_1": 75.55460166931152,
    "relax_model_2_multimer_v3_pred_1": 29.228922843933105,
    "process_features_model_2_multimer_v3_pred_2": 3.5762786865234375e-06,
    "predict_and_compile_model_2_multimer_v3_pred_2": 121.61372923851013,
    "relax_model_2_multimer_v3_pred_2": 29.418774843215942,
    "process_features_model_2_multimer_v3_pred_3": 3.337860107421875e-06,
    "predict_and_compile_model_2_multimer_v3_pred_3": 104.49292421340942,
    "relax_model_2_multimer_v3_pred_3": 29.20846176147461,
    "process_features_model_2_multimer_v3_pred_4": 2.86102294921875e-06,
    "predict_and_compile_model_2_multimer_v3_pred_4": 121.52007126808167,
    "relax_model_2_multimer_v3_pred_4": 23.97556447982788,
    "process_features_model_3_multimer_v3_pred_0": 2.86102294921875e-06,
    "predict_and_compile_model_3_multimer_v3_pred_0": 239.2349715232849,
    "relax_model_3_multimer_v3_pred_0": 18.08412790298462,
    "process_features_model_3_multimer_v3_pred_1": 2.384185791015625e-06,
    "predict_and_compile_model_3_multimer_v3_pred_1": 81.23687076568604,
    "relax_model_3_multimer_v3_pred_1": 34.71302342414856,
    "process_features_model_3_multimer_v3_pred_2": 3.337860107421875e-06,
    "predict_and_compile_model_3_multimer_v3_pred_2": 81.2043776512146,
    "relax_model_3_multimer_v3_pred_2": 17.913735389709473,
    "process_features_model_3_multimer_v3_pred_3": 3.0994415283203125e-06,
    "predict_and_compile_model_3_multimer_v3_pred_3": 121.66955804824829,
    "relax_model_3_multimer_v3_pred_3": 36.83479046821594,
    "process_features_model_3_multimer_v3_pred_4": 3.337860107421875e-06,
    "predict_and_compile_model_3_multimer_v3_pred_4": 121.59868836402893,
    "relax_model_3_multimer_v3_pred_4": 23.42282748222351,
    "process_features_model_4_multimer_v3_pred_0": 3.0994415283203125e-06,
    "predict_and_compile_model_4_multimer_v3_pred_0": 239.6284475326538,
    "relax_model_4_multimer_v3_pred_0": 31.318483352661133,
    "process_features_model_4_multimer_v3_pred_1": 3.0994415283203125e-06,
    "predict_and_compile_model_4_multimer_v3_pred_1": 119.43043684959412,
    "relax_model_4_multimer_v3_pred_1": 17.341198921203613,
    "process_features_model_4_multimer_v3_pred_2": 2.86102294921875e-06,
    "predict_and_compile_model_4_multimer_v3_pred_2": 119.64182353019714,
    "relax_model_4_multimer_v3_pred_2": 17.481756448745728,
    "process_features_model_4_multimer_v3_pred_3": 2.86102294921875e-06,
    "predict_and_compile_model_4_multimer_v3_pred_3": 119.47156977653503,
    "relax_model_4_multimer_v3_pred_3": 17.40165400505066,
    "process_features_model_4_multimer_v3_pred_4": 3.0994415283203125e-06,
    "predict_and_compile_model_4_multimer_v3_pred_4": 119.55354619026184,
    "relax_model_4_multimer_v3_pred_4": 23.83159613609314,
    "process_features_model_5_multimer_v3_pred_0": 3.337860107421875e-06,
    "predict_and_compile_model_5_multimer_v3_pred_0": 236.01266956329346,
    "relax_model_5_multimer_v3_pred_0": 17.509856939315796,
    "process_features_model_5_multimer_v3_pred_1": 2.86102294921875e-06,
    "predict_and_compile_model_5_multimer_v3_pred_1": 119.91624689102173,
    "relax_model_5_multimer_v3_pred_1": 18.25844669342041,
    "process_features_model_5_multimer_v3_pred_2": 3.337860107421875e-06,
    "predict_and_compile_model_5_multimer_v3_pred_2": 119.51381707191467,
    "relax_model_5_multimer_v3_pred_2": 17.849156141281128,
    "process_features_model_5_multimer_v3_pred_3": 3.0994415283203125e-06,
    "predict_and_compile_model_5_multimer_v3_pred_3": 119.43450331687927,
    "relax_model_5_multimer_v3_pred_3": 23.906056880950928,
    "process_features_model_5_multimer_v3_pred_4": 3.0994415283203125e-06,
    "predict_and_compile_model_5_multimer_v3_pred_4": 119.73087501525879,
    "relax_model_5_multimer_v3_pred_4": 20.753912210464478
}