seed,sample,ranking_score
3,0,0.9546975549748631
3,1,0.9412487990888203
3,2,0.9345855284516672
3,3,0.9348614227066263
3,4,0.9510954887782019
