seed,sample,ranking_score
1,0,0.36020083538019526
1,1,0.38120185715305005
1,2,0.3791894723738974
1,3,0.3842782644506132
1,4,0.3922111026934874
