seed,sample,ranking_score
1,0,0.580813327553499
1,1,0.5746466344041197
1,2,0.5632590345637684
1,3,0.5754380141146394
1,4,0.5720219762006625
