{
    "features": 0.015195608139038086,
    "process_features_model_1_multimer_v3_pred_0": 2.86102294921875e-06,
    "predict_and_compile_model_1_multimer_v3_pred_0": 209.1443419456482,
    "predict_benchmark_model_1_multimer_v3_pred_0": 124.14822554588318,
    "process_features_model_2_multimer_v3_pred_0": 3.0994415283203125e-05,
    "predict_and_compile_model_2_multimer_v3_pred_0": 151.54727387428284,
    "predict_benchmark_model_2_multimer_v3_pred_0": 71.30238318443298,
    "process_features_model_3_multimer_v3_pred_0": 2.8133392333984375e-05,
    "predict_and_compile_model_3_multimer_v3_pred_0": 153.25647735595703,
    "predict_benchmark_model_3_multimer_v3_pred_0": 70.92306518554688,
    "process_features_model_4_multimer_v3_pred_0": 2.86102294921875e-05,
    "predict_and_compile_model_4_multimer_v3_pred_0": 205.2464416027069,
    "predict_benchmark_model_4_multimer_v3_pred_0": 121.97965621948242,
    "process_features_model_5_multimer_v3_pred_0": 3.743171691894531e-05,
    "predict_and_compile_model_5_multimer_v3_pred_0": 206.05357837677002,
    "predict_benchmark_model_5_multimer_v3_pred_0": 121.70505809783936
}