seed,sample,ranking_score
1,0,0.6430841049964923
1,1,0.658982805291798
1,2,0.6853578398333457
1,3,0.6420036894055274
1,4,0.6778675282082418
