seed,sample,ranking_score
1,0,0.6368135503429371
1,1,0.6371564357097678
1,2,0.6150970086081485
1,3,0.6199538776619948
1,4,0.6332371457661788
