{
    "features": 0.015555143356323242,
    "process_features_model_1_multimer_v3_pred_0": 2.384185791015625e-06,
    "predict_and_compile_model_1_multimer_v3_pred_0": 291.52169489860535,
    "predict_benchmark_model_1_multimer_v3_pred_0": 213.49528217315674,
    "process_features_model_2_multimer_v3_pred_0": 2.288818359375e-05,
    "predict_and_compile_model_2_multimer_v3_pred_0": 291.104656457901,
    "predict_benchmark_model_2_multimer_v3_pred_0": 213.74774384498596,
    "process_features_model_3_multimer_v3_pred_0": 1.8358230590820312e-05,
    "predict_and_compile_model_3_multimer_v3_pred_0": 289.43082213401794,
    "predict_benchmark_model_3_multimer_v3_pred_0": 213.0122582912445,
    "process_features_model_4_multimer_v3_pred_0": 1.9073486328125e-05,
    "predict_and_compile_model_4_multimer_v3_pred_0": 290.97058844566345,
    "predict_benchmark_model_4_multimer_v3_pred_0": 210.58154344558716,
    "process_features_model_5_multimer_v3_pred_0": 1.5974044799804688e-05,
    "predict_and_compile_model_5_multimer_v3_pred_0": 291.33022928237915,
    "predict_benchmark_model_5_multimer_v3_pred_0": 209.9601287841797
}