seed,sample,ranking_score
1,0,0.7163833532769651
1,1,0.7262724262076216
1,2,0.7256232987690456
1,3,0.7262309057878192
1,4,0.7296022464796672
