{
    "features": 0.019361495971679688,
    "process_features_model_1_multimer_v3_pred_0": 2.86102294921875e-06,
    "predict_and_compile_model_1_multimer_v3_pred_0": 161.32819962501526,
    "predict_benchmark_model_1_multimer_v3_pred_0": 77.60749006271362,
    "process_features_model_2_multimer_v3_pred_0": 1.71661376953125e-05,
    "predict_and_compile_model_2_multimer_v3_pred_0": 210.11458277702332,
    "predict_benchmark_model_2_multimer_v3_pred_0": 125.76432275772095,
    "process_features_model_3_multimer_v3_pred_0": 2.193450927734375e-05,
    "predict_and_compile_model_3_multimer_v3_pred_0": 212.68879985809326,
    "predict_benchmark_model_3_multimer_v3_pred_0": 126.13189506530762,
    "process_features_model_4_multimer_v3_pred_0": 1.6450881958007812e-05,
    "predict_and_compile_model_4_multimer_v3_pred_0": 208.37187147140503,
    "predict_benchmark_model_4_multimer_v3_pred_0": 122.25951027870178,
    "process_features_model_5_multimer_v3_pred_0": 1.0251998901367188e-05,
    "predict_and_compile_model_5_multimer_v3_pred_0": 205.82873630523682,
    "predict_benchmark_model_5_multimer_v3_pred_0": 122.04115676879883
}