{
    "features": 0.044152021408081055,
    "process_features_model_1_multimer_v3_pred_0": 4.5299530029296875e-06,
    "predict_and_compile_model_1_multimer_v3_pred_0": 108.40303444862366,
    "predict_benchmark_model_1_multimer_v3_pred_0": 26.411507844924927,
    "process_features_model_2_multimer_v3_pred_0": 3.790855407714844e-05,
    "predict_and_compile_model_2_multimer_v3_pred_0": 117.96091866493225,
    "predict_benchmark_model_2_multimer_v3_pred_0": 35.1045298576355,
    "process_features_model_3_multimer_v3_pred_0": 1.9073486328125e-05,
    "predict_and_compile_model_3_multimer_v3_pred_0": 111.47951221466064,
    "predict_benchmark_model_3_multimer_v3_pred_0": 26.320289611816406,
    "process_features_model_4_multimer_v3_pred_0": 2.3126602172851562e-05,
    "predict_and_compile_model_4_multimer_v3_pred_0": 126.1777229309082,
    "predict_benchmark_model_4_multimer_v3_pred_0": 38.58976626396179,
    "process_features_model_5_multimer_v3_pred_0": 6.198883056640625e-06,
    "predict_and_compile_model_5_multimer_v3_pred_0": 174.81390976905823,
    "predict_benchmark_model_5_multimer_v3_pred_0": 90.30005931854248
}