seed,sample,ranking_score
1,0,0.9192999202062261
1,1,0.9230854507745379
1,2,0.921208654156681
1,3,0.9488360274184642
1,4,0.9179560155585964
