seed,sample,ranking_score
1,0,0.6871670630702189
1,1,0.7055201580518617
1,2,0.7033814452373658
1,3,0.6919905309863469
1,4,0.7050363445024591
