seed,sample,ranking_score
1,0,0.6568039575890399
1,1,0.6219625371306194
1,2,0.6254840411105882
1,3,0.6041440181024588
1,4,0.6176276787182386
