seed,sample,ranking_score
1,0,0.681777787508424
1,1,0.7427067780438269
1,2,0.700048471396296
1,3,0.7254790172914589
1,4,0.7189639162966701
