seed,sample,ranking_score
1,0,0.5713996251393354
1,1,0.6201339137353884
1,2,0.5701125043634276
1,3,0.6117067922284053
1,4,0.5683192198498004
