{
    "features": 0.01598215103149414,
    "process_features_model_1_multimer_v3_pred_0": 2.6226043701171875e-06,
    "predict_and_compile_model_1_multimer_v3_pred_0": 244.5038149356842,
    "predict_benchmark_model_1_multimer_v3_pred_0": 154.92491269111633,
    "process_features_model_2_multimer_v3_pred_0": 3.123283386230469e-05,
    "predict_and_compile_model_2_multimer_v3_pred_0": 235.58758878707886,
    "predict_benchmark_model_2_multimer_v3_pred_0": 154.716641664505,
    "process_features_model_3_multimer_v3_pred_0": 2.1219253540039062e-05,
    "predict_and_compile_model_3_multimer_v3_pred_0": 159.10628962516785,
    "predict_benchmark_model_3_multimer_v3_pred_0": 81.17068815231323,
    "process_features_model_4_multimer_v3_pred_0": 2.8133392333984375e-05,
    "predict_and_compile_model_4_multimer_v3_pred_0": 170.70252799987793,
    "predict_benchmark_model_4_multimer_v3_pred_0": 93.9688069820404,
    "process_features_model_5_multimer_v3_pred_0": 2.384185791015625e-05,
    "predict_and_compile_model_5_multimer_v3_pred_0": 229.5828845500946,
    "predict_benchmark_model_5_multimer_v3_pred_0": 151.87322640419006
}