seed,sample,ranking_score
1,0,0.6301594114162535
1,1,0.6440341826341466
1,2,0.6431735064047434
1,3,0.6322609195688944
1,4,0.6388049501761454
