seed,sample,ranking_score
1,0,0.5310096033046912
1,1,0.5899521597537611
1,2,0.5239361107394296
1,3,0.5311556357369442
1,4,0.5545153972773512
