seed,sample,ranking_score
1,0,0.9331943056259405
1,1,0.9416112356293717
1,2,0.933335981201731
1,3,0.9317811201305449
1,4,0.9424331559536453
