seed,sample,ranking_score
1,0,0.47934360009437
1,1,0.5028296332187698
1,2,0.4699866130940322
1,3,0.5105390817984411
1,4,0.4878135204018229
