{
    "features": 0.0347437858581543,
    "process_features_model_1_multimer_v3_pred_0": 5.245208740234375e-06,
    "predict_and_compile_model_1_multimer_v3_pred_0": 387.7632894515991,
    "predict_benchmark_model_1_multimer_v3_pred_0": 298.83487701416016,
    "process_features_model_2_multimer_v3_pred_0": 2.1696090698242188e-05,
    "predict_and_compile_model_2_multimer_v3_pred_0": 389.71442127227783,
    "predict_benchmark_model_2_multimer_v3_pred_0": 298.61548829078674,
    "process_features_model_3_multimer_v3_pred_0": 7.271766662597656e-05,
    "predict_and_compile_model_3_multimer_v3_pred_0": 383.7406268119812,
    "predict_benchmark_model_3_multimer_v3_pred_0": 297.93780517578125,
    "process_features_model_4_multimer_v3_pred_0": 3.743171691894531e-05,
    "predict_and_compile_model_4_multimer_v3_pred_0": 376.79115867614746,
    "predict_benchmark_model_4_multimer_v3_pred_0": 290.21013855934143,
    "process_features_model_5_multimer_v3_pred_0": 3.504753112792969e-05,
    "predict_and_compile_model_5_multimer_v3_pred_0": 374.3518691062927,
    "predict_benchmark_model_5_multimer_v3_pred_0": 289.5751495361328
}