seed,sample,ranking_score
1,0,0.8520595501654923
1,1,0.8407555610801968
1,2,0.8414819227652706
1,3,0.85426395944969
1,4,0.8377425053160841
