seed,sample,ranking_score
1,0,0.8832372389452688
1,1,0.8919708188427278
1,2,0.8880124774322233
1,3,0.8818572928277257
1,4,0.8886805505282945
