seed,sample,ranking_score
3,0,0.7325502695371215
3,1,0.726831236344538
3,2,0.7312598235293943
3,3,0.7478844497739943
3,4,0.7354100062175455
