{
    "features": 0.05356240272521973,
    "process_features_model_1_multimer_v3_pred_0": 4.5299530029296875e-06,
    "predict_and_compile_model_1_multimer_v3_pred_0": 208.7523205280304,
    "predict_benchmark_model_1_multimer_v3_pred_0": 123.4081768989563,
    "process_features_model_2_multimer_v3_pred_0": 7.152557373046875e-06,
    "predict_and_compile_model_2_multimer_v3_pred_0": 207.57410955429077,
    "predict_benchmark_model_2_multimer_v3_pred_0": 123.62821388244629,
    "process_features_model_3_multimer_v3_pred_0": 1.239776611328125e-05,
    "predict_and_compile_model_3_multimer_v3_pred_0": 209.8056037425995,
    "predict_benchmark_model_3_multimer_v3_pred_0": 123.55588173866272,
    "process_features_model_4_multimer_v3_pred_0": 1.2874603271484375e-05,
    "predict_and_compile_model_4_multimer_v3_pred_0": 209.13759446144104,
    "predict_benchmark_model_4_multimer_v3_pred_0": 121.34927582740784,
    "process_features_model_5_multimer_v3_pred_0": 1.2159347534179688e-05,
    "predict_and_compile_model_5_multimer_v3_pred_0": 207.18226957321167,
    "predict_benchmark_model_5_multimer_v3_pred_0": 121.21799874305725
}