seed,sample,ranking_score
1,0,0.62044101200446
1,1,0.6015441871105938
1,2,0.6080584787730025
1,3,0.6301317876894708
1,4,0.6146540548855921
