seed,sample,ranking_score
1,0,0.42656642026989133
1,1,0.4092873956589161
1,2,0.4214956226336939
1,3,0.43042590792668856
1,4,0.42358254240222665
