seed,sample,ranking_score
1,0,0.5695797935403678
1,1,0.5816859497313226
1,2,0.6189708893447199
1,3,0.5847823100750918
1,4,0.6263733743010617
