seed,sample,ranking_score
1,0,0.8029745479307896
1,1,0.7957035603263698
1,2,0.8031461357424647
1,3,0.7937283148352583
1,4,0.7963333587074569
