seed,sample,ranking_score
1,0,0.5097933293158494
1,1,0.4853953803842102
1,2,0.5253820846713326
1,3,0.47950145402034205
1,4,0.5113184965843719
