seed,sample,ranking_score
1,0,0.6251175841180797
1,1,0.6221381018738079
1,2,0.6147070098175564
1,3,0.6306303288472227
1,4,0.6331749615396453
