seed,sample,ranking_score
1,0,0.798518637439008
1,1,0.7904084860334778
1,2,0.7959472364743285
1,3,0.796163978055553
1,4,0.7970719954557997
