seed,sample,ranking_score
1,0,0.5328257379813259
1,1,0.5426592950015815
1,2,0.5662604067910904
1,3,0.5431129276207651
1,4,0.538522889033851
