{
    "iptm+ptm": {
        "model_1_multimer_v3_pred_0": 0.852057778290092,
        "model_1_multimer_v3_pred_1": 0.8553562528683589,
        "model_1_multimer_v3_pred_2": 0.853962205585286,
        "model_1_multimer_v3_pred_3": 0.8531008410383492,
        "model_1_multimer_v3_pred_4": 0.860465706418533,
        "model_2_multimer_v3_pred_0": 0.8751214912217353,
        "model_2_multimer_v3_pred_1": 0.8752370258761732,
        "model_2_multimer_v3_pred_2": 0.879128631937062,
        "model_2_multimer_v3_pred_3": 0.8724865145927945,
        "model_2_multimer_v3_pred_4": 0.8767262345393863,
        "model_3_multimer_v3_pred_0": 0.8783011643973031,
        "model_3_multimer_v3_pred_1": 0.8783695914919422,
        "model_3_multimer_v3_pred_2": 0.8758905545997859,
        "model_3_multimer_v3_pred_3": 0.8775791280180794,
        "model_3_multimer_v3_pred_4": 0.883466556172026,
        "model_4_multimer_v3_pred_0": 0.8829300721198678,
        "model_4_multimer_v3_pred_1": 0.8895157577498899,
        "model_4_multimer_v3_pred_2": 0.8863285083225751,
        "model_4_multimer_v3_pred_3": 0.8847220162765306,
        "model_4_multimer_v3_pred_4": 0.885489820117307,
        "model_5_multimer_v3_pred_0": 0.8818336884886564,
        "model_5_multimer_v3_pred_1": 0.8821800575675796,
        "model_5_multimer_v3_pred_2": 0.8871155118905736,
        "model_5_multimer_v3_pred_3": 0.8817905966462918,
        "model_5_multimer_v3_pred_4": 0.8865412480969995
    },
    "order": [
        "model_4_multimer_v3_pred_1",
        "model_5_multimer_v3_pred_2",
        "model_5_multimer_v3_pred_4",
        "model_4_multimer_v3_pred_2",
        "model_4_multimer_v3_pred_4",
        "model_4_multimer_v3_pred_3",
        "model_3_multimer_v3_pred_4",
        "model_4_multimer_v3_pred_0",
        "model_5_multimer_v3_pred_1",
        "model_5_multimer_v3_pred_0",
        "model_5_multimer_v3_pred_3",
        "model_2_multimer_v3_pred_2",
        "model_3_multimer_v3_pred_1",
        "model_3_multimer_v3_pred_0",
        "model_3_multimer_v3_pred_3",
        "model_2_multimer_v3_pred_4",
        "model_3_multimer_v3_pred_2",
        "model_2_multimer_v3_pred_1",
        "model_2_multimer_v3_pred_0",
        "model_2_multimer_v3_pred_3",
        "model_1_multimer_v3_pred_4",
        "model_1_multimer_v3_pred_1",
        "model_1_multimer_v3_pred_2",
        "model_1_multimer_v3_pred_3",
        "model_1_multimer_v3_pred_0"
    ]
}