seed,sample,ranking_score
1,0,0.6891081158674831
1,1,0.6717617973417219
1,2,0.6635173196908437
1,3,0.701691086845928
1,4,0.715139343552494
