seed,sample,ranking_score
1,0,0.5105076572995095
1,1,0.40797557608090734
1,2,0.5595342500592916
1,3,0.40455402139984403
1,4,0.3840885327730741
