seed,sample,ranking_score
1,0,0.8025258671455846
1,1,0.8193906406234372
1,2,0.8107899320632114
1,3,0.813098970638508
1,4,0.8296380665384516
