{
    "features": 0.014945745468139648,
    "process_features_model_1_multimer_v3_pred_0": 2.6226043701171875e-06,
    "predict_and_compile_model_1_multimer_v3_pred_0": 199.87114191055298,
    "predict_benchmark_model_1_multimer_v3_pred_0": 110.96660280227661,
    "process_features_model_2_multimer_v3_pred_0": 6.890296936035156e-05,
    "predict_and_compile_model_2_multimer_v3_pred_0": 139.04918789863586,
    "predict_benchmark_model_2_multimer_v3_pred_0": 52.84477734565735,
    "process_features_model_3_multimer_v3_pred_0": 4.100799560546875e-05,
    "predict_and_compile_model_3_multimer_v3_pred_0": 198.93487906455994,
    "predict_benchmark_model_3_multimer_v3_pred_0": 110.95094299316406,
    "process_features_model_4_multimer_v3_pred_0": 1.621246337890625e-05,
    "predict_and_compile_model_4_multimer_v3_pred_0": 192.48279929161072,
    "predict_benchmark_model_4_multimer_v3_pred_0": 108.91617131233215,
    "process_features_model_5_multimer_v3_pred_0": 3.266334533691406e-05,
    "predict_and_compile_model_5_multimer_v3_pred_0": 138.84914326667786,
    "predict_benchmark_model_5_multimer_v3_pred_0": 51.876193046569824
}