{
    "features": 0.0061609745025634766,
    "process_features_model_1_multimer_v3_pred_0": 3.337860107421875e-06,
    "predict_and_compile_model_1_multimer_v3_pred_0": 257.33608508110046,
    "relax_model_1_multimer_v3_pred_0": 28.365856885910034,
    "process_features_model_1_multimer_v3_pred_1": 3.337860107421875e-06,
    "predict_and_compile_model_1_multimer_v3_pred_1": 139.6387755870819,
    "relax_model_1_multimer_v3_pred_1": 28.150832891464233,
    "process_features_model_1_multimer_v3_pred_2": 1.9073486328125e-06,
    "predict_and_compile_model_1_multimer_v3_pred_2": 139.85769772529602,
    "relax_model_1_multimer_v3_pred_2": 33.219558238983154,
    "process_features_model_1_multimer_v3_pred_3": 2.1457672119140625e-06,
    "predict_and_compile_model_1_multimer_v3_pred_3": 67.04629230499268,
    "relax_model_1_multimer_v3_pred_3": 26.616928577423096,
    "process_features_model_1_multimer_v3_pred_4": 2.384185791015625e-06,
    "predict_and_compile_model_1_multimer_v3_pred_4": 113.15356779098511,
    "relax_model_1_multimer_v3_pred_4": 36.06128716468811,
    "process_features_model_2_multimer_v3_pred_0": 2.1457672119140625e-06,
    "predict_and_compile_model_2_multimer_v3_pred_0": 254.23846864700317,
    "relax_model_2_multimer_v3_pred_0": 35.262139320373535,
    "process_features_model_2_multimer_v3_pred_1": 3.0994415283203125e-06,
    "predict_and_compile_model_2_multimer_v3_pred_1": 66.89727878570557,
    "relax_model_2_multimer_v3_pred_1": 33.58807444572449,
    "process_features_model_2_multimer_v3_pred_2": 2.384185791015625e-06,
    "predict_and_compile_model_2_multimer_v3_pred_2": 80.11057686805725,
    "relax_model_2_multimer_v3_pred_2": 19.08984899520874,
    "process_features_model_2_multimer_v3_pred_3": 2.384185791015625e-06,
    "predict_and_compile_model_2_multimer_v3_pred_3": 139.99777364730835,
    "relax_model_2_multimer_v3_pred_3": 19.361005544662476,
    "process_features_model_2_multimer_v3_pred_4": 2.1457672119140625e-06,
    "predict_and_compile_model_2_multimer_v3_pred_4": 139.77817130088806,
    "relax_model_2_multimer_v3_pred_4": 26.686411380767822,
    "process_features_model_3_multimer_v3_pred_0": 2.6226043701171875e-06,
    "predict_and_compile_model_3_multimer_v3_pred_0": 230.00211453437805,
    "relax_model_3_multimer_v3_pred_0": 29.256873846054077,
    "process_features_model_3_multimer_v3_pred_1": 2.384185791015625e-06,
    "predict_and_compile_model_3_multimer_v3_pred_1": 86.91134023666382,
    "relax_model_3_multimer_v3_pred_1": 20.144349813461304,
    "process_features_model_3_multimer_v3_pred_2": 2.384185791015625e-06,
    "predict_and_compile_model_3_multimer_v3_pred_2": 86.98660230636597,
    "relax_model_3_multimer_v3_pred_2": 26.690402507781982,
    "process_features_model_3_multimer_v3_pred_3": 2.384185791015625e-06,
    "predict_and_compile_model_3_multimer_v3_pred_3": 86.89801073074341,
    "relax_model_3_multimer_v3_pred_3": 26.595920085906982,
    "process_features_model_3_multimer_v3_pred_4": 2.6226043701171875e-06,
    "predict_and_compile_model_3_multimer_v3_pred_4": 53.59366226196289,
    "relax_model_3_multimer_v3_pred_4": 35.704636096954346,
    "process_features_model_4_multimer_v3_pred_0": 2.86102294921875e-06,
    "predict_and_compile_model_4_multimer_v3_pred_0": 218.72300577163696,
    "relax_model_4_multimer_v3_pred_0": 26.663440227508545,
    "process_features_model_4_multimer_v3_pred_1": 2.1457672119140625e-06,
    "predict_and_compile_model_4_multimer_v3_pred_1": 137.36629104614258,
    "relax_model_4_multimer_v3_pred_1": 20.122381448745728,
    "process_features_model_4_multimer_v3_pred_2": 2.6226043701171875e-06,
    "predict_and_compile_model_4_multimer_v3_pred_2": 137.62158370018005,
    "relax_model_4_multimer_v3_pred_2": 19.443320751190186,
    "process_features_model_4_multimer_v3_pred_3": 2.6226043701171875e-06,
    "predict_and_compile_model_4_multimer_v3_pred_3": 137.60500717163086,
    "relax_model_4_multimer_v3_pred_3": 19.11216402053833,
    "process_features_model_4_multimer_v3_pred_4": 1.9073486328125e-06,
    "predict_and_compile_model_4_multimer_v3_pred_4": 138.0547595024109,
    "relax_model_4_multimer_v3_pred_4": 27.109811067581177,
    "process_features_model_5_multimer_v3_pred_0": 2.86102294921875e-06,
    "predict_and_compile_model_5_multimer_v3_pred_0": 221.65069007873535,
    "relax_model_5_multimer_v3_pred_0": 19.958209991455078,
    "process_features_model_5_multimer_v3_pred_1": 2.86102294921875e-06,
    "predict_and_compile_model_5_multimer_v3_pred_1": 72.25542306900024,
    "relax_model_5_multimer_v3_pred_1": 19.044158935546875,
    "process_features_model_5_multimer_v3_pred_2": 2.1457672119140625e-06,
    "predict_and_compile_model_5_multimer_v3_pred_2": 137.3569610118866,
    "relax_model_5_multimer_v3_pred_2": 26.235354900360107,
    "process_features_model_5_multimer_v3_pred_3": 2.6226043701171875e-06,
    "predict_and_compile_model_5_multimer_v3_pred_3": 137.7117896080017,
    "relax_model_5_multimer_v3_pred_3": 19.48748016357422,
    "process_features_model_5_multimer_v3_pred_4": 2.6226043701171875e-06,
    "predict_and_compile_model_5_multimer_v3_pred_4": 137.5237946510315,
    "relax_model_5_multimer_v3_pred_4": 32.78108620643616
}