seed,sample,ranking_score
1,0,0.5676132572892534
1,1,0.6205051536143721
1,2,0.6120342771861716
1,3,0.5934928222303014
1,4,0.6013480838943133
