seed,sample,ranking_score
1,0,0.6783530070349462
1,1,0.6744141106239406
1,2,0.586800412425876
1,3,0.6698227287873217
1,4,0.6789034282215647
