seed,sample,ranking_score
1,0,0.3444969608882002
1,1,0.4553677386265709
1,2,0.4759894397611325
1,3,0.44307993889378017
1,4,0.45778977144979405
