seed,sample,ranking_score
1,0,0.5110362831788569
1,1,0.49057397766632593
1,2,0.4923239989805135
1,3,0.5110408181651478
1,4,0.39744348934549234
