seed,sample,ranking_score
5,0,0.6182949189904791
5,1,0.6085097253561357
5,2,0.6059643598848139
5,3,0.614765255760893
5,4,0.6309762270678071
