seed,sample,ranking_score
1,0,1.002316464032189
1,1,1.0088420093335853
1,2,1.008194679583993
1,3,1.0226723185741686
1,4,1.0174198736007734
