seed,sample,ranking_score
2,0,0.6819093172950783
2,1,0.6612348398982238
2,2,0.7044747104723242
2,3,0.6864199024347604
2,4,0.7000604603248792
