seed,sample,ranking_score
1,0,0.9038817540386508
1,1,0.8915310632469663
1,2,0.9180002087658133
1,3,0.9132054200134506
1,4,0.9052165301021757
