{
    "features": 0.03242993354797363,
    "process_features_model_1_multimer_v3_pred_0": 2.86102294921875e-06,
    "predict_and_compile_model_1_multimer_v3_pred_0": 174.20876479148865,
    "predict_benchmark_model_1_multimer_v3_pred_0": 93.4113655090332,
    "process_features_model_2_multimer_v3_pred_0": 3.170967102050781e-05,
    "predict_and_compile_model_2_multimer_v3_pred_0": 127.79164505004883,
    "predict_benchmark_model_2_multimer_v3_pred_0": 49.086111545562744,
    "process_features_model_3_multimer_v3_pred_0": 2.9087066650390625e-05,
    "predict_and_compile_model_3_multimer_v3_pred_0": 171.32017874717712,
    "predict_benchmark_model_3_multimer_v3_pred_0": 93.61488008499146,
    "process_features_model_4_multimer_v3_pred_0": 2.5510787963867188e-05,
    "predict_and_compile_model_4_multimer_v3_pred_0": 179.64236283302307,
    "predict_benchmark_model_4_multimer_v3_pred_0": 92.1121838092804,
    "process_features_model_5_multimer_v3_pred_0": 2.6226043701171875e-05,
    "predict_and_compile_model_5_multimer_v3_pred_0": 174.26082682609558,
    "predict_benchmark_model_5_multimer_v3_pred_0": 65.66792368888855
}