{
    "features": 1.274531602859497,
    "process_features_model_1_multimer_v3_pred_0": 5.245208740234375e-06,
    "predict_and_compile_model_1_multimer_v3_pred_0": 203.91192364692688,
    "predict_benchmark_model_1_multimer_v3_pred_0": 121.70757865905762,
    "process_features_model_2_multimer_v3_pred_0": 3.0279159545898438e-05,
    "predict_and_compile_model_2_multimer_v3_pred_0": 189.17840242385864,
    "predict_benchmark_model_2_multimer_v3_pred_0": 104.37827348709106,
    "process_features_model_3_multimer_v3_pred_0": 2.193450927734375e-05,
    "predict_and_compile_model_3_multimer_v3_pred_0": 205.8807578086853,
    "predict_benchmark_model_3_multimer_v3_pred_0": 121.71514582633972,
    "process_features_model_4_multimer_v3_pred_0": 1.621246337890625e-05,
    "predict_and_compile_model_4_multimer_v3_pred_0": 203.90120148658752,
    "predict_benchmark_model_4_multimer_v3_pred_0": 117.92622685432434,
    "process_features_model_5_multimer_v3_pred_0": 1.3589859008789062e-05,
    "predict_and_compile_model_5_multimer_v3_pred_0": 206.4819929599762,
    "predict_benchmark_model_5_multimer_v3_pred_0": 118.00038433074951
}