seed,sample,ranking_score
1,0,0.543528011629644
1,1,0.5465595371870383
1,2,0.5498067407604462
1,3,0.5495408739318868
1,4,0.5421164174808376
