{
    "features": 0.016471385955810547,
    "process_features_model_1_multimer_v3_pred_0": 3.0994415283203125e-06,
    "predict_and_compile_model_1_multimer_v3_pred_0": 224.58543372154236,
    "predict_benchmark_model_1_multimer_v3_pred_0": 139.37459540367126,
    "process_features_model_2_multimer_v3_pred_0": 1.7404556274414062e-05,
    "predict_and_compile_model_2_multimer_v3_pred_0": 224.2947964668274,
    "predict_benchmark_model_2_multimer_v3_pred_0": 139.28337574005127,
    "process_features_model_3_multimer_v3_pred_0": 6.9141387939453125e-06,
    "predict_and_compile_model_3_multimer_v3_pred_0": 224.78180241584778,
    "predict_benchmark_model_3_multimer_v3_pred_0": 139.829820394516,
    "process_features_model_4_multimer_v3_pred_0": 7.3909759521484375e-06,
    "predict_and_compile_model_4_multimer_v3_pred_0": 221.01812052726746,
    "predict_benchmark_model_4_multimer_v3_pred_0": 136.17470026016235,
    "process_features_model_5_multimer_v3_pred_0": 9.5367431640625e-06,
    "predict_and_compile_model_5_multimer_v3_pred_0": 224.00037097930908,
    "predict_benchmark_model_5_multimer_v3_pred_0": 135.86443185806274
}