seed,sample,ranking_score
1,0,0.7321459441610346
1,1,0.7167968985432127
1,2,0.7157535771350901
1,3,0.7254084062274205
1,4,0.7371630025852114
