{
    "iptm+ptm": {
        "model_1_multimer_v3_pred_0": 0.7961321616898563,
        "model_1_multimer_v3_pred_1": 0.7656027836352841,
        "model_1_multimer_v3_pred_2": 0.7753112795930144,
        "model_1_multimer_v3_pred_3": 0.7841014636155007,
        "model_1_multimer_v3_pred_4": 0.7445922840998573,
        "model_2_multimer_v3_pred_0": 0.7103904002332401,
        "model_2_multimer_v3_pred_1": 0.7252170690264295,
        "model_2_multimer_v3_pred_2": 0.7223550177175555,
        "model_2_multimer_v3_pred_3": 0.728547643917954,
        "model_2_multimer_v3_pred_4": 0.7068905614451623,
        "model_3_multimer_v3_pred_0": 0.7635653658651573,
        "model_3_multimer_v3_pred_1": 0.7917862614014929,
        "model_3_multimer_v3_pred_2": 0.7893199195349923,
        "model_3_multimer_v3_pred_3": 0.7931748809703696,
        "model_3_multimer_v3_pred_4": 0.77680095644528,
        "model_4_multimer_v3_pred_0": 0.8029810604585291,
        "model_4_multimer_v3_pred_1": 0.7800866638218544,
        "model_4_multimer_v3_pred_2": 0.717918453176493,
        "model_4_multimer_v3_pred_3": 0.7750744647666458,
        "model_4_multimer_v3_pred_4": 0.6204597285313445,
        "model_5_multimer_v3_pred_0": 0.8053496624929023,
        "model_5_multimer_v3_pred_1": 0.7887352811257144,
        "model_5_multimer_v3_pred_2": 0.8082276342731135,
        "model_5_multimer_v3_pred_3": 0.8141200543632392,
        "model_5_multimer_v3_pred_4": 0.8113941404068744
    },
    "order": [
        "model_5_multimer_v3_pred_3",
        "model_5_multimer_v3_pred_4",
        "model_5_multimer_v3_pred_2",
        "model_5_multimer_v3_pred_0",
        "model_4_multimer_v3_pred_0",
        "model_1_multimer_v3_pred_0",
        "model_3_multimer_v3_pred_3",
        "model_3_multimer_v3_pred_1",
        "model_3_multimer_v3_pred_2",
        "model_5_multimer_v3_pred_1",
        "model_1_multimer_v3_pred_3",
        "model_4_multimer_v3_pred_1",
        "model_3_multimer_v3_pred_4",
        "model_1_multimer_v3_pred_2",
        "model_4_multimer_v3_pred_3",
        "model_1_multimer_v3_pred_1",
        "model_3_multimer_v3_pred_0",
        "model_1_multimer_v3_pred_4",
        "model_2_multimer_v3_pred_3",
        "model_2_multimer_v3_pred_1",
        "model_2_multimer_v3_pred_2",
        "model_4_multimer_v3_pred_2",
        "model_2_multimer_v3_pred_0",
        "model_2_multimer_v3_pred_4",
        "model_4_multimer_v3_pred_4"
    ]
}