seed,sample,ranking_score
2,0,0.8121837812416806
2,1,0.7923102078450311
2,2,0.8190853096753291
2,3,0.7968681740503716
2,4,0.8201137329636968
