seed,sample,ranking_score
1,0,0.5708713373395777
1,1,0.6034840753636099
1,2,0.5972016653903546
1,3,0.6008156045581452
1,4,0.6109180591286446
