seed,sample,ranking_score
1,0,0.5997411092380724
1,1,0.5961965884578349
1,2,0.5647118655343152
1,3,0.5728768440610107
1,4,0.596611152943781
