{
    "features": 0.11454558372497559,
    "process_features_model_1_multimer_v3_pred_0": 4.76837158203125e-06,
    "predict_and_compile_model_1_multimer_v3_pred_0": 502.862265586853,
    "predict_benchmark_model_1_multimer_v3_pred_0": 416.4070339202881,
    "process_features_model_2_multimer_v3_pred_0": 2.1219253540039062e-05,
    "predict_and_compile_model_2_multimer_v3_pred_0": 488.3769164085388,
    "predict_benchmark_model_2_multimer_v3_pred_0": 416.635276556015,
    "process_features_model_3_multimer_v3_pred_0": 2.3603439331054688e-05,
    "predict_and_compile_model_3_multimer_v3_pred_0": 488.4187982082367,
    "predict_benchmark_model_3_multimer_v3_pred_0": 415.955774307251,
    "process_features_model_4_multimer_v3_pred_0": 2.3126602172851562e-05,
    "predict_and_compile_model_4_multimer_v3_pred_0": 476.0473656654358,
    "predict_benchmark_model_4_multimer_v3_pred_0": 404.70031666755676,
    "process_features_model_5_multimer_v3_pred_0": 2.6226043701171875e-05,
    "predict_and_compile_model_5_multimer_v3_pred_0": 478.9328591823578,
    "predict_benchmark_model_5_multimer_v3_pred_0": 403.30962085723877
}