seed,sample,ranking_score
1,0,0.6756123269945589
1,1,0.6698518745249415
1,2,0.6744726855736348
1,3,0.626290446853056
1,4,0.6864541624410486
