seed,sample,ranking_score
1,0,0.5510781775884426
1,1,0.5722724008054602
1,2,0.5977098887991619
1,3,0.546566974380851
1,4,0.5483381662413249
