seed,sample,ranking_score
1,0,0.7989722294649283
1,1,0.7819184611655833
1,2,0.7897682755266011
1,3,0.790611946455758
1,4,0.7845388815924011
