seed,sample,ranking_score
1,0,0.4421585024560959
1,1,0.45869890488595627
1,2,0.4267035296831349
1,3,0.3883654036602724
1,4,0.4437497723502971
