seed,sample,ranking_score
3,0,0.6816245094443592
3,1,0.630238626471295
3,2,0.6341639678626112
3,3,0.6667878471902013
3,4,0.6512410079785006
