seed,sample,ranking_score
1,0,0.5245734330424108
1,1,0.5221621789095905
1,2,0.5205212118359909
1,3,0.5145136705990074
1,4,0.5097298536321799
