{
    "features": 0.01630377769470215,
    "process_features_model_1_multimer_v3_pred_0": 3.5762786865234375e-06,
    "predict_and_compile_model_1_multimer_v3_pred_0": 690.780490398407,
    "relax_model_1_multimer_v3_pred_0": 88.68556308746338,
    "process_features_model_1_multimer_v3_pred_1": 2.86102294921875e-06,
    "predict_and_compile_model_1_multimer_v3_pred_1": 567.872989654541,
    "relax_model_1_multimer_v3_pred_1": 72.73205065727234,
    "process_features_model_1_multimer_v3_pred_2": 2.6226043701171875e-06,
    "predict_and_compile_model_1_multimer_v3_pred_2": 567.5525867938995,
    "relax_model_1_multimer_v3_pred_2": 92.1570897102356,
    "process_features_model_1_multimer_v3_pred_3": 2.384185791015625e-06,
    "predict_and_compile_model_1_multimer_v3_pred_3": 567.815055847168,
    "relax_model_1_multimer_v3_pred_3": 58.00407600402832,
    "process_features_model_1_multimer_v3_pred_4": 2.384185791015625e-06,
    "predict_and_compile_model_1_multimer_v3_pred_4": 568.1249525547028,
    "relax_model_1_multimer_v3_pred_4": 98.15522050857544,
    "process_features_model_2_multimer_v3_pred_0": 4.0531158447265625e-06,
    "predict_and_compile_model_2_multimer_v3_pred_0": 683.3797497749329,
    "relax_model_2_multimer_v3_pred_0": 133.80700612068176,
    "process_features_model_2_multimer_v3_pred_1": 2.6226043701171875e-06,
    "predict_and_compile_model_2_multimer_v3_pred_1": 568.0497748851776,
    "relax_model_2_multimer_v3_pred_1": 126.42797183990479,
    "process_features_model_2_multimer_v3_pred_2": 2.6226043701171875e-06,
    "predict_and_compile_model_2_multimer_v3_pred_2": 567.4963932037354,
    "relax_model_2_multimer_v3_pred_2": 89.22144746780396,
    "process_features_model_2_multimer_v3_pred_3": 2.384185791015625e-06,
    "predict_and_compile_model_2_multimer_v3_pred_3": 567.4327173233032,
    "relax_model_2_multimer_v3_pred_3": 121.22136735916138,
    "process_features_model_2_multimer_v3_pred_4": 2.384185791015625e-06,
    "predict_and_compile_model_2_multimer_v3_pred_4": 567.8219766616821,
    "relax_model_2_multimer_v3_pred_4": 79.1171326637268,
    "process_features_model_3_multimer_v3_pred_0": 3.0994415283203125e-06,
    "predict_and_compile_model_3_multimer_v3_pred_0": 685.7226598262787,
    "relax_model_3_multimer_v3_pred_0": 87.42534565925598,
    "process_features_model_3_multimer_v3_pred_1": 2.86102294921875e-06,
    "predict_and_compile_model_3_multimer_v3_pred_1": 567.6443676948547,
    "relax_model_3_multimer_v3_pred_1": 104.90343403816223,
    "process_features_model_3_multimer_v3_pred_2": 2.6226043701171875e-06,
    "predict_and_compile_model_3_multimer_v3_pred_2": 568.1973719596863,
    "relax_model_3_multimer_v3_pred_2": 87.13763499259949,
    "process_features_model_3_multimer_v3_pred_3": 2.384185791015625e-06,
    "predict_and_compile_model_3_multimer_v3_pred_3": 567.5719683170319,
    "relax_model_3_multimer_v3_pred_3": 112.16633534431458,
    "process_features_model_3_multimer_v3_pred_4": 2.6226043701171875e-06,
    "predict_and_compile_model_3_multimer_v3_pred_4": 567.8504786491394,
    "relax_model_3_multimer_v3_pred_4": 90.08580350875854,
    "process_features_model_4_multimer_v3_pred_0": 2.86102294921875e-06,
    "predict_and_compile_model_4_multimer_v3_pred_0": 674.7637622356415,
    "relax_model_4_multimer_v3_pred_0": 74.55157685279846,
    "process_features_model_4_multimer_v3_pred_1": 2.86102294921875e-06,
    "predict_and_compile_model_4_multimer_v3_pred_1": 554.4024910926819,
    "relax_model_4_multimer_v3_pred_1": 79.37871766090393,
    "process_features_model_4_multimer_v3_pred_2": 2.86102294921875e-06,
    "predict_and_compile_model_4_multimer_v3_pred_2": 554.0792965888977,
    "relax_model_4_multimer_v3_pred_2": 73.3453938961029,
    "process_features_model_4_multimer_v3_pred_3": 2.6226043701171875e-06,
    "predict_and_compile_model_4_multimer_v3_pred_3": 396.53581619262695,
    "relax_model_4_multimer_v3_pred_3": 56.72680449485779,
    "process_features_model_4_multimer_v3_pred_4": 2.1457672119140625e-06,
    "predict_and_compile_model_4_multimer_v3_pred_4": 554.2891631126404,
    "relax_model_4_multimer_v3_pred_4": 76.87161946296692,
    "process_features_model_5_multimer_v3_pred_0": 2.86102294921875e-06,
    "predict_and_compile_model_5_multimer_v3_pred_0": 664.3315241336823,
    "relax_model_5_multimer_v3_pred_0": 57.17730116844177,
    "process_features_model_5_multimer_v3_pred_1": 3.0994415283203125e-06,
    "predict_and_compile_model_5_multimer_v3_pred_1": 554.3387134075165,
    "relax_model_5_multimer_v3_pred_1": 105.48773145675659,
    "process_features_model_5_multimer_v3_pred_2": 3.814697265625e-06,
    "predict_and_compile_model_5_multimer_v3_pred_2": 553.8634073734283,
    "relax_model_5_multimer_v3_pred_2": 58.77152633666992,
    "process_features_model_5_multimer_v3_pred_3": 2.384185791015625e-06,
    "predict_and_compile_model_5_multimer_v3_pred_3": 553.440450668335,
    "relax_model_5_multimer_v3_pred_3": 54.00311303138733,
    "process_features_model_5_multimer_v3_pred_4": 2.6226043701171875e-06,
    "predict_and_compile_model_5_multimer_v3_pred_4": 554.0865354537964,
    "relax_model_5_multimer_v3_pred_4": 80.01006054878235
}