seed,sample,ranking_score
1,0,0.727758062284664
1,1,0.720505101307398
1,2,0.7359982312524657
1,3,0.7171529331413931
1,4,0.7408970836952087
