{
    "features": 0.7046513557434082,
    "process_features_model_1_multimer_v3_pred_0": 5.7220458984375e-06,
    "predict_and_compile_model_1_multimer_v3_pred_0": 186.4747564792633,
    "predict_benchmark_model_1_multimer_v3_pred_0": 106.19703984260559,
    "process_features_model_2_multimer_v3_pred_0": 2.7179718017578125e-05,
    "predict_and_compile_model_2_multimer_v3_pred_0": 127.8533844947815,
    "predict_benchmark_model_2_multimer_v3_pred_0": 45.66254544258118,
    "process_features_model_3_multimer_v3_pred_0": 6.532669067382812e-05,
    "predict_and_compile_model_3_multimer_v3_pred_0": 195.59994077682495,
    "predict_benchmark_model_3_multimer_v3_pred_0": 106.27732610702515,
    "process_features_model_4_multimer_v3_pred_0": 3.361701965332031e-05,
    "predict_and_compile_model_4_multimer_v3_pred_0": 190.2105050086975,
    "predict_benchmark_model_4_multimer_v3_pred_0": 104.56496167182922,
    "process_features_model_5_multimer_v3_pred_0": 2.4318695068359375e-05,
    "predict_and_compile_model_5_multimer_v3_pred_0": 193.1955590248108,
    "predict_benchmark_model_5_multimer_v3_pred_0": 104.462815284729
}