{
    "features": 0.005827188491821289,
    "process_features_model_1_multimer_v3_pred_0": 4.291534423828125e-06,
    "predict_and_compile_model_1_multimer_v3_pred_0": 258.2269070148468,
    "relax_model_1_multimer_v3_pred_0": 28.542024850845337,
    "process_features_model_1_multimer_v3_pred_1": 3.337860107421875e-06,
    "predict_and_compile_model_1_multimer_v3_pred_1": 139.7053940296173,
    "relax_model_1_multimer_v3_pred_1": 26.78230381011963,
    "process_features_model_1_multimer_v3_pred_2": 2.86102294921875e-06,
    "predict_and_compile_model_1_multimer_v3_pred_2": 140.05230331420898,
    "relax_model_1_multimer_v3_pred_2": 33.83367085456848,
    "process_features_model_1_multimer_v3_pred_3": 2.384185791015625e-06,
    "predict_and_compile_model_1_multimer_v3_pred_3": 67.07690262794495,
    "relax_model_1_multimer_v3_pred_3": 26.077942609786987,
    "process_features_model_1_multimer_v3_pred_4": 2.86102294921875e-06,
    "predict_and_compile_model_1_multimer_v3_pred_4": 113.60885047912598,
    "relax_model_1_multimer_v3_pred_4": 37.27376961708069,
    "process_features_model_2_multimer_v3_pred_0": 2.384185791015625e-06,
    "predict_and_compile_model_2_multimer_v3_pred_0": 254.23356413841248,
    "relax_model_2_multimer_v3_pred_0": 34.159597873687744,
    "process_features_model_2_multimer_v3_pred_1": 2.1457672119140625e-06,
    "predict_and_compile_model_2_multimer_v3_pred_1": 67.49398756027222,
    "relax_model_2_multimer_v3_pred_1": 33.288055419921875,
    "process_features_model_2_multimer_v3_pred_2": 2.6226043701171875e-06,
    "predict_and_compile_model_2_multimer_v3_pred_2": 80.3509590625763,
    "relax_model_2_multimer_v3_pred_2": 19.373884439468384,
    "process_features_model_2_multimer_v3_pred_3": 3.337860107421875e-06,
    "predict_and_compile_model_2_multimer_v3_pred_3": 140.1592938899994,
    "relax_model_2_multimer_v3_pred_3": 19.264484882354736,
    "process_features_model_2_multimer_v3_pred_4": 3.0994415283203125e-06,
    "predict_and_compile_model_2_multimer_v3_pred_4": 139.82822513580322,
    "relax_model_2_multimer_v3_pred_4": 36.61117935180664,
    "process_features_model_3_multimer_v3_pred_0": 2.1457672119140625e-06,
    "predict_and_compile_model_3_multimer_v3_pred_0": 230.01943039894104,
    "relax_model_3_multimer_v3_pred_0": 19.801315784454346,
    "process_features_model_3_multimer_v3_pred_1": 2.1457672119140625e-06,
    "predict_and_compile_model_3_multimer_v3_pred_1": 86.83419847488403,
    "relax_model_3_multimer_v3_pred_1": 19.50366473197937,
    "process_features_model_3_multimer_v3_pred_2": 2.1457672119140625e-06,
    "predict_and_compile_model_3_multimer_v3_pred_2": 87.10056352615356,
    "relax_model_3_multimer_v3_pred_2": 21.98954153060913,
    "process_features_model_3_multimer_v3_pred_3": 3.814697265625e-06,
    "predict_and_compile_model_3_multimer_v3_pred_3": 88.34606909751892,
    "relax_model_3_multimer_v3_pred_3": 28.11726975440979,
    "process_features_model_3_multimer_v3_pred_4": 2.6226043701171875e-06,
    "predict_and_compile_model_3_multimer_v3_pred_4": 53.814448833465576,
    "relax_model_3_multimer_v3_pred_4": 29.50468635559082,
    "process_features_model_4_multimer_v3_pred_0": 2.384185791015625e-06,
    "predict_and_compile_model_4_multimer_v3_pred_0": 219.7214457988739,
    "relax_model_4_multimer_v3_pred_0": 26.507781744003296,
    "process_features_model_4_multimer_v3_pred_1": 2.6226043701171875e-06,
    "predict_and_compile_model_4_multimer_v3_pred_1": 137.24749493598938,
    "relax_model_4_multimer_v3_pred_1": 19.032657861709595,
    "process_features_model_4_multimer_v3_pred_2": 1.9073486328125e-06,
    "predict_and_compile_model_4_multimer_v3_pred_2": 137.66278624534607,
    "relax_model_4_multimer_v3_pred_2": 19.658243656158447,
    "process_features_model_4_multimer_v3_pred_3": 2.6226043701171875e-06,
    "predict_and_compile_model_4_multimer_v3_pred_3": 137.55530667304993,
    "relax_model_4_multimer_v3_pred_3": 19.07641887664795,
    "process_features_model_4_multimer_v3_pred_4": 2.86102294921875e-06,
    "predict_and_compile_model_4_multimer_v3_pred_4": 137.96904158592224,
    "relax_model_4_multimer_v3_pred_4": 27.39819884300232,
    "process_features_model_5_multimer_v3_pred_0": 2.6226043701171875e-06,
    "predict_and_compile_model_5_multimer_v3_pred_0": 222.21096014976501,
    "relax_model_5_multimer_v3_pred_0": 19.265458822250366,
    "process_features_model_5_multimer_v3_pred_1": 2.6226043701171875e-06,
    "predict_and_compile_model_5_multimer_v3_pred_1": 73.03939318656921,
    "relax_model_5_multimer_v3_pred_1": 19.172828912734985,
    "process_features_model_5_multimer_v3_pred_2": 2.384185791015625e-06,
    "predict_and_compile_model_5_multimer_v3_pred_2": 137.49992394447327,
    "relax_model_5_multimer_v3_pred_2": 25.931745767593384,
    "process_features_model_5_multimer_v3_pred_3": 2.6226043701171875e-06,
    "predict_and_compile_model_5_multimer_v3_pred_3": 137.50102615356445,
    "relax_model_5_multimer_v3_pred_3": 18.762107610702515,
    "process_features_model_5_multimer_v3_pred_4": 2.384185791015625e-06,
    "predict_and_compile_model_5_multimer_v3_pred_4": 137.49236011505127,
    "relax_model_5_multimer_v3_pred_4": 32.491617918014526
}