seed,sample,ranking_score
1,0,0.4734509161770968
1,1,0.4629796234674116
1,2,0.501849759331147
1,3,0.48131851716239427
1,4,0.4634490282713801
