seed,sample,ranking_score
1,0,0.6024771918443381
1,1,0.5987555898796352
1,2,0.5863823473608902
1,3,0.6013745779363944
1,4,0.6308468659080572
