seed,sample,ranking_score
1,0,0.4897915240543721
1,1,0.4896018999116152
1,2,0.47501124536324657
1,3,0.49850371569142116
1,4,0.48601407795954465
