seed,sample,ranking_score
1,0,0.4339015672239605
1,1,0.4049761534290444
1,2,0.41363805995200936
1,3,0.5056784500020457
1,4,0.4214316054094743
