seed,sample,ranking_score
1,0,0.599537382518444
1,1,0.6396179042451595
1,2,0.5905094995192135
1,3,0.5906255976812332
1,4,0.5929072470512299
