seed,sample,ranking_score
1,0,0.7366533353692581
1,1,0.7803948387414522
1,2,0.7272972242136759
1,3,0.7798905011968631
1,4,0.738778960586352
