seed,sample,ranking_score
1,0,0.6307753794479738
1,1,0.6164678224112209
1,2,0.6300959422893957
1,3,0.6394632907164112
1,4,0.6287924053286543
