seed,sample,ranking_score
1,0,0.9203398230807214
1,1,0.9293140830840121
1,2,0.9301341063530281
1,3,0.9270591642902909
1,4,0.9168864831902244
