seed,sample,ranking_score
1,0,0.8041827525723138
1,1,0.783990763098946
1,2,0.78962690405959
1,3,0.7811210156635909
1,4,0.790935454988249
