seed,sample,ranking_score
1,0,0.4638894911022758
1,1,0.451976206373607
1,2,0.4793089564538459
1,3,0.4646423537133957
1,4,0.46609155161863125
