seed,sample,ranking_score
1,0,0.5001895920003991
1,1,0.5770884194196992
1,2,0.6503777576546985
1,3,0.5885349013730738
1,4,0.6714782354329295
