seed,sample,ranking_score
1,0,0.6568041427998946
1,1,0.6233161270526301
1,2,0.6254842606653105
1,3,0.6568457671636351
1,4,0.6639386890691299
