seed,sample,ranking_score
1,0,0.42331963056090227
1,1,0.4767632244826093
1,2,0.391198515265332
1,3,0.4611893540786714
1,4,0.394024578874955
