seed,sample,ranking_score
1,0,0.7732392083037355
1,1,0.7579868972869903
1,2,0.7631775042078159
1,3,0.778409034292196
1,4,0.7757058080196593
