seed,sample,ranking_score
5,0,0.6626462249578279
5,1,0.6657432848895661
5,2,0.6405229119499267
5,3,0.6581894505563846
5,4,0.6307762598131319
