seed,sample,ranking_score
1,0,0.9165637749115325
1,1,0.9137766120671329
1,2,0.9294603000432395
1,3,0.9166787022011312
1,4,0.9176563929445766
