seed,sample,ranking_score
1,0,0.5616046856699197
1,1,0.5347477748283654
1,2,0.5459600798956803
1,3,0.5410624989286654
1,4,0.5402081728475975
