seed,sample,ranking_score
1,0,0.5620942642548478
1,1,0.601652965815648
1,2,0.5738381638060485
1,3,0.6032611367942173
1,4,0.5595836186778698
