seed,sample,ranking_score
1,0,0.6553237480879355
1,1,0.7210437555559043
1,2,0.6936607759612244
1,3,0.6821570119657442
1,4,0.6512058142585366
