{
    "features": 0.23343515396118164,
    "process_features_model_1_multimer_v3_pred_0": 4.0531158447265625e-06,
    "predict_and_compile_model_1_multimer_v3_pred_0": 207.7615749835968,
    "predict_benchmark_model_1_multimer_v3_pred_0": 118.25419640541077,
    "process_features_model_2_multimer_v3_pred_0": 2.4557113647460938e-05,
    "predict_and_compile_model_2_multimer_v3_pred_0": 156.59335684776306,
    "predict_benchmark_model_2_multimer_v3_pred_0": 73.32830119132996,
    "process_features_model_3_multimer_v3_pred_0": 1.3828277587890625e-05,
    "predict_and_compile_model_3_multimer_v3_pred_0": 203.44921016693115,
    "predict_benchmark_model_3_multimer_v3_pred_0": 118.57528233528137,
    "process_features_model_4_multimer_v3_pred_0": 1.8596649169921875e-05,
    "predict_and_compile_model_4_multimer_v3_pred_0": 124.57771039009094,
    "predict_benchmark_model_4_multimer_v3_pred_0": 38.778074502944946,
    "process_features_model_5_multimer_v3_pred_0": 1.5020370483398438e-05,
    "predict_and_compile_model_5_multimer_v3_pred_0": 202.1806356906891,
    "predict_benchmark_model_5_multimer_v3_pred_0": 115.93466448783875
}