seed,sample,ranking_score
1,0,0.5973461587710389
1,1,0.5737897546269002
1,2,0.5832250549033469
1,3,0.5435991394322568
1,4,0.6144071278501484
