seed,sample,ranking_score
1,0,0.755536728642962
1,1,0.7528053692136567
1,2,0.769402233440706
1,3,0.7755881602510091
1,4,0.7818361473621586
