seed,sample,ranking_score
1,0,0.6368166138243605
1,1,0.6441815206383013
1,2,0.6126861462191262
1,3,0.6425815174574441
1,4,0.6434540809092671
