seed,sample,ranking_score
1,0,0.7827826506281756
1,1,0.7744027938347842
1,2,0.8057600767057168
1,3,0.8070434866015732
1,4,0.7617334365162464
