seed,sample,ranking_score
1,0,0.7604103257117415
1,1,0.7898341551489605
1,2,0.7643120316299667
1,3,0.7772961429448211
1,4,0.7858316598929501
