{
    "features": 0.022049665451049805,
    "process_features_model_1_multimer_v3_pred_0": 2.6226043701171875e-06,
    "predict_and_compile_model_1_multimer_v3_pred_0": 122.37026357650757,
    "predict_benchmark_model_1_multimer_v3_pred_0": 41.77617144584656,
    "process_features_model_2_multimer_v3_pred_0": 1.7404556274414062e-05,
    "predict_and_compile_model_2_multimer_v3_pred_0": 119.00337409973145,
    "predict_benchmark_model_2_multimer_v3_pred_0": 36.527710914611816,
    "process_features_model_3_multimer_v3_pred_0": 1.8596649169921875e-05,
    "predict_and_compile_model_3_multimer_v3_pred_0": 125.28073120117188,
    "predict_benchmark_model_3_multimer_v3_pred_0": 41.77696108818054,
    "process_features_model_4_multimer_v3_pred_0": 1.0728836059570312e-05,
    "predict_and_compile_model_4_multimer_v3_pred_0": 139.46948909759521,
    "predict_benchmark_model_4_multimer_v3_pred_0": 50.26359581947327,
    "process_features_model_5_multimer_v3_pred_0": 1.9073486328125e-05,
    "predict_and_compile_model_5_multimer_v3_pred_0": 120.94148588180542,
    "predict_benchmark_model_5_multimer_v3_pred_0": 35.27371644973755
}