seed,sample,ranking_score
5,0,0.8897924963168314
5,1,0.8898567477996748
5,2,0.9040904772434071
5,3,0.8898259932530915
5,4,0.8846565926423181
