seed,sample,ranking_score
1,0,0.43805527456148474
1,1,0.4386248662723218
1,2,0.4311709811400933
1,3,0.4376648481804853
1,4,0.4398229778964141
