seed,sample,ranking_score
1,0,0.548121236919788
1,1,0.5876240216704259
1,2,0.5701954899157584
1,3,0.5655331495376117
1,4,0.5612553327398334
