{
    "features": 0.03433942794799805,
    "process_features_model_1_multimer_v3_pred_0": 3.5762786865234375e-06,
    "predict_and_compile_model_1_multimer_v3_pred_0": 166.96603727340698,
    "predict_benchmark_model_1_multimer_v3_pred_0": 82.69974899291992,
    "process_features_model_2_multimer_v3_pred_0": 5.221366882324219e-05,
    "predict_and_compile_model_2_multimer_v3_pred_0": 133.28504276275635,
    "predict_benchmark_model_2_multimer_v3_pred_0": 46.13330030441284,
    "process_features_model_3_multimer_v3_pred_0": 2.5272369384765625e-05,
    "predict_and_compile_model_3_multimer_v3_pred_0": 182.66272068023682,
    "predict_benchmark_model_3_multimer_v3_pred_0": 96.27746486663818,
    "process_features_model_4_multimer_v3_pred_0": 3.4809112548828125e-05,
    "predict_and_compile_model_4_multimer_v3_pred_0": 181.38229489326477,
    "predict_benchmark_model_4_multimer_v3_pred_0": 94.51278066635132,
    "process_features_model_5_multimer_v3_pred_0": 2.6941299438476562e-05,
    "predict_and_compile_model_5_multimer_v3_pred_0": 178.43917870521545,
    "predict_benchmark_model_5_multimer_v3_pred_0": 94.5361647605896
}