seed,sample,ranking_score
1,0,0.3037349497428758
1,1,0.2821329081722008
1,2,0.3241703471393747
1,3,0.2769306467057317
1,4,0.3154239326781591
