seed,sample,ranking_score
1,0,0.7708651943266339
1,1,0.7625103263158705
1,2,0.7666892951430611
1,3,0.7793278641245474
1,4,0.7751216623366004
