{
    "features": 0.20042872428894043,
    "process_features_model_1_multimer_v3_pred_0": 2.86102294921875e-06,
    "predict_and_compile_model_1_multimer_v3_pred_0": 109.50300812721252,
    "predict_benchmark_model_1_multimer_v3_pred_0": 27.047913551330566,
    "process_features_model_2_multimer_v3_pred_0": 3.600120544433594e-05,
    "predict_and_compile_model_2_multimer_v3_pred_0": 121.61525344848633,
    "predict_benchmark_model_2_multimer_v3_pred_0": 37.581684589385986,
    "process_features_model_3_multimer_v3_pred_0": 1.9073486328125e-05,
    "predict_and_compile_model_3_multimer_v3_pred_0": 134.58659434318542,
    "predict_benchmark_model_3_multimer_v3_pred_0": 48.3690345287323,
    "process_features_model_4_multimer_v3_pred_0": 3.075599670410156e-05,
    "predict_and_compile_model_4_multimer_v3_pred_0": 195.2599709033966,
    "predict_benchmark_model_4_multimer_v3_pred_0": 110.14410543441772,
    "process_features_model_5_multimer_v3_pred_0": 2.9087066650390625e-05,
    "predict_and_compile_model_5_multimer_v3_pred_0": 182.18167090415955,
    "predict_benchmark_model_5_multimer_v3_pred_0": 94.30292558670044
}