seed,sample,ranking_score
1,0,0.7084787714085719
1,1,0.7016168691671092
1,2,0.6901658302437613
1,3,0.7130535235939044
1,4,0.684420473091833
