seed,sample,ranking_score
1,0,0.829972439144161
1,1,0.8499390769805267
1,2,0.8673849685868568
1,3,0.841190569582298
1,4,0.8232218666314365
