seed,sample,ranking_score
1,0,0.7123243688707194
1,1,0.6937194118758471
1,2,0.6767034498275093
1,3,0.6732342411753286
1,4,0.6805780703416667
