seed,sample,ranking_score
4,0,0.9848708098512015
4,1,0.9621586591050777
4,2,0.9641970831841176
4,3,0.9601422914296585
4,4,0.9761089970621586
