{
    "features": 0.19433951377868652,
    "process_features_model_1_multimer_v3_pred_0": 5.0067901611328125e-06,
    "predict_and_compile_model_1_multimer_v3_pred_0": 755.9723794460297,
    "predict_benchmark_model_1_multimer_v3_pred_0": 633.9372637271881,
    "process_features_model_2_multimer_v3_pred_0": 4.0531158447265625e-06,
    "predict_and_compile_model_2_multimer_v3_pred_0": 747.9392919540405,
    "predict_benchmark_model_2_multimer_v3_pred_0": 633.9710457324982,
    "process_features_model_3_multimer_v3_pred_0": 4.0531158447265625e-06,
    "predict_and_compile_model_3_multimer_v3_pred_0": 750.3392004966736,
    "predict_benchmark_model_3_multimer_v3_pred_0": 634.0031170845032,
    "process_features_model_4_multimer_v3_pred_0": 3.337860107421875e-06,
    "predict_and_compile_model_4_multimer_v3_pred_0": 739.8439178466797,
    "predict_benchmark_model_4_multimer_v3_pred_0": 619.1538124084473,
    "process_features_model_5_multimer_v3_pred_0": 4.0531158447265625e-06,
    "predict_and_compile_model_5_multimer_v3_pred_0": 736.1147801876068,
    "predict_benchmark_model_5_multimer_v3_pred_0": 619.0498642921448
}