seed,sample,ranking_score
3,0,0.8389226039014429
3,1,0.8523169391882968
3,2,0.8804750792714291
3,3,0.8752409370503795
3,4,0.8729793214075712
