{
    "features": 0.0776374340057373,
    "process_features_model_1_multimer_v3_pred_0": 4.76837158203125e-06,
    "predict_and_compile_model_1_multimer_v3_pred_0": 269.4895143508911,
    "predict_benchmark_model_1_multimer_v3_pred_0": 111.30008625984192,
    "process_features_model_2_multimer_v3_pred_0": 4.5299530029296875e-06,
    "predict_and_compile_model_2_multimer_v3_pred_0": 272.29361939430237,
    "predict_benchmark_model_2_multimer_v3_pred_0": 125.0675413608551,
    "process_features_model_3_multimer_v3_pred_0": 3.5762786865234375e-06,
    "predict_and_compile_model_3_multimer_v3_pred_0": 264.29181933403015,
    "predict_benchmark_model_3_multimer_v3_pred_0": 111.28681755065918,
    "process_features_model_4_multimer_v3_pred_0": 3.337860107421875e-06,
    "predict_and_compile_model_4_multimer_v3_pred_0": 293.60700368881226,
    "predict_benchmark_model_4_multimer_v3_pred_0": 136.23436880111694,
    "process_features_model_5_multimer_v3_pred_0": 4.5299530029296875e-06,
    "predict_and_compile_model_5_multimer_v3_pred_0": 287.1779363155365,
    "predict_benchmark_model_5_multimer_v3_pred_0": 136.26053762435913
}