seed,sample,ranking_score
2,0,0.6958707993149456
2,1,0.6803754145745791
2,2,0.6759347800342282
2,3,0.6839216278222807
2,4,0.7107064171641483
