seed,sample,ranking_score
1,0,0.6468905364662131
1,1,0.6386610846384598
1,2,0.6360829666718784
1,3,0.6417534867703767
1,4,0.6445399337541076
