seed,sample,ranking_score
1,0,0.533602070291101
1,1,0.4663143642374652
1,2,0.4900723369581752
1,3,0.47001860461994915
1,4,0.45684321305028974
