{
    "iptm+ptm": {
        "model_1_multimer_v3_pred_0": 0.23444772470293956,
        "model_1_multimer_v3_pred_1": 0.22870648638641922,
        "model_1_multimer_v3_pred_2": 0.19321780907865704,
        "model_1_multimer_v3_pred_3": 0.19953446067658975,
        "model_1_multimer_v3_pred_4": 0.22564101463917202,
        "model_2_multimer_v3_pred_0": 0.7410917184428174,
        "model_2_multimer_v3_pred_1": 0.7008317606523986,
        "model_2_multimer_v3_pred_2": 0.6789935216796597,
        "model_2_multimer_v3_pred_3": 0.6880593262306727,
        "model_2_multimer_v3_pred_4": 0.6842935579329285,
        "model_3_multimer_v3_pred_0": 0.796141928054748,
        "model_3_multimer_v3_pred_1": 0.7954521068615852,
        "model_3_multimer_v3_pred_2": 0.801259133044881,
        "model_3_multimer_v3_pred_3": 0.8059107682941908,
        "model_3_multimer_v3_pred_4": 0.8031943715155297,
        "model_4_multimer_v3_pred_0": 0.3258212180865498,
        "model_4_multimer_v3_pred_1": 0.3135815681569758,
        "model_4_multimer_v3_pred_2": 0.2879787347503736,
        "model_4_multimer_v3_pred_3": 0.2950905544747576,
        "model_4_multimer_v3_pred_4": 0.31382069821667885,
        "model_5_multimer_v3_pred_0": 0.771755056891886,
        "model_5_multimer_v3_pred_1": 0.7757313954682267,
        "model_5_multimer_v3_pred_2": 0.7577672044475343,
        "model_5_multimer_v3_pred_3": 0.6448245438813675,
        "model_5_multimer_v3_pred_4": 0.6826656058542533
    },
    "order": [
        "model_3_multimer_v3_pred_3",
        "model_3_multimer_v3_pred_4",
        "model_3_multimer_v3_pred_2",
        "model_3_multimer_v3_pred_0",
        "model_3_multimer_v3_pred_1",
        "model_5_multimer_v3_pred_1",
        "model_5_multimer_v3_pred_0",
        "model_5_multimer_v3_pred_2",
        "model_2_multimer_v3_pred_0",
        "model_2_multimer_v3_pred_1",
        "model_2_multimer_v3_pred_3",
        "model_2_multimer_v3_pred_4",
        "model_5_multimer_v3_pred_4",
        "model_2_multimer_v3_pred_2",
        "model_5_multimer_v3_pred_3",
        "model_4_multimer_v3_pred_0",
        "model_4_multimer_v3_pred_4",
        "model_4_multimer_v3_pred_1",
        "model_4_multimer_v3_pred_3",
        "model_4_multimer_v3_pred_2",
        "model_1_multimer_v3_pred_0",
        "model_1_multimer_v3_pred_1",
        "model_1_multimer_v3_pred_4",
        "model_1_multimer_v3_pred_3",
        "model_1_multimer_v3_pred_2"
    ]
}