seed,sample,ranking_score
1,0,0.6379480244032828
1,1,0.6402419862546658
1,2,0.6377880772732419
1,3,0.654411829506095
1,4,0.6294993809341229
