seed,sample,ranking_score
1,0,0.8247420556500017
1,1,0.8133466106268834
1,2,0.8135377575355367
1,3,0.8046803613972633
1,4,0.832500136555935
