{
    "features": 0.3499772548675537,
    "process_features_model_1_multimer_v3_pred_0": 4.291534423828125e-06,
    "predict_and_compile_model_1_multimer_v3_pred_0": 975.8224210739136,
    "predict_benchmark_model_1_multimer_v3_pred_0": 852.3616969585419,
    "process_features_model_2_multimer_v3_pred_0": 4.0531158447265625e-06,
    "predict_and_compile_model_2_multimer_v3_pred_0": 965.6329486370087,
    "predict_benchmark_model_2_multimer_v3_pred_0": 851.9279849529266,
    "process_features_model_3_multimer_v3_pred_0": 4.0531158447265625e-06,
    "predict_and_compile_model_3_multimer_v3_pred_0": 967.4507901668549,
    "predict_benchmark_model_3_multimer_v3_pred_0": 851.8777709007263,
    "process_features_model_4_multimer_v3_pred_0": 4.5299530029296875e-06,
    "predict_and_compile_model_4_multimer_v3_pred_0": 954.9621911048889,
    "predict_benchmark_model_4_multimer_v3_pred_0": 833.1595351696014,
    "process_features_model_5_multimer_v3_pred_0": 1.0251998901367188e-05,
    "predict_and_compile_model_5_multimer_v3_pred_0": 950.8529229164124,
    "predict_benchmark_model_5_multimer_v3_pred_0": 833.9940679073334
}