seed,sample,ranking_score
1,0,0.3359980568987897
1,1,0.33457212271039527
1,2,0.3261469692288435
1,3,0.3314777606345093
1,4,0.3204252051544574
