seed,sample,ranking_score
1,0,0.4432680054719536
1,1,0.2763396032608329
1,2,0.25017341701255236
1,3,0.42709913994247495
1,4,0.4442795006966736
