{
    "features": 0.42595720291137695,
    "process_features_model_1_multimer_v3_pred_0": 4.0531158447265625e-06,
    "predict_and_compile_model_1_multimer_v3_pred_0": 145.12315273284912,
    "predict_benchmark_model_1_multimer_v3_pred_0": 60.61807322502136,
    "process_features_model_2_multimer_v3_pred_0": 2.2411346435546875e-05,
    "predict_and_compile_model_2_multimer_v3_pred_0": 135.87458086013794,
    "predict_benchmark_model_2_multimer_v3_pred_0": 54.123496770858765,
    "process_features_model_3_multimer_v3_pred_0": 2.6941299438476562e-05,
    "predict_and_compile_model_3_multimer_v3_pred_0": 194.2324526309967,
    "predict_benchmark_model_3_multimer_v3_pred_0": 107.84818172454834,
    "process_features_model_4_multimer_v3_pred_0": 1.3589859008789062e-05,
    "predict_and_compile_model_4_multimer_v3_pred_0": 220.68363785743713,
    "predict_benchmark_model_4_multimer_v3_pred_0": 136.85550713539124,
    "process_features_model_5_multimer_v3_pred_0": 5.4836273193359375e-06,
    "predict_and_compile_model_5_multimer_v3_pred_0": 218.19882369041443,
    "predict_benchmark_model_5_multimer_v3_pred_0": 137.03024983406067
}