{
    "iptm+ptm": {
        "model_1_multimer_v3_pred_0": 0.8623041716702105,
        "model_1_multimer_v3_pred_1": 0.8606361156638308,
        "model_1_multimer_v3_pred_2": 0.8624230609006143,
        "model_1_multimer_v3_pred_3": 0.864010429338603,
        "model_1_multimer_v3_pred_4": 0.8581205309431094,
        "model_2_multimer_v3_pred_0": 0.8667398190538956,
        "model_2_multimer_v3_pred_1": 0.8679167233162085,
        "model_2_multimer_v3_pred_2": 0.8643506715513545,
        "model_2_multimer_v3_pred_3": 0.8668995852003052,
        "model_2_multimer_v3_pred_4": 0.8625201284901893,
        "model_3_multimer_v3_pred_0": 0.8717385937879307,
        "model_3_multimer_v3_pred_1": 0.8655538726483418,
        "model_3_multimer_v3_pred_2": 0.8658851543200249,
        "model_3_multimer_v3_pred_3": 0.8696940792422174,
        "model_3_multimer_v3_pred_4": 0.8678950610288036,
        "model_4_multimer_v3_pred_0": 0.8722949002538624,
        "model_4_multimer_v3_pred_1": 0.8729348508652717,
        "model_4_multimer_v3_pred_2": 0.8727289618229239,
        "model_4_multimer_v3_pred_3": 0.873646540201568,
        "model_4_multimer_v3_pred_4": 0.8730229765384662,
        "model_5_multimer_v3_pred_0": 0.8783508342133087,
        "model_5_multimer_v3_pred_1": 0.8790170539212617,
        "model_5_multimer_v3_pred_2": 0.8826057167098279,
        "model_5_multimer_v3_pred_3": 0.8780629230814312,
        "model_5_multimer_v3_pred_4": 0.8811148948023688
    },
    "order": [
        "model_5_multimer_v3_pred_2",
        "model_5_multimer_v3_pred_4",
        "model_5_multimer_v3_pred_1",
        "model_5_multimer_v3_pred_0",
        "model_5_multimer_v3_pred_3",
        "model_4_multimer_v3_pred_3",
        "model_4_multimer_v3_pred_4",
        "model_4_multimer_v3_pred_1",
        "model_4_multimer_v3_pred_2",
        "model_4_multimer_v3_pred_0",
        "model_3_multimer_v3_pred_0",
        "model_3_multimer_v3_pred_3",
        "model_2_multimer_v3_pred_1",
        "model_3_multimer_v3_pred_4",
        "model_2_multimer_v3_pred_3",
        "model_2_multimer_v3_pred_0",
        "model_3_multimer_v3_pred_2",
        "model_3_multimer_v3_pred_1",
        "model_2_multimer_v3_pred_2",
        "model_1_multimer_v3_pred_3",
        "model_2_multimer_v3_pred_4",
        "model_1_multimer_v3_pred_2",
        "model_1_multimer_v3_pred_0",
        "model_1_multimer_v3_pred_1",
        "model_1_multimer_v3_pred_4"
    ]
}