seed,sample,ranking_score
1,0,0.9972766911431524
1,1,0.9835305215729385
1,2,0.9860893939322393
1,3,0.9824584306833986
1,4,0.9813785543799873
