seed,sample,ranking_score
1,0,0.9007883366013781
1,1,0.890666098521694
1,2,0.8988334369144346
1,3,0.8882855653794279
1,4,0.8972958079662071
