seed,sample,ranking_score
4,0,0.758370907157645
4,1,0.7956474666299883
4,2,0.7906357863773437
4,3,0.7749284561338158
4,4,0.77581602121585
