seed,sample,ranking_score
4,0,0.672082350441922
4,1,0.6758222092072692
4,2,0.7053423124828114
4,3,0.6562896751353068
4,4,0.6423471945795761
