seed,sample,ranking_score
2,0,0.8786152335386876
2,1,0.8777424296391435
2,2,0.8785279451071549
2,3,0.8748999642442143
2,4,0.871849253480867
