seed,sample,ranking_score
1,0,0.6132367116689661
1,1,0.6156952351949742
1,2,0.6121487107719759
1,3,0.6066168720017925
1,4,0.6147245156578289
