seed,sample,ranking_score
1,0,0.45912175286657597
1,1,0.42570799213692345
1,2,0.4708154653416047
1,3,0.421829564983781
1,4,0.4121470192876673
