seed,sample,ranking_score
1,0,0.6938291544768798
1,1,0.7064553100957222
1,2,0.7048627911499805
1,3,0.6922152895824146
1,4,0.7326687152114639
