seed,sample,ranking_score
1,0,0.6889793698490417
1,1,0.704551413690834
1,2,0.6673598388352878
1,3,0.6996880877499967
1,4,0.7185118159356491
