{
    "features": 0.008070945739746094,
    "process_features_model_1_multimer_v3_pred_0": 2.6226043701171875e-06,
    "predict_and_compile_model_1_multimer_v3_pred_0": 276.17268538475037,
    "relax_model_1_multimer_v3_pred_0": 31.688876152038574,
    "process_features_model_1_multimer_v3_pred_1": 4.0531158447265625e-06,
    "predict_and_compile_model_1_multimer_v3_pred_1": 102.25211334228516,
    "relax_model_1_multimer_v3_pred_1": 25.34119486808777,
    "process_features_model_1_multimer_v3_pred_2": 4.0531158447265625e-06,
    "predict_and_compile_model_1_multimer_v3_pred_2": 175.6912875175476,
    "relax_model_1_multimer_v3_pred_2": 25.154656171798706,
    "process_features_model_1_multimer_v3_pred_3": 3.814697265625e-06,
    "predict_and_compile_model_1_multimer_v3_pred_3": 175.32803583145142,
    "relax_model_1_multimer_v3_pred_3": 25.829776287078857,
    "process_features_model_1_multimer_v3_pred_4": 5.0067901611328125e-06,
    "predict_and_compile_model_1_multimer_v3_pred_4": 131.70559740066528,
    "relax_model_1_multimer_v3_pred_4": 25.594547748565674,
    "process_features_model_2_multimer_v3_pred_0": 4.291534423828125e-06,
    "predict_and_compile_model_2_multimer_v3_pred_0": 251.81903314590454,
    "relax_model_2_multimer_v3_pred_0": 32.83156204223633,
    "process_features_model_2_multimer_v3_pred_1": 4.0531158447265625e-06,
    "predict_and_compile_model_2_multimer_v3_pred_1": 175.3573396205902,
    "relax_model_2_multimer_v3_pred_1": 33.21728873252869,
    "process_features_model_2_multimer_v3_pred_2": 4.291534423828125e-06,
    "predict_and_compile_model_2_multimer_v3_pred_2": 306.74765396118164,
    "relax_model_2_multimer_v3_pred_2": 25.307725191116333,
    "process_features_model_2_multimer_v3_pred_3": 4.0531158447265625e-06,
    "predict_and_compile_model_2_multimer_v3_pred_3": 218.99049472808838,
    "relax_model_2_multimer_v3_pred_3": 33.314661741256714,
    "process_features_model_2_multimer_v3_pred_4": 4.0531158447265625e-06,
    "predict_and_compile_model_2_multimer_v3_pred_4": 146.34218192100525,
    "relax_model_2_multimer_v3_pred_4": 24.681687116622925,
    "process_features_model_3_multimer_v3_pred_0": 4.0531158447265625e-06,
    "predict_and_compile_model_3_multimer_v3_pred_0": 445.29565048217773,
    "relax_model_3_multimer_v3_pred_0": 27.492531776428223,
    "process_features_model_3_multimer_v3_pred_1": 4.0531158447265625e-06,
    "predict_and_compile_model_3_multimer_v3_pred_1": 131.564359664917,
    "relax_model_3_multimer_v3_pred_1": 33.781455278396606,
    "process_features_model_3_multimer_v3_pred_2": 4.5299530029296875e-06,
    "predict_and_compile_model_3_multimer_v3_pred_2": 87.83322429656982,
    "relax_model_3_multimer_v3_pred_2": 33.86010670661926,
    "process_features_model_3_multimer_v3_pred_3": 4.76837158203125e-06,
    "predict_and_compile_model_3_multimer_v3_pred_3": 146.489670753479,
    "relax_model_3_multimer_v3_pred_3": 27.221675157546997,
    "process_features_model_3_multimer_v3_pred_4": 4.0531158447265625e-06,
    "predict_and_compile_model_3_multimer_v3_pred_4": 116.98279190063477,
    "relax_model_3_multimer_v3_pred_4": 26.82070827484131,
    "process_features_model_4_multimer_v3_pred_0": 4.291534423828125e-06,
    "predict_and_compile_model_4_multimer_v3_pred_0": 452.64352226257324,
    "relax_model_4_multimer_v3_pred_0": 24.980736255645752,
    "process_features_model_4_multimer_v3_pred_1": 3.814697265625e-06,
    "predict_and_compile_model_4_multimer_v3_pred_1": 301.6917164325714,
    "relax_model_4_multimer_v3_pred_1": 24.931368350982666,
    "process_features_model_4_multimer_v3_pred_2": 4.5299530029296875e-06,
    "predict_and_compile_model_4_multimer_v3_pred_2": 302.708660364151,
    "relax_model_4_multimer_v3_pred_2": 26.174245595932007,
    "process_features_model_4_multimer_v3_pred_3": 3.814697265625e-06,
    "predict_and_compile_model_4_multimer_v3_pred_3": 302.5342457294464,
    "relax_model_4_multimer_v3_pred_3": 24.757784843444824,
    "process_features_model_4_multimer_v3_pred_4": 4.5299530029296875e-06,
    "predict_and_compile_model_4_multimer_v3_pred_4": 186.96245503425598,
    "relax_model_4_multimer_v3_pred_4": 35.042885303497314,
    "process_features_model_5_multimer_v3_pred_0": 3.5762786865234375e-06,
    "predict_and_compile_model_5_multimer_v3_pred_0": 298.8583080768585,
    "relax_model_5_multimer_v3_pred_0": 26.17122983932495,
    "process_features_model_5_multimer_v3_pred_1": 4.0531158447265625e-06,
    "predict_and_compile_model_5_multimer_v3_pred_1": 129.80790495872498,
    "relax_model_5_multimer_v3_pred_1": 27.519411087036133,
    "process_features_model_5_multimer_v3_pred_2": 3.5762786865234375e-06,
    "predict_and_compile_model_5_multimer_v3_pred_2": 144.26680064201355,
    "relax_model_5_multimer_v3_pred_2": 26.015751361846924,
    "process_features_model_5_multimer_v3_pred_3": 4.5299530029296875e-06,
    "predict_and_compile_model_5_multimer_v3_pred_3": 302.77619338035583,
    "relax_model_5_multimer_v3_pred_3": 26.170003175735474,
    "process_features_model_5_multimer_v3_pred_4": 4.76837158203125e-06,
    "predict_and_compile_model_5_multimer_v3_pred_4": 129.74592661857605,
    "relax_model_5_multimer_v3_pred_4": 31.859149932861328
}