seed,sample,ranking_score
1,0,0.2889855727860705
1,1,0.3943232764597476
1,2,0.39669918759646416
1,3,0.3981141429365594
1,4,0.3967967881485674
