seed,sample,ranking_score
1,0,0.6263130112445267
1,1,0.6189662531746852
1,2,0.4572001197158821
1,3,0.4389976356966545
1,4,0.6198944536797101
