{
    "features": 0.01816105842590332,
    "process_features_model_1_multimer_v3_pred_0": 3.5762786865234375e-06,
    "predict_and_compile_model_1_multimer_v3_pred_0": 295.063556432724,
    "predict_benchmark_model_1_multimer_v3_pred_0": 212.45698356628418,
    "process_features_model_2_multimer_v3_pred_0": 3.743171691894531e-05,
    "predict_and_compile_model_2_multimer_v3_pred_0": 288.73434710502625,
    "predict_benchmark_model_2_multimer_v3_pred_0": 212.56558990478516,
    "process_features_model_3_multimer_v3_pred_0": 2.6226043701171875e-05,
    "predict_and_compile_model_3_multimer_v3_pred_0": 292.2183039188385,
    "predict_benchmark_model_3_multimer_v3_pred_0": 213.55989599227905,
    "process_features_model_4_multimer_v3_pred_0": 4.172325134277344e-05,
    "predict_and_compile_model_4_multimer_v3_pred_0": 292.35894107818604,
    "predict_benchmark_model_4_multimer_v3_pred_0": 209.50095510482788,
    "process_features_model_5_multimer_v3_pred_0": 2.5510787963867188e-05,
    "predict_and_compile_model_5_multimer_v3_pred_0": 288.1731312274933,
    "predict_benchmark_model_5_multimer_v3_pred_0": 208.8359091281891
}