seed,sample,ranking_score
1,0,0.46896912678571473
1,1,0.5099513024368284
1,2,0.4754647477203813
1,3,0.4936782550617404
1,4,0.4459247502139183
