seed,sample,ranking_score
1,0,0.6036338222963629
1,1,0.6337136561832106
1,2,0.6128682805291321
1,3,0.6096950336776669
1,4,0.5901504807103395
