seed,sample,ranking_score
1,0,0.9048303571430302
1,1,0.9166665903883833
1,2,0.9178248016945719
1,3,0.9031821429186829
1,4,0.9196685249727217
