seed,sample,ranking_score
1,0,0.5959623813566598
1,1,0.6278183466464854
1,2,0.5725486052255536
1,3,0.6768863935850791
1,4,0.6632405029603278
