{
    "features": 1.7051668167114258,
    "process_features_model_1_multimer_v3_pred_0": 6.9141387939453125e-06,
    "predict_and_compile_model_1_multimer_v3_pred_0": 196.47908186912537,
    "predict_benchmark_model_1_multimer_v3_pred_0": 111.29799842834473,
    "process_features_model_2_multimer_v3_pred_0": 2.384185791015625e-05,
    "predict_and_compile_model_2_multimer_v3_pred_0": 196.2953486442566,
    "predict_benchmark_model_2_multimer_v3_pred_0": 111.3748767375946,
    "process_features_model_3_multimer_v3_pred_0": 2.2649765014648438e-05,
    "predict_and_compile_model_3_multimer_v3_pred_0": 196.7258162498474,
    "predict_benchmark_model_3_multimer_v3_pred_0": 111.50553679466248,
    "process_features_model_4_multimer_v3_pred_0": 2.0503997802734375e-05,
    "predict_and_compile_model_4_multimer_v3_pred_0": 195.13737320899963,
    "predict_benchmark_model_4_multimer_v3_pred_0": 108.70639753341675,
    "process_features_model_5_multimer_v3_pred_0": 2.9087066650390625e-05,
    "predict_and_compile_model_5_multimer_v3_pred_0": 139.08244371414185,
    "predict_benchmark_model_5_multimer_v3_pred_0": 51.97897410392761
}