seed,sample,ranking_score
1,0,0.5507318413484551
1,1,0.521153286943276
1,2,0.5503265040085348
1,3,0.5457564478446015
1,4,0.5695675759894323
