seed,sample,ranking_score
1,0,0.6401381578071706
1,1,0.6163762714572193
1,2,0.6326698723109749
1,3,0.6423764546168013
1,4,0.6033995934650378
