seed,sample,ranking_score
1,0,0.6904316232397424
1,1,0.680555195798851
1,2,0.6979459867751234
1,3,0.7122105389040718
1,4,0.6783619585119591
