{
    "features": 0.1537153720855713,
    "process_features_model_1_multimer_v3_pred_0": 5.245208740234375e-06,
    "predict_and_compile_model_1_multimer_v3_pred_0": 379.74308919906616,
    "predict_benchmark_model_1_multimer_v3_pred_0": 261.63521242141724,
    "process_features_model_2_multimer_v3_pred_0": 3.814697265625e-06,
    "predict_and_compile_model_2_multimer_v3_pred_0": 374.6214258670807,
    "predict_benchmark_model_2_multimer_v3_pred_0": 261.4614746570587,
    "process_features_model_3_multimer_v3_pred_0": 4.0531158447265625e-06,
    "predict_and_compile_model_3_multimer_v3_pred_0": 375.12524151802063,
    "predict_benchmark_model_3_multimer_v3_pred_0": 261.79501938819885,
    "process_features_model_4_multimer_v3_pred_0": 4.0531158447265625e-06,
    "predict_and_compile_model_4_multimer_v3_pred_0": 370.71977519989014,
    "predict_benchmark_model_4_multimer_v3_pred_0": 254.38212299346924,
    "process_features_model_5_multimer_v3_pred_0": 4.291534423828125e-06,
    "predict_and_compile_model_5_multimer_v3_pred_0": 363.13189935684204,
    "predict_benchmark_model_5_multimer_v3_pred_0": 255.0114290714264
}