seed,sample,ranking_score
1,0,0.47733136581538316
1,1,0.5127706896962559
1,2,0.4719154684934286
1,3,0.5231742382923328
1,4,0.4768452790435277
