seed,sample,ranking_score
2,0,1.0342038794710067
2,1,1.0329012817229606
2,2,1.0435648705806175
2,3,1.018489265778686
2,4,1.0362003809774787
