seed,sample,ranking_score
1,0,0.44175640334391475
1,1,0.46825754494618427
1,2,0.4384957506401932
1,3,0.574669973687362
1,4,0.35394794790528894
