seed,sample,ranking_score
1,0,0.9504649330564122
1,1,0.9334345332014159
1,2,0.9574838115293649
1,3,0.9502005988695673
1,4,0.9394750771045565
