{
    "features": 0.13509845733642578,
    "process_features_model_1_multimer_v3_pred_0": 5.4836273193359375e-06,
    "predict_and_compile_model_1_multimer_v3_pred_0": 938.2155253887177,
    "predict_benchmark_model_1_multimer_v3_pred_0": 778.5043268203735,
    "process_features_model_2_multimer_v3_pred_0": 5.245208740234375e-06,
    "predict_and_compile_model_2_multimer_v3_pred_0": 932.5050609111786,
    "predict_benchmark_model_2_multimer_v3_pred_0": 777.1768827438354,
    "process_features_model_3_multimer_v3_pred_0": 5.0067901611328125e-06,
    "predict_and_compile_model_3_multimer_v3_pred_0": 930.597089767456,
    "predict_benchmark_model_3_multimer_v3_pred_0": 780.9304978847504,
    "process_features_model_4_multimer_v3_pred_0": 1.7881393432617188e-05,
    "predict_and_compile_model_4_multimer_v3_pred_0": 920.9493327140808,
    "predict_benchmark_model_4_multimer_v3_pred_0": 758.4577832221985,
    "process_features_model_5_multimer_v3_pred_0": 4.291534423828125e-06,
    "predict_and_compile_model_5_multimer_v3_pred_0": 903.5841348171234,
    "predict_benchmark_model_5_multimer_v3_pred_0": 761.2939720153809
}