seed,sample,ranking_score
1,0,0.45018329130183476
1,1,0.4312739947101577
1,2,0.32053142525891803
1,3,0.43769697953247555
1,4,0.4359382428114462
