seed,sample,ranking_score
1,0,0.4351811682840103
1,1,0.4375255520989367
1,2,0.4263089751502272
1,3,0.4331209582857084
1,4,0.45911520805946454
