{
    "features": 0.006758213043212891,
    "process_features_model_1_multimer_v3_pred_0": 3.814697265625e-06,
    "predict_and_compile_model_1_multimer_v3_pred_0": 258.7673556804657,
    "relax_model_1_multimer_v3_pred_0": 36.10840368270874,
    "process_features_model_1_multimer_v3_pred_1": 3.337860107421875e-06,
    "predict_and_compile_model_1_multimer_v3_pred_1": 141.60503888130188,
    "relax_model_1_multimer_v3_pred_1": 34.96283745765686,
    "process_features_model_1_multimer_v3_pred_2": 2.6226043701171875e-06,
    "predict_and_compile_model_1_multimer_v3_pred_2": 141.23752427101135,
    "relax_model_1_multimer_v3_pred_2": 35.52180314064026,
    "process_features_model_1_multimer_v3_pred_3": 3.337860107421875e-06,
    "predict_and_compile_model_1_multimer_v3_pred_3": 141.8817319869995,
    "relax_model_1_multimer_v3_pred_3": 34.58635449409485,
    "process_features_model_1_multimer_v3_pred_4": 2.384185791015625e-06,
    "predict_and_compile_model_1_multimer_v3_pred_4": 141.46762108802795,
    "relax_model_1_multimer_v3_pred_4": 26.438580751419067,
    "process_features_model_2_multimer_v3_pred_0": 2.384185791015625e-06,
    "predict_and_compile_model_2_multimer_v3_pred_0": 241.5037567615509,
    "relax_model_2_multimer_v3_pred_0": 26.549306392669678,
    "process_features_model_2_multimer_v3_pred_1": 3.337860107421875e-06,
    "predict_and_compile_model_2_multimer_v3_pred_1": 114.95141267776489,
    "relax_model_2_multimer_v3_pred_1": 20.021134853363037,
    "process_features_model_2_multimer_v3_pred_2": 4.291534423828125e-06,
    "predict_and_compile_model_2_multimer_v3_pred_2": 87.67361903190613,
    "relax_model_2_multimer_v3_pred_2": 19.51729440689087,
    "process_features_model_2_multimer_v3_pred_3": 2.86102294921875e-06,
    "predict_and_compile_model_2_multimer_v3_pred_3": 141.34086918830872,
    "relax_model_2_multimer_v3_pred_3": 27.930981636047363,
    "process_features_model_2_multimer_v3_pred_4": 3.0994415283203125e-06,
    "predict_and_compile_model_2_multimer_v3_pred_4": 80.95779538154602,
    "relax_model_2_multimer_v3_pred_4": 27.28609561920166,
    "process_features_model_3_multimer_v3_pred_0": 3.0994415283203125e-06,
    "predict_and_compile_model_3_multimer_v3_pred_0": 237.53964161872864,
    "relax_model_3_multimer_v3_pred_0": 26.982786178588867,
    "process_features_model_3_multimer_v3_pred_1": 3.0994415283203125e-06,
    "predict_and_compile_model_3_multimer_v3_pred_1": 141.4630253314972,
    "relax_model_3_multimer_v3_pred_1": 27.52816677093506,
    "process_features_model_3_multimer_v3_pred_2": 2.384185791015625e-06,
    "predict_and_compile_model_3_multimer_v3_pred_2": 81.25917863845825,
    "relax_model_3_multimer_v3_pred_2": 33.82393670082092,
    "process_features_model_3_multimer_v3_pred_3": 3.814697265625e-06,
    "predict_and_compile_model_3_multimer_v3_pred_3": 135.25660228729248,
    "relax_model_3_multimer_v3_pred_3": 33.31306338310242,
    "process_features_model_3_multimer_v3_pred_4": 2.86102294921875e-06,
    "predict_and_compile_model_3_multimer_v3_pred_4": 40.79395651817322,
    "relax_model_3_multimer_v3_pred_4": 34.14997982978821,
    "process_features_model_4_multimer_v3_pred_0": 3.0994415283203125e-06,
    "predict_and_compile_model_4_multimer_v3_pred_0": 259.579270362854,
    "relax_model_4_multimer_v3_pred_0": 20.301085948944092,
    "process_features_model_4_multimer_v3_pred_1": 3.0994415283203125e-06,
    "predict_and_compile_model_4_multimer_v3_pred_1": 139.1430802345276,
    "relax_model_4_multimer_v3_pred_1": 27.29634690284729,
    "process_features_model_4_multimer_v3_pred_2": 3.5762786865234375e-06,
    "predict_and_compile_model_4_multimer_v3_pred_2": 138.86617612838745,
    "relax_model_4_multimer_v3_pred_2": 27.441651582717896,
    "process_features_model_4_multimer_v3_pred_3": 3.0994415283203125e-06,
    "predict_and_compile_model_4_multimer_v3_pred_3": 138.74279832839966,
    "relax_model_4_multimer_v3_pred_3": 25.983279705047607,
    "process_features_model_4_multimer_v3_pred_4": 2.6226043701171875e-06,
    "predict_and_compile_model_4_multimer_v3_pred_4": 139.43749451637268,
    "relax_model_4_multimer_v3_pred_4": 34.433427810668945,
    "process_features_model_5_multimer_v3_pred_0": 4.5299530029296875e-06,
    "predict_and_compile_model_5_multimer_v3_pred_0": 256.6960299015045,
    "relax_model_5_multimer_v3_pred_0": 20.37549638748169,
    "process_features_model_5_multimer_v3_pred_1": 2.86102294921875e-06,
    "predict_and_compile_model_5_multimer_v3_pred_1": 138.80180668830872,
    "relax_model_5_multimer_v3_pred_1": 20.856430053710938,
    "process_features_model_5_multimer_v3_pred_2": 2.86102294921875e-06,
    "predict_and_compile_model_5_multimer_v3_pred_2": 105.86482453346252,
    "relax_model_5_multimer_v3_pred_2": 19.041016578674316,
    "process_features_model_5_multimer_v3_pred_3": 2.86102294921875e-06,
    "predict_and_compile_model_5_multimer_v3_pred_3": 125.67368769645691,
    "relax_model_5_multimer_v3_pred_3": 20.93151307106018,
    "process_features_model_5_multimer_v3_pred_4": 3.0994415283203125e-06,
    "predict_and_compile_model_5_multimer_v3_pred_4": 86.09953546524048,
    "relax_model_5_multimer_v3_pred_4": 19.3156156539917
}