seed,sample,ranking_score
1,0,0.7349120162966345
1,1,0.7261315627675227
1,2,0.7472417162981894
1,3,0.7341428148005507
1,4,0.7742799029731885
