seed,sample,ranking_score
1,0,0.7847696900263208
1,1,0.8279931555906385
1,2,0.8031294385013553
1,3,0.8125256961024392
1,4,0.810140513084769
