{
    "features": 0.08421206474304199,
    "process_features_model_1_multimer_v3_pred_0": 4.0531158447265625e-06,
    "predict_and_compile_model_1_multimer_v3_pred_0": 205.24153327941895,
    "predict_benchmark_model_1_multimer_v3_pred_0": 127.62980723381042,
    "process_features_model_2_multimer_v3_pred_0": 1.9073486328125e-05,
    "predict_and_compile_model_2_multimer_v3_pred_0": 128.05827069282532,
    "predict_benchmark_model_2_multimer_v3_pred_0": 48.64549422264099,
    "process_features_model_3_multimer_v3_pred_0": 1.0013580322265625e-05,
    "predict_and_compile_model_3_multimer_v3_pred_0": 136.63222098350525,
    "predict_benchmark_model_3_multimer_v3_pred_0": 54.858954668045044,
    "process_features_model_4_multimer_v3_pred_0": 3.170967102050781e-05,
    "predict_and_compile_model_4_multimer_v3_pred_0": 164.04832983016968,
    "predict_benchmark_model_4_multimer_v3_pred_0": 83.66749215126038,
    "process_features_model_5_multimer_v3_pred_0": 2.6226043701171875e-05,
    "predict_and_compile_model_5_multimer_v3_pred_0": 205.60187911987305,
    "predict_benchmark_model_5_multimer_v3_pred_0": 125.45528960227966
}