seed,sample,ranking_score
3,0,0.8335629684500702
3,1,0.8309138965382842
3,2,0.8262294392552398
3,3,0.8361023942795232
3,4,0.8240057055095418
