seed,sample,ranking_score
1,0,0.30751534200305203
1,1,0.33218636648731803
1,2,0.30974873317958246
1,3,0.32233113437070726
1,4,0.32011770819917823
