seed,sample,ranking_score
1,0,0.47682034617214086
1,1,0.4608198956575176
1,2,0.46248198114288486
1,3,0.45101963973051307
1,4,0.47598758751059356
