{
    "features": 0.2168118953704834,
    "process_features_model_1_multimer_v3_pred_0": 4.76837158203125e-06,
    "predict_and_compile_model_1_multimer_v3_pred_0": 611.1997816562653,
    "predict_benchmark_model_1_multimer_v3_pred_0": 451.78611993789673,
    "process_features_model_2_multimer_v3_pred_0": 4.76837158203125e-06,
    "predict_and_compile_model_2_multimer_v3_pred_0": 605.1294548511505,
    "predict_benchmark_model_2_multimer_v3_pred_0": 452.05948972702026,
    "process_features_model_3_multimer_v3_pred_0": 4.291534423828125e-06,
    "predict_and_compile_model_3_multimer_v3_pred_0": 607.4230742454529,
    "predict_benchmark_model_3_multimer_v3_pred_0": 451.77163219451904,
    "process_features_model_4_multimer_v3_pred_0": 4.76837158203125e-06,
    "predict_and_compile_model_4_multimer_v3_pred_0": 593.9168338775635,
    "predict_benchmark_model_4_multimer_v3_pred_0": 440.873628616333,
    "process_features_model_5_multimer_v3_pred_0": 4.4345855712890625e-05,
    "predict_and_compile_model_5_multimer_v3_pred_0": 590.0661499500275,
    "predict_benchmark_model_5_multimer_v3_pred_0": 440.373797416687
}