{
    "features": 0.07460188865661621,
    "process_features_model_1_multimer_v3_pred_0": 4.5299530029296875e-06,
    "predict_and_compile_model_1_multimer_v3_pred_0": 162.74474215507507,
    "predict_benchmark_model_1_multimer_v3_pred_0": 47.85377788543701,
    "process_features_model_2_multimer_v3_pred_0": 4.291534423828125e-06,
    "predict_and_compile_model_2_multimer_v3_pred_0": 158.38369989395142,
    "predict_benchmark_model_2_multimer_v3_pred_0": 47.882421255111694,
    "process_features_model_3_multimer_v3_pred_0": 4.5299530029296875e-06,
    "predict_and_compile_model_3_multimer_v3_pred_0": 192.81137561798096,
    "predict_benchmark_model_3_multimer_v3_pred_0": 79.15717339515686,
    "process_features_model_4_multimer_v3_pred_0": 4.0531158447265625e-06,
    "predict_and_compile_model_4_multimer_v3_pred_0": 159.4986650943756,
    "predict_benchmark_model_4_multimer_v3_pred_0": 46.52706599235535,
    "process_features_model_5_multimer_v3_pred_0": 4.5299530029296875e-06,
    "predict_and_compile_model_5_multimer_v3_pred_0": 202.9297285079956,
    "predict_benchmark_model_5_multimer_v3_pred_0": 92.35203909873962
}