seed,sample,ranking_score
1,0,0.8548424316596533
1,1,0.8716947353099223
1,2,0.8668770000149513
1,3,0.8814144400020759
1,4,0.8752588773217338
