seed,sample,ranking_score
1,0,0.7284460489300099
1,1,0.7364936374268637
1,2,0.7253008446383352
1,3,0.7258717074853623
1,4,0.725970793549623
