{
    "features": 0.0317387580871582,
    "process_features_model_1_multimer_v3_pred_0": 3.0994415283203125e-06,
    "predict_and_compile_model_1_multimer_v3_pred_0": 201.80645108222961,
    "predict_benchmark_model_1_multimer_v3_pred_0": 120.91689491271973,
    "process_features_model_2_multimer_v3_pred_0": 1.0013580322265625e-05,
    "predict_and_compile_model_2_multimer_v3_pred_0": 204.25512742996216,
    "predict_benchmark_model_2_multimer_v3_pred_0": 120.84673118591309,
    "process_features_model_3_multimer_v3_pred_0": 2.7418136596679688e-05,
    "predict_and_compile_model_3_multimer_v3_pred_0": 173.22342777252197,
    "predict_benchmark_model_3_multimer_v3_pred_0": 86.60852313041687,
    "process_features_model_4_multimer_v3_pred_0": 1.049041748046875e-05,
    "predict_and_compile_model_4_multimer_v3_pred_0": 136.3983187675476,
    "predict_benchmark_model_4_multimer_v3_pred_0": 49.918187618255615,
    "process_features_model_5_multimer_v3_pred_0": 2.3603439331054688e-05,
    "predict_and_compile_model_5_multimer_v3_pred_0": 201.30148792266846,
    "predict_benchmark_model_5_multimer_v3_pred_0": 117.3649537563324
}