seed,sample,ranking_score
1,0,0.673626573547694
1,1,0.6599547727548705
1,2,0.6636318379781488
1,3,0.6604340167051165
1,4,0.696143343972041
