seed,sample,ranking_score
1,0,0.3752864155715323
1,1,0.3986839986259698
1,2,0.37402429331621295
1,3,0.4061167815686218
1,4,0.4049425062260015
