seed,sample,ranking_score
1,0,0.46356441654788516
1,1,0.48080906422319697
1,2,0.4791328036358771
1,3,0.4837397621419939
1,4,0.48285299718967284
