seed,sample,ranking_score
1,0,0.6227520252026877
1,1,0.6055055340227287
1,2,0.5810551025990519
1,3,0.6183938741581292
1,4,0.6214001623862987
