seed,sample,ranking_score
1,0,0.7486327739555492
1,1,0.7481237532640709
1,2,0.6813558126122274
1,3,0.7072204729221497
1,4,0.7526886392534898
