seed,sample,ranking_score
1,0,0.44927375105410566
1,1,0.45414071122550326
1,2,0.46671160985847887
1,3,0.44732399632428826
1,4,0.45147009810727823
