seed,sample,ranking_score
1,0,0.5286232429939751
1,1,0.5293692822589107
1,2,0.53219209219109
1,3,0.5340819871821081
1,4,0.535520141754518
