seed,sample,ranking_score
1,0,0.6342916678216783
1,1,0.6917076884838866
1,2,0.6591319041294813
1,3,0.6269277692609432
1,4,0.6538576001911077
