seed,sample,ranking_score
1,0,0.5156644817895254
1,1,0.5082299218879922
1,2,0.5120575255298705
1,3,0.49430068048819753
1,4,0.5117409233945402
