{
    "features": 0.006300449371337891,
    "process_features_model_1_multimer_v3_pred_0": 4.0531158447265625e-06,
    "predict_and_compile_model_1_multimer_v3_pred_0": 291.2890655994415,
    "relax_model_1_multimer_v3_pred_0": 45.813467502593994,
    "process_features_model_1_multimer_v3_pred_1": 2.86102294921875e-06,
    "predict_and_compile_model_1_multimer_v3_pred_1": 149.74834609031677,
    "relax_model_1_multimer_v3_pred_1": 26.775951623916626,
    "process_features_model_1_multimer_v3_pred_2": 3.0994415283203125e-06,
    "predict_and_compile_model_1_multimer_v3_pred_2": 174.28799080848694,
    "relax_model_1_multimer_v3_pred_2": 24.3540141582489,
    "process_features_model_1_multimer_v3_pred_3": 3.5762786865234375e-06,
    "predict_and_compile_model_1_multimer_v3_pred_3": 174.3954906463623,
    "relax_model_1_multimer_v3_pred_3": 24.901447534561157,
    "process_features_model_1_multimer_v3_pred_4": 2.86102294921875e-06,
    "predict_and_compile_model_1_multimer_v3_pred_4": 174.1709806919098,
    "relax_model_1_multimer_v3_pred_4": 25.22644305229187,
    "process_features_model_2_multimer_v3_pred_0": 3.0994415283203125e-06,
    "predict_and_compile_model_2_multimer_v3_pred_0": 221.53846621513367,
    "relax_model_2_multimer_v3_pred_0": 36.0815155506134,
    "process_features_model_2_multimer_v3_pred_1": 3.0994415283203125e-06,
    "predict_and_compile_model_2_multimer_v3_pred_1": 67.0305769443512,
    "relax_model_2_multimer_v3_pred_1": 32.06907248497009,
    "process_features_model_2_multimer_v3_pred_2": 3.5762786865234375e-06,
    "predict_and_compile_model_2_multimer_v3_pred_2": 91.95163321495056,
    "relax_model_2_multimer_v3_pred_2": 24.857620239257812,
    "process_features_model_2_multimer_v3_pred_3": 3.5762786865234375e-06,
    "predict_and_compile_model_2_multimer_v3_pred_3": 75.18717813491821,
    "relax_model_2_multimer_v3_pred_3": 25.10603141784668,
    "process_features_model_2_multimer_v3_pred_4": 3.0994415283203125e-06,
    "predict_and_compile_model_2_multimer_v3_pred_4": 149.51493644714355,
    "relax_model_2_multimer_v3_pred_4": 25.166892528533936,
    "process_features_model_3_multimer_v3_pred_0": 3.337860107421875e-06,
    "predict_and_compile_model_3_multimer_v3_pred_0": 289.4015271663666,
    "relax_model_3_multimer_v3_pred_0": 26.103615522384644,
    "process_features_model_3_multimer_v3_pred_1": 2.86102294921875e-06,
    "predict_and_compile_model_3_multimer_v3_pred_1": 174.36373448371887,
    "relax_model_3_multimer_v3_pred_1": 39.4274320602417,
    "process_features_model_3_multimer_v3_pred_2": 2.86102294921875e-06,
    "predict_and_compile_model_3_multimer_v3_pred_2": 174.36660766601562,
    "relax_model_3_multimer_v3_pred_2": 49.107184648513794,
    "process_features_model_3_multimer_v3_pred_3": 3.0994415283203125e-06,
    "predict_and_compile_model_3_multimer_v3_pred_3": 174.50989413261414,
    "relax_model_3_multimer_v3_pred_3": 25.259836673736572,
    "process_features_model_3_multimer_v3_pred_4": 3.0994415283203125e-06,
    "predict_and_compile_model_3_multimer_v3_pred_4": 174.44323229789734,
    "relax_model_3_multimer_v3_pred_4": 48.95718812942505,
    "process_features_model_4_multimer_v3_pred_0": 2.86102294921875e-06,
    "predict_and_compile_model_4_multimer_v3_pred_0": 293.00777316093445,
    "relax_model_4_multimer_v3_pred_0": 30.678616046905518,
    "process_features_model_4_multimer_v3_pred_1": 3.337860107421875e-06,
    "predict_and_compile_model_4_multimer_v3_pred_1": 171.84700465202332,
    "relax_model_4_multimer_v3_pred_1": 25.608062267303467,
    "process_features_model_4_multimer_v3_pred_2": 2.86102294921875e-06,
    "predict_and_compile_model_4_multimer_v3_pred_2": 171.62062692642212,
    "relax_model_4_multimer_v3_pred_2": 26.26626181602478,
    "process_features_model_4_multimer_v3_pred_3": 2.86102294921875e-06,
    "predict_and_compile_model_4_multimer_v3_pred_3": 171.6516375541687,
    "relax_model_4_multimer_v3_pred_3": 28.587988138198853,
    "process_features_model_4_multimer_v3_pred_4": 3.0994415283203125e-06,
    "predict_and_compile_model_4_multimer_v3_pred_4": 171.76583671569824,
    "relax_model_4_multimer_v3_pred_4": 26.045161724090576,
    "process_features_model_5_multimer_v3_pred_0": 3.0994415283203125e-06,
    "predict_and_compile_model_5_multimer_v3_pred_0": 216.08803176879883,
    "relax_model_5_multimer_v3_pred_0": 25.260913372039795,
    "process_features_model_5_multimer_v3_pred_1": 3.337860107421875e-06,
    "predict_and_compile_model_5_multimer_v3_pred_1": 171.88740801811218,
    "relax_model_5_multimer_v3_pred_1": 29.617448329925537,
    "process_features_model_5_multimer_v3_pred_2": 2.86102294921875e-06,
    "predict_and_compile_model_5_multimer_v3_pred_2": 139.19051861763,
    "relax_model_5_multimer_v3_pred_2": 25.341779708862305,
    "process_features_model_5_multimer_v3_pred_3": 3.0994415283203125e-06,
    "predict_and_compile_model_5_multimer_v3_pred_3": 171.81097984313965,
    "relax_model_5_multimer_v3_pred_3": 24.32404589653015,
    "process_features_model_5_multimer_v3_pred_4": 3.0994415283203125e-06,
    "predict_and_compile_model_5_multimer_v3_pred_4": 171.87975692749023,
    "relax_model_5_multimer_v3_pred_4": 25.96130132675171
}