seed,sample,ranking_score
1,0,0.424103788410016
1,1,0.3820546735456407
1,2,0.4099489612871635
1,3,0.4045886106993214
1,4,0.4115913950880731
