seed,sample,ranking_score
1,0,0.5800702417226147
1,1,0.527408177818958
1,2,0.561980347449132
1,3,0.5547653390331314
1,4,0.5757811292077355
