seed,sample,ranking_score
1,0,0.5562969280349939
1,1,0.5321386697437568
1,2,0.5636897082526183
1,3,0.5696926356017136
1,4,0.5817288018200757
