seed,sample,ranking_score
1,0,0.45091446706696336
1,1,0.4657241865666487
1,2,0.4744691748563204
1,3,0.45226601076495704
1,4,0.4717217832134857
