seed,sample,ranking_score
1,0,0.7642100417507852
1,1,0.7477190231679531
1,2,0.7540489314174242
1,3,0.7489153738237687
1,4,0.7645056463808186
