seed,sample,ranking_score
1,0,0.6634546812751939
1,1,0.6798161044535298
1,2,0.6858906457857279
1,3,0.66897998880441
1,4,0.6823604219260161
