seed,sample,ranking_score
1,0,0.8512127626648012
1,1,0.8461282034130022
1,2,0.842416638233443
1,3,0.85008097287755
1,4,0.850334534628876
