seed,sample,ranking_score
1,0,0.7312661800842377
1,1,0.753530597132184
1,2,0.7364727085958873
1,3,0.6793625417093698
1,4,0.7458262398642655
