seed,sample,ranking_score
1,0,0.6830047698966697
1,1,0.6144360779160446
1,2,0.6655857885157431
1,3,0.6751680298212819
1,4,0.7067796492836668
