{
    "features": 0.02064061164855957,
    "process_features_model_1_multimer_v3_pred_0": 3.0994415283203125e-06,
    "predict_and_compile_model_1_multimer_v3_pred_0": 144.40180492401123,
    "predict_benchmark_model_1_multimer_v3_pred_0": 59.56103205680847,
    "process_features_model_2_multimer_v3_pred_0": 2.1457672119140625e-05,
    "predict_and_compile_model_2_multimer_v3_pred_0": 140.28236937522888,
    "predict_benchmark_model_2_multimer_v3_pred_0": 59.41471815109253,
    "process_features_model_3_multimer_v3_pred_0": 2.7418136596679688e-05,
    "predict_and_compile_model_3_multimer_v3_pred_0": 208.35056471824646,
    "predict_benchmark_model_3_multimer_v3_pred_0": 124.47710251808167,
    "process_features_model_4_multimer_v3_pred_0": 2.765655517578125e-05,
    "predict_and_compile_model_4_multimer_v3_pred_0": 205.49540972709656,
    "predict_benchmark_model_4_multimer_v3_pred_0": 120.02983665466309,
    "process_features_model_5_multimer_v3_pred_0": 2.47955322265625e-05,
    "predict_and_compile_model_5_multimer_v3_pred_0": 203.50049495697021,
    "predict_benchmark_model_5_multimer_v3_pred_0": 120.06853413581848
}