seed,sample,ranking_score
1,0,0.7630144045513678
1,1,0.7844823933269195
1,2,0.7748630109182043
1,3,0.6990010304468851
1,4,0.7682693810782211
