seed,sample,ranking_score
1,0,0.460987153166598
1,1,0.4500560486404056
1,2,0.4916284404986716
1,3,0.46169236577670586
1,4,0.46838162537093647
