seed,sample,ranking_score
1,0,0.5270896261477416
1,1,0.5260650812853835
1,2,0.525201705661642
1,3,0.5250195011983909
1,4,0.5061790009735562
