seed,sample,ranking_score
1,0,0.6757458381925728
1,1,0.7059225461511938
1,2,0.68237860608766
1,3,0.6883011364790219
1,4,0.6775753876404628
