seed,sample,ranking_score
2,0,0.7710164916566997
2,1,0.7939802811130385
2,2,0.7831037989759703
2,3,0.7904135649303883
2,4,0.7831704048421992
