seed,sample,ranking_score
1,0,0.5009709082233593
1,1,0.5115983908854758
1,2,0.5238369500124013
1,3,0.5466956832577742
1,4,0.5005517648078832
