seed,sample,ranking_score
1,0,0.3677182445830516
1,1,0.39624897998972947
1,2,0.3964358960129941
1,3,0.39809534823660075
1,4,0.37222506067798505
