seed,sample,ranking_score
1,0,0.5120322553889445
1,1,0.5178284900390117
1,2,0.5006307470286514
1,3,0.5117865011793036
1,4,0.5014113290143042
