seed,sample,ranking_score
1,0,0.4491541976950413
1,1,0.5098655921162557
1,2,0.5067960598198187
1,3,0.5002290988260302
1,4,0.4995760561426652
