seed,sample,ranking_score
1,0,0.6970549333900506
1,1,0.6917678126484468
1,2,0.7011523068039449
1,3,0.7045414846109481
1,4,0.6942024646982476
