seed,sample,ranking_score
1,0,0.5612493962257703
1,1,0.5656554290517966
1,2,0.5459796464256002
1,3,0.5203460277135719
1,4,0.5667638110169213
