seed,sample,ranking_score
1,0,0.9149985505107817
1,1,0.9220733372610722
1,2,0.9222803177976466
1,3,0.9182292827070359
1,4,0.9185439200348813
