seed,sample,ranking_score
1,0,0.7648627972710756
1,1,0.7664367646298282
1,2,0.7719256472028515
1,3,0.7708345784336577
1,4,0.7680017762970208
