seed,sample,ranking_score
3,0,0.727914795496977
3,1,0.72122831102697
3,2,0.7200596762517655
3,3,0.7107603112053453
3,4,0.7184688816257385
