seed,sample,ranking_score
1,0,0.6424965958195668
1,1,0.6713356709193435
1,2,0.6555760396826305
1,3,0.6569725122864336
1,4,0.6552827491999202
