{
    "features": 1.514005422592163,
    "process_features_model_1_multimer_v3_pred_0": 4.291534423828125e-06,
    "predict_and_compile_model_1_multimer_v3_pred_0": 213.84022116661072,
    "predict_benchmark_model_1_multimer_v3_pred_0": 131.24321269989014,
    "process_features_model_2_multimer_v3_pred_0": 6.198883056640625e-06,
    "predict_and_compile_model_2_multimer_v3_pred_0": 222.61271286010742,
    "predict_benchmark_model_2_multimer_v3_pred_0": 137.41712594032288,
    "process_features_model_3_multimer_v3_pred_0": 2.384185791015625e-05,
    "predict_and_compile_model_3_multimer_v3_pred_0": 228.35065698623657,
    "predict_benchmark_model_3_multimer_v3_pred_0": 137.63799715042114,
    "process_features_model_4_multimer_v3_pred_0": 1.049041748046875e-05,
    "predict_and_compile_model_4_multimer_v3_pred_0": 220.70058417320251,
    "predict_benchmark_model_4_multimer_v3_pred_0": 135.54159903526306,
    "process_features_model_5_multimer_v3_pred_0": 1.0251998901367188e-05,
    "predict_and_compile_model_5_multimer_v3_pred_0": 216.59772324562073,
    "predict_benchmark_model_5_multimer_v3_pred_0": 135.45254492759705
}