{
    "features": 0.009369611740112305,
    "process_features_model_1_multimer_v3_pred_0": 4.0531158447265625e-06,
    "predict_and_compile_model_1_multimer_v3_pred_0": 510.03769159317017,
    "relax_model_1_multimer_v3_pred_0": 71.53342866897583,
    "process_features_model_1_multimer_v3_pred_1": 2.86102294921875e-06,
    "predict_and_compile_model_1_multimer_v3_pred_1": 389.1220233440399,
    "relax_model_1_multimer_v3_pred_1": 92.95424008369446,
    "process_features_model_1_multimer_v3_pred_2": 3.0994415283203125e-06,
    "predict_and_compile_model_1_multimer_v3_pred_2": 389.31225872039795,
    "relax_model_1_multimer_v3_pred_2": 92.80078172683716,
    "process_features_model_1_multimer_v3_pred_3": 3.0994415283203125e-06,
    "predict_and_compile_model_1_multimer_v3_pred_3": 389.3222463130951,
    "relax_model_1_multimer_v3_pred_3": 48.75789403915405,
    "process_features_model_1_multimer_v3_pred_4": 2.86102294921875e-06,
    "predict_and_compile_model_1_multimer_v3_pred_4": 389.8383116722107,
    "relax_model_1_multimer_v3_pred_4": 316.63913798332214,
    "process_features_model_2_multimer_v3_pred_0": 3.337860107421875e-06,
    "predict_and_compile_model_2_multimer_v3_pred_0": 502.0400724411011,
    "relax_model_2_multimer_v3_pred_0": 90.83196234703064,
    "process_features_model_2_multimer_v3_pred_1": 3.0994415283203125e-06,
    "predict_and_compile_model_2_multimer_v3_pred_1": 390.0743839740753,
    "relax_model_2_multimer_v3_pred_1": 88.63358426094055,
    "process_features_model_2_multimer_v3_pred_2": 2.86102294921875e-06,
    "predict_and_compile_model_2_multimer_v3_pred_2": 389.26282000541687,
    "relax_model_2_multimer_v3_pred_2": 87.54569172859192,
    "process_features_model_2_multimer_v3_pred_3": 3.0994415283203125e-06,
    "predict_and_compile_model_2_multimer_v3_pred_3": 389.37330174446106,
    "relax_model_2_multimer_v3_pred_3": 97.7885103225708,
    "process_features_model_2_multimer_v3_pred_4": 2.86102294921875e-06,
    "predict_and_compile_model_2_multimer_v3_pred_4": 390.9192008972168,
    "relax_model_2_multimer_v3_pred_4": 89.37849307060242,
    "process_features_model_3_multimer_v3_pred_0": 2.86102294921875e-06,
    "predict_and_compile_model_3_multimer_v3_pred_0": 497.4117410182953,
    "relax_model_3_multimer_v3_pred_0": 68.63376951217651,
    "process_features_model_3_multimer_v3_pred_1": 2.6226043701171875e-06,
    "predict_and_compile_model_3_multimer_v3_pred_1": 389.63231444358826,
    "relax_model_3_multimer_v3_pred_1": 86.93108057975769,
    "process_features_model_3_multimer_v3_pred_2": 3.0994415283203125e-06,
    "predict_and_compile_model_3_multimer_v3_pred_2": 389.92775797843933,
    "relax_model_3_multimer_v3_pred_2": 93.23372507095337,
    "process_features_model_3_multimer_v3_pred_3": 2.86102294921875e-06,
    "predict_and_compile_model_3_multimer_v3_pred_3": 389.8850681781769,
    "relax_model_3_multimer_v3_pred_3": 87.99905395507812,
    "process_features_model_3_multimer_v3_pred_4": 3.5762786865234375e-06,
    "predict_and_compile_model_3_multimer_v3_pred_4": 390.0617563724518,
    "relax_model_3_multimer_v3_pred_4": 100.50815749168396,
    "process_features_model_4_multimer_v3_pred_0": 2.384185791015625e-06,
    "predict_and_compile_model_4_multimer_v3_pred_0": 494.731618642807,
    "relax_model_4_multimer_v3_pred_0": 109.45263051986694,
    "process_features_model_4_multimer_v3_pred_1": 2.384185791015625e-06,
    "predict_and_compile_model_4_multimer_v3_pred_1": 383.6771750450134,
    "relax_model_4_multimer_v3_pred_1": 87.1970841884613,
    "process_features_model_4_multimer_v3_pred_2": 2.86102294921875e-06,
    "predict_and_compile_model_4_multimer_v3_pred_2": 382.59896302223206,
    "relax_model_4_multimer_v3_pred_2": 68.2679090499878,
    "process_features_model_4_multimer_v3_pred_3": 2.86102294921875e-06,
    "predict_and_compile_model_4_multimer_v3_pred_3": 383.1578621864319,
    "relax_model_4_multimer_v3_pred_3": 100.02688217163086,
    "process_features_model_4_multimer_v3_pred_4": 3.0994415283203125e-06,
    "predict_and_compile_model_4_multimer_v3_pred_4": 382.7755901813507,
    "relax_model_4_multimer_v3_pred_4": 97.69736194610596,
    "process_features_model_5_multimer_v3_pred_0": 2.6226043701171875e-06,
    "predict_and_compile_model_5_multimer_v3_pred_0": 492.8222231864929,
    "relax_model_5_multimer_v3_pred_0": 88.55370140075684,
    "process_features_model_5_multimer_v3_pred_1": 2.6226043701171875e-06,
    "predict_and_compile_model_5_multimer_v3_pred_1": 383.43983936309814,
    "relax_model_5_multimer_v3_pred_1": 68.54329228401184,
    "process_features_model_5_multimer_v3_pred_2": 2.6226043701171875e-06,
    "predict_and_compile_model_5_multimer_v3_pred_2": 383.6635584831238,
    "relax_model_5_multimer_v3_pred_2": 92.77497696876526,
    "process_features_model_5_multimer_v3_pred_3": 2.384185791015625e-06,
    "predict_and_compile_model_5_multimer_v3_pred_3": 382.5275893211365,
    "relax_model_5_multimer_v3_pred_3": 85.88309264183044,
    "process_features_model_5_multimer_v3_pred_4": 2.86102294921875e-06,
    "predict_and_compile_model_5_multimer_v3_pred_4": 382.57352328300476,
    "relax_model_5_multimer_v3_pred_4": 69.83606839179993
}