seed,sample,ranking_score
1,0,0.8224517875342756
1,1,0.8053903707490082
1,2,0.8198564498221224
1,3,0.8218630346238237
1,4,0.8164563535130749
