{
    "features": 0.015385866165161133,
    "process_features_model_1_multimer_v3_pred_0": 3.337860107421875e-06,
    "predict_and_compile_model_1_multimer_v3_pred_0": 299.02218985557556,
    "predict_benchmark_model_1_multimer_v3_pred_0": 183.7027416229248,
    "process_features_model_2_multimer_v3_pred_0": 9.775161743164062e-06,
    "predict_and_compile_model_2_multimer_v3_pred_0": 185.54499197006226,
    "predict_benchmark_model_2_multimer_v3_pred_0": 104.73209714889526,
    "process_features_model_3_multimer_v3_pred_0": 1.6927719116210938e-05,
    "predict_and_compile_model_3_multimer_v3_pred_0": 271.92478799819946,
    "predict_benchmark_model_3_multimer_v3_pred_0": 209.44361186027527,
    "process_features_model_4_multimer_v3_pred_0": 9.465217590332031e-05,
    "predict_and_compile_model_4_multimer_v3_pred_0": 262.2121479511261,
    "predict_benchmark_model_4_multimer_v3_pred_0": 173.18939590454102,
    "process_features_model_5_multimer_v3_pred_0": 2.1457672119140625e-05,
    "predict_and_compile_model_5_multimer_v3_pred_0": 212.18788290023804,
    "predict_benchmark_model_5_multimer_v3_pred_0": 121.31504845619202
}