seed,sample,ranking_score
1,0,0.492095814799925
1,1,0.4147980875360963
1,2,0.48995137090621566
1,3,0.4757566759213233
1,4,0.48421439901888347
