seed,sample,ranking_score
1,0,0.47057194307349176
1,1,0.46572835259879675
1,2,0.4395974002218299
1,3,0.4897013951848471
1,4,0.46907780301620167
