seed,sample,ranking_score
2,0,0.9098574743619265
2,1,0.9110222989015282
2,2,0.9082715835702281
2,3,0.9160486290768287
2,4,0.9031700069496529
