seed,sample,ranking_score
1,0,0.6944152843697462
1,1,0.7590279135429008
1,2,0.7399989500566726
1,3,0.7464868277675194
1,4,0.7451741537732703
