seed,sample,ranking_score
1,0,0.3301749984686512
1,1,0.32321619785810823
1,2,0.34800490015577046
1,3,0.3140429583147677
1,4,0.35059658906707447
