seed,sample,ranking_score
1,0,0.6317895006734895
1,1,0.6909467162394772
1,2,0.6652622625133796
1,3,0.6700364197121863
1,4,0.6842214870418597
