seed,sample,ranking_score
1,0,0.636716514565101
1,1,0.6343544112892584
1,2,0.6187721422207791
1,3,0.6107234262397613
1,4,0.6215686263122313
