seed,sample,ranking_score
4,0,0.8839109078053597
4,1,0.8828460229288151
4,2,0.8930454498054781
4,3,0.8742167698541937
4,4,0.8754106522065244
