seed,sample,ranking_score
1,0,0.4642840047204773
1,1,0.614283530258819
1,2,0.6086988773281606
1,3,0.6281964146683319
1,4,0.6055507888348711
