seed,sample,ranking_score
1,0,0.6148444936586593
1,1,0.6014282913091251
1,2,0.6108404129652143
1,3,0.6103954287844358
1,4,0.6114534852440435
