seed,sample,ranking_score
1,0,0.9437379416683928
1,1,0.9461464188428433
1,2,0.9335441797966311
1,3,0.9402211436109456
1,4,0.9333641078822642
