seed,sample,ranking_score
3,0,0.7391870632810487
3,1,0.7453374181840112
3,2,0.7657614479215268
3,3,0.7752799528253715
3,4,0.7470293126294649
