seed,sample,ranking_score
1,0,0.872350469501099
1,1,0.8738459126818434
1,2,0.8806410611288306
1,3,0.8905410317477056
1,4,0.8785150142874247
