seed,sample,ranking_score
5,0,0.9305998747470794
5,1,0.932153478990254
5,2,0.916312407646629
5,3,0.9175607940802755
5,4,0.9294242008931988
