seed,sample,ranking_score
5,0,0.9452666770965008
5,1,0.9286281214969289
5,2,0.9325226021041697
5,3,0.9337411056669354
5,4,0.9396092641430561
