seed,sample,ranking_score
1,0,0.7780403849987355
1,1,0.7641621750077006
1,2,0.7851519212512373
1,3,0.7780972358779664
1,4,0.7763584398260246
