seed,sample,ranking_score
1,0,0.9277106826858079
1,1,0.9430602783542499
1,2,0.9396770822181695
1,3,0.9326035815786723
1,4,0.9301945503750735
