seed,sample,ranking_score
1,0,0.7036059584270925
1,1,0.6640269358200551
1,2,0.6635587825318849
1,3,0.6220851500745435
1,4,0.6400358962681779
