{
    "features": 0.06277942657470703,
    "process_features_model_1_multimer_v3_pred_0": 3.5762786865234375e-06,
    "predict_and_compile_model_1_multimer_v3_pred_0": 305.62870621681213,
    "predict_benchmark_model_1_multimer_v3_pred_0": 230.7222511768341,
    "process_features_model_2_multimer_v3_pred_0": 1.2636184692382812e-05,
    "predict_and_compile_model_2_multimer_v3_pred_0": 307.80748677253723,
    "predict_benchmark_model_2_multimer_v3_pred_0": 230.5351755619049,
    "process_features_model_3_multimer_v3_pred_0": 1.71661376953125e-05,
    "predict_and_compile_model_3_multimer_v3_pred_0": 307.3818678855896,
    "predict_benchmark_model_3_multimer_v3_pred_0": 231.23243641853333,
    "process_features_model_4_multimer_v3_pred_0": 1.9550323486328125e-05,
    "predict_and_compile_model_4_multimer_v3_pred_0": 298.51098680496216,
    "predict_benchmark_model_4_multimer_v3_pred_0": 224.38046169281006,
    "process_features_model_5_multimer_v3_pred_0": 1.6450881958007812e-05,
    "predict_and_compile_model_5_multimer_v3_pred_0": 299.23219561576843,
    "predict_benchmark_model_5_multimer_v3_pred_0": 224.9168939590454
}