seed,sample,ranking_score
1,0,0.7631637833490527
1,1,0.7456466530737017
1,2,0.7322530395274773
1,3,0.7684499227724464
1,4,0.7638858436186157
