seed,sample,ranking_score
1,0,0.6569585002944287
1,1,0.6456097573011742
1,2,0.6666847087740196
1,3,0.6616584139548048
1,4,0.6628875269545276
