seed,sample,ranking_score
1,0,0.5474155844053269
1,1,0.5218984138917024
1,2,0.5360132320992186
1,3,0.6184157717674785
1,4,0.5746670227501147
