seed,sample,ranking_score
2,0,0.7084962812725061
2,1,0.7141847225714064
2,2,0.7058584760695195
2,3,0.6806251830271781
2,4,0.7221607940808199
