seed,sample,ranking_score
1,0,0.6769299831053593
1,1,0.6875059343849586
1,2,0.6809399046975436
1,3,0.6784408428189829
1,4,0.6759316865905204
