seed,sample,ranking_score
1,0,0.748632200508585
1,1,0.4519081103215866
1,2,0.7926569541735606
1,3,0.7828265865224564
1,4,0.7856477435269202
