seed,sample,ranking_score
1,0,0.43612164743511445
1,1,0.4335807378051513
1,2,0.45201053266958724
1,3,0.44274228767730583
1,4,0.4392932319936127
