seed,sample,ranking_score
1,0,0.477323264443385
1,1,0.5021367238038984
1,2,0.49990801170477356
1,3,0.5100095659029488
1,4,0.5091167706433758
