seed,sample,ranking_score
1,0,0.5733781074563022
1,1,0.5807812146762958
1,2,0.5818705839280867
1,3,0.5820409914437719
1,4,0.5725641750096226
