seed,sample,ranking_score
1,0,0.4042169958063689
1,1,0.40509837486299766
1,2,0.3812065629812177
1,3,0.3708261640733166
1,4,0.44216205214650184
