seed,sample,ranking_score
1,0,0.8837532002239472
1,1,0.8921021248589016
1,2,0.8816866806889457
1,3,0.8870344641187731
1,4,0.8743592494656351
