seed,sample,ranking_score
1,0,0.7383601388599697
1,1,0.7583228972632614
1,2,0.75141269132601
1,3,0.7762594221377079
1,4,0.7787719229824841
