seed,sample,ranking_score
1,0,0.9917637788850423
1,1,1.000778024509172
1,2,1.002230016221697
1,3,0.998414927626341
1,4,0.9967491319025914
