seed,sample,ranking_score
1,0,0.6067687936385647
1,1,0.5916142299623256
1,2,0.6055592994670446
1,3,0.6006318521594459
1,4,0.6153240738851056
