seed,sample,ranking_score
1,0,0.8906024403337489
1,1,0.8762368670197431
1,2,0.8836857943282108
1,3,0.8872985851754911
1,4,0.890851721295549
