seed,sample,ranking_score
1,0,0.49094445033724854
1,1,0.4993722489199593
1,2,0.4817979479435507
1,3,0.4924445497475399
1,4,0.4747447790625031
