{
    "features": 0.06791329383850098,
    "process_features_model_1_multimer_v3_pred_0": 4.291534423828125e-06,
    "predict_and_compile_model_1_multimer_v3_pred_0": 392.0884339809418,
    "predict_benchmark_model_1_multimer_v3_pred_0": 307.96238923072815,
    "process_features_model_2_multimer_v3_pred_0": 4.0531158447265625e-05,
    "predict_and_compile_model_2_multimer_v3_pred_0": 389.02815341949463,
    "predict_benchmark_model_2_multimer_v3_pred_0": 307.48050260543823,
    "process_features_model_3_multimer_v3_pred_0": 3.0279159545898438e-05,
    "predict_and_compile_model_3_multimer_v3_pred_0": 398.38540863990784,
    "predict_benchmark_model_3_multimer_v3_pred_0": 307.09064269065857,
    "process_features_model_4_multimer_v3_pred_0": 5.435943603515625e-05,
    "predict_and_compile_model_4_multimer_v3_pred_0": 387.2371258735657,
    "predict_benchmark_model_4_multimer_v3_pred_0": 299.69834208488464,
    "process_features_model_5_multimer_v3_pred_0": 1.4066696166992188e-05,
    "predict_and_compile_model_5_multimer_v3_pred_0": 384.67919969558716,
    "predict_benchmark_model_5_multimer_v3_pred_0": 299.4527826309204
}