{
    "features": 0.01810455322265625,
    "process_features_model_1_multimer_v3_pred_0": 2.86102294921875e-06,
    "predict_and_compile_model_1_multimer_v3_pred_0": 281.99796319007874,
    "predict_benchmark_model_1_multimer_v3_pred_0": 207.3370487689972,
    "process_features_model_2_multimer_v3_pred_0": 2.6226043701171875e-06,
    "predict_and_compile_model_2_multimer_v3_pred_0": 282.30001616477966,
    "predict_benchmark_model_2_multimer_v3_pred_0": 207.09310722351074,
    "process_features_model_3_multimer_v3_pred_0": 1.2636184692382812e-05,
    "predict_and_compile_model_3_multimer_v3_pred_0": 280.0963292121887,
    "predict_benchmark_model_3_multimer_v3_pred_0": 206.94521141052246,
    "process_features_model_4_multimer_v3_pred_0": 1.239776611328125e-05,
    "predict_and_compile_model_4_multimer_v3_pred_0": 280.55913519859314,
    "predict_benchmark_model_4_multimer_v3_pred_0": 202.9519112110138,
    "process_features_model_5_multimer_v3_pred_0": 3.337860107421875e-05,
    "predict_and_compile_model_5_multimer_v3_pred_0": 281.59975838661194,
    "predict_benchmark_model_5_multimer_v3_pred_0": 203.31062984466553
}