{
    "iptm+ptm": {
        "model_1_multimer_v3_pred_0": 0.7515534601514152,
        "model_1_multimer_v3_pred_1": 0.805235645315888,
        "model_1_multimer_v3_pred_2": 0.8153460097697736,
        "model_1_multimer_v3_pred_3": 0.7829724409468951,
        "model_1_multimer_v3_pred_4": 0.7910386967550027,
        "model_2_multimer_v3_pred_0": 0.733347911438041,
        "model_2_multimer_v3_pred_1": 0.7241845760806784,
        "model_2_multimer_v3_pred_2": 0.7651661890583588,
        "model_2_multimer_v3_pred_3": 0.7600543300193194,
        "model_2_multimer_v3_pred_4": 0.7387068252783052,
        "model_3_multimer_v3_pred_0": 0.795460433953294,
        "model_3_multimer_v3_pred_1": 0.7904231126550606,
        "model_3_multimer_v3_pred_2": 0.8108893216787042,
        "model_3_multimer_v3_pred_3": 0.8062094675115324,
        "model_3_multimer_v3_pred_4": 0.7966726629219996,
        "model_4_multimer_v3_pred_0": 0.7984530144779549,
        "model_4_multimer_v3_pred_1": 0.7894525096672815,
        "model_4_multimer_v3_pred_2": 0.799887160189031,
        "model_4_multimer_v3_pred_3": 0.7597343288919022,
        "model_4_multimer_v3_pred_4": 0.7896938415835183,
        "model_5_multimer_v3_pred_0": 0.8222282695852053,
        "model_5_multimer_v3_pred_1": 0.8217925831795749,
        "model_5_multimer_v3_pred_2": 0.8239005642845724,
        "model_5_multimer_v3_pred_3": 0.8211912700226041,
        "model_5_multimer_v3_pred_4": 0.8254787793485453
    },
    "order": [
        "model_5_multimer_v3_pred_4",
        "model_5_multimer_v3_pred_2",
        "model_5_multimer_v3_pred_0",
        "model_5_multimer_v3_pred_1",
        "model_5_multimer_v3_pred_3",
        "model_1_multimer_v3_pred_2",
        "model_3_multimer_v3_pred_2",
        "model_3_multimer_v3_pred_3",
        "model_1_multimer_v3_pred_1",
        "model_4_multimer_v3_pred_2",
        "model_4_multimer_v3_pred_0",
        "model_3_multimer_v3_pred_4",
        "model_3_multimer_v3_pred_0",
        "model_1_multimer_v3_pred_4",
        "model_3_multimer_v3_pred_1",
        "model_4_multimer_v3_pred_4",
        "model_4_multimer_v3_pred_1",
        "model_1_multimer_v3_pred_3",
        "model_2_multimer_v3_pred_2",
        "model_2_multimer_v3_pred_3",
        "model_4_multimer_v3_pred_3",
        "model_1_multimer_v3_pred_0",
        "model_2_multimer_v3_pred_4",
        "model_2_multimer_v3_pred_0",
        "model_2_multimer_v3_pred_1"
    ]
}