seed,sample,ranking_score
1,0,0.4267296780365973
1,1,0.42247521567118346
1,2,0.42491223298252695
1,3,0.42664118289047254
1,4,0.4222920880015642
