seed,sample,ranking_score
1,0,0.5304175258028327
1,1,0.5345592116629241
1,2,0.5347388789994331
1,3,0.5246329308910147
1,4,0.5315979069193981
