{
    "features": 0.11755490303039551,
    "process_features_model_1_multimer_v3_pred_0": 5.0067901611328125e-06,
    "predict_and_compile_model_1_multimer_v3_pred_0": 289.65254044532776,
    "predict_benchmark_model_1_multimer_v3_pred_0": 169.01379489898682,
    "process_features_model_2_multimer_v3_pred_0": 3.0994415283203125e-06,
    "predict_and_compile_model_2_multimer_v3_pred_0": 284.40875720977783,
    "predict_benchmark_model_2_multimer_v3_pred_0": 168.91432762145996,
    "process_features_model_3_multimer_v3_pred_0": 3.5762786865234375e-06,
    "predict_and_compile_model_3_multimer_v3_pred_0": 437.6417829990387,
    "predict_benchmark_model_3_multimer_v3_pred_0": 321.2857837677002,
    "process_features_model_4_multimer_v3_pred_0": 3.814697265625e-06,
    "predict_and_compile_model_4_multimer_v3_pred_0": 375.19401454925537,
    "predict_benchmark_model_4_multimer_v3_pred_0": 253.84920740127563,
    "process_features_model_5_multimer_v3_pred_0": 3.337860107421875e-06,
    "predict_and_compile_model_5_multimer_v3_pred_0": 429.80338287353516,
    "predict_benchmark_model_5_multimer_v3_pred_0": 313.0772120952606
}