{
    "features": 0.13236761093139648,
    "process_features_model_1_multimer_v3_pred_0": 4.76837158203125e-06,
    "predict_and_compile_model_1_multimer_v3_pred_0": 858.195259809494,
    "predict_benchmark_model_1_multimer_v3_pred_0": 698.4115836620331,
    "process_features_model_2_multimer_v3_pred_0": 5.245208740234375e-06,
    "predict_and_compile_model_2_multimer_v3_pred_0": 852.1570627689362,
    "predict_benchmark_model_2_multimer_v3_pred_0": 698.6472392082214,
    "process_features_model_3_multimer_v3_pred_0": 4.291534423828125e-06,
    "predict_and_compile_model_3_multimer_v3_pred_0": 859.4088706970215,
    "predict_benchmark_model_3_multimer_v3_pred_0": 698.620349407196,
    "process_features_model_4_multimer_v3_pred_0": 4.0531158447265625e-06,
    "predict_and_compile_model_4_multimer_v3_pred_0": 840.6211459636688,
    "predict_benchmark_model_4_multimer_v3_pred_0": 679.2745616436005,
    "process_features_model_5_multimer_v3_pred_0": 4.5299530029296875e-06,
    "predict_and_compile_model_5_multimer_v3_pred_0": 836.8483276367188,
    "predict_benchmark_model_5_multimer_v3_pred_0": 679.8707242012024
}