seed,sample,ranking_score
5,0,0.7168999408043911
5,1,0.7137197316188169
5,2,0.7018826328659962
5,3,0.7111997786703587
5,4,0.6897423399723588
