{
    "features": 0.08145904541015625,
    "process_features_model_1_multimer_v3_pred_0": 3.5762786865234375e-06,
    "predict_and_compile_model_1_multimer_v3_pred_0": 101.73578214645386,
    "predict_benchmark_model_1_multimer_v3_pred_0": 21.27193260192871,
    "process_features_model_2_multimer_v3_pred_0": 3.0994415283203125e-05,
    "predict_and_compile_model_2_multimer_v3_pred_0": 108.31420874595642,
    "predict_benchmark_model_2_multimer_v3_pred_0": 25.48495316505432,
    "process_features_model_3_multimer_v3_pred_0": 8.821487426757812e-06,
    "predict_and_compile_model_3_multimer_v3_pred_0": 108.86141085624695,
    "predict_benchmark_model_3_multimer_v3_pred_0": 25.458631992340088,
    "process_features_model_4_multimer_v3_pred_0": 1.621246337890625e-05,
    "predict_and_compile_model_4_multimer_v3_pred_0": 174.60743021965027,
    "predict_benchmark_model_4_multimer_v3_pred_0": 86.92189455032349,
    "process_features_model_5_multimer_v3_pred_0": 2.1696090698242188e-05,
    "predict_and_compile_model_5_multimer_v3_pred_0": 107.4030818939209,
    "predict_benchmark_model_5_multimer_v3_pred_0": 20.944657802581787
}