seed,sample,ranking_score
1,0,0.5121259745870967
1,1,0.5114140463152008
1,2,0.4783325161028784
1,3,0.5062577733880205
1,4,0.5041606710159114
