seed,sample,ranking_score
1,0,0.6803979771527081
1,1,0.6780755081703449
1,2,0.6814598861740576
1,3,0.6518341097365719
1,4,0.665674128672083
