seed,sample,ranking_score
1,0,0.5117816523489508
1,1,0.5257927786809692
1,2,0.5279118283447233
1,3,0.5127644741180717
1,4,0.5105160194799677
