seed,sample,ranking_score
3,0,0.6425618557101881
3,1,0.6431164357415646
3,2,0.630584820397096
3,3,0.6093003466245679
3,4,0.6280599308288398
