seed,sample,ranking_score
3,0,0.20005480890431165
3,1,0.3225874537080803
3,2,0.32961059941506415
3,3,0.24734158428215064
3,4,0.30960184474689195
