{
    "features": 0.005151033401489258,
    "process_features_model_1_multimer_v3_pred_0": 3.814697265625e-06,
    "predict_and_compile_model_1_multimer_v3_pred_0": 155.56496381759644,
    "relax_model_1_multimer_v3_pred_0": 19.88189935684204,
    "process_features_model_1_multimer_v3_pred_1": 2.86102294921875e-06,
    "predict_and_compile_model_1_multimer_v3_pred_1": 28.932329654693604,
    "relax_model_1_multimer_v3_pred_1": 18.551499366760254,
    "process_features_model_1_multimer_v3_pred_2": 2.384185791015625e-06,
    "predict_and_compile_model_1_multimer_v3_pred_2": 28.919067859649658,
    "relax_model_1_multimer_v3_pred_2": 17.54018473625183,
    "process_features_model_1_multimer_v3_pred_3": 3.814697265625e-06,
    "predict_and_compile_model_1_multimer_v3_pred_3": 33.672905921936035,
    "relax_model_1_multimer_v3_pred_3": 18.402746438980103,
    "process_features_model_1_multimer_v3_pred_4": 2.384185791015625e-06,
    "predict_and_compile_model_1_multimer_v3_pred_4": 33.670804023742676,
    "relax_model_1_multimer_v3_pred_4": 16.697580099105835,
    "process_features_model_2_multimer_v3_pred_0": 2.86102294921875e-06,
    "predict_and_compile_model_2_multimer_v3_pred_0": 153.48405075073242,
    "relax_model_2_multimer_v3_pred_0": 22.243788480758667,
    "process_features_model_2_multimer_v3_pred_1": 2.384185791015625e-06,
    "predict_and_compile_model_2_multimer_v3_pred_1": 28.922784328460693,
    "relax_model_2_multimer_v3_pred_1": 17.733379364013672,
    "process_features_model_2_multimer_v3_pred_2": 2.1457672119140625e-06,
    "predict_and_compile_model_2_multimer_v3_pred_2": 52.76465582847595,
    "relax_model_2_multimer_v3_pred_2": 17.750477075576782,
    "process_features_model_2_multimer_v3_pred_3": 2.384185791015625e-06,
    "predict_and_compile_model_2_multimer_v3_pred_3": 57.51733660697937,
    "relax_model_2_multimer_v3_pred_3": 17.585177898406982,
    "process_features_model_2_multimer_v3_pred_4": 2.6226043701171875e-06,
    "predict_and_compile_model_2_multimer_v3_pred_4": 34.307565689086914,
    "relax_model_2_multimer_v3_pred_4": 18.923365354537964,
    "process_features_model_3_multimer_v3_pred_0": 2.6226043701171875e-06,
    "predict_and_compile_model_3_multimer_v3_pred_0": 155.29250288009644,
    "relax_model_3_multimer_v3_pred_0": 24.1559476852417,
    "process_features_model_3_multimer_v3_pred_1": 2.6226043701171875e-06,
    "predict_and_compile_model_3_multimer_v3_pred_1": 53.078933238983154,
    "relax_model_3_multimer_v3_pred_1": 21.5183424949646,
    "process_features_model_3_multimer_v3_pred_2": 2.384185791015625e-06,
    "predict_and_compile_model_3_multimer_v3_pred_2": 33.717994928359985,
    "relax_model_3_multimer_v3_pred_2": 31.74792742729187,
    "process_features_model_3_multimer_v3_pred_3": 2.86102294921875e-06,
    "predict_and_compile_model_3_multimer_v3_pred_3": 38.452072858810425,
    "relax_model_3_multimer_v3_pred_3": 24.48386526107788,
    "process_features_model_3_multimer_v3_pred_4": 2.384185791015625e-06,
    "predict_and_compile_model_3_multimer_v3_pred_4": 29.243871927261353,
    "relax_model_3_multimer_v3_pred_4": 17.745482206344604,
    "process_features_model_4_multimer_v3_pred_0": 2.384185791015625e-06,
    "predict_and_compile_model_4_multimer_v3_pred_0": 161.13067412376404,
    "relax_model_4_multimer_v3_pred_0": 35.78251838684082,
    "process_features_model_4_multimer_v3_pred_1": 2.1457672119140625e-06,
    "predict_and_compile_model_4_multimer_v3_pred_1": 65.85662722587585,
    "relax_model_4_multimer_v3_pred_1": 19.078888654708862,
    "process_features_model_4_multimer_v3_pred_2": 2.384185791015625e-06,
    "predict_and_compile_model_4_multimer_v3_pred_2": 33.151164293289185,
    "relax_model_4_multimer_v3_pred_2": 18.313474655151367,
    "process_features_model_4_multimer_v3_pred_3": 2.6226043701171875e-06,
    "predict_and_compile_model_4_multimer_v3_pred_3": 37.81509065628052,
    "relax_model_4_multimer_v3_pred_3": 27.158538818359375,
    "process_features_model_4_multimer_v3_pred_4": 2.6226043701171875e-06,
    "predict_and_compile_model_4_multimer_v3_pred_4": 56.510903120040894,
    "relax_model_4_multimer_v3_pred_4": 17.321271657943726,
    "process_features_model_5_multimer_v3_pred_0": 2.384185791015625e-06,
    "predict_and_compile_model_5_multimer_v3_pred_0": 171.9849774837494,
    "relax_model_5_multimer_v3_pred_0": 22.4504292011261,
    "process_features_model_5_multimer_v3_pred_1": 2.86102294921875e-06,
    "predict_and_compile_model_5_multimer_v3_pred_1": 47.211020946502686,
    "relax_model_5_multimer_v3_pred_1": 18.10038709640503,
    "process_features_model_5_multimer_v3_pred_2": 2.1457672119140625e-06,
    "predict_and_compile_model_5_multimer_v3_pred_2": 56.53081440925598,
    "relax_model_5_multimer_v3_pred_2": 31.60636830329895,
    "process_features_model_5_multimer_v3_pred_3": 2.6226043701171875e-06,
    "predict_and_compile_model_5_multimer_v3_pred_3": 51.910109758377075,
    "relax_model_5_multimer_v3_pred_3": 17.69396662712097,
    "process_features_model_5_multimer_v3_pred_4": 2.384185791015625e-06,
    "predict_and_compile_model_5_multimer_v3_pred_4": 47.17338037490845,
    "relax_model_5_multimer_v3_pred_4": 17.039244890213013
}