seed,sample,ranking_score
1,0,0.5839397899892481
1,1,0.5846665092397542
1,2,0.5851749514733834
1,3,0.5900904157196749
1,4,0.5778262859379505
