{
    "iptm+ptm": {
        "model_1_multimer_v3_pred_0": 0.8438081220016961,
        "model_1_multimer_v3_pred_1": 0.8829634487834237,
        "model_1_multimer_v3_pred_2": 0.8938790727034338,
        "model_1_multimer_v3_pred_3": 0.8878657840285711,
        "model_1_multimer_v3_pred_4": 0.8871918517928864,
        "model_2_multimer_v3_pred_0": 0.886327853320203,
        "model_2_multimer_v3_pred_1": 0.8827456327862798,
        "model_2_multimer_v3_pred_2": 0.8842475270554093,
        "model_2_multimer_v3_pred_3": 0.8817695275507541,
        "model_2_multimer_v3_pred_4": 0.8800838702004439,
        "model_3_multimer_v3_pred_0": 0.8538211280796998,
        "model_3_multimer_v3_pred_1": 0.8766213033721822,
        "model_3_multimer_v3_pred_2": 0.8668419074006813,
        "model_3_multimer_v3_pred_3": 0.8638991824314555,
        "model_3_multimer_v3_pred_4": 0.8751014671755136,
        "model_4_multimer_v3_pred_0": 0.8975490003414393,
        "model_4_multimer_v3_pred_1": 0.9007122629377826,
        "model_4_multimer_v3_pred_2": 0.8958448206279369,
        "model_4_multimer_v3_pred_3": 0.9041134860142745,
        "model_4_multimer_v3_pred_4": 0.9016758390851263,
        "model_5_multimer_v3_pred_0": 0.8902928741294462,
        "model_5_multimer_v3_pred_1": 0.8972461769114767,
        "model_5_multimer_v3_pred_2": 0.8988783828298964,
        "model_5_multimer_v3_pred_3": 0.9001405325736668,
        "model_5_multimer_v3_pred_4": 0.9016183932478821
    },
    "order": [
        "model_4_multimer_v3_pred_3",
        "model_4_multimer_v3_pred_4",
        "model_5_multimer_v3_pred_4",
        "model_4_multimer_v3_pred_1",
        "model_5_multimer_v3_pred_3",
        "model_5_multimer_v3_pred_2",
        "model_4_multimer_v3_pred_0",
        "model_5_multimer_v3_pred_1",
        "model_4_multimer_v3_pred_2",
        "model_1_multimer_v3_pred_2",
        "model_5_multimer_v3_pred_0",
        "model_1_multimer_v3_pred_3",
        "model_1_multimer_v3_pred_4",
        "model_2_multimer_v3_pred_0",
        "model_2_multimer_v3_pred_2",
        "model_1_multimer_v3_pred_1",
        "model_2_multimer_v3_pred_1",
        "model_2_multimer_v3_pred_3",
        "model_2_multimer_v3_pred_4",
        "model_3_multimer_v3_pred_1",
        "model_3_multimer_v3_pred_4",
        "model_3_multimer_v3_pred_2",
        "model_3_multimer_v3_pred_3",
        "model_3_multimer_v3_pred_0",
        "model_1_multimer_v3_pred_0"
    ]
}