seed,sample,ranking_score
1,0,0.3852846883877309
1,1,0.40140095277553633
1,2,0.3995711603878045
1,3,0.41356301289849473
1,4,0.3879920073889907
