seed,sample,ranking_score
1,0,0.6626214027143956
1,1,0.64322230126054
1,2,0.6974869849917917
1,3,0.6179365428895187
1,4,0.6615773103430593
