{
    "features": 0.006968021392822266,
    "process_features_model_1_multimer_v3_pred_0": 3.5762786865234375e-06,
    "predict_and_compile_model_1_multimer_v3_pred_0": 199.8476004600525,
    "relax_model_1_multimer_v3_pred_0": 37.32764410972595,
    "process_features_model_1_multimer_v3_pred_1": 2.86102294921875e-06,
    "predict_and_compile_model_1_multimer_v3_pred_1": 174.97890663146973,
    "relax_model_1_multimer_v3_pred_1": 43.76707673072815,
    "process_features_model_1_multimer_v3_pred_2": 2.6226043701171875e-06,
    "predict_and_compile_model_1_multimer_v3_pred_2": 174.55423784255981,
    "relax_model_1_multimer_v3_pred_2": 24.789430856704712,
    "process_features_model_1_multimer_v3_pred_3": 2.384185791015625e-06,
    "predict_and_compile_model_1_multimer_v3_pred_3": 133.3006043434143,
    "relax_model_1_multimer_v3_pred_3": 47.040056228637695,
    "process_features_model_1_multimer_v3_pred_4": 2.86102294921875e-06,
    "predict_and_compile_model_1_multimer_v3_pred_4": 174.71874952316284,
    "relax_model_1_multimer_v3_pred_4": 24.181309700012207,
    "process_features_model_2_multimer_v3_pred_0": 3.337860107421875e-06,
    "predict_and_compile_model_2_multimer_v3_pred_0": 230.14976620674133,
    "relax_model_2_multimer_v3_pred_0": 24.731478929519653,
    "process_features_model_2_multimer_v3_pred_1": 2.384185791015625e-06,
    "predict_and_compile_model_2_multimer_v3_pred_1": 91.98192930221558,
    "relax_model_2_multimer_v3_pred_1": 24.59450364112854,
    "process_features_model_2_multimer_v3_pred_2": 2.6226043701171875e-06,
    "predict_and_compile_model_2_multimer_v3_pred_2": 91.96060562133789,
    "relax_model_2_multimer_v3_pred_2": 25.8422110080719,
    "process_features_model_2_multimer_v3_pred_3": 3.0994415283203125e-06,
    "predict_and_compile_model_2_multimer_v3_pred_3": 92.22874450683594,
    "relax_model_2_multimer_v3_pred_3": 45.93775725364685,
    "process_features_model_2_multimer_v3_pred_4": 2.6226043701171875e-06,
    "predict_and_compile_model_2_multimer_v3_pred_4": 108.38949036598206,
    "relax_model_2_multimer_v3_pred_4": 48.1092483997345,
    "process_features_model_3_multimer_v3_pred_0": 2.384185791015625e-06,
    "predict_and_compile_model_3_multimer_v3_pred_0": 239.69185304641724,
    "relax_model_3_multimer_v3_pred_0": 48.919665575027466,
    "process_features_model_3_multimer_v3_pred_1": 2.384185791015625e-06,
    "predict_and_compile_model_3_multimer_v3_pred_1": 83.86586308479309,
    "relax_model_3_multimer_v3_pred_1": 24.889114379882812,
    "process_features_model_3_multimer_v3_pred_2": 3.0994415283203125e-06,
    "predict_and_compile_model_3_multimer_v3_pred_2": 100.19324827194214,
    "relax_model_3_multimer_v3_pred_2": 25.678865432739258,
    "process_features_model_3_multimer_v3_pred_3": 2.6226043701171875e-06,
    "predict_and_compile_model_3_multimer_v3_pred_3": 174.74650263786316,
    "relax_model_3_multimer_v3_pred_3": 31.304615020751953,
    "process_features_model_3_multimer_v3_pred_4": 2.6226043701171875e-06,
    "predict_and_compile_model_3_multimer_v3_pred_4": 125.05595278739929,
    "relax_model_3_multimer_v3_pred_4": 24.513915061950684,
    "process_features_model_4_multimer_v3_pred_0": 2.86102294921875e-06,
    "predict_and_compile_model_4_multimer_v3_pred_0": 291.3428394794464,
    "relax_model_4_multimer_v3_pred_0": 37.367676973342896,
    "process_features_model_4_multimer_v3_pred_1": 2.384185791015625e-06,
    "predict_and_compile_model_4_multimer_v3_pred_1": 172.14434218406677,
    "relax_model_4_multimer_v3_pred_1": 25.232022523880005,
    "process_features_model_4_multimer_v3_pred_2": 2.384185791015625e-06,
    "predict_and_compile_model_4_multimer_v3_pred_2": 172.17168807983398,
    "relax_model_4_multimer_v3_pred_2": 25.60033893585205,
    "process_features_model_4_multimer_v3_pred_3": 2.384185791015625e-06,
    "predict_and_compile_model_4_multimer_v3_pred_3": 171.9454996585846,
    "relax_model_4_multimer_v3_pred_3": 25.017191886901855,
    "process_features_model_4_multimer_v3_pred_4": 3.814697265625e-06,
    "predict_and_compile_model_4_multimer_v3_pred_4": 172.04703164100647,
    "relax_model_4_multimer_v3_pred_4": 24.769311904907227,
    "process_features_model_5_multimer_v3_pred_0": 2.6226043701171875e-06,
    "predict_and_compile_model_5_multimer_v3_pred_0": 288.44723105430603,
    "relax_model_5_multimer_v3_pred_0": 28.371136903762817,
    "process_features_model_5_multimer_v3_pred_1": 2.384185791015625e-06,
    "predict_and_compile_model_5_multimer_v3_pred_1": 139.53900408744812,
    "relax_model_5_multimer_v3_pred_1": 24.199867248535156,
    "process_features_model_5_multimer_v3_pred_2": 2.1457672119140625e-06,
    "predict_and_compile_model_5_multimer_v3_pred_2": 172.22185039520264,
    "relax_model_5_multimer_v3_pred_2": 47.624908208847046,
    "process_features_model_5_multimer_v3_pred_3": 2.384185791015625e-06,
    "predict_and_compile_model_5_multimer_v3_pred_3": 131.37061047554016,
    "relax_model_5_multimer_v3_pred_3": 24.144716024398804,
    "process_features_model_5_multimer_v3_pred_4": 2.384185791015625e-06,
    "predict_and_compile_model_5_multimer_v3_pred_4": 172.14623832702637,
    "relax_model_5_multimer_v3_pred_4": 24.922767877578735
}