seed,sample,ranking_score
3,0,0.7443587720230167
3,1,0.7443953359222003
3,2,0.7510730717619112
3,3,0.7376966256963756
3,4,0.7534469423771777
