seed,sample,ranking_score
1,0,0.49196546115537443
1,1,0.49442909182355815
1,2,0.5016495511954624
1,3,0.49850692466073787
1,4,0.48536094199575186
