{
    "features": 0.00470423698425293,
    "process_features_model_1_multimer_v3_pred_0": 3.5762786865234375e-06,
    "predict_and_compile_model_1_multimer_v3_pred_0": 168.47257113456726,
    "relax_model_1_multimer_v3_pred_0": 23.542936325073242,
    "process_features_model_1_multimer_v3_pred_1": 2.86102294921875e-06,
    "predict_and_compile_model_1_multimer_v3_pred_1": 44.069785594940186,
    "relax_model_1_multimer_v3_pred_1": 17.03110432624817,
    "process_features_model_1_multimer_v3_pred_2": 3.337860107421875e-06,
    "predict_and_compile_model_1_multimer_v3_pred_2": 64.51902842521667,
    "relax_model_1_multimer_v3_pred_2": 16.18880581855774,
    "process_features_model_1_multimer_v3_pred_3": 3.0994415283203125e-06,
    "predict_and_compile_model_1_multimer_v3_pred_3": 81.09987735748291,
    "relax_model_1_multimer_v3_pred_3": 24.089057683944702,
    "process_features_model_1_multimer_v3_pred_4": 3.337860107421875e-06,
    "predict_and_compile_model_1_multimer_v3_pred_4": 56.890737533569336,
    "relax_model_1_multimer_v3_pred_4": 16.188261032104492,
    "process_features_model_2_multimer_v3_pred_0": 3.0994415283203125e-06,
    "predict_and_compile_model_2_multimer_v3_pred_0": 146.23027300834656,
    "relax_model_2_multimer_v3_pred_0": 34.10733938217163,
    "process_features_model_2_multimer_v3_pred_1": 3.0994415283203125e-06,
    "predict_and_compile_model_2_multimer_v3_pred_1": 69.82768368721008,
    "relax_model_2_multimer_v3_pred_1": 37.99671173095703,
    "process_features_model_2_multimer_v3_pred_2": 2.86102294921875e-06,
    "predict_and_compile_model_2_multimer_v3_pred_2": 80.45958733558655,
    "relax_model_2_multimer_v3_pred_2": 27.76603889465332,
    "process_features_model_2_multimer_v3_pred_3": 2.86102294921875e-06,
    "predict_and_compile_model_2_multimer_v3_pred_3": 83.82119607925415,
    "relax_model_2_multimer_v3_pred_3": 23.017650365829468,
    "process_features_model_2_multimer_v3_pred_4": 2.86102294921875e-06,
    "predict_and_compile_model_2_multimer_v3_pred_4": 112.58426594734192,
    "relax_model_2_multimer_v3_pred_4": 36.43257665634155,
    "process_features_model_3_multimer_v3_pred_0": 5.245208740234375e-06,
    "predict_and_compile_model_3_multimer_v3_pred_0": 201.35451459884644,
    "relax_model_3_multimer_v3_pred_0": 26.151430130004883,
    "process_features_model_3_multimer_v3_pred_1": 3.337860107421875e-06,
    "predict_and_compile_model_3_multimer_v3_pred_1": 117.70792865753174,
    "relax_model_3_multimer_v3_pred_1": 16.02684497833252,
    "process_features_model_3_multimer_v3_pred_2": 3.0994415283203125e-06,
    "predict_and_compile_model_3_multimer_v3_pred_2": 53.79490876197815,
    "relax_model_3_multimer_v3_pred_2": 19.0641508102417,
    "process_features_model_3_multimer_v3_pred_3": 3.337860107421875e-06,
    "predict_and_compile_model_3_multimer_v3_pred_3": 43.130621910095215,
    "relax_model_3_multimer_v3_pred_3": 17.52741026878357,
    "process_features_model_3_multimer_v3_pred_4": 3.0994415283203125e-06,
    "predict_and_compile_model_3_multimer_v3_pred_4": 53.74747276306152,
    "relax_model_3_multimer_v3_pred_4": 16.067672729492188,
    "process_features_model_4_multimer_v3_pred_0": 3.337860107421875e-06,
    "predict_and_compile_model_4_multimer_v3_pred_0": 179.8967616558075,
    "relax_model_4_multimer_v3_pred_0": 17.39586043357849,
    "process_features_model_4_multimer_v3_pred_1": 3.337860107421875e-06,
    "predict_and_compile_model_4_multimer_v3_pred_1": 47.67724609375,
    "relax_model_4_multimer_v3_pred_1": 16.9317569732666,
    "process_features_model_4_multimer_v3_pred_2": 3.0994415283203125e-06,
    "predict_and_compile_model_4_multimer_v3_pred_2": 63.44133973121643,
    "relax_model_4_multimer_v3_pred_2": 22.932090997695923,
    "process_features_model_4_multimer_v3_pred_3": 3.5762786865234375e-06,
    "predict_and_compile_model_4_multimer_v3_pred_3": 64.02648830413818,
    "relax_model_4_multimer_v3_pred_3": 17.381343126296997,
    "process_features_model_4_multimer_v3_pred_4": 3.0994415283203125e-06,
    "predict_and_compile_model_4_multimer_v3_pred_4": 58.09115648269653,
    "relax_model_4_multimer_v3_pred_4": 47.9410605430603,
    "process_features_model_5_multimer_v3_pred_0": 3.0994415283203125e-06,
    "predict_and_compile_model_5_multimer_v3_pred_0": 169.80210518836975,
    "relax_model_5_multimer_v3_pred_0": 17.44352912902832,
    "process_features_model_5_multimer_v3_pred_1": 5.9604644775390625e-06,
    "predict_and_compile_model_5_multimer_v3_pred_1": 84.50590562820435,
    "relax_model_5_multimer_v3_pred_1": 16.56490731239319,
    "process_features_model_5_multimer_v3_pred_2": 4.5299530029296875e-06,
    "predict_and_compile_model_5_multimer_v3_pred_2": 102.32275485992432,
    "relax_model_5_multimer_v3_pred_2": 17.554595708847046,
    "process_features_model_5_multimer_v3_pred_3": 3.337860107421875e-06,
    "predict_and_compile_model_5_multimer_v3_pred_3": 116.75201368331909,
    "relax_model_5_multimer_v3_pred_3": 33.51462483406067,
    "process_features_model_5_multimer_v3_pred_4": 3.814697265625e-06,
    "predict_and_compile_model_5_multimer_v3_pred_4": 77.55749893188477,
    "relax_model_5_multimer_v3_pred_4": 20.7315092086792
}