seed,sample,ranking_score
4,0,0.34560609606342513
4,1,0.3362595932384596
4,2,0.3709114435653423
4,3,0.34395515173874014
4,4,0.35552001024899743
