seed,sample,ranking_score
1,0,0.836902940051603
1,1,0.8374740701055442
1,2,0.851164293307643
1,3,0.840153441761634
1,4,0.8401150351142125
