{
    "features": 0.21547269821166992,
    "process_features_model_1_multimer_v3_pred_0": 5.0067901611328125e-06,
    "predict_and_compile_model_1_multimer_v3_pred_0": 356.3434281349182,
    "predict_benchmark_model_1_multimer_v3_pred_0": 239.40745496749878,
    "process_features_model_2_multimer_v3_pred_0": 3.5762786865234375e-06,
    "predict_and_compile_model_2_multimer_v3_pred_0": 352.6664569377899,
    "predict_benchmark_model_2_multimer_v3_pred_0": 239.1077127456665,
    "process_features_model_3_multimer_v3_pred_0": 3.5762786865234375e-06,
    "predict_and_compile_model_3_multimer_v3_pred_0": 354.31888484954834,
    "predict_benchmark_model_3_multimer_v3_pred_0": 239.38001608848572,
    "process_features_model_4_multimer_v3_pred_0": 3.814697265625e-06,
    "predict_and_compile_model_4_multimer_v3_pred_0": 350.92486548423767,
    "predict_benchmark_model_4_multimer_v3_pred_0": 232.5328676700592,
    "process_features_model_5_multimer_v3_pred_0": 3.337860107421875e-06,
    "predict_and_compile_model_5_multimer_v3_pred_0": 347.78084683418274,
    "predict_benchmark_model_5_multimer_v3_pred_0": 232.62529683113098
}