{
    "features": 0.08738422393798828,
    "process_features_model_1_multimer_v3_pred_0": 2.6226043701171875e-06,
    "predict_and_compile_model_1_multimer_v3_pred_0": 243.81508111953735,
    "predict_benchmark_model_1_multimer_v3_pred_0": 162.6784429550171,
    "process_features_model_2_multimer_v3_pred_0": 1.1444091796875e-05,
    "predict_and_compile_model_2_multimer_v3_pred_0": 244.38110899925232,
    "predict_benchmark_model_2_multimer_v3_pred_0": 163.30091214179993,
    "process_features_model_3_multimer_v3_pred_0": 1.6927719116210938e-05,
    "predict_and_compile_model_3_multimer_v3_pred_0": 222.77314805984497,
    "predict_benchmark_model_3_multimer_v3_pred_0": 140.01185655593872,
    "process_features_model_4_multimer_v3_pred_0": 1.7404556274414062e-05,
    "predict_and_compile_model_4_multimer_v3_pred_0": 241.61109685897827,
    "predict_benchmark_model_4_multimer_v3_pred_0": 158.0746660232544,
    "process_features_model_5_multimer_v3_pred_0": 1.5974044799804688e-05,
    "predict_and_compile_model_5_multimer_v3_pred_0": 240.72844338417053,
    "predict_benchmark_model_5_multimer_v3_pred_0": 158.14300775527954
}