seed,sample,ranking_score
5,0,0.7644206253731141
5,1,0.764240464769667
5,2,0.7590714271897245
5,3,0.7708716054132841
5,4,0.7653808474984379
