seed,sample,ranking_score
1,0,0.621094887286276
1,1,0.7306322543995434
1,2,0.6663941256367683
1,3,0.6697191673320927
1,4,0.643608320364475
