seed,sample,ranking_score
2,0,0.7755188115308974
2,1,0.8110493582576999
2,2,0.7918565690136968
2,3,0.7699035149405462
2,4,0.7806736636458864
