seed,sample,ranking_score
1,0,0.7752799968662938
1,1,0.7597715673411721
1,2,0.7673898654187286
1,3,0.7649416009919445
1,4,0.7809779240163788
