{
    "features": 0.15266919136047363,
    "process_features_model_1_multimer_v3_pred_0": 4.76837158203125e-06,
    "predict_and_compile_model_1_multimer_v3_pred_0": 446.8747136592865,
    "predict_benchmark_model_1_multimer_v3_pred_0": 326.74044942855835,
    "process_features_model_2_multimer_v3_pred_0": 4.291534423828125e-06,
    "predict_and_compile_model_2_multimer_v3_pred_0": 443.19724106788635,
    "predict_benchmark_model_2_multimer_v3_pred_0": 326.4336268901825,
    "process_features_model_3_multimer_v3_pred_0": 4.0531158447265625e-06,
    "predict_and_compile_model_3_multimer_v3_pred_0": 443.73575496673584,
    "predict_benchmark_model_3_multimer_v3_pred_0": 327.0098738670349,
    "process_features_model_4_multimer_v3_pred_0": 3.5762786865234375e-06,
    "predict_and_compile_model_4_multimer_v3_pred_0": 437.74018573760986,
    "predict_benchmark_model_4_multimer_v3_pred_0": 318.63116693496704,
    "process_features_model_5_multimer_v3_pred_0": 3.5762786865234375e-06,
    "predict_and_compile_model_5_multimer_v3_pred_0": 434.6077649593353,
    "predict_benchmark_model_5_multimer_v3_pred_0": 318.6895649433136
}