{
    "features": 0.018665790557861328,
    "process_features_model_1_multimer_v3_pred_0": 2.1457672119140625e-06,
    "predict_and_compile_model_1_multimer_v3_pred_0": 110.94120907783508,
    "predict_benchmark_model_1_multimer_v3_pred_0": 28.773546934127808,
    "process_features_model_2_multimer_v3_pred_0": 5.0067901611328125e-06,
    "predict_and_compile_model_2_multimer_v3_pred_0": 117.76669979095459,
    "predict_benchmark_model_2_multimer_v3_pred_0": 33.555704832077026,
    "process_features_model_3_multimer_v3_pred_0": 7.62939453125e-06,
    "predict_and_compile_model_3_multimer_v3_pred_0": 115.52845025062561,
    "predict_benchmark_model_3_multimer_v3_pred_0": 28.80883502960205,
    "process_features_model_4_multimer_v3_pred_0": 1.1444091796875e-05,
    "predict_and_compile_model_4_multimer_v3_pred_0": 130.64198231697083,
    "predict_benchmark_model_4_multimer_v3_pred_0": 42.34042167663574,
    "process_features_model_5_multimer_v3_pred_0": 1.0251998901367188e-05,
    "predict_and_compile_model_5_multimer_v3_pred_0": 104.61755561828613,
    "predict_benchmark_model_5_multimer_v3_pred_0": 18.8649845123291
}