{
    "features": 0.45456528663635254,
    "process_features_model_1_multimer_v3_pred_0": 4.5299530029296875e-06,
    "predict_and_compile_model_1_multimer_v3_pred_0": 710.1434326171875,
    "predict_benchmark_model_1_multimer_v3_pred_0": 587.387686252594,
    "process_features_model_2_multimer_v3_pred_0": 4.291534423828125e-06,
    "predict_and_compile_model_2_multimer_v3_pred_0": 703.218855381012,
    "predict_benchmark_model_2_multimer_v3_pred_0": 587.204672574997,
    "process_features_model_3_multimer_v3_pred_0": 4.291534423828125e-06,
    "predict_and_compile_model_3_multimer_v3_pred_0": 705.0497472286224,
    "predict_benchmark_model_3_multimer_v3_pred_0": 586.6515617370605,
    "process_features_model_4_multimer_v3_pred_0": 4.291534423828125e-06,
    "predict_and_compile_model_4_multimer_v3_pred_0": 692.6967685222626,
    "predict_benchmark_model_4_multimer_v3_pred_0": 571.6888954639435,
    "process_features_model_5_multimer_v3_pred_0": 4.0531158447265625e-06,
    "predict_and_compile_model_5_multimer_v3_pred_0": 688.6043269634247,
    "predict_benchmark_model_5_multimer_v3_pred_0": 570.8657040596008
}