seed,sample,ranking_score
1,0,0.41377657284601105
1,1,0.40287308944455297
1,2,0.40458132841529393
1,3,0.43134411720764676
1,4,0.4190166766612669
