{
    "features": 0.04313206672668457,
    "process_features_model_1_multimer_v3_pred_0": 5.9604644775390625e-06,
    "predict_and_compile_model_1_multimer_v3_pred_0": 415.1500358581543,
    "predict_benchmark_model_1_multimer_v3_pred_0": 333.49456429481506,
    "process_features_model_2_multimer_v3_pred_0": 3.7670135498046875e-05,
    "predict_and_compile_model_2_multimer_v3_pred_0": 414.95604133605957,
    "predict_benchmark_model_2_multimer_v3_pred_0": 334.04647994041443,
    "process_features_model_3_multimer_v3_pred_0": 1.8596649169921875e-05,
    "predict_and_compile_model_3_multimer_v3_pred_0": 420.14876437187195,
    "predict_benchmark_model_3_multimer_v3_pred_0": 333.9062099456787,
    "process_features_model_4_multimer_v3_pred_0": 1.4781951904296875e-05,
    "predict_and_compile_model_4_multimer_v3_pred_0": 413.5448534488678,
    "predict_benchmark_model_4_multimer_v3_pred_0": 325.12933683395386,
    "process_features_model_5_multimer_v3_pred_0": 2.1696090698242188e-05,
    "predict_and_compile_model_5_multimer_v3_pred_0": 411.35977005958557,
    "predict_benchmark_model_5_multimer_v3_pred_0": 325.3630814552307
}