seed,sample,ranking_score
1,0,0.7276575681948573
1,1,0.748105430542197
1,2,0.7048747326073512
1,3,0.6975733978612522
1,4,0.7037648323568795
