seed,sample,ranking_score
1,0,0.7157813959586179
1,1,0.6877883636353426
1,2,0.731636331231567
1,3,0.6818301919776555
1,4,0.6725008993144007
