seed,sample,ranking_score
1,0,0.9270791509557569
1,1,0.9232174659253999
1,2,0.9211771686013799
1,3,0.9305818256551793
1,4,0.9348264228820669
