seed,sample,ranking_score
1,0,0.5154043904803399
1,1,0.5150174108646725
1,2,0.5037462344595771
1,3,0.471902129119312
1,4,0.48497008964044985
