seed,sample,ranking_score
1,0,0.6765666209161635
1,1,0.7092089155716462
1,2,0.7056382044441876
1,3,0.7175573198705573
1,4,0.731984037198819
