seed,sample,ranking_score
1,0,0.745685922154299
1,1,0.7233923710755121
1,2,0.7652515671546676
1,3,0.7752683187313772
1,4,0.7334103229674066
