seed,sample,ranking_score
1,0,0.8404712524134911
1,1,0.8422741668000975
1,2,0.8375257305052786
1,3,0.8359803368349807
1,4,0.8405004848161428
