seed,sample,ranking_score
1,0,0.6179278456171046
1,1,0.6744316139064289
1,2,0.6499350269490878
1,3,0.6151936080059067
1,4,0.6265192570212352
