seed,sample,ranking_score
1,0,0.5885252579478323
1,1,0.593525612646792
1,2,0.5941476421469657
1,3,0.6005065651908252
1,4,0.6043258230387717
