seed,sample,ranking_score
1,0,0.9029889784578449
1,1,0.8800234152042711
1,2,0.9086668543958571
1,3,0.8853246690446905
1,4,0.8949912687878147
