seed,sample,ranking_score
1,0,0.509024946842978
1,1,0.5059233519571216
1,2,0.5109796173846038
1,3,0.4952692445088069
1,4,0.5102715500164453
