seed,sample,ranking_score
1,0,0.7801645460195799
1,1,0.8376457409720983
1,2,0.7717285191675755
1,3,0.738942689417579
1,4,0.7745023023235912
