seed,sample,ranking_score
1,0,0.6557463944532281
1,1,0.6751646712788666
1,2,0.6712102830684378
1,3,0.6597494931306672
1,4,0.6592864619077778
