seed,sample,ranking_score
1,0,0.4273952332445069
1,1,0.5666177336787614
1,2,0.572199894116069
1,3,0.5761722992277182
1,4,0.5638933646210129
