seed,sample,ranking_score
1,0,0.49904866565424116
1,1,0.5303942396555208
1,2,0.5457407817611487
1,3,0.5103001505113772
1,4,0.4862505036045829
