seed,sample,ranking_score
1,0,0.7109606252749586
1,1,0.7195394818936522
1,2,0.7245176328432712
1,3,0.7307804351512394
1,4,0.7178009529640844
