{
    "features": 0.11715483665466309,
    "process_features_model_1_multimer_v3_pred_0": 4.5299530029296875e-06,
    "predict_and_compile_model_1_multimer_v3_pred_0": 398.287917137146,
    "predict_benchmark_model_1_multimer_v3_pred_0": 276.25718545913696,
    "process_features_model_2_multimer_v3_pred_0": 3.5762786865234375e-06,
    "predict_and_compile_model_2_multimer_v3_pred_0": 393.3099503517151,
    "predict_benchmark_model_2_multimer_v3_pred_0": 275.9315040111542,
    "process_features_model_3_multimer_v3_pred_0": 4.5299530029296875e-06,
    "predict_and_compile_model_3_multimer_v3_pred_0": 224.45147037506104,
    "predict_benchmark_model_3_multimer_v3_pred_0": 105.54061150550842,
    "process_features_model_4_multimer_v3_pred_0": 4.5299530029296875e-06,
    "predict_and_compile_model_4_multimer_v3_pred_0": 393.46708512306213,
    "predict_benchmark_model_4_multimer_v3_pred_0": 271.9147346019745,
    "process_features_model_5_multimer_v3_pred_0": 4.291534423828125e-06,
    "predict_and_compile_model_5_multimer_v3_pred_0": 247.68939423561096,
    "predict_benchmark_model_5_multimer_v3_pred_0": 129.910080909729
}