seed,sample,ranking_score
3,0,0.9165706863449232
3,1,0.9379582410082954
3,2,0.9324305508088924
3,3,0.9463956548761386
3,4,0.9319457988840024
