{
    "features": 0.0062100887298583984,
    "process_features_model_1_multimer_v3_pred_0": 4.291534423828125e-06,
    "predict_and_compile_model_1_multimer_v3_pred_0": 153.34559893608093,
    "relax_model_1_multimer_v3_pred_0": 21.672708749771118,
    "process_features_model_1_multimer_v3_pred_1": 1.9073486328125e-06,
    "predict_and_compile_model_1_multimer_v3_pred_1": 43.010042905807495,
    "relax_model_1_multimer_v3_pred_1": 19.70202612876892,
    "process_features_model_1_multimer_v3_pred_2": 2.1457672119140625e-06,
    "predict_and_compile_model_1_multimer_v3_pred_2": 67.18576383590698,
    "relax_model_1_multimer_v3_pred_2": 18.44317603111267,
    "process_features_model_1_multimer_v3_pred_3": 2.6226043701171875e-06,
    "predict_and_compile_model_1_multimer_v3_pred_3": 49.16394567489624,
    "relax_model_1_multimer_v3_pred_3": 19.133352041244507,
    "process_features_model_1_multimer_v3_pred_4": 2.384185791015625e-06,
    "predict_and_compile_model_1_multimer_v3_pred_4": 48.910595417022705,
    "relax_model_1_multimer_v3_pred_4": 19.14904546737671,
    "process_features_model_2_multimer_v3_pred_0": 2.86102294921875e-06,
    "predict_and_compile_model_2_multimer_v3_pred_0": 144.08657455444336,
    "relax_model_2_multimer_v3_pred_0": 19.40817928314209,
    "process_features_model_2_multimer_v3_pred_1": 3.814697265625e-06,
    "predict_and_compile_model_2_multimer_v3_pred_1": 24.73395037651062,
    "relax_model_2_multimer_v3_pred_1": 18.343994617462158,
    "process_features_model_2_multimer_v3_pred_2": 3.0994415283203125e-06,
    "predict_and_compile_model_2_multimer_v3_pred_2": 36.82480478286743,
    "relax_model_2_multimer_v3_pred_2": 18.868192672729492,
    "process_features_model_2_multimer_v3_pred_3": 2.6226043701171875e-06,
    "predict_and_compile_model_2_multimer_v3_pred_3": 30.761526346206665,
    "relax_model_2_multimer_v3_pred_3": 19.607978105545044,
    "process_features_model_2_multimer_v3_pred_4": 2.6226043701171875e-06,
    "predict_and_compile_model_2_multimer_v3_pred_4": 30.772429704666138,
    "relax_model_2_multimer_v3_pred_4": 19.463093757629395,
    "process_features_model_3_multimer_v3_pred_0": 2.384185791015625e-06,
    "predict_and_compile_model_3_multimer_v3_pred_0": 152.5924141407013,
    "relax_model_3_multimer_v3_pred_0": 18.412573099136353,
    "process_features_model_3_multimer_v3_pred_1": 4.291534423828125e-06,
    "predict_and_compile_model_3_multimer_v3_pred_1": 36.870206356048584,
    "relax_model_3_multimer_v3_pred_1": 19.051188230514526,
    "process_features_model_3_multimer_v3_pred_2": 3.0994415283203125e-06,
    "predict_and_compile_model_3_multimer_v3_pred_2": 42.9777991771698,
    "relax_model_3_multimer_v3_pred_2": 18.17628574371338,
    "process_features_model_3_multimer_v3_pred_3": 2.384185791015625e-06,
    "predict_and_compile_model_3_multimer_v3_pred_3": 36.861757040023804,
    "relax_model_3_multimer_v3_pred_3": 18.8634614944458,
    "process_features_model_3_multimer_v3_pred_4": 3.0994415283203125e-06,
    "predict_and_compile_model_3_multimer_v3_pred_4": 30.788809776306152,
    "relax_model_3_multimer_v3_pred_4": 18.30716347694397,
    "process_features_model_4_multimer_v3_pred_0": 3.0994415283203125e-06,
    "predict_and_compile_model_4_multimer_v3_pred_0": 155.6497859954834,
    "relax_model_4_multimer_v3_pred_0": 18.921072244644165,
    "process_features_model_4_multimer_v3_pred_1": 2.6226043701171875e-06,
    "predict_and_compile_model_4_multimer_v3_pred_1": 41.59165287017822,
    "relax_model_4_multimer_v3_pred_1": 18.857858896255493,
    "process_features_model_4_multimer_v3_pred_2": 2.6226043701171875e-06,
    "predict_and_compile_model_4_multimer_v3_pred_2": 41.576234102249146,
    "relax_model_4_multimer_v3_pred_2": 19.848750829696655,
    "process_features_model_4_multimer_v3_pred_3": 2.86102294921875e-06,
    "predict_and_compile_model_4_multimer_v3_pred_3": 41.48429012298584,
    "relax_model_4_multimer_v3_pred_3": 18.5144305229187,
    "process_features_model_4_multimer_v3_pred_4": 2.384185791015625e-06,
    "predict_and_compile_model_4_multimer_v3_pred_4": 35.58371114730835,
    "relax_model_4_multimer_v3_pred_4": 18.54716658592224,
    "process_features_model_5_multimer_v3_pred_0": 2.384185791015625e-06,
    "predict_and_compile_model_5_multimer_v3_pred_0": 146.27930808067322,
    "relax_model_5_multimer_v3_pred_0": 18.880191326141357,
    "process_features_model_5_multimer_v3_pred_1": 2.6226043701171875e-06,
    "predict_and_compile_model_5_multimer_v3_pred_1": 23.861467599868774,
    "relax_model_5_multimer_v3_pred_1": 18.35817313194275,
    "process_features_model_5_multimer_v3_pred_2": 2.6226043701171875e-06,
    "predict_and_compile_model_5_multimer_v3_pred_2": 29.732332468032837,
    "relax_model_5_multimer_v3_pred_2": 18.603682041168213,
    "process_features_model_5_multimer_v3_pred_3": 2.6226043701171875e-06,
    "predict_and_compile_model_5_multimer_v3_pred_3": 23.845622062683105,
    "relax_model_5_multimer_v3_pred_3": 18.274898529052734,
    "process_features_model_5_multimer_v3_pred_4": 2.86102294921875e-06,
    "predict_and_compile_model_5_multimer_v3_pred_4": 23.906882524490356,
    "relax_model_5_multimer_v3_pred_4": 18.36291790008545
}