{
    "features": 0.6157107353210449,
    "process_features_model_1_multimer_v3_pred_0": 5.7220458984375e-06,
    "predict_and_compile_model_1_multimer_v3_pred_0": 140.76735925674438,
    "predict_benchmark_model_1_multimer_v3_pred_0": 59.91044569015503,
    "process_features_model_2_multimer_v3_pred_0": 1.1682510375976562e-05,
    "predict_and_compile_model_2_multimer_v3_pred_0": 110.26535987854004,
    "predict_benchmark_model_2_multimer_v3_pred_0": 26.69080686569214,
    "process_features_model_3_multimer_v3_pred_0": 2.0265579223632812e-05,
    "predict_and_compile_model_3_multimer_v3_pred_0": 203.77410078048706,
    "predict_benchmark_model_3_multimer_v3_pred_0": 119.66977214813232,
    "process_features_model_4_multimer_v3_pred_0": 1.8358230590820312e-05,
    "predict_and_compile_model_4_multimer_v3_pred_0": 182.38587069511414,
    "predict_benchmark_model_4_multimer_v3_pred_0": 96.93963837623596,
    "process_features_model_5_multimer_v3_pred_0": 1.6689300537109375e-05,
    "predict_and_compile_model_5_multimer_v3_pred_0": 220.6533408164978,
    "predict_benchmark_model_5_multimer_v3_pred_0": 135.00604963302612
}