seed,sample,ranking_score
1,0,0.8743494563133519
1,1,0.8638548086706366
1,2,0.8710846527458056
1,3,0.8594698853948113
1,4,0.8656061719985848
