seed,sample,ranking_score
1,0,0.8038807768534454
1,1,0.7827913879433528
1,2,0.777851071285474
1,3,0.7748687024211195
1,4,0.7691637314791171
