seed,sample,ranking_score
4,0,0.7252257990438385
4,1,0.7430097438051868
4,2,0.7342742341346488
4,3,0.7443398072864916
4,4,0.730133252041251
