seed,sample,ranking_score
1,0,0.6953387127919654
1,1,0.6887624332191766
1,2,0.6935230419022812
1,3,0.6950010002109364
1,4,0.6902775099756824
