seed,sample,ranking_score
1,0,0.8611618885069011
1,1,0.8346659497116289
1,2,0.8394454612719788
1,3,0.8383640768101007
1,4,0.828199397623567
