seed,sample,ranking_score
1,0,0.46169201196670695
1,1,0.4837842410249274
1,2,0.45215869703738143
1,3,0.48847878323852395
1,4,0.485234461694107
