seed,sample,ranking_score
1,0,0.5144706601293862
1,1,0.520992712073576
1,2,0.5561839101598037
1,3,0.5033298112295567
1,4,0.5279517302746812
