seed,sample,ranking_score
1,0,0.4647531404486096
1,1,0.4596017553651488
1,2,0.41013479412555626
1,3,0.44747597362610636
1,4,0.4510991615569085
