seed,sample,ranking_score
1,0,0.7545186415275298
1,1,0.7492873781250574
1,2,0.762969193920895
1,3,0.7479955420890887
1,4,0.7370929944630014
