seed,sample,ranking_score
1,0,0.6804818430694884
1,1,0.38373897802217516
1,2,0.671017847917357
1,3,0.6689078178846435
1,4,0.7056806357715116
