seed,sample,ranking_score
1,0,0.879617288238689
1,1,0.8980560694846283
1,2,0.9092019507454585
1,3,0.9174363168671796
1,4,0.8988955504222881
