seed,sample,ranking_score
1,0,0.6404794183346358
1,1,0.6602923860129135
1,2,0.6443427638007709
1,3,0.4721984605156462
1,4,0.6735711016267898
