seed,sample,ranking_score
1,0,0.3231003858472137
1,1,0.3043375325856073
1,2,0.3028329469216864
1,3,0.309651404812277
1,4,0.315595928347629
