seed,sample,ranking_score
1,0,0.5339489544750415
1,1,0.5161343908397004
1,2,0.5492209446080183
1,3,0.5178743608607054
1,4,0.526962742883981
