{
    "iptm+ptm": {
        "model_1_multimer_v3_pred_0": 0.3624918807907976,
        "model_1_multimer_v3_pred_1": 0.3634631044262688,
        "model_1_multimer_v3_pred_2": 0.3524080276107195,
        "model_1_multimer_v3_pred_3": 0.36046469405217973,
        "model_1_multimer_v3_pred_4": 0.3465207874042361,
        "model_2_multimer_v3_pred_0": 0.36850878690657524,
        "model_2_multimer_v3_pred_1": 0.3683012377881584,
        "model_2_multimer_v3_pred_2": 0.3625154439475901,
        "model_2_multimer_v3_pred_3": 0.36924626958247453,
        "model_2_multimer_v3_pred_4": 0.36640491352685367,
        "model_3_multimer_v3_pred_0": 0.3765137935226782,
        "model_3_multimer_v3_pred_1": 0.3511340493585571,
        "model_3_multimer_v3_pred_2": 0.3566106778718146,
        "model_3_multimer_v3_pred_3": 0.35963321602283005,
        "model_3_multimer_v3_pred_4": 0.35150669682315483,
        "model_4_multimer_v3_pred_0": 0.38017924704336126,
        "model_4_multimer_v3_pred_1": 0.36318299282841604,
        "model_4_multimer_v3_pred_2": 0.36871826231958843,
        "model_4_multimer_v3_pred_3": 0.3790738682982804,
        "model_4_multimer_v3_pred_4": 0.37191256594850197,
        "model_5_multimer_v3_pred_0": 0.3523782109752315,
        "model_5_multimer_v3_pred_1": 0.3916311222378784,
        "model_5_multimer_v3_pred_2": 0.3552341100526002,
        "model_5_multimer_v3_pred_3": 0.3607428927217828,
        "model_5_multimer_v3_pred_4": 0.36380410644462563
    },
    "order": [
        "model_5_multimer_v3_pred_1",
        "model_4_multimer_v3_pred_0",
        "model_4_multimer_v3_pred_3",
        "model_3_multimer_v3_pred_0",
        "model_4_multimer_v3_pred_4",
        "model_2_multimer_v3_pred_3",
        "model_4_multimer_v3_pred_2",
        "model_2_multimer_v3_pred_0",
        "model_2_multimer_v3_pred_1",
        "model_2_multimer_v3_pred_4",
        "model_5_multimer_v3_pred_4",
        "model_1_multimer_v3_pred_1",
        "model_4_multimer_v3_pred_1",
        "model_2_multimer_v3_pred_2",
        "model_1_multimer_v3_pred_0",
        "model_5_multimer_v3_pred_3",
        "model_1_multimer_v3_pred_3",
        "model_3_multimer_v3_pred_3",
        "model_3_multimer_v3_pred_2",
        "model_5_multimer_v3_pred_2",
        "model_1_multimer_v3_pred_2",
        "model_5_multimer_v3_pred_0",
        "model_3_multimer_v3_pred_4",
        "model_3_multimer_v3_pred_1",
        "model_1_multimer_v3_pred_4"
    ]
}