seed,sample,ranking_score
1,0,0.4461300275089173
1,1,0.45307881310121456
1,2,0.4391761442743756
1,3,0.4358099274769486
1,4,0.42783072882598544
