seed,sample,ranking_score
1,0,0.5922097341930005
1,1,0.5990621278476808
1,2,0.5977034813532108
1,3,0.6066146624107283
1,4,0.6197395483349022
