seed,sample,ranking_score
1,0,0.6259358853780942
1,1,0.6282070524187875
1,2,0.633109900632778
1,3,0.6221065854579332
1,4,0.6253491920973592
