seed,sample,ranking_score
1,0,0.691136051481564
1,1,0.6898863967165159
1,2,0.7014895905568336
1,3,0.6855028875444615
1,4,0.6762816266864154
