seed,sample,ranking_score
5,0,0.8414468143552535
5,1,0.8619163275420215
5,2,0.8552388410353555
5,3,0.854689400671145
5,4,0.855009500092589
