seed,sample,ranking_score
4,0,0.9337166711976449
4,1,0.9002626051222397
4,2,0.9143825668610586
4,3,0.9007577489209507
4,4,0.9144665822192076
