seed,sample,ranking_score
1,0,0.5446484276398182
1,1,0.4771166861191753
1,2,0.505259245652729
1,3,0.5436366857235451
1,4,0.5016681887608703
