seed,sample,ranking_score
1,0,0.41108978024869613
1,1,0.4069562143665092
1,2,0.4077415859822886
1,3,0.3880447343414067
1,4,0.40233767985217916
