{
    "features": 0.09274411201477051,
    "process_features_model_1_multimer_v3_pred_0": 3.814697265625e-06,
    "predict_and_compile_model_1_multimer_v3_pred_0": 317.71595096588135,
    "predict_benchmark_model_1_multimer_v3_pred_0": 237.30819988250732,
    "process_features_model_2_multimer_v3_pred_0": 1.71661376953125e-05,
    "predict_and_compile_model_2_multimer_v3_pred_0": 317.5457763671875,
    "predict_benchmark_model_2_multimer_v3_pred_0": 237.33190536499023,
    "process_features_model_3_multimer_v3_pred_0": 1.6450881958007812e-05,
    "predict_and_compile_model_3_multimer_v3_pred_0": 316.8862771987915,
    "predict_benchmark_model_3_multimer_v3_pred_0": 237.06648135185242,
    "process_features_model_4_multimer_v3_pred_0": 1.0728836059570312e-05,
    "predict_and_compile_model_4_multimer_v3_pred_0": 313.10644459724426,
    "predict_benchmark_model_4_multimer_v3_pred_0": 233.3174343109131,
    "process_features_model_5_multimer_v3_pred_0": 1.1444091796875e-05,
    "predict_and_compile_model_5_multimer_v3_pred_0": 309.6364977359772,
    "predict_benchmark_model_5_multimer_v3_pred_0": 232.95617985725403
}