seed,sample,ranking_score
1,0,0.6612235537783849
1,1,0.6419946701919409
1,2,0.6714594061429853
1,3,0.6622615761632769
1,4,0.5554752498205358
