seed,sample,ranking_score
1,0,0.6142412353499644
1,1,0.6349005296334845
1,2,0.6330260244817952
1,3,0.6190410476543027
1,4,0.6138858263470724
