seed,sample,ranking_score
1,0,0.9006621035570466
1,1,0.8907942903899568
1,2,0.914558009734802
1,3,0.897697965066548
1,4,0.8809514220620632
