{
    "features": 0.023423194885253906,
    "process_features_model_1_multimer_v3_pred_0": 3.5762786865234375e-06,
    "predict_and_compile_model_1_multimer_v3_pred_0": 102.4015531539917,
    "predict_benchmark_model_1_multimer_v3_pred_0": 21.67018222808838,
    "process_features_model_2_multimer_v3_pred_0": 1.3828277587890625e-05,
    "predict_and_compile_model_2_multimer_v3_pred_0": 108.54166150093079,
    "predict_benchmark_model_2_multimer_v3_pred_0": 25.908985376358032,
    "process_features_model_3_multimer_v3_pred_0": 1.5735626220703125e-05,
    "predict_and_compile_model_3_multimer_v3_pred_0": 116.31022906303406,
    "predict_benchmark_model_3_multimer_v3_pred_0": 30.21505880355835,
    "process_features_model_4_multimer_v3_pred_0": 1.5974044799804688e-05,
    "predict_and_compile_model_4_multimer_v3_pred_0": 111.12035870552063,
    "predict_benchmark_model_4_multimer_v3_pred_0": 25.17882752418518,
    "process_features_model_5_multimer_v3_pred_0": 2.5510787963867188e-05,
    "predict_and_compile_model_5_multimer_v3_pred_0": 117.97362947463989,
    "predict_benchmark_model_5_multimer_v3_pred_0": 29.329851388931274
}