seed,sample,ranking_score
1,0,0.6168235167839718
1,1,0.6574902886388054
1,2,0.660663815885942
1,3,0.6568459449725865
1,4,0.6609053710412258
