{
    "features": 0.017810344696044922,
    "process_features_model_1_multimer_v3_pred_0": 2.384185791015625e-06,
    "predict_and_compile_model_1_multimer_v3_pred_0": 198.22677946090698,
    "predict_benchmark_model_1_multimer_v3_pred_0": 108.50682854652405,
    "process_features_model_2_multimer_v3_pred_0": 4.220008850097656e-05,
    "predict_and_compile_model_2_multimer_v3_pred_0": 129.7895221710205,
    "predict_benchmark_model_2_multimer_v3_pred_0": 46.65399694442749,
    "process_features_model_3_multimer_v3_pred_0": 3.0040740966796875e-05,
    "predict_and_compile_model_3_multimer_v3_pred_0": 194.16041469573975,
    "predict_benchmark_model_3_multimer_v3_pred_0": 108.41715121269226,
    "process_features_model_4_multimer_v3_pred_0": 2.5272369384765625e-05,
    "predict_and_compile_model_4_multimer_v3_pred_0": 156.28895044326782,
    "predict_benchmark_model_4_multimer_v3_pred_0": 70.86668825149536,
    "process_features_model_5_multimer_v3_pred_0": 2.3126602172851562e-05,
    "predict_and_compile_model_5_multimer_v3_pred_0": 130.01455664634705,
    "predict_benchmark_model_5_multimer_v3_pred_0": 45.59998345375061
}