{
    "features": 0.09167742729187012,
    "process_features_model_1_multimer_v3_pred_0": 3.337860107421875e-06,
    "predict_and_compile_model_1_multimer_v3_pred_0": 297.1329622268677,
    "predict_benchmark_model_1_multimer_v3_pred_0": 214.90480422973633,
    "process_features_model_2_multimer_v3_pred_0": 3.075599670410156e-05,
    "predict_and_compile_model_2_multimer_v3_pred_0": 294.0022442340851,
    "predict_benchmark_model_2_multimer_v3_pred_0": 214.8906660079956,
    "process_features_model_3_multimer_v3_pred_0": 1.52587890625e-05,
    "predict_and_compile_model_3_multimer_v3_pred_0": 314.3083584308624,
    "predict_benchmark_model_3_multimer_v3_pred_0": 219.0563611984253,
    "process_features_model_4_multimer_v3_pred_0": 3.910064697265625e-05,
    "predict_and_compile_model_4_multimer_v3_pred_0": 301.42179703712463,
    "predict_benchmark_model_4_multimer_v3_pred_0": 208.00344038009644,
    "process_features_model_5_multimer_v3_pred_0": 3.719329833984375e-05,
    "predict_and_compile_model_5_multimer_v3_pred_0": 293.77864718437195,
    "predict_benchmark_model_5_multimer_v3_pred_0": 208.39603090286255
}