{
    "features": 0.016868114471435547,
    "process_features_model_1_multimer_v3_pred_0": 2.6226043701171875e-06,
    "predict_and_compile_model_1_multimer_v3_pred_0": 219.5831196308136,
    "predict_benchmark_model_1_multimer_v3_pred_0": 140.4085350036621,
    "process_features_model_2_multimer_v3_pred_0": 1.621246337890625e-05,
    "predict_and_compile_model_2_multimer_v3_pred_0": 217.36003303527832,
    "predict_benchmark_model_2_multimer_v3_pred_0": 140.6498200893402,
    "process_features_model_3_multimer_v3_pred_0": 2.384185791015625e-05,
    "predict_and_compile_model_3_multimer_v3_pred_0": 218.69983577728271,
    "predict_benchmark_model_3_multimer_v3_pred_0": 140.63181495666504,
    "process_features_model_4_multimer_v3_pred_0": 1.6450881958007812e-05,
    "predict_and_compile_model_4_multimer_v3_pred_0": 217.95720720291138,
    "predict_benchmark_model_4_multimer_v3_pred_0": 138.07817792892456,
    "process_features_model_5_multimer_v3_pred_0": 1.33514404296875e-05,
    "predict_and_compile_model_5_multimer_v3_pred_0": 214.92799973487854,
    "predict_benchmark_model_5_multimer_v3_pred_0": 138.0399992465973
}