seed,sample,ranking_score
1,0,0.5097782892720714
1,1,0.5063532380916292
1,2,0.5073765643675429
1,3,0.5318994045463772
1,4,0.5038510482273926
