{
    "features": 0.025707483291625977,
    "process_features_model_1_multimer_v3_pred_0": 3.814697265625e-06,
    "predict_and_compile_model_1_multimer_v3_pred_0": 215.30909943580627,
    "predict_benchmark_model_1_multimer_v3_pred_0": 129.7304232120514,
    "process_features_model_2_multimer_v3_pred_0": 2.0742416381835938e-05,
    "predict_and_compile_model_2_multimer_v3_pred_0": 214.27805519104004,
    "predict_benchmark_model_2_multimer_v3_pred_0": 129.78598952293396,
    "process_features_model_3_multimer_v3_pred_0": 8.344650268554688e-06,
    "predict_and_compile_model_3_multimer_v3_pred_0": 212.74091744422913,
    "predict_benchmark_model_3_multimer_v3_pred_0": 129.92362236976624,
    "process_features_model_4_multimer_v3_pred_0": 8.821487426757812e-06,
    "predict_and_compile_model_4_multimer_v3_pred_0": 207.21074676513672,
    "predict_benchmark_model_4_multimer_v3_pred_0": 126.6361768245697,
    "process_features_model_5_multimer_v3_pred_0": 1.5020370483398438e-05,
    "predict_and_compile_model_5_multimer_v3_pred_0": 207.47734141349792,
    "predict_benchmark_model_5_multimer_v3_pred_0": 126.60291528701782
}