seed,sample,ranking_score
1,0,0.6399301142326083
1,1,0.6515641659817076
1,2,0.6427247364691792
1,3,0.6356123528576664
1,4,0.6370961850206669
