seed,sample,ranking_score
1,0,0.3599592280480718
1,1,0.35905703564869257
1,2,0.3532068021978034
1,3,0.32099592306781066
1,4,0.3028522047241258
