{
    "features": 0.1607358455657959,
    "process_features_model_1_multimer_v3_pred_0": 4.5299530029296875e-06,
    "predict_and_compile_model_1_multimer_v3_pred_0": 363.4533882141113,
    "predict_benchmark_model_1_multimer_v3_pred_0": 246.38003182411194,
    "process_features_model_2_multimer_v3_pred_0": 4.5299530029296875e-06,
    "predict_and_compile_model_2_multimer_v3_pred_0": 358.84707856178284,
    "predict_benchmark_model_2_multimer_v3_pred_0": 246.0990869998932,
    "process_features_model_3_multimer_v3_pred_0": 4.291534423828125e-06,
    "predict_and_compile_model_3_multimer_v3_pred_0": 360.7698976993561,
    "predict_benchmark_model_3_multimer_v3_pred_0": 246.1523733139038,
    "process_features_model_4_multimer_v3_pred_0": 3.5762786865234375e-06,
    "predict_and_compile_model_4_multimer_v3_pred_0": 358.36852645874023,
    "predict_benchmark_model_4_multimer_v3_pred_0": 239.1702778339386,
    "process_features_model_5_multimer_v3_pred_0": 3.5762786865234375e-06,
    "predict_and_compile_model_5_multimer_v3_pred_0": 354.6164011955261,
    "predict_benchmark_model_5_multimer_v3_pred_0": 239.13090801239014
}