seed,sample,ranking_score
1,0,0.5138885376401078
1,1,0.5063582415805576
1,2,0.5114912733443632
1,3,0.5145396085852879
1,4,0.4998009907413662
