seed,sample,ranking_score
1,0,0.709825348933077
1,1,0.7087380546752332
1,2,0.694776767178886
1,3,0.7129520301678459
1,4,0.6821311524528966
