seed,sample,ranking_score
1,0,0.675720790127307
1,1,0.6477995990626217
1,2,0.6846045236428435
1,3,0.6474133113218472
1,4,0.6527775366982045
