seed,sample,ranking_score
1,0,0.6184764246078566
1,1,0.607673002033822
1,2,0.5914834709897729
1,3,0.5929839904422887
1,4,0.576145501353527
