seed,sample,ranking_score
1,0,0.9130605185234486
1,1,0.8820103324401407
1,2,0.8859187562868065
1,3,0.8895791222438594
1,4,0.9104130921177043
