seed,sample,ranking_score
1,0,0.31980484156000655
1,1,0.3289586517394471
1,2,0.31405837596850794
1,3,0.32221374346063697
1,4,0.2910781962692677
