seed,sample,ranking_score
1,0,0.5759292044316551
1,1,0.5614424232376573
1,2,0.41134826018239623
1,3,0.5379123326101893
1,4,0.552965712250533
