{
    "features": 0.015345573425292969,
    "process_features_model_1_multimer_v3_pred_0": 4.291534423828125e-06,
    "predict_and_compile_model_1_multimer_v3_pred_0": 817.1668393611908,
    "relax_model_1_multimer_v3_pred_0": 82.89473938941956,
    "process_features_model_1_multimer_v3_pred_1": 5.245208740234375e-06,
    "predict_and_compile_model_1_multimer_v3_pred_1": 433.9321758747101,
    "relax_model_1_multimer_v3_pred_1": 42.965879917144775,
    "process_features_model_1_multimer_v3_pred_2": 3.337860107421875e-06,
    "predict_and_compile_model_1_multimer_v3_pred_2": 371.63599944114685,
    "relax_model_1_multimer_v3_pred_2": 49.33019042015076,
    "process_features_model_1_multimer_v3_pred_3": 3.337860107421875e-06,
    "predict_and_compile_model_1_multimer_v3_pred_3": 647.2666845321655,
    "relax_model_1_multimer_v3_pred_3": 46.28118944168091,
    "process_features_model_1_multimer_v3_pred_4": 3.337860107421875e-06,
    "predict_and_compile_model_1_multimer_v3_pred_4": 646.9203569889069,
    "relax_model_1_multimer_v3_pred_4": 42.456496477127075,
    "process_features_model_2_multimer_v3_pred_0": 3.814697265625e-06,
    "predict_and_compile_model_2_multimer_v3_pred_0": 375.0661246776581,
    "relax_model_2_multimer_v3_pred_0": 46.311906814575195,
    "process_features_model_2_multimer_v3_pred_1": 4.291534423828125e-06,
    "predict_and_compile_model_2_multimer_v3_pred_1": 247.95059847831726,
    "relax_model_2_multimer_v3_pred_1": 46.03051424026489,
    "process_features_model_2_multimer_v3_pred_2": 3.5762786865234375e-06,
    "predict_and_compile_model_2_multimer_v3_pred_2": 371.33134961128235,
    "relax_model_2_multimer_v3_pred_2": 48.672484159469604,
    "process_features_model_2_multimer_v3_pred_3": 4.5299530029296875e-06,
    "predict_and_compile_model_2_multimer_v3_pred_3": 248.33587837219238,
    "relax_model_2_multimer_v3_pred_3": 41.58852958679199,
    "process_features_model_2_multimer_v3_pred_4": 3.337860107421875e-06,
    "predict_and_compile_model_2_multimer_v3_pred_4": 309.99575686454773,
    "relax_model_2_multimer_v3_pred_4": 46.49324440956116,
    "process_features_model_3_multimer_v3_pred_0": 3.5762786865234375e-06,
    "predict_and_compile_model_3_multimer_v3_pred_0": 537.5523173809052,
    "relax_model_3_multimer_v3_pred_0": 58.17265176773071,
    "process_features_model_3_multimer_v3_pred_1": 5.0067901611328125e-06,
    "predict_and_compile_model_3_multimer_v3_pred_1": 585.8133540153503,
    "relax_model_3_multimer_v3_pred_1": 43.67960333824158,
    "process_features_model_3_multimer_v3_pred_2": 3.0994415283203125e-06,
    "predict_and_compile_model_3_multimer_v3_pred_2": 309.9141745567322,
    "relax_model_3_multimer_v3_pred_2": 45.3034143447876,
    "process_features_model_3_multimer_v3_pred_3": 3.0994415283203125e-06,
    "predict_and_compile_model_3_multimer_v3_pred_3": 650.6518557071686,
    "relax_model_3_multimer_v3_pred_3": 42.927560806274414,
    "process_features_model_3_multimer_v3_pred_4": 3.337860107421875e-06,
    "predict_and_compile_model_3_multimer_v3_pred_4": 462.5249009132385,
    "relax_model_3_multimer_v3_pred_4": 47.602418661117554,
    "process_features_model_4_multimer_v3_pred_0": 3.814697265625e-06,
    "predict_and_compile_model_4_multimer_v3_pred_0": 772.532392501831,
    "relax_model_4_multimer_v3_pred_0": 41.596689224243164,
    "process_features_model_4_multimer_v3_pred_1": 4.291534423828125e-06,
    "predict_and_compile_model_4_multimer_v3_pred_1": 633.7522618770599,
    "relax_model_4_multimer_v3_pred_1": 41.81140184402466,
    "process_features_model_4_multimer_v3_pred_2": 3.814697265625e-06,
    "predict_and_compile_model_4_multimer_v3_pred_2": 633.6053042411804,
    "relax_model_4_multimer_v3_pred_2": 50.208210945129395,
    "process_features_model_4_multimer_v3_pred_3": 3.814697265625e-06,
    "predict_and_compile_model_4_multimer_v3_pred_3": 633.2000887393951,
    "relax_model_4_multimer_v3_pred_3": 45.36611580848694,
    "process_features_model_4_multimer_v3_pred_4": 3.5762786865234375e-06,
    "predict_and_compile_model_4_multimer_v3_pred_4": 630.4043028354645,
    "relax_model_4_multimer_v3_pred_4": 45.86834359169006,
    "process_features_model_5_multimer_v3_pred_0": 3.5762786865234375e-06,
    "predict_and_compile_model_5_multimer_v3_pred_0": 703.2506260871887,
    "relax_model_5_multimer_v3_pred_0": 76.32331228256226,
    "process_features_model_5_multimer_v3_pred_1": 4.0531158447265625e-06,
    "predict_and_compile_model_5_multimer_v3_pred_1": 633.1389815807343,
    "relax_model_5_multimer_v3_pred_1": 43.783362865448,
    "process_features_model_5_multimer_v3_pred_2": 3.5762786865234375e-06,
    "predict_and_compile_model_5_multimer_v3_pred_2": 634.1898233890533,
    "relax_model_5_multimer_v3_pred_2": 49.510878801345825,
    "process_features_model_5_multimer_v3_pred_3": 3.337860107421875e-06,
    "predict_and_compile_model_5_multimer_v3_pred_3": 633.8355441093445,
    "relax_model_5_multimer_v3_pred_3": 41.73476052284241,
    "process_features_model_5_multimer_v3_pred_4": 3.337860107421875e-06,
    "predict_and_compile_model_5_multimer_v3_pred_4": 633.560361623764,
    "relax_model_5_multimer_v3_pred_4": 42.02132248878479
}