{
    "features": 0.04509592056274414,
    "process_features_model_1_multimer_v3_pred_0": 3.5762786865234375e-06,
    "predict_and_compile_model_1_multimer_v3_pred_0": 194.22264313697815,
    "predict_benchmark_model_1_multimer_v3_pred_0": 104.12402200698853,
    "process_features_model_2_multimer_v3_pred_0": 4.291534423828125e-05,
    "predict_and_compile_model_2_multimer_v3_pred_0": 125.88424396514893,
    "predict_benchmark_model_2_multimer_v3_pred_0": 39.69454503059387,
    "process_features_model_3_multimer_v3_pred_0": 1.8835067749023438e-05,
    "predict_and_compile_model_3_multimer_v3_pred_0": 116.42633080482483,
    "predict_benchmark_model_3_multimer_v3_pred_0": 29.830801486968994,
    "process_features_model_4_multimer_v3_pred_0": 1.811981201171875e-05,
    "predict_and_compile_model_4_multimer_v3_pred_0": 121.20073223114014,
    "predict_benchmark_model_4_multimer_v3_pred_0": 29.390079975128174,
    "process_features_model_5_multimer_v3_pred_0": 1.4781951904296875e-05,
    "predict_and_compile_model_5_multimer_v3_pred_0": 158.36453485488892,
    "predict_benchmark_model_5_multimer_v3_pred_0": 68.19782376289368
}