{
    "features": 0.34757304191589355,
    "process_features_model_1_multimer_v3_pred_0": 5.0067901611328125e-06,
    "predict_and_compile_model_1_multimer_v3_pred_0": 873.7354698181152,
    "predict_benchmark_model_1_multimer_v3_pred_0": 751.5018870830536,
    "process_features_model_2_multimer_v3_pred_0": 4.291534423828125e-06,
    "predict_and_compile_model_2_multimer_v3_pred_0": 864.909398317337,
    "predict_benchmark_model_2_multimer_v3_pred_0": 751.4832973480225,
    "process_features_model_3_multimer_v3_pred_0": 4.5299530029296875e-06,
    "predict_and_compile_model_3_multimer_v3_pred_0": 867.6446697711945,
    "predict_benchmark_model_3_multimer_v3_pred_0": 752.7026309967041,
    "process_features_model_4_multimer_v3_pred_0": 9.5367431640625e-06,
    "predict_and_compile_model_4_multimer_v3_pred_0": 856.8226406574249,
    "predict_benchmark_model_4_multimer_v3_pred_0": 734.9159617424011,
    "process_features_model_5_multimer_v3_pred_0": 4.0531158447265625e-06,
    "predict_and_compile_model_5_multimer_v3_pred_0": 852.0256953239441,
    "predict_benchmark_model_5_multimer_v3_pred_0": 734.8786590099335
}