{
    "features": 0.13517117500305176,
    "process_features_model_1_multimer_v3_pred_0": 2.1457672119140625e-06,
    "predict_and_compile_model_1_multimer_v3_pred_0": 95.8923864364624,
    "predict_benchmark_model_1_multimer_v3_pred_0": 14.353424787521362,
    "process_features_model_2_multimer_v3_pred_0": 3.3855438232421875e-05,
    "predict_and_compile_model_2_multimer_v3_pred_0": 95.0360939502716,
    "predict_benchmark_model_2_multimer_v3_pred_0": 14.344929456710815,
    "process_features_model_3_multimer_v3_pred_0": 2.0742416381835938e-05,
    "predict_and_compile_model_3_multimer_v3_pred_0": 98.79609537124634,
    "predict_benchmark_model_3_multimer_v3_pred_0": 17.86124587059021,
    "process_features_model_4_multimer_v3_pred_0": 1.52587890625e-05,
    "predict_and_compile_model_4_multimer_v3_pred_0": 109.40134596824646,
    "predict_benchmark_model_4_multimer_v3_pred_0": 24.41892910003662,
    "process_features_model_5_multimer_v3_pred_0": 2.7894973754882812e-05,
    "predict_and_compile_model_5_multimer_v3_pred_0": 102.03909206390381,
    "predict_benchmark_model_5_multimer_v3_pred_0": 17.495779991149902
}