seed,sample,ranking_score
1,0,1.0027358372580215
1,1,1.0132286287956551
1,2,0.9984214311739014
1,3,0.9933574485113434
1,4,1.0063407199418533
