seed,sample,ranking_score
1,0,0.7257565174378586
1,1,0.729994216560205
1,2,0.7035627855699911
1,3,0.7439734395191432
1,4,0.7053334011862207
