seed,sample,ranking_score
1,0,0.5147250722279182
1,1,0.47075984841560625
1,2,0.5613283712346856
1,3,0.5432058926818545
1,4,0.47415111685972
