seed,sample,ranking_score
1,0,0.36127591751344773
1,1,0.3588281546749391
1,2,0.3183270687740322
1,3,0.3457440225546566
1,4,0.33515207500267963
