{
    "features": 0.12743806838989258,
    "process_features_model_1_multimer_v3_pred_0": 5.0067901611328125e-06,
    "predict_and_compile_model_1_multimer_v3_pred_0": 692.4905726909637,
    "predict_benchmark_model_1_multimer_v3_pred_0": 537.0172975063324,
    "process_features_model_2_multimer_v3_pred_0": 4.5299530029296875e-06,
    "predict_and_compile_model_2_multimer_v3_pred_0": 693.7478306293488,
    "predict_benchmark_model_2_multimer_v3_pred_0": 536.3710718154907,
    "process_features_model_3_multimer_v3_pred_0": 4.5299530029296875e-06,
    "predict_and_compile_model_3_multimer_v3_pred_0": 688.4076988697052,
    "predict_benchmark_model_3_multimer_v3_pred_0": 535.4129841327667,
    "process_features_model_4_multimer_v3_pred_0": 4.5299530029296875e-06,
    "predict_and_compile_model_4_multimer_v3_pred_0": 688.4449212551117,
    "predict_benchmark_model_4_multimer_v3_pred_0": 524.077342748642,
    "process_features_model_5_multimer_v3_pred_0": 4.76837158203125e-06,
    "predict_and_compile_model_5_multimer_v3_pred_0": 673.0965538024902,
    "predict_benchmark_model_5_multimer_v3_pred_0": 524.1112196445465
}