seed,sample,ranking_score
1,0,0.5049641570226515
1,1,0.5633953617320508
1,2,0.5238441065731253
1,3,0.5400079658243787
1,4,0.5248642912907316
