seed,sample,ranking_score
1,0,0.7591540991566949
1,1,0.761557493004541
1,2,0.7666712703628874
1,3,0.7438600198614036
1,4,0.7543653990885367
