seed,sample,ranking_score
1,0,0.6281590743451262
1,1,0.622294050026999
1,2,0.6494078229164693
1,3,0.6314732801923278
1,4,0.6215090062047669
