seed,sample,ranking_score
1,0,0.5711150739242479
1,1,0.6000720863463919
1,2,0.5738230118220394
1,3,0.5947788600149991
1,4,0.5801442660500783
