seed,sample,ranking_score
1,0,0.6674423650483834
1,1,0.6648953875893041
1,2,0.6543494321455006
1,3,0.6490631864609765
1,4,0.65133374782292
