seed,sample,ranking_score
4,0,0.8682963213871318
4,1,0.8644555617668691
4,2,0.8687102803189362
4,3,0.8688572263687482
4,4,0.8689857397843495
