seed,sample,ranking_score
1,0,0.43132757489603235
1,1,0.42524220949154
1,2,0.524259734831473
1,3,0.5489893249441358
1,4,0.43367532234350703
