seed,sample,ranking_score
4,0,0.7822413228028245
4,1,0.779956796354276
4,2,0.7744603562074113
4,3,0.7860030164861875
4,4,0.7804775064953348
