seed,sample,ranking_score
3,0,0.9878801924259081
3,1,0.9809153341274329
3,2,0.9851811184363787
3,3,0.9874415853426107
3,4,0.9836441320093248
