seed,sample,ranking_score
1,0,0.6732546096663188
1,1,0.6475524603349723
1,2,0.6512849161747747
1,3,0.6531822064597941
1,4,0.6310157278491397
