seed,sample,ranking_score
1,0,0.9590227344922223
1,1,0.9600554045280163
1,2,0.9645741486437882
1,3,0.9573031273747227
1,4,0.9738043991295553
