{
    "features": 0.006638050079345703,
    "process_features_model_1_multimer_v3_pred_0": 3.814697265625e-06,
    "predict_and_compile_model_1_multimer_v3_pred_0": 232.08502197265625,
    "relax_model_1_multimer_v3_pred_0": 25.20970630645752,
    "process_features_model_1_multimer_v3_pred_1": 2.384185791015625e-06,
    "predict_and_compile_model_1_multimer_v3_pred_1": 110.87817549705505,
    "relax_model_1_multimer_v3_pred_1": 18.54343605041504,
    "process_features_model_1_multimer_v3_pred_2": 2.384185791015625e-06,
    "predict_and_compile_model_1_multimer_v3_pred_2": 122.5564661026001,
    "relax_model_1_multimer_v3_pred_2": 32.4261577129364,
    "process_features_model_1_multimer_v3_pred_3": 2.1457672119140625e-06,
    "predict_and_compile_model_1_multimer_v3_pred_3": 58.468045711517334,
    "relax_model_1_multimer_v3_pred_3": 32.87172198295593,
    "process_features_model_1_multimer_v3_pred_4": 2.6226043701171875e-06,
    "predict_and_compile_model_1_multimer_v3_pred_4": 122.26411008834839,
    "relax_model_1_multimer_v3_pred_4": 18.455275297164917,
    "process_features_model_2_multimer_v3_pred_0": 2.1457672119140625e-06,
    "predict_and_compile_model_2_multimer_v3_pred_0": 229.77974843978882,
    "relax_model_2_multimer_v3_pred_0": 21.232420206069946,
    "process_features_model_2_multimer_v3_pred_1": 2.86102294921875e-06,
    "predict_and_compile_model_2_multimer_v3_pred_1": 116.43288946151733,
    "relax_model_2_multimer_v3_pred_1": 34.4081015586853,
    "process_features_model_2_multimer_v3_pred_2": 2.1457672119140625e-06,
    "predict_and_compile_model_2_multimer_v3_pred_2": 122.37860345840454,
    "relax_model_2_multimer_v3_pred_2": 27.47262692451477,
    "process_features_model_2_multimer_v3_pred_3": 2.86102294921875e-06,
    "predict_and_compile_model_2_multimer_v3_pred_3": 110.79838109016418,
    "relax_model_2_multimer_v3_pred_3": 18.849436044692993,
    "process_features_model_2_multimer_v3_pred_4": 2.384185791015625e-06,
    "predict_and_compile_model_2_multimer_v3_pred_4": 122.37307119369507,
    "relax_model_2_multimer_v3_pred_4": 19.004821300506592,
    "process_features_model_3_multimer_v3_pred_0": 2.6226043701171875e-06,
    "predict_and_compile_model_3_multimer_v3_pred_0": 231.5532238483429,
    "relax_model_3_multimer_v3_pred_0": 19.324647188186646,
    "process_features_model_3_multimer_v3_pred_1": 3.0994415283203125e-06,
    "predict_and_compile_model_3_multimer_v3_pred_1": 122.62720060348511,
    "relax_model_3_multimer_v3_pred_1": 20.536765813827515,
    "process_features_model_3_multimer_v3_pred_2": 3.0994415283203125e-06,
    "predict_and_compile_model_3_multimer_v3_pred_2": 122.40452194213867,
    "relax_model_3_multimer_v3_pred_2": 28.438284635543823,
    "process_features_model_3_multimer_v3_pred_3": 2.6226043701171875e-06,
    "predict_and_compile_model_3_multimer_v3_pred_3": 110.7492036819458,
    "relax_model_3_multimer_v3_pred_3": 148.8027515411377,
    "process_features_model_3_multimer_v3_pred_4": 3.0994415283203125e-06,
    "predict_and_compile_model_3_multimer_v3_pred_4": 122.277578830719,
    "relax_model_3_multimer_v3_pred_4": 32.175392627716064,
    "process_features_model_4_multimer_v3_pred_0": 2.384185791015625e-06,
    "predict_and_compile_model_4_multimer_v3_pred_0": 233.13118052482605,
    "relax_model_4_multimer_v3_pred_0": 37.8422417640686,
    "process_features_model_4_multimer_v3_pred_1": 3.0994415283203125e-06,
    "predict_and_compile_model_4_multimer_v3_pred_1": 120.81927275657654,
    "relax_model_4_multimer_v3_pred_1": 123.65630650520325,
    "process_features_model_4_multimer_v3_pred_2": 2.1457672119140625e-06,
    "predict_and_compile_model_4_multimer_v3_pred_2": 120.62028002738953,
    "relax_model_4_multimer_v3_pred_2": 34.77160310745239,
    "process_features_model_4_multimer_v3_pred_3": 2.384185791015625e-06,
    "predict_and_compile_model_4_multimer_v3_pred_3": 120.64740514755249,
    "relax_model_4_multimer_v3_pred_3": 21.677796363830566,
    "process_features_model_4_multimer_v3_pred_4": 2.1457672119140625e-06,
    "predict_and_compile_model_4_multimer_v3_pred_4": 120.46082210540771,
    "relax_model_4_multimer_v3_pred_4": 22.374157905578613,
    "process_features_model_5_multimer_v3_pred_0": 3.814697265625e-06,
    "predict_and_compile_model_5_multimer_v3_pred_0": 232.38789796829224,
    "relax_model_5_multimer_v3_pred_0": 33.88899278640747,
    "process_features_model_5_multimer_v3_pred_1": 4.291534423828125e-06,
    "predict_and_compile_model_5_multimer_v3_pred_1": 120.47883534431458,
    "relax_model_5_multimer_v3_pred_1": 19.38957953453064,
    "process_features_model_5_multimer_v3_pred_2": 2.6226043701171875e-06,
    "predict_and_compile_model_5_multimer_v3_pred_2": 120.76139426231384,
    "relax_model_5_multimer_v3_pred_2": 39.440747022628784,
    "process_features_model_5_multimer_v3_pred_3": 2.6226043701171875e-06,
    "predict_and_compile_model_5_multimer_v3_pred_3": 120.52999877929688,
    "relax_model_5_multimer_v3_pred_3": 18.956387758255005,
    "process_features_model_5_multimer_v3_pred_4": 2.384185791015625e-06,
    "predict_and_compile_model_5_multimer_v3_pred_4": 120.74970960617065,
    "relax_model_5_multimer_v3_pred_4": 19.656295776367188
}