seed,sample,ranking_score
1,0,0.2905043722988574
1,1,0.41801295088865686
1,2,0.42372139200864906
1,3,0.45157550162549065
1,4,0.4183292275189543
