seed,sample,ranking_score
1,0,0.5956265610786573
1,1,0.6107170953714203
1,2,0.616386795947694
1,3,0.6134361874260577
1,4,0.592629762235455
