seed,sample,ranking_score
1,0,0.929135643577831
1,1,0.9434308493555295
1,2,0.9385456849497815
1,3,0.937282307897022
1,4,0.9463782842949212
