seed,sample,ranking_score
1,0,0.9017751499774239
1,1,0.8974325526223572
1,2,0.8997027986507646
1,3,0.9070009709932763
1,4,0.9122746601627232
