{
    "features": 0.19620203971862793,
    "process_features_model_1_multimer_v3_pred_0": 6.198883056640625e-06,
    "predict_and_compile_model_1_multimer_v3_pred_0": 2477.3185012340546,
    "predict_benchmark_model_1_multimer_v3_pred_0": 2341.7475543022156,
    "process_features_model_2_multimer_v3_pred_0": 4.76837158203125e-06,
    "predict_and_compile_model_2_multimer_v3_pred_0": 2453.374125957489,
    "predict_benchmark_model_2_multimer_v3_pred_0": 2344.188106060028,
    "process_features_model_3_multimer_v3_pred_0": 4.5299530029296875e-06,
    "predict_and_compile_model_3_multimer_v3_pred_0": 2455.103672981262,
    "predict_benchmark_model_3_multimer_v3_pred_0": 2352.1327590942383,
    "process_features_model_4_multimer_v3_pred_0": 2.9087066650390625e-05,
    "predict_and_compile_model_4_multimer_v3_pred_0": 2403.9694674015045,
    "predict_benchmark_model_4_multimer_v3_pred_0": 2290.8170289993286,
    "process_features_model_5_multimer_v3_pred_0": 1.0728836059570312e-05,
    "predict_and_compile_model_5_multimer_v3_pred_0": 2393.479659318924,
    "predict_benchmark_model_5_multimer_v3_pred_0": 2298.90900015831
}