seed,sample,ranking_score
1,0,0.5882860914596802
1,1,0.6100873301994362
1,2,0.6006427232094785
1,3,0.6267141760834646
1,4,0.6002854823844397
