seed,sample,ranking_score
1,0,0.6689127654004393
1,1,0.7074667347226856
1,2,0.6903609628836163
1,3,0.69102159992254
1,4,0.642979760693306
