seed,sample,ranking_score
1,0,0.5028655363876983
1,1,0.5055183614229142
1,2,0.48914352159479896
1,3,0.576125796321168
1,4,0.4904270776947756
