seed,sample,ranking_score
1,0,0.9217395127703758
1,1,0.9125472634294569
1,2,0.8830377677849234
1,3,0.9044913198432947
1,4,0.9120182449268543
