seed,sample,ranking_score
1,0,0.8078690041491388
1,1,0.8001706857294405
1,2,0.8037328752511845
1,3,0.81056632325058
1,4,0.7702667542145906
