{
    "features": 3.032888889312744,
    "process_features_model_1_multimer_v3_pred_0": 5.9604644775390625e-06,
    "predict_and_compile_model_1_multimer_v3_pred_0": 115.68263125419617,
    "predict_benchmark_model_1_multimer_v3_pred_0": 29.72111701965332,
    "process_features_model_2_multimer_v3_pred_0": 1.9073486328125e-05,
    "predict_and_compile_model_2_multimer_v3_pred_0": 125.51655983924866,
    "predict_benchmark_model_2_multimer_v3_pred_0": 41.4924156665802,
    "process_features_model_3_multimer_v3_pred_0": 1.9073486328125e-05,
    "predict_and_compile_model_3_multimer_v3_pred_0": 133.49202418327332,
    "predict_benchmark_model_3_multimer_v3_pred_0": 47.65667271614075,
    "process_features_model_4_multimer_v3_pred_0": 2.384185791015625e-05,
    "predict_and_compile_model_4_multimer_v3_pred_0": 114.07153701782227,
    "predict_benchmark_model_4_multimer_v3_pred_0": 28.741731643676758,
    "process_features_model_5_multimer_v3_pred_0": 2.0742416381835938e-05,
    "predict_and_compile_model_5_multimer_v3_pred_0": 107.68297839164734,
    "predict_benchmark_model_5_multimer_v3_pred_0": 23.070131301879883
}