seed,sample,ranking_score
1,0,0.49264888137936963
1,1,0.48385044920129083
1,2,0.47952853157931913
1,3,0.4700231909661206
1,4,0.5019984923917833
