{
    "features": 0.1434950828552246,
    "process_features_model_1_multimer_v3_pred_0": 2.1457672119140625e-06,
    "predict_and_compile_model_1_multimer_v3_pred_0": 116.33218002319336,
    "predict_benchmark_model_1_multimer_v3_pred_0": 40.63655161857605,
    "process_features_model_2_multimer_v3_pred_0": 1.4066696166992188e-05,
    "predict_and_compile_model_2_multimer_v3_pred_0": 109.09027075767517,
    "predict_benchmark_model_2_multimer_v3_pred_0": 30.484391450881958,
    "process_features_model_3_multimer_v3_pred_0": 3.0040740966796875e-05,
    "predict_and_compile_model_3_multimer_v3_pred_0": 109.66697812080383,
    "predict_benchmark_model_3_multimer_v3_pred_0": 30.604301929473877,
    "process_features_model_4_multimer_v3_pred_0": 1.1682510375976562e-05,
    "predict_and_compile_model_4_multimer_v3_pred_0": 115.2672848701477,
    "predict_benchmark_model_4_multimer_v3_pred_0": 34.85648465156555,
    "process_features_model_5_multimer_v3_pred_0": 1.1205673217773438e-05,
    "predict_and_compile_model_5_multimer_v3_pred_0": 113.54432678222656,
    "predict_benchmark_model_5_multimer_v3_pred_0": 34.89788103103638
}