seed,sample,ranking_score
1,0,0.49830540175038673
1,1,0.4685586523153934
1,2,0.48473268217327214
1,3,0.49822099964445155
1,4,0.5000718950246226
