{
    "iptm+ptm": {
        "model_1_multimer_v3_pred_0": 0.6025642380234095,
        "model_1_multimer_v3_pred_1": 0.6057239547976971,
        "model_1_multimer_v3_pred_2": 0.6133962292638566,
        "model_1_multimer_v3_pred_3": 0.610438273755309,
        "model_1_multimer_v3_pred_4": 0.6105749242938835,
        "model_2_multimer_v3_pred_0": 0.6575039176616596,
        "model_2_multimer_v3_pred_1": 0.5617221622061059,
        "model_2_multimer_v3_pred_2": 0.6569580817642259,
        "model_2_multimer_v3_pred_3": 0.5664989720302036,
        "model_2_multimer_v3_pred_4": 0.6595732614866326,
        "model_3_multimer_v3_pred_0": 0.5822991721039297,
        "model_3_multimer_v3_pred_1": 0.7005616102645853,
        "model_3_multimer_v3_pred_2": 0.5858547471932348,
        "model_3_multimer_v3_pred_3": 0.5843984599238438,
        "model_3_multimer_v3_pred_4": 0.5818811815999791,
        "model_4_multimer_v3_pred_0": 0.7316212572218109,
        "model_4_multimer_v3_pred_1": 0.7335419697869813,
        "model_4_multimer_v3_pred_2": 0.5996809232469859,
        "model_4_multimer_v3_pred_3": 0.5864750610575487,
        "model_4_multimer_v3_pred_4": 0.7245173809661694,
        "model_5_multimer_v3_pred_0": 0.628643814309107,
        "model_5_multimer_v3_pred_1": 0.626665912253767,
        "model_5_multimer_v3_pred_2": 0.610203892460895,
        "model_5_multimer_v3_pred_3": 0.6276026268598129,
        "model_5_multimer_v3_pred_4": 0.620567606953041
    },
    "order": [
        "model_4_multimer_v3_pred_1",
        "model_4_multimer_v3_pred_0",
        "model_4_multimer_v3_pred_4",
        "model_3_multimer_v3_pred_1",
        "model_2_multimer_v3_pred_4",
        "model_2_multimer_v3_pred_0",
        "model_2_multimer_v3_pred_2",
        "model_5_multimer_v3_pred_0",
        "model_5_multimer_v3_pred_3",
        "model_5_multimer_v3_pred_1",
        "model_5_multimer_v3_pred_4",
        "model_1_multimer_v3_pred_2",
        "model_1_multimer_v3_pred_4",
        "model_1_multimer_v3_pred_3",
        "model_5_multimer_v3_pred_2",
        "model_1_multimer_v3_pred_1",
        "model_1_multimer_v3_pred_0",
        "model_4_multimer_v3_pred_2",
        "model_4_multimer_v3_pred_3",
        "model_3_multimer_v3_pred_2",
        "model_3_multimer_v3_pred_3",
        "model_3_multimer_v3_pred_0",
        "model_3_multimer_v3_pred_4",
        "model_2_multimer_v3_pred_3",
        "model_2_multimer_v3_pred_1"
    ]
}