seed,sample,ranking_score
1,0,0.921084529176512
1,1,0.9240900917895338
1,2,0.9306699396825551
1,3,0.9234475982641493
1,4,0.9217436881569223
