seed,sample,ranking_score
1,0,0.6956861858909461
1,1,0.4592512477834338
1,2,0.6656495795143879
1,3,0.5153419715402754
1,4,0.5501691564478141
