{
    "features": 0.007935523986816406,
    "process_features_model_1_multimer_v3_pred_0": 3.5762786865234375e-06,
    "predict_and_compile_model_1_multimer_v3_pred_0": 153.19353938102722,
    "relax_model_1_multimer_v3_pred_0": 21.348058938980103,
    "process_features_model_1_multimer_v3_pred_1": 3.337860107421875e-06,
    "predict_and_compile_model_1_multimer_v3_pred_1": 42.72027564048767,
    "relax_model_1_multimer_v3_pred_1": 19.122638463974,
    "process_features_model_1_multimer_v3_pred_2": 2.86102294921875e-06,
    "predict_and_compile_model_1_multimer_v3_pred_2": 66.97057294845581,
    "relax_model_1_multimer_v3_pred_2": 18.454646825790405,
    "process_features_model_1_multimer_v3_pred_3": 2.6226043701171875e-06,
    "predict_and_compile_model_1_multimer_v3_pred_3": 48.713879108428955,
    "relax_model_1_multimer_v3_pred_3": 19.485540866851807,
    "process_features_model_1_multimer_v3_pred_4": 3.0994415283203125e-06,
    "predict_and_compile_model_1_multimer_v3_pred_4": 48.61622166633606,
    "relax_model_1_multimer_v3_pred_4": 19.26941990852356,
    "process_features_model_2_multimer_v3_pred_0": 2.6226043701171875e-06,
    "predict_and_compile_model_2_multimer_v3_pred_0": 143.93470883369446,
    "relax_model_2_multimer_v3_pred_0": 19.25661540031433,
    "process_features_model_2_multimer_v3_pred_1": 3.337860107421875e-06,
    "predict_and_compile_model_2_multimer_v3_pred_1": 24.595162868499756,
    "relax_model_2_multimer_v3_pred_1": 18.777162313461304,
    "process_features_model_2_multimer_v3_pred_2": 2.6226043701171875e-06,
    "predict_and_compile_model_2_multimer_v3_pred_2": 36.56182384490967,
    "relax_model_2_multimer_v3_pred_2": 19.131697177886963,
    "process_features_model_2_multimer_v3_pred_3": 2.6226043701171875e-06,
    "predict_and_compile_model_2_multimer_v3_pred_3": 30.59489893913269,
    "relax_model_2_multimer_v3_pred_3": 19.07848858833313,
    "process_features_model_2_multimer_v3_pred_4": 2.384185791015625e-06,
    "predict_and_compile_model_2_multimer_v3_pred_4": 30.60839533805847,
    "relax_model_2_multimer_v3_pred_4": 19.450233936309814,
    "process_features_model_3_multimer_v3_pred_0": 2.1457672119140625e-06,
    "predict_and_compile_model_3_multimer_v3_pred_0": 152.11813139915466,
    "relax_model_3_multimer_v3_pred_0": 19.2632098197937,
    "process_features_model_3_multimer_v3_pred_1": 2.6226043701171875e-06,
    "predict_and_compile_model_3_multimer_v3_pred_1": 36.74603199958801,
    "relax_model_3_multimer_v3_pred_1": 19.403331756591797,
    "process_features_model_3_multimer_v3_pred_2": 2.86102294921875e-06,
    "predict_and_compile_model_3_multimer_v3_pred_2": 42.68577003479004,
    "relax_model_3_multimer_v3_pred_2": 33.882922410964966,
    "process_features_model_3_multimer_v3_pred_3": 2.1457672119140625e-06,
    "predict_and_compile_model_3_multimer_v3_pred_3": 36.6572949886322,
    "relax_model_3_multimer_v3_pred_3": 18.364298105239868,
    "process_features_model_3_multimer_v3_pred_4": 2.6226043701171875e-06,
    "predict_and_compile_model_3_multimer_v3_pred_4": 30.64032793045044,
    "relax_model_3_multimer_v3_pred_4": 18.69955825805664,
    "process_features_model_4_multimer_v3_pred_0": 2.384185791015625e-06,
    "predict_and_compile_model_4_multimer_v3_pred_0": 155.29538464546204,
    "relax_model_4_multimer_v3_pred_0": 18.65562605857849,
    "process_features_model_4_multimer_v3_pred_1": 2.6226043701171875e-06,
    "predict_and_compile_model_4_multimer_v3_pred_1": 41.370651721954346,
    "relax_model_4_multimer_v3_pred_1": 18.578673601150513,
    "process_features_model_4_multimer_v3_pred_2": 2.1457672119140625e-06,
    "predict_and_compile_model_4_multimer_v3_pred_2": 41.3552782535553,
    "relax_model_4_multimer_v3_pred_2": 18.84469175338745,
    "process_features_model_4_multimer_v3_pred_3": 2.6226043701171875e-06,
    "predict_and_compile_model_4_multimer_v3_pred_3": 41.312567472457886,
    "relax_model_4_multimer_v3_pred_3": 18.875017166137695,
    "process_features_model_4_multimer_v3_pred_4": 2.6226043701171875e-06,
    "predict_and_compile_model_4_multimer_v3_pred_4": 35.47880458831787,
    "relax_model_4_multimer_v3_pred_4": 19.44923973083496,
    "process_features_model_5_multimer_v3_pred_0": 2.6226043701171875e-06,
    "predict_and_compile_model_5_multimer_v3_pred_0": 146.16870784759521,
    "relax_model_5_multimer_v3_pred_0": 18.86516499519348,
    "process_features_model_5_multimer_v3_pred_1": 3.0994415283203125e-06,
    "predict_and_compile_model_5_multimer_v3_pred_1": 23.78603959083557,
    "relax_model_5_multimer_v3_pred_1": 18.63869857788086,
    "process_features_model_5_multimer_v3_pred_2": 3.5762786865234375e-06,
    "predict_and_compile_model_5_multimer_v3_pred_2": 29.612446546554565,
    "relax_model_5_multimer_v3_pred_2": 18.97014546394348,
    "process_features_model_5_multimer_v3_pred_3": 2.6226043701171875e-06,
    "predict_and_compile_model_5_multimer_v3_pred_3": 23.815117359161377,
    "relax_model_5_multimer_v3_pred_3": 18.662258625030518,
    "process_features_model_5_multimer_v3_pred_4": 2.1457672119140625e-06,
    "predict_and_compile_model_5_multimer_v3_pred_4": 23.896892309188843,
    "relax_model_5_multimer_v3_pred_4": 19.728986263275146
}