{
    "features": 0.024859905242919922,
    "process_features_model_1_multimer_v3_pred_0": 2.86102294921875e-06,
    "predict_and_compile_model_1_multimer_v3_pred_0": 132.20302438735962,
    "predict_benchmark_model_1_multimer_v3_pred_0": 44.59910464286804,
    "process_features_model_2_multimer_v3_pred_0": 8.893013000488281e-05,
    "predict_and_compile_model_2_multimer_v3_pred_0": 202.41649746894836,
    "predict_benchmark_model_2_multimer_v3_pred_0": 117.1738977432251,
    "process_features_model_3_multimer_v3_pred_0": 2.86102294921875e-05,
    "predict_and_compile_model_3_multimer_v3_pred_0": 206.04351949691772,
    "predict_benchmark_model_3_multimer_v3_pred_0": 117.17805743217468,
    "process_features_model_4_multimer_v3_pred_0": 2.5987625122070312e-05,
    "predict_and_compile_model_4_multimer_v3_pred_0": 198.9506208896637,
    "predict_benchmark_model_4_multimer_v3_pred_0": 113.7601945400238,
    "process_features_model_5_multimer_v3_pred_0": 2.86102294921875e-05,
    "predict_and_compile_model_5_multimer_v3_pred_0": 198.04016828536987,
    "predict_benchmark_model_5_multimer_v3_pred_0": 113.29108214378357
}