{
    "features": 0.0691826343536377,
    "process_features_model_1_multimer_v3_pred_0": 3.814697265625e-06,
    "predict_and_compile_model_1_multimer_v3_pred_0": 240.46497440338135,
    "predict_benchmark_model_1_multimer_v3_pred_0": 154.0824031829834,
    "process_features_model_2_multimer_v3_pred_0": 2.6941299438476562e-05,
    "predict_and_compile_model_2_multimer_v3_pred_0": 237.0455322265625,
    "predict_benchmark_model_2_multimer_v3_pred_0": 154.03778839111328,
    "process_features_model_3_multimer_v3_pred_0": 3.600120544433594e-05,
    "predict_and_compile_model_3_multimer_v3_pred_0": 238.9900279045105,
    "predict_benchmark_model_3_multimer_v3_pred_0": 154.40325331687927,
    "process_features_model_4_multimer_v3_pred_0": 1.8358230590820312e-05,
    "predict_and_compile_model_4_multimer_v3_pred_0": 231.89694118499756,
    "predict_benchmark_model_4_multimer_v3_pred_0": 149.3462598323822,
    "process_features_model_5_multimer_v3_pred_0": 1.1682510375976562e-05,
    "predict_and_compile_model_5_multimer_v3_pred_0": 232.86531400680542,
    "predict_benchmark_model_5_multimer_v3_pred_0": 149.10920524597168
}