seed,sample,ranking_score
1,0,0.6144736608422668
1,1,0.5773235723088468
1,2,0.6566116400160982
1,3,0.6075604939177396
1,4,0.6499258039794031
