seed,sample,ranking_score
3,0,0.9600015865556288
3,1,0.9500609763682933
3,2,0.9459971169039013
3,3,0.9409742083714698
3,4,0.9592738010855151
