seed,sample,ranking_score
1,0,0.4831496383546366
1,1,0.4732759141996751
1,2,0.4856261832276908
1,3,0.4734587677618283
1,4,0.3966726412312087
