seed,sample,ranking_score
5,0,0.648014884870949
5,1,0.6454644342151851
5,2,0.6611431676578742
5,3,0.5787519788265422
5,4,0.6353819569676779
