{
    "features": 0.0074253082275390625,
    "process_features_model_1_multimer_v3_pred_0": 3.337860107421875e-06,
    "predict_and_compile_model_1_multimer_v3_pred_0": 259.0720682144165,
    "relax_model_1_multimer_v3_pred_0": 22.784502506256104,
    "process_features_model_1_multimer_v3_pred_1": 2.6226043701171875e-06,
    "predict_and_compile_model_1_multimer_v3_pred_1": 139.6871645450592,
    "relax_model_1_multimer_v3_pred_1": 20.798662900924683,
    "process_features_model_1_multimer_v3_pred_2": 2.384185791015625e-06,
    "predict_and_compile_model_1_multimer_v3_pred_2": 139.82280278205872,
    "relax_model_1_multimer_v3_pred_2": 20.762245893478394,
    "process_features_model_1_multimer_v3_pred_3": 2.384185791015625e-06,
    "predict_and_compile_model_1_multimer_v3_pred_3": 139.6372046470642,
    "relax_model_1_multimer_v3_pred_3": 21.072224378585815,
    "process_features_model_1_multimer_v3_pred_4": 2.384185791015625e-06,
    "predict_and_compile_model_1_multimer_v3_pred_4": 86.77158641815186,
    "relax_model_1_multimer_v3_pred_4": 21.54984736442566,
    "process_features_model_2_multimer_v3_pred_0": 2.384185791015625e-06,
    "predict_and_compile_model_2_multimer_v3_pred_0": 163.07636547088623,
    "relax_model_2_multimer_v3_pred_0": 23.864514350891113,
    "process_features_model_2_multimer_v3_pred_1": 2.1457672119140625e-06,
    "predict_and_compile_model_2_multimer_v3_pred_1": 80.0920569896698,
    "relax_model_2_multimer_v3_pred_1": 22.68534517288208,
    "process_features_model_2_multimer_v3_pred_2": 2.6226043701171875e-06,
    "predict_and_compile_model_2_multimer_v3_pred_2": 40.375473499298096,
    "relax_model_2_multimer_v3_pred_2": 20.893913984298706,
    "process_features_model_2_multimer_v3_pred_3": 2.6226043701171875e-06,
    "predict_and_compile_model_2_multimer_v3_pred_3": 60.168689012527466,
    "relax_model_2_multimer_v3_pred_3": 21.68091583251953,
    "process_features_model_2_multimer_v3_pred_4": 2.1457672119140625e-06,
    "predict_and_compile_model_2_multimer_v3_pred_4": 60.277669191360474,
    "relax_model_2_multimer_v3_pred_4": 21.191256761550903,
    "process_features_model_3_multimer_v3_pred_0": 2.6226043701171875e-06,
    "predict_and_compile_model_3_multimer_v3_pred_0": 151.77274918556213,
    "relax_model_3_multimer_v3_pred_0": 37.104896545410156,
    "process_features_model_3_multimer_v3_pred_1": 2.384185791015625e-06,
    "predict_and_compile_model_3_multimer_v3_pred_1": 86.60356783866882,
    "relax_model_3_multimer_v3_pred_1": 39.167086601257324,
    "process_features_model_3_multimer_v3_pred_2": 2.86102294921875e-06,
    "predict_and_compile_model_3_multimer_v3_pred_2": 33.67889380455017,
    "relax_model_3_multimer_v3_pred_2": 29.33592462539673,
    "process_features_model_3_multimer_v3_pred_3": 2.1457672119140625e-06,
    "predict_and_compile_model_3_multimer_v3_pred_3": 73.45328879356384,
    "relax_model_3_multimer_v3_pred_3": 29.840965509414673,
    "process_features_model_3_multimer_v3_pred_4": 2.384185791015625e-06,
    "predict_and_compile_model_3_multimer_v3_pred_4": 60.19729208946228,
    "relax_model_3_multimer_v3_pred_4": 29.221288442611694,
    "process_features_model_4_multimer_v3_pred_0": 2.1457672119140625e-06,
    "predict_and_compile_model_4_multimer_v3_pred_0": 257.1216049194336,
    "relax_model_4_multimer_v3_pred_0": 20.863253355026245,
    "process_features_model_4_multimer_v3_pred_1": 2.6226043701171875e-06,
    "predict_and_compile_model_4_multimer_v3_pred_1": 137.05121159553528,
    "relax_model_4_multimer_v3_pred_1": 20.064064979553223,
    "process_features_model_4_multimer_v3_pred_2": 2.384185791015625e-06,
    "predict_and_compile_model_4_multimer_v3_pred_2": 137.04031014442444,
    "relax_model_4_multimer_v3_pred_2": 28.021315574645996,
    "process_features_model_4_multimer_v3_pred_3": 2.86102294921875e-06,
    "predict_and_compile_model_4_multimer_v3_pred_3": 136.84007334709167,
    "relax_model_4_multimer_v3_pred_3": 21.07489538192749,
    "process_features_model_4_multimer_v3_pred_4": 3.0994415283203125e-06,
    "predict_and_compile_model_4_multimer_v3_pred_4": 137.34984970092773,
    "relax_model_4_multimer_v3_pred_4": 20.965805292129517,
    "process_features_model_5_multimer_v3_pred_0": 2.384185791015625e-06,
    "predict_and_compile_model_5_multimer_v3_pred_0": 254.54199504852295,
    "relax_model_5_multimer_v3_pred_0": 21.53872561454773,
    "process_features_model_5_multimer_v3_pred_1": 2.6226043701171875e-06,
    "predict_and_compile_model_5_multimer_v3_pred_1": 137.11737775802612,
    "relax_model_5_multimer_v3_pred_1": 21.922839879989624,
    "process_features_model_5_multimer_v3_pred_2": 2.6226043701171875e-06,
    "predict_and_compile_model_5_multimer_v3_pred_2": 137.05745816230774,
    "relax_model_5_multimer_v3_pred_2": 29.222402334213257,
    "process_features_model_5_multimer_v3_pred_3": 2.6226043701171875e-06,
    "predict_and_compile_model_5_multimer_v3_pred_3": 137.27594423294067,
    "relax_model_5_multimer_v3_pred_3": 36.26966309547424,
    "process_features_model_5_multimer_v3_pred_4": 2.6226043701171875e-06,
    "predict_and_compile_model_5_multimer_v3_pred_4": 137.21875667572021,
    "relax_model_5_multimer_v3_pred_4": 21.06700849533081
}