seed,sample,ranking_score
1,0,0.6194280495846509
1,1,0.6053924721361071
1,2,0.6066662266741885
1,3,0.6103702475911137
1,4,0.5268597616619887
