seed,sample,ranking_score
1,0,0.6750179414333777
1,1,0.6563261149841746
1,2,0.6640267258886084
1,3,0.633543093091393
1,4,0.655104629462694
