seed,sample,ranking_score
1,0,0.6037493068436225
1,1,0.5902909045247517
1,2,0.6024003925422767
1,3,0.604275082663401
1,4,0.5914095323101793
