seed,sample,ranking_score
1,0,0.6289173253397649
1,1,0.6422625228763064
1,2,0.6252789843405584
1,3,0.5452170490112869
1,4,0.5220566962467021
