seed,sample,ranking_score
1,0,0.34054789850608
1,1,0.299923323506484
1,2,0.340192786548459
1,3,0.3278949477424381
1,4,0.32687270051494083
