seed,sample,ranking_score
1,0,0.5058656459401518
1,1,0.5118514360054389
1,2,0.523077502587683
1,3,0.49769192972193255
1,4,0.49653149286854276
