seed,sample,ranking_score
1,0,0.5037070084308648
1,1,0.45856301555364787
1,2,0.4591062740493833
1,3,0.48234621890304324
1,4,0.4505478760086514
