{
    "iptm+ptm": {
        "model_1_multimer_v3_pred_0": 0.8197050895635248,
        "model_1_multimer_v3_pred_1": 0.7893693843017102,
        "model_1_multimer_v3_pred_2": 0.8191590474707892,
        "model_1_multimer_v3_pred_3": 0.824945359955498,
        "model_1_multimer_v3_pred_4": 0.8085451741969457,
        "model_2_multimer_v3_pred_0": 0.795871503877926,
        "model_2_multimer_v3_pred_1": 0.8077677451566505,
        "model_2_multimer_v3_pred_2": 0.7909666582777766,
        "model_2_multimer_v3_pred_3": 0.8066422563727398,
        "model_2_multimer_v3_pred_4": 0.7962216094698616,
        "model_3_multimer_v3_pred_0": 0.8465610360452959,
        "model_3_multimer_v3_pred_1": 0.808277097677397,
        "model_3_multimer_v3_pred_2": 0.7692123884418984,
        "model_3_multimer_v3_pred_3": 0.7753223037913363,
        "model_3_multimer_v3_pred_4": 0.8083371973985789,
        "model_4_multimer_v3_pred_0": 0.7768916757386077,
        "model_4_multimer_v3_pred_1": 0.8300024696885171,
        "model_4_multimer_v3_pred_2": 0.7630854576228165,
        "model_4_multimer_v3_pred_3": 0.7535409719776001,
        "model_4_multimer_v3_pred_4": 0.7936571602096131,
        "model_5_multimer_v3_pred_0": 0.7566104955569218,
        "model_5_multimer_v3_pred_1": 0.7561861829762264,
        "model_5_multimer_v3_pred_2": 0.7497657922964851,
        "model_5_multimer_v3_pred_3": 0.8060767067840795,
        "model_5_multimer_v3_pred_4": 0.7890267520754232
    },
    "order": [
        "model_3_multimer_v3_pred_0",
        "model_4_multimer_v3_pred_1",
        "model_1_multimer_v3_pred_3",
        "model_1_multimer_v3_pred_0",
        "model_1_multimer_v3_pred_2",
        "model_1_multimer_v3_pred_4",
        "model_3_multimer_v3_pred_4",
        "model_3_multimer_v3_pred_1",
        "model_2_multimer_v3_pred_1",
        "model_2_multimer_v3_pred_3",
        "model_5_multimer_v3_pred_3",
        "model_2_multimer_v3_pred_4",
        "model_2_multimer_v3_pred_0",
        "model_4_multimer_v3_pred_4",
        "model_2_multimer_v3_pred_2",
        "model_1_multimer_v3_pred_1",
        "model_5_multimer_v3_pred_4",
        "model_4_multimer_v3_pred_0",
        "model_3_multimer_v3_pred_3",
        "model_3_multimer_v3_pred_2",
        "model_4_multimer_v3_pred_2",
        "model_5_multimer_v3_pred_0",
        "model_5_multimer_v3_pred_1",
        "model_4_multimer_v3_pred_3",
        "model_5_multimer_v3_pred_2"
    ]
}