seed,sample,ranking_score
1,0,0.5694294539147071
1,1,0.5638227024309085
1,2,0.5501740310240287
1,3,0.5613160512169558
1,4,0.5413417379941183
