seed,sample,ranking_score
1,0,0.6214931945444652
1,1,0.5943419139562637
1,2,0.6402683364196956
1,3,0.6141745774307161
1,4,0.6195491092585937
