seed,sample,ranking_score
1,0,0.6835557776192988
1,1,0.7120276546743891
1,2,0.6978415421500216
1,3,0.7193404912205857
1,4,0.683555715047185
