seed,sample,ranking_score
1,0,0.8154674497546874
1,1,0.8310374940813829
1,2,0.811040301916416
1,3,0.8175720517744008
1,4,0.786150137668592
