seed,sample,ranking_score
1,0,0.7341302414995912
1,1,0.72114612284598
1,2,0.7253903331311177
1,3,0.7372275050120319
1,4,0.7420575390146701
