seed,sample,ranking_score
1,0,0.9307848171248391
1,1,0.9405456768832544
1,2,0.9588355407790614
1,3,0.9475526247877316
1,4,0.9331350526768988
