seed,sample,ranking_score
1,0,0.7363501531459872
1,1,0.7108745631832094
1,2,0.7110243527075617
1,3,0.7320198072199889
1,4,0.7360231928467383
