seed,sample,ranking_score
1,0,0.4633986918804979
1,1,0.4941595924708222
1,2,0.48751556062811036
1,3,0.46109461717217615
1,4,0.47608311362592537
