{
    "features": 0.0229794979095459,
    "process_features_model_1_multimer_v3_pred_0": 3.337860107421875e-06,
    "predict_and_compile_model_1_multimer_v3_pred_0": 217.2673373222351,
    "predict_benchmark_model_1_multimer_v3_pred_0": 132.97641515731812,
    "process_features_model_2_multimer_v3_pred_0": 1.6689300537109375e-05,
    "predict_and_compile_model_2_multimer_v3_pred_0": 216.2164466381073,
    "predict_benchmark_model_2_multimer_v3_pred_0": 133.01720690727234,
    "process_features_model_3_multimer_v3_pred_0": 2.8133392333984375e-05,
    "predict_and_compile_model_3_multimer_v3_pred_0": 225.2868332862854,
    "predict_benchmark_model_3_multimer_v3_pred_0": 132.9320113658905,
    "process_features_model_4_multimer_v3_pred_0": 2.9802322387695312e-05,
    "predict_and_compile_model_4_multimer_v3_pred_0": 218.64064955711365,
    "predict_benchmark_model_4_multimer_v3_pred_0": 128.38601326942444,
    "process_features_model_5_multimer_v3_pred_0": 1.1682510375976562e-05,
    "predict_and_compile_model_5_multimer_v3_pred_0": 189.71599769592285,
    "predict_benchmark_model_5_multimer_v3_pred_0": 97.94397568702698
}