{
    "features": 0.004947662353515625,
    "process_features_model_1_multimer_v3_pred_0": 3.5762786865234375e-06,
    "predict_and_compile_model_1_multimer_v3_pred_0": 170.00441980361938,
    "relax_model_1_multimer_v3_pred_0": 19.284781455993652,
    "process_features_model_1_multimer_v3_pred_1": 3.0994415283203125e-06,
    "predict_and_compile_model_1_multimer_v3_pred_1": 23.597254276275635,
    "relax_model_1_multimer_v3_pred_1": 17.21630024909973,
    "process_features_model_1_multimer_v3_pred_2": 2.384185791015625e-06,
    "predict_and_compile_model_1_multimer_v3_pred_2": 46.808592319488525,
    "relax_model_1_multimer_v3_pred_2": 16.722674131393433,
    "process_features_model_1_multimer_v3_pred_3": 2.6226043701171875e-06,
    "predict_and_compile_model_1_multimer_v3_pred_3": 51.44288730621338,
    "relax_model_1_multimer_v3_pred_3": 16.504432201385498,
    "process_features_model_1_multimer_v3_pred_4": 2.384185791015625e-06,
    "predict_and_compile_model_1_multimer_v3_pred_4": 46.834213972091675,
    "relax_model_1_multimer_v3_pred_4": 16.685371160507202,
    "process_features_model_2_multimer_v3_pred_0": 2.384185791015625e-06,
    "predict_and_compile_model_2_multimer_v3_pred_0": 135.9587860107422,
    "relax_model_2_multimer_v3_pred_0": 17.31706428527832,
    "process_features_model_2_multimer_v3_pred_1": 4.57763671875e-05,
    "predict_and_compile_model_2_multimer_v3_pred_1": 65.24720788002014,
    "relax_model_2_multimer_v3_pred_1": 16.935142278671265,
    "process_features_model_2_multimer_v3_pred_2": 2.6226043701171875e-06,
    "predict_and_compile_model_2_multimer_v3_pred_2": 32.88025784492493,
    "relax_model_2_multimer_v3_pred_2": 17.127706050872803,
    "process_features_model_2_multimer_v3_pred_3": 2.6226043701171875e-06,
    "predict_and_compile_model_2_multimer_v3_pred_3": 37.43044829368591,
    "relax_model_2_multimer_v3_pred_3": 17.12903380393982,
    "process_features_model_2_multimer_v3_pred_4": 3.0994415283203125e-06,
    "predict_and_compile_model_2_multimer_v3_pred_4": 51.47459411621094,
    "relax_model_2_multimer_v3_pred_4": 17.00829577445984,
    "process_features_model_3_multimer_v3_pred_0": 2.1457672119140625e-06,
    "predict_and_compile_model_3_multimer_v3_pred_0": 206.26466155052185,
    "relax_model_3_multimer_v3_pred_0": 18.130873680114746,
    "process_features_model_3_multimer_v3_pred_1": 2.6226043701171875e-06,
    "predict_and_compile_model_3_multimer_v3_pred_1": 56.129154443740845,
    "relax_model_3_multimer_v3_pred_1": 17.024234294891357,
    "process_features_model_3_multimer_v3_pred_2": 2.384185791015625e-06,
    "predict_and_compile_model_3_multimer_v3_pred_2": 32.87679171562195,
    "relax_model_3_multimer_v3_pred_2": 17.557441473007202,
    "process_features_model_3_multimer_v3_pred_3": 2.6226043701171875e-06,
    "predict_and_compile_model_3_multimer_v3_pred_3": 37.534536838531494,
    "relax_model_3_multimer_v3_pred_3": 17.23769474029541,
    "process_features_model_3_multimer_v3_pred_4": 2.1457672119140625e-06,
    "predict_and_compile_model_3_multimer_v3_pred_4": 65.36368608474731,
    "relax_model_3_multimer_v3_pred_4": 17.407276153564453,
    "process_features_model_4_multimer_v3_pred_0": 2.6226043701171875e-06,
    "predict_and_compile_model_4_multimer_v3_pred_0": 165.3128559589386,
    "relax_model_4_multimer_v3_pred_0": 17.03355121612549,
    "process_features_model_4_multimer_v3_pred_1": 3.0994415283203125e-06,
    "predict_and_compile_model_4_multimer_v3_pred_1": 23.16825842857361,
    "relax_model_4_multimer_v3_pred_1": 19.215720176696777,
    "process_features_model_4_multimer_v3_pred_2": 2.384185791015625e-06,
    "predict_and_compile_model_4_multimer_v3_pred_2": 96.19990682601929,
    "relax_model_4_multimer_v3_pred_2": 17.647066354751587,
    "process_features_model_4_multimer_v3_pred_3": 3.0994415283203125e-06,
    "predict_and_compile_model_4_multimer_v3_pred_3": 59.735979080200195,
    "relax_model_4_multimer_v3_pred_3": 23.498971223831177,
    "process_features_model_4_multimer_v3_pred_4": 2.1457672119140625e-06,
    "predict_and_compile_model_4_multimer_v3_pred_4": 87.15183901786804,
    "relax_model_4_multimer_v3_pred_4": 16.953832864761353,
    "process_features_model_5_multimer_v3_pred_0": 2.1457672119140625e-06,
    "predict_and_compile_model_5_multimer_v3_pred_0": 153.83941626548767,
    "relax_model_5_multimer_v3_pred_0": 17.1672203540802,
    "process_features_model_5_multimer_v3_pred_1": 2.86102294921875e-06,
    "predict_and_compile_model_5_multimer_v3_pred_1": 96.32683539390564,
    "relax_model_5_multimer_v3_pred_1": 17.167293548583984,
    "process_features_model_5_multimer_v3_pred_2": 2.384185791015625e-06,
    "predict_and_compile_model_5_multimer_v3_pred_2": 96.32333087921143,
    "relax_model_5_multimer_v3_pred_2": 16.923967361450195,
    "process_features_model_5_multimer_v3_pred_3": 2.86102294921875e-06,
    "predict_and_compile_model_5_multimer_v3_pred_3": 50.5868456363678,
    "relax_model_5_multimer_v3_pred_3": 16.929729461669922,
    "process_features_model_5_multimer_v3_pred_4": 2.86102294921875e-06,
    "predict_and_compile_model_5_multimer_v3_pred_4": 96.14038419723511,
    "relax_model_5_multimer_v3_pred_4": 17.07142925262451
}