seed,sample,ranking_score
1,0,0.7025599156040503
1,1,0.6962879414806779
1,2,0.6888089058197596
1,3,0.7013951742203178
1,4,0.7030504846035841
