seed,sample,ranking_score
1,0,0.4700699569048786
1,1,0.48804722086376845
1,2,0.47326708237246773
1,3,0.479678087474234
1,4,0.45138332080213517
