seed,sample,ranking_score
1,0,0.6516616524586963
1,1,0.6379967025399721
1,2,0.6554171462629118
1,3,0.6512594728730405
1,4,0.6535827346881405
