seed,sample,ranking_score
1,0,0.6894121854964164
1,1,0.6903132058228689
1,2,0.6681399263336893
1,3,0.6905307209380317
1,4,0.6833113864195062
