seed,sample,ranking_score
1,0,0.3459502533260491
1,1,0.3689519426762974
1,2,0.3346008000480254
1,3,0.3520790892621937
1,4,0.3437896171647133
