seed,sample,ranking_score
1,0,0.8023604870272717
1,1,0.8305904998740635
1,2,0.8184408856779565
1,3,0.8023393108815099
1,4,0.7948957163179147
