seed,sample,ranking_score
1,0,0.6105488859085166
1,1,0.5503205705512586
1,2,0.5902412255154945
1,3,0.6239891758363519
1,4,0.6033627925343601
