seed,sample,ranking_score
1,0,0.6720156142402021
1,1,0.7105828213603388
1,2,0.6623252341455912
1,3,0.6580240541210458
1,4,0.6580188685403657
