seed,sample,ranking_score
1,0,0.723355930702691
1,1,0.7148431309169103
1,2,0.7162524617255542
1,3,0.7035967946016128
1,4,0.7057905759265755
