seed,sample,ranking_score
2,0,0.7026907051285513
2,1,0.7271768666644556
2,2,0.7261590170793979
2,3,0.7277008613763676
2,4,0.7346502924981655
