seed,sample,ranking_score
1,0,0.8616148137411954
1,1,0.8613992696167634
1,2,0.8515447446655481
1,3,0.840094957271848
1,4,0.8507339046355956
