seed,sample,ranking_score
1,0,0.559017846385
1,1,0.5429269966199188
1,2,0.5658326945698695
1,3,0.5692795396686376
1,4,0.5834737069944029
