seed,sample,ranking_score
1,0,0.6594247132914484
1,1,0.6994600312020536
1,2,0.7005954894947608
1,3,0.6526530527352663
1,4,0.6910420297976885
