seed,sample,ranking_score
3,0,0.9287104986289114
3,1,0.9110514540251953
3,2,0.9143948890671311
3,3,0.9176027182616173
3,4,0.9149013651606579
