seed,sample,ranking_score
1,0,0.9333369962228606
1,1,0.9293273125977396
1,2,0.9439284528890324
1,3,0.9513874139625039
1,4,0.9390409810549684
