seed,sample,ranking_score
1,0,0.501275971070237
1,1,0.5392380647437298
1,2,0.5148679600383377
1,3,0.5364792020168507
1,4,0.5145700351239769
