{
    "features": 0.08895540237426758,
    "process_features_model_1_multimer_v3_pred_0": 3.337860107421875e-06,
    "predict_and_compile_model_1_multimer_v3_pred_0": 106.69900321960449,
    "predict_benchmark_model_1_multimer_v3_pred_0": 30.494038343429565,
    "process_features_model_2_multimer_v3_pred_0": 2.9802322387695312e-05,
    "predict_and_compile_model_2_multimer_v3_pred_0": 149.71259927749634,
    "predict_benchmark_model_2_multimer_v3_pred_0": 68.00161743164062,
    "process_features_model_3_multimer_v3_pred_0": 2.0265579223632812e-05,
    "predict_and_compile_model_3_multimer_v3_pred_0": 119.69030737876892,
    "predict_benchmark_model_3_multimer_v3_pred_0": 37.63512444496155,
    "process_features_model_4_multimer_v3_pred_0": 2.09808349609375e-05,
    "predict_and_compile_model_4_multimer_v3_pred_0": 152.9498414993286,
    "predict_benchmark_model_4_multimer_v3_pred_0": 73.17628145217896,
    "process_features_model_5_multimer_v3_pred_0": 7.152557373046875e-05,
    "predict_and_compile_model_5_multimer_v3_pred_0": 133.38694787025452,
    "predict_benchmark_model_5_multimer_v3_pred_0": 51.18777942657471
}