{
    "features": 0.00960397720336914,
    "process_features_model_1_multimer_v3_pred_0": 3.337860107421875e-06,
    "predict_and_compile_model_1_multimer_v3_pred_0": 344.1978690624237,
    "relax_model_1_multimer_v3_pred_0": 45.00870490074158,
    "process_features_model_1_multimer_v3_pred_1": 3.337860107421875e-06,
    "predict_and_compile_model_1_multimer_v3_pred_1": 229.66498708724976,
    "relax_model_1_multimer_v3_pred_1": 41.29530429840088,
    "process_features_model_1_multimer_v3_pred_2": 2.384185791015625e-06,
    "predict_and_compile_model_1_multimer_v3_pred_2": 353.09973788261414,
    "relax_model_1_multimer_v3_pred_2": 56.852763652801514,
    "process_features_model_1_multimer_v3_pred_3": 2.6226043701171875e-06,
    "predict_and_compile_model_1_multimer_v3_pred_3": 334.51173186302185,
    "relax_model_1_multimer_v3_pred_3": 58.307780504226685,
    "process_features_model_1_multimer_v3_pred_4": 2.384185791015625e-06,
    "predict_and_compile_model_1_multimer_v3_pred_4": 352.1178092956543,
    "relax_model_1_multimer_v3_pred_4": 42.104304790496826,
    "process_features_model_2_multimer_v3_pred_0": 2.384185791015625e-06,
    "predict_and_compile_model_2_multimer_v3_pred_0": 304.7957034111023,
    "relax_model_2_multimer_v3_pred_0": 78.9943151473999,
    "process_features_model_2_multimer_v3_pred_1": 2.384185791015625e-06,
    "predict_and_compile_model_2_multimer_v3_pred_1": 229.20365929603577,
    "relax_model_2_multimer_v3_pred_1": 39.925830602645874,
    "process_features_model_2_multimer_v3_pred_2": 2.384185791015625e-06,
    "predict_and_compile_model_2_multimer_v3_pred_2": 299.75658226013184,
    "relax_model_2_multimer_v3_pred_2": 61.50846028327942,
    "process_features_model_2_multimer_v3_pred_3": 2.6226043701171875e-06,
    "predict_and_compile_model_2_multimer_v3_pred_3": 352.1397376060486,
    "relax_model_2_multimer_v3_pred_3": 42.71345257759094,
    "process_features_model_2_multimer_v3_pred_4": 2.384185791015625e-06,
    "predict_and_compile_model_2_multimer_v3_pred_4": 159.347980260849,
    "relax_model_2_multimer_v3_pred_4": 55.665481090545654,
    "process_features_model_3_multimer_v3_pred_0": 3.5762786865234375e-06,
    "predict_and_compile_model_3_multimer_v3_pred_0": 236.88875603675842,
    "relax_model_3_multimer_v3_pred_0": 55.72664976119995,
    "process_features_model_3_multimer_v3_pred_1": 3.337860107421875e-06,
    "predict_and_compile_model_3_multimer_v3_pred_1": 124.4385941028595,
    "relax_model_3_multimer_v3_pred_1": 59.22727060317993,
    "process_features_model_3_multimer_v3_pred_2": 1.9073486328125e-06,
    "predict_and_compile_model_3_multimer_v3_pred_2": 141.7707805633545,
    "relax_model_3_multimer_v3_pred_2": 76.37953329086304,
    "process_features_model_3_multimer_v3_pred_3": 2.6226043701171875e-06,
    "predict_and_compile_model_3_multimer_v3_pred_3": 141.72718691825867,
    "relax_model_3_multimer_v3_pred_3": 42.278974533081055,
    "process_features_model_3_multimer_v3_pred_4": 2.6226043701171875e-06,
    "predict_and_compile_model_3_multimer_v3_pred_4": 143.33476853370667,
    "relax_model_3_multimer_v3_pred_4": 37.73608613014221,
    "process_features_model_4_multimer_v3_pred_0": 2.384185791015625e-06,
    "predict_and_compile_model_4_multimer_v3_pred_0": 479.85470724105835,
    "relax_model_4_multimer_v3_pred_0": 60.2574188709259,
    "process_features_model_4_multimer_v3_pred_1": 3.5762786865234375e-06,
    "predict_and_compile_model_4_multimer_v3_pred_1": 243.83513140678406,
    "relax_model_4_multimer_v3_pred_1": 41.89103698730469,
    "process_features_model_4_multimer_v3_pred_2": 2.1457672119140625e-06,
    "predict_and_compile_model_4_multimer_v3_pred_2": 312.79829025268555,
    "relax_model_4_multimer_v3_pred_2": 45.79202127456665,
    "process_features_model_4_multimer_v3_pred_3": 2.6226043701171875e-06,
    "predict_and_compile_model_4_multimer_v3_pred_3": 278.7797260284424,
    "relax_model_4_multimer_v3_pred_3": 88.22688698768616,
    "process_features_model_4_multimer_v3_pred_4": 2.86102294921875e-06,
    "predict_and_compile_model_4_multimer_v3_pred_4": 364.62567830085754,
    "relax_model_4_multimer_v3_pred_4": 42.46003484725952,
    "process_features_model_5_multimer_v3_pred_0": 2.384185791015625e-06,
    "predict_and_compile_model_5_multimer_v3_pred_0": 477.9605679512024,
    "relax_model_5_multimer_v3_pred_0": 53.034747838974,
    "process_features_model_5_multimer_v3_pred_1": 3.0994415283203125e-06,
    "predict_and_compile_model_5_multimer_v3_pred_1": 364.6111629009247,
    "relax_model_5_multimer_v3_pred_1": 74.50958585739136,
    "process_features_model_5_multimer_v3_pred_2": 2.6226043701171875e-06,
    "predict_and_compile_model_5_multimer_v3_pred_2": 364.646094083786,
    "relax_model_5_multimer_v3_pred_2": 72.9030089378357,
    "process_features_model_5_multimer_v3_pred_3": 2.86102294921875e-06,
    "predict_and_compile_model_5_multimer_v3_pred_3": 364.468567609787,
    "relax_model_5_multimer_v3_pred_3": 73.85588026046753,
    "process_features_model_5_multimer_v3_pred_4": 3.0994415283203125e-06,
    "predict_and_compile_model_5_multimer_v3_pred_4": 364.6727111339569,
    "relax_model_5_multimer_v3_pred_4": 86.9827151298523
}