seed,sample,ranking_score
1,0,0.7516033512842804
1,1,0.7729195505562099
1,2,0.7496321834927662
1,3,0.7501227838801214
1,4,0.7288458930011372
