seed,sample,ranking_score
1,0,0.6089830328510042
1,1,0.4415254906242294
1,2,0.6406480336245323
1,3,0.6064207134712584
1,4,0.619757022479253
