seed,sample,ranking_score
1,0,0.7320961956599333
1,1,0.7277311135453617
1,2,0.7184587533790544
1,3,0.7358703101020856
1,4,0.7245501254779656
