seed,sample,ranking_score
1,0,0.5210717386467553
1,1,0.5338496714539539
1,2,0.5155862685925924
1,3,0.49609787497224506
1,4,0.5252535924364782
