{
    "features": 0.02431321144104004,
    "process_features_model_1_multimer_v3_pred_0": 2.6226043701171875e-06,
    "predict_and_compile_model_1_multimer_v3_pred_0": 327.77428793907166,
    "predict_benchmark_model_1_multimer_v3_pred_0": 247.68038034439087,
    "process_features_model_2_multimer_v3_pred_0": 2.47955322265625e-05,
    "predict_and_compile_model_2_multimer_v3_pred_0": 331.629873752594,
    "predict_benchmark_model_2_multimer_v3_pred_0": 247.52180171012878,
    "process_features_model_3_multimer_v3_pred_0": 1.9550323486328125e-05,
    "predict_and_compile_model_3_multimer_v3_pred_0": 333.9555902481079,
    "predict_benchmark_model_3_multimer_v3_pred_0": 248.06095623970032,
    "process_features_model_4_multimer_v3_pred_0": 2.1457672119140625e-05,
    "predict_and_compile_model_4_multimer_v3_pred_0": 327.1814229488373,
    "predict_benchmark_model_4_multimer_v3_pred_0": 240.4061632156372,
    "process_features_model_5_multimer_v3_pred_0": 2.0742416381835938e-05,
    "predict_and_compile_model_5_multimer_v3_pred_0": 324.37073016166687,
    "predict_benchmark_model_5_multimer_v3_pred_0": 240.28489899635315
}