seed,sample,ranking_score
1,0,0.6908134507493258
1,1,0.6769906567342281
1,2,0.6538899627891079
1,3,0.6730444545173028
1,4,0.6712097698182464
