{
    "features": 0.5876095294952393,
    "process_features_model_1_multimer_v3_pred_0": 1.9550323486328125e-05,
    "predict_and_compile_model_1_multimer_v3_pred_0": 134.59271597862244,
    "predict_benchmark_model_1_multimer_v3_pred_0": 42.7625629901886,
    "process_features_model_2_multimer_v3_pred_0": 3.0517578125e-05,
    "predict_and_compile_model_2_multimer_v3_pred_0": 134.20383644104004,
    "predict_benchmark_model_2_multimer_v3_pred_0": 42.756592988967896,
    "process_features_model_3_multimer_v3_pred_0": 2.5272369384765625e-05,
    "predict_and_compile_model_3_multimer_v3_pred_0": 237.89309883117676,
    "predict_benchmark_model_3_multimer_v3_pred_0": 148.9255406856537,
    "process_features_model_4_multimer_v3_pred_0": 1.1205673217773438e-05,
    "predict_and_compile_model_4_multimer_v3_pred_0": 129.84354782104492,
    "predict_benchmark_model_4_multimer_v3_pred_0": 41.29829144477844,
    "process_features_model_5_multimer_v3_pred_0": 1.2636184692382812e-05,
    "predict_and_compile_model_5_multimer_v3_pred_0": 122.47897291183472,
    "predict_benchmark_model_5_multimer_v3_pred_0": 34.563720703125
}