seed,sample,ranking_score
1,0,0.9604744534499958
1,1,0.9596781368658308
1,2,0.9579577276012318
1,3,0.9678235576178246
1,4,0.9638447713216797
