seed,sample,ranking_score
1,0,0.5480812879455821
1,1,0.5407739733396058
1,2,0.5253200140479207
1,3,0.3071898876757434
1,4,0.549436875264807
