{
    "features": 0.08178400993347168,
    "process_features_model_1_multimer_v3_pred_0": 3.0994415283203125e-06,
    "predict_and_compile_model_1_multimer_v3_pred_0": 139.58892631530762,
    "predict_benchmark_model_1_multimer_v3_pred_0": 47.91169047355652,
    "process_features_model_2_multimer_v3_pred_0": 3.0517578125e-05,
    "predict_and_compile_model_2_multimer_v3_pred_0": 140.52953505516052,
    "predict_benchmark_model_2_multimer_v3_pred_0": 41.86874270439148,
    "process_features_model_3_multimer_v3_pred_0": 1.0967254638671875e-05,
    "predict_and_compile_model_3_multimer_v3_pred_0": 212.74772596359253,
    "predict_benchmark_model_3_multimer_v3_pred_0": 125.26341581344604,
    "process_features_model_4_multimer_v3_pred_0": 2.09808349609375e-05,
    "predict_and_compile_model_4_multimer_v3_pred_0": 187.3300862312317,
    "predict_benchmark_model_4_multimer_v3_pred_0": 82.12744903564453,
    "process_features_model_5_multimer_v3_pred_0": 2.09808349609375e-05,
    "predict_and_compile_model_5_multimer_v3_pred_0": 120.54538989067078,
    "predict_benchmark_model_5_multimer_v3_pred_0": 35.30958008766174
}