seed,sample,ranking_score
1,0,0.8369384219276107
1,1,0.8441238565141417
1,2,0.8420919003127042
1,3,0.8304495205719139
1,4,0.8206796320588803
