{
    "features": 0.01720738410949707,
    "process_features_model_1_multimer_v3_pred_0": 3.0994415283203125e-06,
    "predict_and_compile_model_1_multimer_v3_pred_0": 212.10847926139832,
    "predict_benchmark_model_1_multimer_v3_pred_0": 129.37771606445312,
    "process_features_model_2_multimer_v3_pred_0": 1.1444091796875e-05,
    "predict_and_compile_model_2_multimer_v3_pred_0": 188.236478805542,
    "predict_benchmark_model_2_multimer_v3_pred_0": 104.82456827163696,
    "process_features_model_3_multimer_v3_pred_0": 8.821487426757812e-06,
    "predict_and_compile_model_3_multimer_v3_pred_0": 212.7808392047882,
    "predict_benchmark_model_3_multimer_v3_pred_0": 129.35307455062866,
    "process_features_model_4_multimer_v3_pred_0": 2.2649765014648438e-05,
    "predict_and_compile_model_4_multimer_v3_pred_0": 215.89539217948914,
    "predict_benchmark_model_4_multimer_v3_pred_0": 126.3483190536499,
    "process_features_model_5_multimer_v3_pred_0": 1.7642974853515625e-05,
    "predict_and_compile_model_5_multimer_v3_pred_0": 213.52165913581848,
    "predict_benchmark_model_5_multimer_v3_pred_0": 126.34249067306519
}