{
    "features": 0.015450239181518555,
    "process_features_model_1_multimer_v3_pred_0": 2.384185791015625e-06,
    "predict_and_compile_model_1_multimer_v3_pred_0": 249.79491686820984,
    "predict_benchmark_model_1_multimer_v3_pred_0": 162.20844554901123,
    "process_features_model_2_multimer_v3_pred_0": 9.059906005859375e-06,
    "predict_and_compile_model_2_multimer_v3_pred_0": 199.33257055282593,
    "predict_benchmark_model_2_multimer_v3_pred_0": 115.73392248153687,
    "process_features_model_3_multimer_v3_pred_0": 1.4066696166992188e-05,
    "predict_and_compile_model_3_multimer_v3_pred_0": 248.6450390815735,
    "predict_benchmark_model_3_multimer_v3_pred_0": 161.73569011688232,
    "process_features_model_4_multimer_v3_pred_0": 2.3603439331054688e-05,
    "predict_and_compile_model_4_multimer_v3_pred_0": 246.43058133125305,
    "predict_benchmark_model_4_multimer_v3_pred_0": 157.8277289867401,
    "process_features_model_5_multimer_v3_pred_0": 2.574920654296875e-05,
    "predict_and_compile_model_5_multimer_v3_pred_0": 248.09888577461243,
    "predict_benchmark_model_5_multimer_v3_pred_0": 157.65980625152588
}