seed,sample,ranking_score
1,0,0.736674679741798
1,1,0.7612478189610392
1,2,0.7223311213779785
1,3,0.7269872924412989
1,4,0.7704061094319449
