seed,sample,ranking_score
1,0,0.3370707790518925
1,1,0.32723976121709397
1,2,0.3029987065653914
1,3,0.35460843409945225
1,4,0.3023670525465153
