seed,sample,ranking_score
1,0,0.7189861921356008
1,1,0.7281237736282102
1,2,0.3682358510083825
1,3,0.681355652220236
1,4,0.7132341166819373
