seed,sample,ranking_score
1,0,0.5112504573367829
1,1,0.46829455291806493
1,2,0.4937506814132868
1,3,0.514914152737253
1,4,0.49322142409707886
