seed,sample,ranking_score
1,0,0.8840841113020496
1,1,0.9179932232428373
1,2,0.8950047696894418
1,3,0.9037160076124822
1,4,0.9014333587137019
