seed,sample,ranking_score
1,0,0.2940654006028094
1,1,0.30938145430918373
1,2,0.30270160466892093
1,3,0.3063257422164621
1,4,0.30713011887982306
