seed,sample,ranking_score
1,0,0.6130340807997574
1,1,0.5912800797994546
1,2,0.620489429576101
1,3,0.5735923039859141
1,4,0.589029240082042
