seed,sample,ranking_score
1,0,0.6353403338530805
1,1,0.6515824026417898
1,2,0.6512241527785876
1,3,0.6521017487196795
1,4,0.6457756820187361
