seed,sample,ranking_score
4,0,0.5516703186489174
4,1,0.5547546830538839
4,2,0.5501089497103768
4,3,0.5639785970748422
4,4,0.5492978061478971
