seed,sample,ranking_score
1,0,0.77280721304659
1,1,0.779779041659213
1,2,0.7868165300417574
1,3,0.798184128483234
1,4,0.7727072468453287
