seed,sample,ranking_score
1,0,0.6546917255182249
1,1,0.6452640495590934
1,2,0.6603894456990375
1,3,0.6538787387496517
1,4,0.6551257763311598
