{
    "features": 0.5181002616882324,
    "process_features_model_1_multimer_v3_pred_0": 4.76837158203125e-06,
    "predict_and_compile_model_1_multimer_v3_pred_0": 1130.763670682907,
    "predict_benchmark_model_1_multimer_v3_pred_0": 1004.1776413917542,
    "process_features_model_2_multimer_v3_pred_0": 3.337860107421875e-06,
    "predict_and_compile_model_2_multimer_v3_pred_0": 1119.2179453372955,
    "predict_benchmark_model_2_multimer_v3_pred_0": 1003.457768201828,
    "process_features_model_3_multimer_v3_pred_0": 9.059906005859375e-06,
    "predict_and_compile_model_3_multimer_v3_pred_0": 1120.593290090561,
    "predict_benchmark_model_3_multimer_v3_pred_0": 1004.1384036540985,
    "process_features_model_4_multimer_v3_pred_0": 4.291534423828125e-06,
    "predict_and_compile_model_4_multimer_v3_pred_0": 1100.7962608337402,
    "predict_benchmark_model_4_multimer_v3_pred_0": 981.8593020439148,
    "process_features_model_5_multimer_v3_pred_0": 3.5762786865234375e-06,
    "predict_and_compile_model_5_multimer_v3_pred_0": 1091.0434973239899,
    "predict_benchmark_model_5_multimer_v3_pred_0": 981.4442455768585
}