seed,sample,ranking_score
1,0,0.44477739834168406
1,1,0.4883389486855231
1,2,0.4455521989200041
1,3,0.4703229376576329
1,4,0.45416004055313736
