seed,sample,ranking_score
1,0,0.7478587555299558
1,1,0.7432175762551219
1,2,0.7601689120626249
1,3,0.7575270853495317
1,4,0.7604391108500343
