seed,sample,ranking_score
1,0,0.5695308728105011
1,1,0.5814852714013495
1,2,0.5681285061607398
1,3,0.5705192368267674
1,4,0.5963134821175697
