seed,sample,ranking_score
1,0,0.670675166353736
1,1,0.7107963124720686
1,2,0.6945448994522536
1,3,0.7048542546945626
1,4,0.7060474660813385
