seed,sample,ranking_score
1,0,0.9513079347900065
1,1,0.9672911047485164
1,2,0.9664245189190672
1,3,0.947917089865415
1,4,0.9683497760867826
