seed,sample,ranking_score
1,0,0.49530677230373343
1,1,0.47260870233086205
1,2,0.47161431976359947
1,3,0.48463678866712384
1,4,0.47937729510082305
