seed,sample,ranking_score
5,0,0.9447630927945712
5,1,0.9528799542712743
5,2,0.9419083371526343
5,3,0.9368617887508617
5,4,0.9378597429405358
