seed,sample,ranking_score
1,0,0.41612208332694367
1,1,0.42563689528166265
1,2,0.4350037211261079
1,3,0.4218797642762617
1,4,0.433377618732619
