seed,sample,ranking_score
5,0,0.8848021678172632
5,1,0.8951061143730773
5,2,0.8958332691678326
5,3,0.8911297714745892
5,4,0.8940826462847968
