seed,sample,ranking_score
1,0,0.7488402870922699
1,1,0.751845017282875
1,2,0.7590632697082916
1,3,0.7582716303129486
1,4,0.7607457177924135
