{
    "features": 0.0916435718536377,
    "process_features_model_1_multimer_v3_pred_0": 5.0067901611328125e-06,
    "predict_and_compile_model_1_multimer_v3_pred_0": 116.97816038131714,
    "predict_benchmark_model_1_multimer_v3_pred_0": 33.914124727249146,
    "process_features_model_2_multimer_v3_pred_0": 4.9114227294921875e-05,
    "predict_and_compile_model_2_multimer_v3_pred_0": 120.40283441543579,
    "predict_benchmark_model_2_multimer_v3_pred_0": 38.139084577560425,
    "process_features_model_3_multimer_v3_pred_0": 3.5762786865234375e-05,
    "predict_and_compile_model_3_multimer_v3_pred_0": 172.15939927101135,
    "predict_benchmark_model_3_multimer_v3_pred_0": 88.55923867225647,
    "process_features_model_4_multimer_v3_pred_0": 0.0001461505889892578,
    "predict_and_compile_model_4_multimer_v3_pred_0": 146.02085781097412,
    "predict_benchmark_model_4_multimer_v3_pred_0": 54.253742694854736,
    "process_features_model_5_multimer_v3_pred_0": 2.5272369384765625e-05,
    "predict_and_compile_model_5_multimer_v3_pred_0": 175.92293238639832,
    "predict_benchmark_model_5_multimer_v3_pred_0": 87.5756504535675
}