seed,sample,ranking_score
1,0,0.3717595554677229
1,1,0.3554547384668755
1,2,0.34145569582628277
1,3,0.35461630952594575
1,4,0.34254889246596676
