{
    "features": 0.011771202087402344,
    "process_features_model_1_multimer_v3_pred_0": 3.337860107421875e-06,
    "predict_and_compile_model_1_multimer_v3_pred_0": 458.9987337589264,
    "relax_model_1_multimer_v3_pred_0": 74.76249694824219,
    "process_features_model_1_multimer_v3_pred_1": 4.291534423828125e-06,
    "predict_and_compile_model_1_multimer_v3_pred_1": 501.0831768512726,
    "relax_model_1_multimer_v3_pred_1": 40.520204067230225,
    "process_features_model_1_multimer_v3_pred_2": 4.291534423828125e-06,
    "predict_and_compile_model_1_multimer_v3_pred_2": 405.8494944572449,
    "relax_model_1_multimer_v3_pred_2": 39.01744794845581,
    "process_features_model_1_multimer_v3_pred_3": 4.291534423828125e-06,
    "predict_and_compile_model_1_multimer_v3_pred_3": 501.75435638427734,
    "relax_model_1_multimer_v3_pred_3": 64.97362327575684,
    "process_features_model_1_multimer_v3_pred_4": 3.814697265625e-06,
    "predict_and_compile_model_1_multimer_v3_pred_4": 453.73937702178955,
    "relax_model_1_multimer_v3_pred_4": 37.95367455482483,
    "process_features_model_2_multimer_v3_pred_0": 4.291534423828125e-06,
    "predict_and_compile_model_2_multimer_v3_pred_0": 407.3357970714569,
    "relax_model_2_multimer_v3_pred_0": 36.5925018787384,
    "process_features_model_2_multimer_v3_pred_1": 4.76837158203125e-06,
    "predict_and_compile_model_2_multimer_v3_pred_1": 382.46404910087585,
    "relax_model_2_multimer_v3_pred_1": 37.33263683319092,
    "process_features_model_2_multimer_v3_pred_2": 4.291534423828125e-06,
    "predict_and_compile_model_2_multimer_v3_pred_2": 501.86900806427,
    "relax_model_2_multimer_v3_pred_2": 41.65069794654846,
    "process_features_model_2_multimer_v3_pred_3": 4.5299530029296875e-06,
    "predict_and_compile_model_2_multimer_v3_pred_3": 286.9580178260803,
    "relax_model_2_multimer_v3_pred_3": 46.09223771095276,
    "process_features_model_2_multimer_v3_pred_4": 4.0531158447265625e-06,
    "predict_and_compile_model_2_multimer_v3_pred_4": 310.5836901664734,
    "relax_model_2_multimer_v3_pred_4": 38.34337258338928,
    "process_features_model_3_multimer_v3_pred_0": 4.0531158447265625e-06,
    "predict_and_compile_model_3_multimer_v3_pred_0": 672.6910998821259,
    "relax_model_3_multimer_v3_pred_0": 49.30300211906433,
    "process_features_model_3_multimer_v3_pred_1": 4.5299530029296875e-06,
    "predict_and_compile_model_3_multimer_v3_pred_1": 501.1372447013855,
    "relax_model_3_multimer_v3_pred_1": 47.91231179237366,
    "process_features_model_3_multimer_v3_pred_2": 4.76837158203125e-06,
    "predict_and_compile_model_3_multimer_v3_pred_2": 501.0946226119995,
    "relax_model_3_multimer_v3_pred_2": 53.70390248298645,
    "process_features_model_3_multimer_v3_pred_3": 4.291534423828125e-06,
    "predict_and_compile_model_3_multimer_v3_pred_3": 500.5289993286133,
    "relax_model_3_multimer_v3_pred_3": 42.6375629901886,
    "process_features_model_3_multimer_v3_pred_4": 3.814697265625e-06,
    "predict_and_compile_model_3_multimer_v3_pred_4": 500.627907037735,
    "relax_model_3_multimer_v3_pred_4": 76.6129982471466,
    "process_features_model_4_multimer_v3_pred_0": 4.0531158447265625e-06,
    "predict_and_compile_model_4_multimer_v3_pred_0": 666.0794863700867,
    "relax_model_4_multimer_v3_pred_0": 66.39787983894348,
    "process_features_model_4_multimer_v3_pred_1": 3.814697265625e-06,
    "predict_and_compile_model_4_multimer_v3_pred_1": 494.7653284072876,
    "relax_model_4_multimer_v3_pred_1": 71.2400918006897,
    "process_features_model_4_multimer_v3_pred_2": 3.814697265625e-06,
    "predict_and_compile_model_4_multimer_v3_pred_2": 494.7368075847626,
    "relax_model_4_multimer_v3_pred_2": 36.774680852890015,
    "process_features_model_4_multimer_v3_pred_3": 4.76837158203125e-06,
    "predict_and_compile_model_4_multimer_v3_pred_3": 495.21983790397644,
    "relax_model_4_multimer_v3_pred_3": 61.74310326576233,
    "process_features_model_4_multimer_v3_pred_4": 2.1219253540039062e-05,
    "predict_and_compile_model_4_multimer_v3_pred_4": 493.1625075340271,
    "relax_model_4_multimer_v3_pred_4": 65.61150074005127,
    "process_features_model_5_multimer_v3_pred_0": 3.814697265625e-06,
    "predict_and_compile_model_5_multimer_v3_pred_0": 650.6843392848969,
    "relax_model_5_multimer_v3_pred_0": 38.954150676727295,
    "process_features_model_5_multimer_v3_pred_1": 3.814697265625e-06,
    "predict_and_compile_model_5_multimer_v3_pred_1": 353.9937460422516,
    "relax_model_5_multimer_v3_pred_1": 37.636362075805664,
    "process_features_model_5_multimer_v3_pred_2": 3.5762786865234375e-06,
    "predict_and_compile_model_5_multimer_v3_pred_2": 495.0547649860382,
    "relax_model_5_multimer_v3_pred_2": 35.4358012676239,
    "process_features_model_5_multimer_v3_pred_3": 3.5762786865234375e-06,
    "predict_and_compile_model_5_multimer_v3_pred_3": 495.2240991592407,
    "relax_model_5_multimer_v3_pred_3": 37.00164747238159,
    "process_features_model_5_multimer_v3_pred_4": 9.5367431640625e-06,
    "predict_and_compile_model_5_multimer_v3_pred_4": 494.9153950214386,
    "relax_model_5_multimer_v3_pred_4": 75.48267674446106
}