{
    "features": 0.18500328063964844,
    "process_features_model_1_multimer_v3_pred_0": 5.7220458984375e-06,
    "predict_and_compile_model_1_multimer_v3_pred_0": 900.8372750282288,
    "predict_benchmark_model_1_multimer_v3_pred_0": 744.5749003887177,
    "process_features_model_2_multimer_v3_pred_0": 4.291534423828125e-06,
    "predict_and_compile_model_2_multimer_v3_pred_0": 889.7540059089661,
    "predict_benchmark_model_2_multimer_v3_pred_0": 744.3977384567261,
    "process_features_model_3_multimer_v3_pred_0": 4.291534423828125e-06,
    "predict_and_compile_model_3_multimer_v3_pred_0": 892.5602056980133,
    "predict_benchmark_model_3_multimer_v3_pred_0": 744.497561454773,
    "process_features_model_4_multimer_v3_pred_0": 4.553794860839844e-05,
    "predict_and_compile_model_4_multimer_v3_pred_0": 884.2712998390198,
    "predict_benchmark_model_4_multimer_v3_pred_0": 726.1294476985931,
    "process_features_model_5_multimer_v3_pred_0": 3.838539123535156e-05,
    "predict_and_compile_model_5_multimer_v3_pred_0": 878.6599028110504,
    "predict_benchmark_model_5_multimer_v3_pred_0": 726.2622349262238
}