seed,sample,ranking_score
1,0,0.5373680536896897
1,1,0.5760723419522491
1,2,0.5145152390185106
1,3,0.5590562414455167
1,4,0.5237025689534576
