seed,sample,ranking_score
5,0,0.9454382401141033
5,1,0.9475817332246255
5,2,0.9519110195712182
5,3,0.9412681788113624
5,4,0.9425595468819344
