seed,sample,ranking_score
1,0,0.5481038811180574
1,1,0.5661310601393773
1,2,0.5588529969260596
1,3,0.5580144913398194
1,4,0.5400593886472996
