seed,sample,ranking_score
1,0,0.5603444835665091
1,1,0.5836193741165534
1,2,0.6022919241392386
1,3,0.5727769825174706
1,4,0.5745712761606868
