seed,sample,ranking_score
5,0,0.666728143460761
5,1,0.6452216369882087
5,2,0.657116726216148
5,3,0.6554409669234403
5,4,0.6368461994239756
