{
    "features": 0.005790233612060547,
    "process_features_model_1_multimer_v3_pred_0": 3.814697265625e-06,
    "predict_and_compile_model_1_multimer_v3_pred_0": 183.88291358947754,
    "relax_model_1_multimer_v3_pred_0": 20.73081874847412,
    "process_features_model_1_multimer_v3_pred_1": 3.5762786865234375e-06,
    "predict_and_compile_model_1_multimer_v3_pred_1": 65.44853806495667,
    "relax_model_1_multimer_v3_pred_1": 18.39025592803955,
    "process_features_model_1_multimer_v3_pred_2": 3.0994415283203125e-06,
    "predict_and_compile_model_1_multimer_v3_pred_2": 77.21783232688904,
    "relax_model_1_multimer_v3_pred_2": 18.379401445388794,
    "process_features_model_1_multimer_v3_pred_3": 3.0994415283203125e-06,
    "predict_and_compile_model_1_multimer_v3_pred_3": 100.85059237480164,
    "relax_model_1_multimer_v3_pred_3": 18.568336963653564,
    "process_features_model_1_multimer_v3_pred_4": 3.0994415283203125e-06,
    "predict_and_compile_model_1_multimer_v3_pred_4": 118.6172616481781,
    "relax_model_1_multimer_v3_pred_4": 18.26131844520569,
    "process_features_model_2_multimer_v3_pred_0": 3.5762786865234375e-06,
    "predict_and_compile_model_2_multimer_v3_pred_0": 180.90024614334106,
    "relax_model_2_multimer_v3_pred_0": 18.25104856491089,
    "process_features_model_2_multimer_v3_pred_1": 3.337860107421875e-06,
    "predict_and_compile_model_2_multimer_v3_pred_1": 71.36437106132507,
    "relax_model_2_multimer_v3_pred_1": 18.721464157104492,
    "process_features_model_2_multimer_v3_pred_2": 3.5762786865234375e-06,
    "predict_and_compile_model_2_multimer_v3_pred_2": 77.2125940322876,
    "relax_model_2_multimer_v3_pred_2": 18.671161651611328,
    "process_features_model_2_multimer_v3_pred_3": 3.0994415283203125e-06,
    "predict_and_compile_model_2_multimer_v3_pred_3": 59.47273278236389,
    "relax_model_2_multimer_v3_pred_3": 18.932910203933716,
    "process_features_model_2_multimer_v3_pred_4": 3.0994415283203125e-06,
    "predict_and_compile_model_2_multimer_v3_pred_4": 59.75188994407654,
    "relax_model_2_multimer_v3_pred_4": 18.21400022506714,
    "process_features_model_3_multimer_v3_pred_0": 3.0994415283203125e-06,
    "predict_and_compile_model_3_multimer_v3_pred_0": 159.0920548439026,
    "relax_model_3_multimer_v3_pred_0": 19.244678735733032,
    "process_features_model_3_multimer_v3_pred_1": 5.245208740234375e-06,
    "predict_and_compile_model_3_multimer_v3_pred_1": 53.66270899772644,
    "relax_model_3_multimer_v3_pred_1": 18.431846618652344,
    "process_features_model_3_multimer_v3_pred_2": 3.5762786865234375e-06,
    "predict_and_compile_model_3_multimer_v3_pred_2": 65.45966410636902,
    "relax_model_3_multimer_v3_pred_2": 18.543027877807617,
    "process_features_model_3_multimer_v3_pred_3": 3.337860107421875e-06,
    "predict_and_compile_model_3_multimer_v3_pred_3": 47.73977184295654,
    "relax_model_3_multimer_v3_pred_3": 18.467857360839844,
    "process_features_model_3_multimer_v3_pred_4": 3.337860107421875e-06,
    "predict_and_compile_model_3_multimer_v3_pred_4": 53.554767370224,
    "relax_model_3_multimer_v3_pred_4": 19.447473287582397,
    "process_features_model_4_multimer_v3_pred_0": 2.86102294921875e-06,
    "predict_and_compile_model_4_multimer_v3_pred_0": 162.11042761802673,
    "relax_model_4_multimer_v3_pred_0": 18.801841259002686,
    "process_features_model_4_multimer_v3_pred_1": 3.337860107421875e-06,
    "predict_and_compile_model_4_multimer_v3_pred_1": 63.9061553478241,
    "relax_model_4_multimer_v3_pred_1": 18.82503867149353,
    "process_features_model_4_multimer_v3_pred_2": 3.0994415283203125e-06,
    "predict_and_compile_model_4_multimer_v3_pred_2": 81.24516749382019,
    "relax_model_4_multimer_v3_pred_2": 19.616883277893066,
    "process_features_model_4_multimer_v3_pred_3": 3.337860107421875e-06,
    "predict_and_compile_model_4_multimer_v3_pred_3": 52.33565139770508,
    "relax_model_4_multimer_v3_pred_3": 18.350150108337402,
    "process_features_model_4_multimer_v3_pred_4": 3.337860107421875e-06,
    "predict_and_compile_model_4_multimer_v3_pred_4": 92.6771285533905,
    "relax_model_4_multimer_v3_pred_4": 19.192675828933716,
    "process_features_model_5_multimer_v3_pred_0": 3.337860107421875e-06,
    "predict_and_compile_model_5_multimer_v3_pred_0": 170.33300304412842,
    "relax_model_5_multimer_v3_pred_0": 31.71847438812256,
    "process_features_model_5_multimer_v3_pred_1": 2.86102294921875e-06,
    "predict_and_compile_model_5_multimer_v3_pred_1": 121.70750284194946,
    "relax_model_5_multimer_v3_pred_1": 18.080039262771606,
    "process_features_model_5_multimer_v3_pred_2": 4.76837158203125e-06,
    "predict_and_compile_model_5_multimer_v3_pred_2": 121.62809634208679,
    "relax_model_5_multimer_v3_pred_2": 18.616838216781616,
    "process_features_model_5_multimer_v3_pred_3": 3.0994415283203125e-06,
    "predict_and_compile_model_5_multimer_v3_pred_3": 121.57602167129517,
    "relax_model_5_multimer_v3_pred_3": 18.920780181884766,
    "process_features_model_5_multimer_v3_pred_4": 3.337860107421875e-06,
    "predict_and_compile_model_5_multimer_v3_pred_4": 121.62905144691467,
    "relax_model_5_multimer_v3_pred_4": 17.820231199264526
}