{
    "features": 0.01306295394897461,
    "process_features_model_1_multimer_v3_pred_0": 4.5299530029296875e-06,
    "predict_and_compile_model_1_multimer_v3_pred_0": 535.7708752155304,
    "relax_model_1_multimer_v3_pred_0": 35.09727931022644,
    "process_features_model_1_multimer_v3_pred_1": 3.5762786865234375e-06,
    "predict_and_compile_model_1_multimer_v3_pred_1": 273.07354855537415,
    "relax_model_1_multimer_v3_pred_1": 26.521191835403442,
    "process_features_model_1_multimer_v3_pred_2": 4.291534423828125e-06,
    "predict_and_compile_model_1_multimer_v3_pred_2": 221.85081839561462,
    "relax_model_1_multimer_v3_pred_2": 28.087494134902954,
    "process_features_model_1_multimer_v3_pred_3": 3.5762786865234375e-06,
    "predict_and_compile_model_1_multimer_v3_pred_3": 358.5920259952545,
    "relax_model_1_multimer_v3_pred_3": 29.10132884979248,
    "process_features_model_1_multimer_v3_pred_4": 5.4836273193359375e-06,
    "predict_and_compile_model_1_multimer_v3_pred_4": 273.1847085952759,
    "relax_model_1_multimer_v3_pred_4": 26.555876970291138,
    "process_features_model_2_multimer_v3_pred_0": 4.291534423828125e-06,
    "predict_and_compile_model_2_multimer_v3_pred_0": 362.54267740249634,
    "relax_model_2_multimer_v3_pred_0": 28.570707321166992,
    "process_features_model_2_multimer_v3_pred_1": 4.0531158447265625e-06,
    "predict_and_compile_model_2_multimer_v3_pred_1": 256.30377411842346,
    "relax_model_2_multimer_v3_pred_1": 26.450454235076904,
    "process_features_model_2_multimer_v3_pred_2": 4.0531158447265625e-06,
    "predict_and_compile_model_2_multimer_v3_pred_2": 170.78652715682983,
    "relax_model_2_multimer_v3_pred_2": 28.564255952835083,
    "process_features_model_2_multimer_v3_pred_3": 1.0728836059570312e-05,
    "predict_and_compile_model_2_multimer_v3_pred_3": 170.8534276485443,
    "relax_model_2_multimer_v3_pred_3": 27.56610417366028,
    "process_features_model_2_multimer_v3_pred_4": 3.814697265625e-06,
    "predict_and_compile_model_2_multimer_v3_pred_4": 204.87667536735535,
    "relax_model_2_multimer_v3_pred_4": 28.06972622871399,
    "process_features_model_3_multimer_v3_pred_0": 3.5762786865234375e-06,
    "predict_and_compile_model_3_multimer_v3_pred_0": 274.7260432243347,
    "relax_model_3_multimer_v3_pred_0": 28.429232835769653,
    "process_features_model_3_multimer_v3_pred_1": 4.5299530029296875e-06,
    "predict_and_compile_model_3_multimer_v3_pred_1": 153.65505170822144,
    "relax_model_3_multimer_v3_pred_1": 28.013123750686646,
    "process_features_model_3_multimer_v3_pred_2": 4.0531158447265625e-06,
    "predict_and_compile_model_3_multimer_v3_pred_2": 119.69238710403442,
    "relax_model_3_multimer_v3_pred_2": 30.226043462753296,
    "process_features_model_3_multimer_v3_pred_3": 4.0531158447265625e-06,
    "predict_and_compile_model_3_multimer_v3_pred_3": 136.7558238506317,
    "relax_model_3_multimer_v3_pred_3": 29.94156050682068,
    "process_features_model_3_multimer_v3_pred_4": 4.0531158447265625e-06,
    "predict_and_compile_model_3_multimer_v3_pred_4": 119.56245493888855,
    "relax_model_3_multimer_v3_pred_4": 27.607798099517822,
    "process_features_model_4_multimer_v3_pred_0": 4.5299530029296875e-06,
    "predict_and_compile_model_4_multimer_v3_pred_0": 416.56131505966187,
    "relax_model_4_multimer_v3_pred_0": 37.57167029380798,
    "process_features_model_4_multimer_v3_pred_1": 4.0531158447265625e-06,
    "predict_and_compile_model_4_multimer_v3_pred_1": 167.25554370880127,
    "relax_model_4_multimer_v3_pred_1": 28.333264112472534,
    "process_features_model_4_multimer_v3_pred_2": 3.814697265625e-06,
    "predict_and_compile_model_4_multimer_v3_pred_2": 234.78417706489563,
    "relax_model_4_multimer_v3_pred_2": 28.453136205673218,
    "process_features_model_4_multimer_v3_pred_3": 4.0531158447265625e-06,
    "predict_and_compile_model_4_multimer_v3_pred_3": 134.22911763191223,
    "relax_model_4_multimer_v3_pred_3": 26.427569150924683,
    "process_features_model_4_multimer_v3_pred_4": 3.5762786865234375e-06,
    "predict_and_compile_model_4_multimer_v3_pred_4": 167.77484011650085,
    "relax_model_4_multimer_v3_pred_4": 30.104029893875122,
    "process_features_model_5_multimer_v3_pred_0": 4.291534423828125e-06,
    "predict_and_compile_model_5_multimer_v3_pred_0": 525.701895236969,
    "relax_model_5_multimer_v3_pred_0": 28.198768138885498,
    "process_features_model_5_multimer_v3_pred_1": 4.0531158447265625e-06,
    "predict_and_compile_model_5_multimer_v3_pred_1": 117.30681824684143,
    "relax_model_5_multimer_v3_pred_1": 27.052619457244873,
    "process_features_model_5_multimer_v3_pred_2": 3.5762786865234375e-06,
    "predict_and_compile_model_5_multimer_v3_pred_2": 218.37124586105347,
    "relax_model_5_multimer_v3_pred_2": 26.374720335006714,
    "process_features_model_5_multimer_v3_pred_3": 4.291534423828125e-06,
    "predict_and_compile_model_5_multimer_v3_pred_3": 184.9882504940033,
    "relax_model_5_multimer_v3_pred_3": 36.32613134384155,
    "process_features_model_5_multimer_v3_pred_4": 3.5762786865234375e-06,
    "predict_and_compile_model_5_multimer_v3_pred_4": 352.0591835975647,
    "relax_model_5_multimer_v3_pred_4": 38.3420672416687
}