seed,sample,ranking_score
1,0,0.7352114944434283
1,1,0.7289114300497619
1,2,0.736659540649178
1,3,0.7092941033179454
1,4,0.7201856469569048
