seed,sample,ranking_score
1,0,0.3769939209066359
1,1,0.36961919012365724
1,2,0.36518652368599847
1,3,0.38913828330674993
1,4,0.3793747105131045
