seed,sample,ranking_score
1,0,0.3904465588083197
1,1,0.3847760815052048
1,2,0.3768194028350653
1,3,0.35768471833289206
1,4,0.3484372980669963
