seed,sample,ranking_score
1,0,0.42783495353765855
1,1,0.43556872726887425
1,2,0.40303070682106007
1,3,0.42199614356936277
1,4,0.4094259151620565
