seed,sample,ranking_score
1,0,0.7459651694317918
1,1,0.6103035160477567
1,2,0.6223074337617789
1,3,0.6641496873235719
1,4,0.7136989333085315
