seed,sample,ranking_score
1,0,0.46806969429784684
1,1,0.4927818266994344
1,2,0.4309134507937406
1,3,0.40266980052570056
1,4,0.3674039859782087
