seed,sample,ranking_score
1,0,0.5093357782862163
1,1,0.49234095655134436
1,2,0.49087772655923323
1,3,0.49535154452246444
1,4,0.4850419035204744
