seed,sample,ranking_score
1,0,0.7095068840382937
1,1,0.6715190017576054
1,2,0.7053839774059826
1,3,0.6757569129513376
1,4,0.6753316415592956
