seed,sample,ranking_score
1,0,0.757789248815972
1,1,0.7773522391831706
1,2,0.7796466543938467
1,3,0.7934733053349172
1,4,0.7625108020041278
