seed,sample,ranking_score
1,0,0.8326259620054685
1,1,0.8347484944555981
1,2,0.8409259044287922
1,3,0.8450566129382412
1,4,0.8441277796283392
