seed,sample,ranking_score
1,0,0.5249234242333092
1,1,0.5644343222042393
1,2,0.5635115052330087
1,3,0.5617991688413874
1,4,0.5716044308319798
