seed,sample,ranking_score
1,0,0.3739176306059923
1,1,0.5335088397411838
1,2,0.373142021792894
1,3,0.5142200440849023
1,4,0.5039440325908653
