seed,sample,ranking_score
1,0,0.45769888339979886
1,1,0.47317707429401146
1,2,0.47843145211293503
1,3,0.4490560496661127
1,4,0.47125095316121723
