seed,sample,ranking_score
1,0,0.3723340087194999
1,1,0.33160675802170925
1,2,0.3239369624880415
1,3,0.3807915385171804
1,4,0.3370649414064264
