seed,sample,ranking_score
2,0,0.5584373600952122
2,1,0.562213979597918
2,2,0.5590949085510449
2,3,0.5581877189778773
2,4,0.5681625124014467
