seed,sample,ranking_score
1,0,0.6260661033268791
1,1,0.6136075029053774
1,2,0.6302527237125143
1,3,0.6432930990937965
1,4,0.6656909289121355
