seed,sample,ranking_score
5,0,0.9771720255550019
5,1,0.971897828595619
5,2,0.9681220446450356
5,3,0.9724247470826257
5,4,0.9727034395468173
