seed,sample,ranking_score
1,0,0.4627066595014505
1,1,0.43624572195851874
1,2,0.42122146686535145
1,3,0.44239854895442704
1,4,0.4564892244063081
