seed,sample,ranking_score
1,0,1.0380152222134464
1,1,1.0425487951109496
1,2,1.0484543895437015
1,3,1.04260461814725
1,4,1.0447517702331268
