seed,sample,ranking_score
1,0,0.4234967927082669
1,1,0.42361003778092277
1,2,0.4311592934250056
1,3,0.43775557428874
1,4,0.4161434057297887
