seed,sample,ranking_score
1,0,0.638453683740034
1,1,0.6587867908835109
1,2,0.6796661471697713
1,3,0.666290332663744
1,4,0.6750423499309789
