seed,sample,ranking_score
1,0,0.8707723185888424
1,1,0.8623524675865912
1,2,0.8854514793283049
1,3,0.8918514071825195
1,4,0.8828115948224101
