seed,sample,ranking_score
1,0,0.5668133555072535
1,1,0.5470625640894647
1,2,0.557260288021376
1,3,0.5554966083833768
1,4,0.541317984792389
