{
    "features": 0.008797645568847656,
    "process_features_model_1_multimer_v3_pred_0": 3.5762786865234375e-06,
    "predict_and_compile_model_1_multimer_v3_pred_0": 382.39598631858826,
    "relax_model_1_multimer_v3_pred_0": 55.23741102218628,
    "process_features_model_1_multimer_v3_pred_1": 2.86102294921875e-06,
    "predict_and_compile_model_1_multimer_v3_pred_1": 263.168025970459,
    "relax_model_1_multimer_v3_pred_1": 58.91839027404785,
    "process_features_model_1_multimer_v3_pred_2": 2.86102294921875e-06,
    "predict_and_compile_model_1_multimer_v3_pred_2": 262.9109194278717,
    "relax_model_1_multimer_v3_pred_2": 53.402376651763916,
    "process_features_model_1_multimer_v3_pred_3": 2.86102294921875e-06,
    "predict_and_compile_model_1_multimer_v3_pred_3": 263.3111181259155,
    "relax_model_1_multimer_v3_pred_3": 52.08654713630676,
    "process_features_model_1_multimer_v3_pred_4": 3.0994415283203125e-06,
    "predict_and_compile_model_1_multimer_v3_pred_4": 113.20869588851929,
    "relax_model_1_multimer_v3_pred_4": 52.23409676551819,
    "process_features_model_2_multimer_v3_pred_0": 2.6226043701171875e-06,
    "predict_and_compile_model_2_multimer_v3_pred_0": 378.4265089035034,
    "relax_model_2_multimer_v3_pred_0": 56.48077321052551,
    "process_features_model_2_multimer_v3_pred_1": 3.0994415283203125e-06,
    "predict_and_compile_model_2_multimer_v3_pred_1": 263.4395649433136,
    "relax_model_2_multimer_v3_pred_1": 60.66438055038452,
    "process_features_model_2_multimer_v3_pred_2": 2.86102294921875e-06,
    "predict_and_compile_model_2_multimer_v3_pred_2": 263.0391709804535,
    "relax_model_2_multimer_v3_pred_2": 56.287293672561646,
    "process_features_model_2_multimer_v3_pred_3": 3.0994415283203125e-06,
    "predict_and_compile_model_2_multimer_v3_pred_3": 263.2380440235138,
    "relax_model_2_multimer_v3_pred_3": 54.090496301651,
    "process_features_model_2_multimer_v3_pred_4": 2.6226043701171875e-06,
    "predict_and_compile_model_2_multimer_v3_pred_4": 262.9725697040558,
    "relax_model_2_multimer_v3_pred_4": 53.77849316596985,
    "process_features_model_3_multimer_v3_pred_0": 2.6226043701171875e-06,
    "predict_and_compile_model_3_multimer_v3_pred_0": 380.05045676231384,
    "relax_model_3_multimer_v3_pred_0": 58.0932035446167,
    "process_features_model_3_multimer_v3_pred_1": 3.0994415283203125e-06,
    "predict_and_compile_model_3_multimer_v3_pred_1": 263.02565717697144,
    "relax_model_3_multimer_v3_pred_1": 57.135507583618164,
    "process_features_model_3_multimer_v3_pred_2": 2.86102294921875e-06,
    "predict_and_compile_model_3_multimer_v3_pred_2": 263.49641156196594,
    "relax_model_3_multimer_v3_pred_2": 58.47283434867859,
    "process_features_model_3_multimer_v3_pred_3": 2.6226043701171875e-06,
    "predict_and_compile_model_3_multimer_v3_pred_3": 262.894380569458,
    "relax_model_3_multimer_v3_pred_3": 54.937753677368164,
    "process_features_model_3_multimer_v3_pred_4": 2.86102294921875e-06,
    "predict_and_compile_model_3_multimer_v3_pred_4": 188.19003343582153,
    "relax_model_3_multimer_v3_pred_4": 58.85079097747803,
    "process_features_model_4_multimer_v3_pred_0": 3.0994415283203125e-06,
    "predict_and_compile_model_4_multimer_v3_pred_0": 379.7019205093384,
    "relax_model_4_multimer_v3_pred_0": 54.21309280395508,
    "process_features_model_4_multimer_v3_pred_1": 3.0994415283203125e-06,
    "predict_and_compile_model_4_multimer_v3_pred_1": 258.90589237213135,
    "relax_model_4_multimer_v3_pred_1": 54.15518045425415,
    "process_features_model_4_multimer_v3_pred_2": 3.0994415283203125e-06,
    "predict_and_compile_model_4_multimer_v3_pred_2": 258.447203874588,
    "relax_model_4_multimer_v3_pred_2": 54.69583201408386,
    "process_features_model_4_multimer_v3_pred_3": 2.86102294921875e-06,
    "predict_and_compile_model_4_multimer_v3_pred_3": 258.7292273044586,
    "relax_model_4_multimer_v3_pred_3": 62.62112808227539,
    "process_features_model_4_multimer_v3_pred_4": 3.0994415283203125e-06,
    "predict_and_compile_model_4_multimer_v3_pred_4": 258.90850591659546,
    "relax_model_4_multimer_v3_pred_4": 47.961183071136475,
    "process_features_model_5_multimer_v3_pred_0": 2.86102294921875e-06,
    "predict_and_compile_model_5_multimer_v3_pred_0": 377.2119982242584,
    "relax_model_5_multimer_v3_pred_0": 41.864328384399414,
    "process_features_model_5_multimer_v3_pred_1": 2.86102294921875e-06,
    "predict_and_compile_model_5_multimer_v3_pred_1": 258.40953254699707,
    "relax_model_5_multimer_v3_pred_1": 60.585317850112915,
    "process_features_model_5_multimer_v3_pred_2": 2.384185791015625e-06,
    "predict_and_compile_model_5_multimer_v3_pred_2": 258.53620195388794,
    "relax_model_5_multimer_v3_pred_2": 58.22968602180481,
    "process_features_model_5_multimer_v3_pred_3": 3.0994415283203125e-06,
    "predict_and_compile_model_5_multimer_v3_pred_3": 258.33564281463623,
    "relax_model_5_multimer_v3_pred_3": 83.619375705719,
    "process_features_model_5_multimer_v3_pred_4": 3.0994415283203125e-06,
    "predict_and_compile_model_5_multimer_v3_pred_4": 258.66227650642395,
    "relax_model_5_multimer_v3_pred_4": 31.779935836791992
}