seed,sample,ranking_score
5,0,0.6793021417338769
5,1,0.6658290550639894
5,2,0.6888019447553109
5,3,0.6769494434896726
5,4,0.6952647753106105
