seed,sample,ranking_score
5,0,0.7433667352199314
5,1,0.7877188396334676
5,2,0.7798338735433287
5,3,0.7926341607916492
5,4,0.7294582210584577
