seed,sample,ranking_score
1,0,0.5451525400512327
1,1,0.5616645513250341
1,2,0.519582499704214
1,3,0.5224081598630684
1,4,0.5474885661491121
