seed,sample,ranking_score
4,0,0.7594088881803898
4,1,0.7727663260392761
4,2,0.7952433609488302
4,3,0.7676507709552816
4,4,0.7606675643085941
