seed,sample,ranking_score
1,0,0.6150657427117774
1,1,0.6185191348736017
1,2,0.5918212405346647
1,3,0.6188956860892059
1,4,0.6423805596245106
