{
    "features": 0.3379199504852295,
    "process_features_model_1_multimer_v3_pred_0": 5.245208740234375e-06,
    "predict_and_compile_model_1_multimer_v3_pred_0": 546.63916182518,
    "predict_benchmark_model_1_multimer_v3_pred_0": 433.90547943115234,
    "process_features_model_2_multimer_v3_pred_0": 3.5762786865234375e-06,
    "predict_and_compile_model_2_multimer_v3_pred_0": 540.4702436923981,
    "predict_benchmark_model_2_multimer_v3_pred_0": 433.87167835235596,
    "process_features_model_3_multimer_v3_pred_0": 3.337860107421875e-06,
    "predict_and_compile_model_3_multimer_v3_pred_0": 545.8909547328949,
    "predict_benchmark_model_3_multimer_v3_pred_0": 433.1965301036835,
    "process_features_model_4_multimer_v3_pred_0": 3.814697265625e-06,
    "predict_and_compile_model_4_multimer_v3_pred_0": 536.5545358657837,
    "predict_benchmark_model_4_multimer_v3_pred_0": 423.0672013759613,
    "process_features_model_5_multimer_v3_pred_0": 3.814697265625e-06,
    "predict_and_compile_model_5_multimer_v3_pred_0": 533.283697605133,
    "predict_benchmark_model_5_multimer_v3_pred_0": 423.736469745636
}