seed,sample,ranking_score
2,0,0.6959113958850478
2,1,0.7113427742381342
2,2,0.7224245411342929
2,3,0.7035261007586355
2,4,0.7053028177891265
