seed,sample,ranking_score
1,0,0.6550191082126084
1,1,0.7261249679100077
1,2,0.6866407006313503
1,3,0.6622985747919172
1,4,0.6903466209186788
