seed,sample,ranking_score
1,0,0.7813359108104001
1,1,0.7865165549998391
1,2,0.7535717540557364
1,3,0.7569807581077141
1,4,0.7780139050278984
