seed,sample,ranking_score
1,0,0.9307555289138294
1,1,0.9353553042011776
1,2,0.9319637921966838
1,3,0.9340198712208584
1,4,0.9384163900386795
