seed,sample,ranking_score
1,0,0.6531759731789961
1,1,0.6500784436653674
1,2,0.6055614356807207
1,3,0.672758460747747
1,4,0.6494042173011352
