seed,sample,ranking_score
1,0,0.43242739603322095
1,1,0.4426296644492563
1,2,0.4699901648744852
1,3,0.4697842803765887
1,4,0.4725634291024666
