seed,sample,ranking_score
1,0,0.7337711310656532
1,1,0.7680680484956723
1,2,0.7551435643854448
1,3,0.7418008877704616
1,4,0.7431096450453865
