seed,sample,ranking_score
4,0,0.8800125376023878
4,1,0.8742114560818969
4,2,0.8703899298130253
4,3,0.8736503858047977
4,4,0.8651087220053381
