seed,sample,ranking_score
1,0,0.3701898661379856
1,1,0.35766163792714856
1,2,0.380863108967773
1,3,0.40596319689272303
1,4,0.34969493964956133
