seed,sample,ranking_score
1,0,0.5591020745686774
1,1,0.5419057937386724
1,2,0.5440468098806259
1,3,0.5496373644202593
1,4,0.5667216901259686
