seed,sample,ranking_score
1,0,0.7241854501533369
1,1,0.7171773044210954
1,2,0.7378445697190259
1,3,0.7261077871672972
1,4,0.7225267626729417
