seed,sample,ranking_score
1,0,0.4929919270634915
1,1,0.5272476889868607
1,2,0.5537753138369875
1,3,0.49517138265112004
1,4,0.4757975073291507
