seed,sample,ranking_score
1,0,0.8466778870072881
1,1,0.8620329378265357
1,2,0.8748068542204273
1,3,0.867276820325925
1,4,0.8726424280958395
