seed,sample,ranking_score
1,0,0.6886917487188625
1,1,0.6967036524590106
1,2,0.6931487904178294
1,3,0.6686071153812709
1,4,0.7167582271562976
