seed,sample,ranking_score
1,0,0.30981018762394097
1,1,0.40850837135222706
1,2,0.4164159402618624
1,3,0.34056822680602283
1,4,0.41209255802908734
