seed,sample,ranking_score
4,0,0.650495573512063
4,1,0.6391498650097778
4,2,0.6869112259882781
4,3,0.6504729272341363
4,4,0.6494998831291514
