seed,sample,ranking_score
1,0,0.49645326712729254
1,1,0.5366439654598293
1,2,0.47465024822877433
1,3,0.5119658603658418
1,4,0.5271244307506329
