{
    "features": 0.17362475395202637,
    "process_features_model_1_multimer_v3_pred_0": 4.76837158203125e-06,
    "predict_and_compile_model_1_multimer_v3_pred_0": 762.9703960418701,
    "predict_benchmark_model_1_multimer_v3_pred_0": 639.4594104290009,
    "process_features_model_2_multimer_v3_pred_0": 3.0994415283203125e-06,
    "predict_and_compile_model_2_multimer_v3_pred_0": 755.0036816596985,
    "predict_benchmark_model_2_multimer_v3_pred_0": 639.5019748210907,
    "process_features_model_3_multimer_v3_pred_0": 3.5762786865234375e-06,
    "predict_and_compile_model_3_multimer_v3_pred_0": 749.9645602703094,
    "predict_benchmark_model_3_multimer_v3_pred_0": 639.5470669269562,
    "process_features_model_4_multimer_v3_pred_0": 3.337860107421875e-06,
    "predict_and_compile_model_4_multimer_v3_pred_0": 740.010124206543,
    "predict_benchmark_model_4_multimer_v3_pred_0": 626.5805244445801,
    "process_features_model_5_multimer_v3_pred_0": 8.821487426757812e-06,
    "predict_and_compile_model_5_multimer_v3_pred_0": 737.8882353305817,
    "predict_benchmark_model_5_multimer_v3_pred_0": 626.561687707901
}