seed,sample,ranking_score
1,0,0.7896913553751057
1,1,0.7901526330069895
1,2,0.7898207477030883
1,3,0.791968500295809
1,4,0.7929993736967424
