seed,sample,ranking_score
1,0,0.828315004665533
1,1,0.8072337775607941
1,2,0.8208407203400604
1,3,0.8050811045394913
1,4,0.797909642187727
