seed,sample,ranking_score
1,0,0.935344109509975
1,1,0.930637503546862
1,2,0.9342430989272565
1,3,0.9255097731009396
1,4,0.9274303749182045
