seed,sample,ranking_score
5,0,0.5360958616457722
5,1,0.6447297854621385
5,2,0.6471704009837155
5,3,0.6438377448115952
5,4,0.6194207388183861
