seed,sample,ranking_score
1,0,0.9250349050233049
1,1,0.942117471039816
1,2,0.9362533296430622
1,3,0.9350000678844936
1,4,0.9372236781571298
