{
    "features": 0.014911651611328125,
    "process_features_model_1_multimer_v3_pred_0": 3.5762786865234375e-06,
    "predict_and_compile_model_1_multimer_v3_pred_0": 156.46900248527527,
    "predict_benchmark_model_1_multimer_v3_pred_0": 73.48587131500244,
    "process_features_model_2_multimer_v3_pred_0": 1.5497207641601562e-05,
    "predict_and_compile_model_2_multimer_v3_pred_0": 221.82792854309082,
    "predict_benchmark_model_2_multimer_v3_pred_0": 139.7735631465912,
    "process_features_model_3_multimer_v3_pred_0": 1.1920928955078125e-05,
    "predict_and_compile_model_3_multimer_v3_pred_0": 225.1040334701538,
    "predict_benchmark_model_3_multimer_v3_pred_0": 139.85685443878174,
    "process_features_model_4_multimer_v3_pred_0": 2.0742416381835938e-05,
    "predict_and_compile_model_4_multimer_v3_pred_0": 145.5557291507721,
    "predict_benchmark_model_4_multimer_v3_pred_0": 58.61940550804138,
    "process_features_model_5_multimer_v3_pred_0": 1.8596649169921875e-05,
    "predict_and_compile_model_5_multimer_v3_pred_0": 219.91735339164734,
    "predict_benchmark_model_5_multimer_v3_pred_0": 136.72687602043152
}