seed,sample,ranking_score
3,0,0.8147847174469353
3,1,0.8148512197701668
3,2,0.8195598579859673
3,3,0.8315131113403597
3,4,0.8229763032919739
