{
    "features": 0.02368021011352539,
    "process_features_model_1_multimer_v3_pred_0": 4.291534423828125e-06,
    "predict_and_compile_model_1_multimer_v3_pred_0": 144.35503721237183,
    "predict_benchmark_model_1_multimer_v3_pred_0": 61.15912199020386,
    "process_features_model_2_multimer_v3_pred_0": 1.71661376953125e-05,
    "predict_and_compile_model_2_multimer_v3_pred_0": 226.9747245311737,
    "predict_benchmark_model_2_multimer_v3_pred_0": 142.97018933296204,
    "process_features_model_3_multimer_v3_pred_0": 1.0967254638671875e-05,
    "predict_and_compile_model_3_multimer_v3_pred_0": 228.57051801681519,
    "predict_benchmark_model_3_multimer_v3_pred_0": 142.93496584892273,
    "process_features_model_4_multimer_v3_pred_0": 3.0517578125e-05,
    "predict_and_compile_model_4_multimer_v3_pred_0": 228.03991508483887,
    "predict_benchmark_model_4_multimer_v3_pred_0": 138.30319237709045,
    "process_features_model_5_multimer_v3_pred_0": 1.5497207641601562e-05,
    "predict_and_compile_model_5_multimer_v3_pred_0": 228.49788522720337,
    "predict_benchmark_model_5_multimer_v3_pred_0": 138.46584749221802
}