seed,sample,ranking_score
1,0,0.511697637010869
1,1,0.5093605235970422
1,2,0.5247614285412586
1,3,0.5317127365954477
1,4,0.515510246226788
