seed,sample,ranking_score
2,0,0.6423678281602873
2,1,0.6581597669386695
2,2,0.643781778225646
2,3,0.6605504262076866
2,4,0.6683392774394415
