seed,sample,ranking_score
1,0,0.6513997207688365
1,1,0.6543597266245025
1,2,0.643691059868484
1,3,0.6413919198752606
1,4,0.6427743147562517
