seed,sample,ranking_score
1,0,0.6988952151369889
1,1,0.7102917314291773
1,2,0.6544977856015952
1,3,0.6855779512473033
1,4,0.6898964235275344
