seed,sample,ranking_score
1,0,0.37454172025951854
1,1,0.384161879070329
1,2,0.37757981431329213
1,3,0.3915737444854756
1,4,0.3850001925387864
