seed,sample,ranking_score
1,0,0.5915992338478823
1,1,0.6122068358560773
1,2,0.6264844585527237
1,3,0.5969107930860463
1,4,0.6257716135699415
