seed,sample,ranking_score
4,0,0.7467784747380656
4,1,0.75358337291874
4,2,0.7466267757410925
4,3,0.736723252017333
4,4,0.742993546528019
