seed,sample,ranking_score
1,0,0.6658984823344296
1,1,0.7385063704528083
1,2,0.7255491293391901
1,3,0.6790379720322739
1,4,0.7271237726638464
