{
    "features": 0.00491023063659668,
    "process_features_model_1_multimer_v3_pred_0": 3.814697265625e-06,
    "predict_and_compile_model_1_multimer_v3_pred_0": 163.91409635543823,
    "relax_model_1_multimer_v3_pred_0": 16.745166301727295,
    "process_features_model_1_multimer_v3_pred_1": 3.337860107421875e-06,
    "predict_and_compile_model_1_multimer_v3_pred_1": 42.69918990135193,
    "relax_model_1_multimer_v3_pred_1": 14.298502445220947,
    "process_features_model_1_multimer_v3_pred_2": 2.6226043701171875e-06,
    "predict_and_compile_model_1_multimer_v3_pred_2": 47.347694635391235,
    "relax_model_1_multimer_v3_pred_2": 14.109678030014038,
    "process_features_model_1_multimer_v3_pred_3": 2.384185791015625e-06,
    "predict_and_compile_model_1_multimer_v3_pred_3": 37.92548441886902,
    "relax_model_1_multimer_v3_pred_3": 23.316462516784668,
    "process_features_model_1_multimer_v3_pred_4": 3.0994415283203125e-06,
    "predict_and_compile_model_1_multimer_v3_pred_4": 47.395554065704346,
    "relax_model_1_multimer_v3_pred_4": 13.979866981506348,
    "process_features_model_2_multimer_v3_pred_0": 3.0994415283203125e-06,
    "predict_and_compile_model_2_multimer_v3_pred_0": 152.78801560401917,
    "relax_model_2_multimer_v3_pred_0": 13.815933465957642,
    "process_features_model_2_multimer_v3_pred_1": 2.86102294921875e-06,
    "predict_and_compile_model_2_multimer_v3_pred_1": 33.32902717590332,
    "relax_model_2_multimer_v3_pred_1": 13.829902410507202,
    "process_features_model_2_multimer_v3_pred_2": 2.6226043701171875e-06,
    "predict_and_compile_model_2_multimer_v3_pred_2": 33.2484712600708,
    "relax_model_2_multimer_v3_pred_2": 15.021810293197632,
    "process_features_model_2_multimer_v3_pred_3": 2.86102294921875e-06,
    "predict_and_compile_model_2_multimer_v3_pred_3": 28.553175449371338,
    "relax_model_2_multimer_v3_pred_3": 13.766975402832031,
    "process_features_model_2_multimer_v3_pred_4": 3.0994415283203125e-06,
    "predict_and_compile_model_2_multimer_v3_pred_4": 42.58542466163635,
    "relax_model_2_multimer_v3_pred_4": 14.563550472259521,
    "process_features_model_3_multimer_v3_pred_0": 2.86102294921875e-06,
    "predict_and_compile_model_3_multimer_v3_pred_0": 144.1096851825714,
    "relax_model_3_multimer_v3_pred_0": 14.243612051010132,
    "process_features_model_3_multimer_v3_pred_1": 3.0994415283203125e-06,
    "predict_and_compile_model_3_multimer_v3_pred_1": 37.961386919021606,
    "relax_model_3_multimer_v3_pred_1": 20.232714653015137,
    "process_features_model_3_multimer_v3_pred_2": 3.814697265625e-06,
    "predict_and_compile_model_3_multimer_v3_pred_2": 42.66790413856506,
    "relax_model_3_multimer_v3_pred_2": 13.7340567111969,
    "process_features_model_3_multimer_v3_pred_3": 3.0994415283203125e-06,
    "predict_and_compile_model_3_multimer_v3_pred_3": 47.292011737823486,
    "relax_model_3_multimer_v3_pred_3": 15.178853750228882,
    "process_features_model_3_multimer_v3_pred_4": 2.86102294921875e-06,
    "predict_and_compile_model_3_multimer_v3_pred_4": 28.649447917938232,
    "relax_model_3_multimer_v3_pred_4": 14.38424038887024,
    "process_features_model_4_multimer_v3_pred_0": 2.6226043701171875e-06,
    "predict_and_compile_model_4_multimer_v3_pred_0": 145.51401162147522,
    "relax_model_4_multimer_v3_pred_0": 19.447458028793335,
    "process_features_model_4_multimer_v3_pred_1": 2.6226043701171875e-06,
    "predict_and_compile_model_4_multimer_v3_pred_1": 46.615970611572266,
    "relax_model_4_multimer_v3_pred_1": 14.268740177154541,
    "process_features_model_4_multimer_v3_pred_2": 2.6226043701171875e-06,
    "predict_and_compile_model_4_multimer_v3_pred_2": 37.30661654472351,
    "relax_model_4_multimer_v3_pred_2": 15.65684986114502,
    "process_features_model_4_multimer_v3_pred_3": 2.6226043701171875e-06,
    "predict_and_compile_model_4_multimer_v3_pred_3": 69.65616464614868,
    "relax_model_4_multimer_v3_pred_3": 19.501996278762817,
    "process_features_model_4_multimer_v3_pred_4": 3.0994415283203125e-06,
    "predict_and_compile_model_4_multimer_v3_pred_4": 46.59513878822327,
    "relax_model_4_multimer_v3_pred_4": 14.49489450454712,
    "process_features_model_5_multimer_v3_pred_0": 2.86102294921875e-06,
    "predict_and_compile_model_5_multimer_v3_pred_0": 209.24551939964294,
    "relax_model_5_multimer_v3_pred_0": 15.850358963012695,
    "process_features_model_5_multimer_v3_pred_1": 2.6226043701171875e-06,
    "predict_and_compile_model_5_multimer_v3_pred_1": 60.49249625205994,
    "relax_model_5_multimer_v3_pred_1": 14.36161494255066,
    "process_features_model_5_multimer_v3_pred_2": 3.337860107421875e-06,
    "predict_and_compile_model_5_multimer_v3_pred_2": 97.28071641921997,
    "relax_model_5_multimer_v3_pred_2": 14.383114337921143,
    "process_features_model_5_multimer_v3_pred_3": 2.86102294921875e-06,
    "predict_and_compile_model_5_multimer_v3_pred_3": 97.14465141296387,
    "relax_model_5_multimer_v3_pred_3": 15.842944383621216,
    "process_features_model_5_multimer_v3_pred_4": 4.291534423828125e-06,
    "predict_and_compile_model_5_multimer_v3_pred_4": 97.35566973686218,
    "relax_model_5_multimer_v3_pred_4": 14.179322719573975
}