seed,sample,ranking_score
1,0,0.5433358434172791
1,1,0.5325458145450489
1,2,0.5440997130457755
1,3,0.5349008987064799
1,4,0.5208589179880229
