seed,sample,ranking_score
1,0,0.6502950786138283
1,1,0.6421658708924054
1,2,0.6432343151456781
1,3,0.6403539347259752
1,4,0.6414211595117246
