seed,sample,ranking_score
1,0,0.4652851615201307
1,1,0.49120120719121113
1,2,0.4633421494946319
1,3,0.4833646411163359
1,4,0.48266191455756924
