seed,sample,ranking_score
1,0,1.0071455068739943
1,1,1.0116614599611164
1,2,0.9967643153421472
1,3,1.0134010179601214
1,4,1.0049303174041997
