seed,sample,ranking_score
1,0,0.6793220542388498
1,1,0.6900011277519655
1,2,0.6742789861363707
1,3,0.6873357093351015
1,4,0.7012660100082133
