{
    "features": 0.15067505836486816,
    "process_features_model_1_multimer_v3_pred_0": 5.4836273193359375e-06,
    "predict_and_compile_model_1_multimer_v3_pred_0": 462.67879819869995,
    "predict_benchmark_model_1_multimer_v3_pred_0": 342.0968177318573,
    "process_features_model_2_multimer_v3_pred_0": 4.0531158447265625e-06,
    "predict_and_compile_model_2_multimer_v3_pred_0": 455.8396260738373,
    "predict_benchmark_model_2_multimer_v3_pred_0": 341.7057731151581,
    "process_features_model_3_multimer_v3_pred_0": 4.291534423828125e-06,
    "predict_and_compile_model_3_multimer_v3_pred_0": 459.243017911911,
    "predict_benchmark_model_3_multimer_v3_pred_0": 342.1394567489624,
    "process_features_model_4_multimer_v3_pred_0": 3.5762786865234375e-06,
    "predict_and_compile_model_4_multimer_v3_pred_0": 453.0699565410614,
    "predict_benchmark_model_4_multimer_v3_pred_0": 333.3211679458618,
    "process_features_model_5_multimer_v3_pred_0": 4.291534423828125e-06,
    "predict_and_compile_model_5_multimer_v3_pred_0": 448.622430562973,
    "predict_benchmark_model_5_multimer_v3_pred_0": 333.47616147994995
}