seed,sample,ranking_score
1,0,0.8485925156327062
1,1,0.8554103091021669
1,2,0.8617167393650544
1,3,0.8324928348557957
1,4,0.8387449181527677
