seed,sample,ranking_score
1,0,0.5154204495481919
1,1,0.5036261988430092
1,2,0.5124053783210814
1,3,0.5008144142494723
1,4,0.4863659650640325
