seed,sample,ranking_score
3,0,0.8733009736650137
3,1,0.880383519988323
3,2,0.8763310597269345
3,3,0.8682593848646584
3,4,0.8742879577785071
