seed,sample,ranking_score
1,0,0.5547061360345079
1,1,0.5754925644076866
1,2,0.5521442842520209
1,3,0.5799826756618743
1,4,0.5811234631320558
