{
    "features": 0.0066602230072021484,
    "process_features_model_1_multimer_v3_pred_0": 3.814697265625e-06,
    "predict_and_compile_model_1_multimer_v3_pred_0": 249.71786189079285,
    "relax_model_1_multimer_v3_pred_0": 40.70573091506958,
    "process_features_model_1_multimer_v3_pred_1": 2.86102294921875e-06,
    "predict_and_compile_model_1_multimer_v3_pred_1": 130.63603281974792,
    "relax_model_1_multimer_v3_pred_1": 28.919527530670166,
    "process_features_model_1_multimer_v3_pred_2": 2.86102294921875e-06,
    "predict_and_compile_model_1_multimer_v3_pred_2": 130.62321949005127,
    "relax_model_1_multimer_v3_pred_2": 36.78365421295166,
    "process_features_model_1_multimer_v3_pred_3": 3.337860107421875e-06,
    "predict_and_compile_model_1_multimer_v3_pred_3": 130.47911167144775,
    "relax_model_1_multimer_v3_pred_3": 36.30013561248779,
    "process_features_model_1_multimer_v3_pred_4": 2.86102294921875e-06,
    "predict_and_compile_model_1_multimer_v3_pred_4": 130.5189516544342,
    "relax_model_1_multimer_v3_pred_4": 37.231823444366455,
    "process_features_model_2_multimer_v3_pred_0": 3.0994415283203125e-06,
    "predict_and_compile_model_2_multimer_v3_pred_0": 245.81455516815186,
    "relax_model_2_multimer_v3_pred_0": 38.6893846988678,
    "process_features_model_2_multimer_v3_pred_1": 3.337860107421875e-06,
    "predict_and_compile_model_2_multimer_v3_pred_1": 99.86522436141968,
    "relax_model_2_multimer_v3_pred_1": 38.03355288505554,
    "process_features_model_2_multimer_v3_pred_2": 3.337860107421875e-06,
    "predict_and_compile_model_2_multimer_v3_pred_2": 56.39397668838501,
    "relax_model_2_multimer_v3_pred_2": 36.98243260383606,
    "process_features_model_2_multimer_v3_pred_3": 3.337860107421875e-06,
    "predict_and_compile_model_2_multimer_v3_pred_3": 56.35227131843567,
    "relax_model_2_multimer_v3_pred_3": 38.014017820358276,
    "process_features_model_2_multimer_v3_pred_4": 2.86102294921875e-06,
    "predict_and_compile_model_2_multimer_v3_pred_4": 81.14332270622253,
    "relax_model_2_multimer_v3_pred_4": 38.80580925941467,
    "process_features_model_3_multimer_v3_pred_0": 3.0994415283203125e-06,
    "predict_and_compile_model_3_multimer_v3_pred_0": 248.75643825531006,
    "relax_model_3_multimer_v3_pred_0": 37.916937589645386,
    "process_features_model_3_multimer_v3_pred_1": 3.0994415283203125e-06,
    "predict_and_compile_model_3_multimer_v3_pred_1": 130.9224259853363,
    "relax_model_3_multimer_v3_pred_1": 30.157227039337158,
    "process_features_model_3_multimer_v3_pred_2": 3.337860107421875e-06,
    "predict_and_compile_model_3_multimer_v3_pred_2": 130.7623906135559,
    "relax_model_3_multimer_v3_pred_2": 38.08299422264099,
    "process_features_model_3_multimer_v3_pred_3": 3.5762786865234375e-06,
    "predict_and_compile_model_3_multimer_v3_pred_3": 130.67434930801392,
    "relax_model_3_multimer_v3_pred_3": 74.87598609924316,
    "process_features_model_3_multimer_v3_pred_4": 2.86102294921875e-06,
    "predict_and_compile_model_3_multimer_v3_pred_4": 130.75219559669495,
    "relax_model_3_multimer_v3_pred_4": 38.58956217765808,
    "process_features_model_4_multimer_v3_pred_0": 3.337860107421875e-06,
    "predict_and_compile_model_4_multimer_v3_pred_0": 248.87345147132874,
    "relax_model_4_multimer_v3_pred_0": 37.61372351646423,
    "process_features_model_4_multimer_v3_pred_1": 2.6226043701171875e-06,
    "predict_and_compile_model_4_multimer_v3_pred_1": 127.57532048225403,
    "relax_model_4_multimer_v3_pred_1": 30.567761659622192,
    "process_features_model_4_multimer_v3_pred_2": 2.86102294921875e-06,
    "predict_and_compile_model_4_multimer_v3_pred_2": 127.58022427558899,
    "relax_model_4_multimer_v3_pred_2": 29.47055411338806,
    "process_features_model_4_multimer_v3_pred_3": 2.86102294921875e-06,
    "predict_and_compile_model_4_multimer_v3_pred_3": 61.12662220001221,
    "relax_model_4_multimer_v3_pred_3": 27.908443212509155,
    "process_features_model_4_multimer_v3_pred_4": 2.6226043701171875e-06,
    "predict_and_compile_model_4_multimer_v3_pred_4": 127.34571623802185,
    "relax_model_4_multimer_v3_pred_4": 31.271366834640503,
    "process_features_model_5_multimer_v3_pred_0": 3.5762786865234375e-06,
    "predict_and_compile_model_5_multimer_v3_pred_0": 244.48858952522278,
    "relax_model_5_multimer_v3_pred_0": 22.710943460464478,
    "process_features_model_5_multimer_v3_pred_1": 2.86102294921875e-06,
    "predict_and_compile_model_5_multimer_v3_pred_1": 127.51410484313965,
    "relax_model_5_multimer_v3_pred_1": 23.765371561050415,
    "process_features_model_5_multimer_v3_pred_2": 3.337860107421875e-06,
    "predict_and_compile_model_5_multimer_v3_pred_2": 127.49134874343872,
    "relax_model_5_multimer_v3_pred_2": 21.68840217590332,
    "process_features_model_5_multimer_v3_pred_3": 3.0994415283203125e-06,
    "predict_and_compile_model_5_multimer_v3_pred_3": 127.38496732711792,
    "relax_model_5_multimer_v3_pred_3": 22.408103942871094,
    "process_features_model_5_multimer_v3_pred_4": 3.337860107421875e-06,
    "predict_and_compile_model_5_multimer_v3_pred_4": 127.51934361457825,
    "relax_model_5_multimer_v3_pred_4": 27.389879941940308
}