seed,sample,ranking_score
1,0,0.7474845784743689
1,1,0.7600921326098173
1,2,0.7560410990765315
1,3,0.7503836861087855
1,4,0.7540492108132559
