seed,sample,ranking_score
1,0,0.6071193381554743
1,1,0.6129886703900599
1,2,0.6158105069980866
1,3,0.5386568051329287
1,4,0.6166630982010524
