seed,sample,ranking_score
1,0,0.8419319019113042
1,1,0.825421958642323
1,2,0.835103570322437
1,3,0.842069058427768
1,4,0.8331105866982645
