seed,sample,ranking_score
1,0,0.5459322588187691
1,1,0.5372943911244712
1,2,0.6061359060710295
1,3,0.5298593708394437
1,4,0.6187505188302879
