seed,sample,ranking_score
1,0,0.5660347398348334
1,1,0.5888425462584708
1,2,0.5757417620089055
1,3,0.5772537726411052
1,4,0.5827403009353976
