{
    "features": 0.007321596145629883,
    "process_features_model_1_multimer_v3_pred_0": 3.337860107421875e-06,
    "predict_and_compile_model_1_multimer_v3_pred_0": 221.50725197792053,
    "relax_model_1_multimer_v3_pred_0": 41.482998847961426,
    "process_features_model_1_multimer_v3_pred_1": 3.814697265625e-06,
    "predict_and_compile_model_1_multimer_v3_pred_1": 49.63845682144165,
    "relax_model_1_multimer_v3_pred_1": 35.96664619445801,
    "process_features_model_1_multimer_v3_pred_2": 3.5762786865234375e-06,
    "predict_and_compile_model_1_multimer_v3_pred_2": 61.976048946380615,
    "relax_model_1_multimer_v3_pred_2": 20.943671941757202,
    "process_features_model_1_multimer_v3_pred_3": 3.814697265625e-06,
    "predict_and_compile_model_1_multimer_v3_pred_3": 49.689053773880005,
    "relax_model_1_multimer_v3_pred_3": 41.10060787200928,
    "process_features_model_1_multimer_v3_pred_4": 4.0531158447265625e-06,
    "predict_and_compile_model_1_multimer_v3_pred_4": 49.45106220245361,
    "relax_model_1_multimer_v3_pred_4": 40.37806725502014,
    "process_features_model_2_multimer_v3_pred_0": 3.337860107421875e-06,
    "predict_and_compile_model_2_multimer_v3_pred_0": 234.64996671676636,
    "relax_model_2_multimer_v3_pred_0": 22.689146041870117,
    "process_features_model_2_multimer_v3_pred_1": 4.291534423828125e-06,
    "predict_and_compile_model_2_multimer_v3_pred_1": 74.185471534729,
    "relax_model_2_multimer_v3_pred_1": 22.61667037010193,
    "process_features_model_2_multimer_v3_pred_2": 4.291534423828125e-06,
    "predict_and_compile_model_2_multimer_v3_pred_2": 74.10730981826782,
    "relax_model_2_multimer_v3_pred_2": 20.7769615650177,
    "process_features_model_2_multimer_v3_pred_3": 4.0531158447265625e-06,
    "predict_and_compile_model_2_multimer_v3_pred_3": 61.93894863128662,
    "relax_model_2_multimer_v3_pred_3": 22.181280612945557,
    "process_features_model_2_multimer_v3_pred_4": 3.0994415283203125e-06,
    "predict_and_compile_model_2_multimer_v3_pred_4": 49.63193607330322,
    "relax_model_2_multimer_v3_pred_4": 22.263116598129272,
    "process_features_model_3_multimer_v3_pred_0": 3.814697265625e-06,
    "predict_and_compile_model_3_multimer_v3_pred_0": 219.33171343803406,
    "relax_model_3_multimer_v3_pred_0": 21.42451572418213,
    "process_features_model_3_multimer_v3_pred_1": 3.5762786865234375e-06,
    "predict_and_compile_model_3_multimer_v3_pred_1": 62.2103750705719,
    "relax_model_3_multimer_v3_pred_1": 21.94322395324707,
    "process_features_model_3_multimer_v3_pred_2": 4.291534423828125e-06,
    "predict_and_compile_model_3_multimer_v3_pred_2": 73.92791771888733,
    "relax_model_3_multimer_v3_pred_2": 20.659240007400513,
    "process_features_model_3_multimer_v3_pred_3": 3.5762786865234375e-06,
    "predict_and_compile_model_3_multimer_v3_pred_3": 49.9112343788147,
    "relax_model_3_multimer_v3_pred_3": 21.991438150405884,
    "process_features_model_3_multimer_v3_pred_4": 3.337860107421875e-06,
    "predict_and_compile_model_3_multimer_v3_pred_4": 49.71501398086548,
    "relax_model_3_multimer_v3_pred_4": 22.059937953948975,
    "process_features_model_4_multimer_v3_pred_0": 3.814697265625e-06,
    "predict_and_compile_model_4_multimer_v3_pred_0": 229.12195420265198,
    "relax_model_4_multimer_v3_pred_0": 22.60856342315674,
    "process_features_model_4_multimer_v3_pred_1": 3.5762786865234375e-06,
    "predict_and_compile_model_4_multimer_v3_pred_1": 48.74456572532654,
    "relax_model_4_multimer_v3_pred_1": 22.475952625274658,
    "process_features_model_4_multimer_v3_pred_2": 3.5762786865234375e-06,
    "predict_and_compile_model_4_multimer_v3_pred_2": 48.647376537323,
    "relax_model_4_multimer_v3_pred_2": 20.493749141693115,
    "process_features_model_4_multimer_v3_pred_3": 3.814697265625e-06,
    "predict_and_compile_model_4_multimer_v3_pred_3": 60.93141841888428,
    "relax_model_4_multimer_v3_pred_3": 22.584887266159058,
    "process_features_model_4_multimer_v3_pred_4": 3.5762786865234375e-06,
    "predict_and_compile_model_4_multimer_v3_pred_4": 48.72027087211609,
    "relax_model_4_multimer_v3_pred_4": 21.062947273254395,
    "process_features_model_5_multimer_v3_pred_0": 4.5299530029296875e-06,
    "predict_and_compile_model_5_multimer_v3_pred_0": 211.94065022468567,
    "relax_model_5_multimer_v3_pred_0": 21.111357927322388,
    "process_features_model_5_multimer_v3_pred_1": 3.814697265625e-06,
    "predict_and_compile_model_5_multimer_v3_pred_1": 60.75327825546265,
    "relax_model_5_multimer_v3_pred_1": 21.994203090667725,
    "process_features_model_5_multimer_v3_pred_2": 4.291534423828125e-06,
    "predict_and_compile_model_5_multimer_v3_pred_2": 60.8811514377594,
    "relax_model_5_multimer_v3_pred_2": 20.529244661331177,
    "process_features_model_5_multimer_v3_pred_3": 3.814697265625e-06,
    "predict_and_compile_model_5_multimer_v3_pred_3": 48.65292572975159,
    "relax_model_5_multimer_v3_pred_3": 20.337058305740356,
    "process_features_model_5_multimer_v3_pred_4": 4.0531158447265625e-06,
    "predict_and_compile_model_5_multimer_v3_pred_4": 48.788971185684204,
    "relax_model_5_multimer_v3_pred_4": 24.259780406951904
}