{
    "features": 0.20467138290405273,
    "process_features_model_1_multimer_v3_pred_0": 3.337860107421875e-06,
    "predict_and_compile_model_1_multimer_v3_pred_0": 170.8079652786255,
    "predict_benchmark_model_1_multimer_v3_pred_0": 89.27791833877563,
    "process_features_model_2_multimer_v3_pred_0": 6.67572021484375e-06,
    "predict_and_compile_model_2_multimer_v3_pred_0": 126.62650728225708,
    "predict_benchmark_model_2_multimer_v3_pred_0": 47.46302580833435,
    "process_features_model_3_multimer_v3_pred_0": 1.3828277587890625e-05,
    "predict_and_compile_model_3_multimer_v3_pred_0": 116.0351665019989,
    "predict_benchmark_model_3_multimer_v3_pred_0": 31.668902158737183,
    "process_features_model_4_multimer_v3_pred_0": 1.71661376953125e-05,
    "predict_and_compile_model_4_multimer_v3_pred_0": 193.09730792045593,
    "predict_benchmark_model_4_multimer_v3_pred_0": 107.94804668426514,
    "process_features_model_5_multimer_v3_pred_0": 9.059906005859375e-06,
    "predict_and_compile_model_5_multimer_v3_pred_0": 164.67638111114502,
    "predict_benchmark_model_5_multimer_v3_pred_0": 82.79283022880554
}