seed,sample,ranking_score
1,0,0.5884378135794335
1,1,0.5870685339144411
1,2,0.6158770103364661
1,3,0.5699637931113186
1,4,0.6035954733083452
