seed,sample,ranking_score
1,0,0.8113115820665572
1,1,0.8276160598698719
1,2,0.8166432011573811
1,3,0.8240972154967557
1,4,0.8203093225879651
