seed,sample,ranking_score
1,0,0.784885741800057
1,1,0.7753134609586528
1,2,0.8253116720456695
1,3,0.8371084972859488
1,4,0.7991621589890071
