{
    "iptm+ptm": {
        "model_1_multimer_v3_pred_0": 0.7840656536568481,
        "model_1_multimer_v3_pred_1": 0.7866370824869705,
        "model_1_multimer_v3_pred_2": 0.7785778784142425,
        "model_1_multimer_v3_pred_3": 0.7915358655645627,
        "model_1_multimer_v3_pred_4": 0.7877211856738969,
        "model_2_multimer_v3_pred_0": 0.7840597716012137,
        "model_2_multimer_v3_pred_1": 0.7668334441397857,
        "model_2_multimer_v3_pred_2": 0.765094328859637,
        "model_2_multimer_v3_pred_3": 0.7740888728600264,
        "model_2_multimer_v3_pred_4": 0.7653268435037106,
        "model_3_multimer_v3_pred_0": 0.7682140483019748,
        "model_3_multimer_v3_pred_1": 0.7753332892765457,
        "model_3_multimer_v3_pred_2": 0.803147801377404,
        "model_3_multimer_v3_pred_3": 0.7707486018006944,
        "model_3_multimer_v3_pred_4": 0.7968468152915689,
        "model_4_multimer_v3_pred_0": 0.789809342306135,
        "model_4_multimer_v3_pred_1": 0.7881768375809723,
        "model_4_multimer_v3_pred_2": 0.7920931553045918,
        "model_4_multimer_v3_pred_3": 0.7927795161003885,
        "model_4_multimer_v3_pred_4": 0.7925020469417408,
        "model_5_multimer_v3_pred_0": 0.7942126717860369,
        "model_5_multimer_v3_pred_1": 0.8015997230133558,
        "model_5_multimer_v3_pred_2": 0.7797974743805053,
        "model_5_multimer_v3_pred_3": 0.7787688364102046,
        "model_5_multimer_v3_pred_4": 0.7824205402775585
    },
    "order": [
        "model_3_multimer_v3_pred_2",
        "model_5_multimer_v3_pred_1",
        "model_3_multimer_v3_pred_4",
        "model_5_multimer_v3_pred_0",
        "model_4_multimer_v3_pred_3",
        "model_4_multimer_v3_pred_4",
        "model_4_multimer_v3_pred_2",
        "model_1_multimer_v3_pred_3",
        "model_4_multimer_v3_pred_0",
        "model_4_multimer_v3_pred_1",
        "model_1_multimer_v3_pred_4",
        "model_1_multimer_v3_pred_1",
        "model_1_multimer_v3_pred_0",
        "model_2_multimer_v3_pred_0",
        "model_5_multimer_v3_pred_4",
        "model_5_multimer_v3_pred_2",
        "model_5_multimer_v3_pred_3",
        "model_1_multimer_v3_pred_2",
        "model_3_multimer_v3_pred_1",
        "model_2_multimer_v3_pred_3",
        "model_3_multimer_v3_pred_3",
        "model_3_multimer_v3_pred_0",
        "model_2_multimer_v3_pred_1",
        "model_2_multimer_v3_pred_4",
        "model_2_multimer_v3_pred_2"
    ]
}