{
    "features": 0.007182598114013672,
    "process_features_model_1_multimer_v3_pred_0": 4.0531158447265625e-06,
    "predict_and_compile_model_1_multimer_v3_pred_0": 347.380606174469,
    "relax_model_1_multimer_v3_pred_0": 34.5884485244751,
    "process_features_model_1_multimer_v3_pred_1": 2.6226043701171875e-06,
    "predict_and_compile_model_1_multimer_v3_pred_1": 156.31137132644653,
    "relax_model_1_multimer_v3_pred_1": 29.416052103042603,
    "process_features_model_1_multimer_v3_pred_2": 2.6226043701171875e-06,
    "predict_and_compile_model_1_multimer_v3_pred_2": 89.83618688583374,
    "relax_model_1_multimer_v3_pred_2": 31.341403484344482,
    "process_features_model_1_multimer_v3_pred_3": 2.86102294921875e-06,
    "predict_and_compile_model_1_multimer_v3_pred_3": 100.8737940788269,
    "relax_model_1_multimer_v3_pred_3": 29.540201425552368,
    "process_features_model_1_multimer_v3_pred_4": 3.337860107421875e-06,
    "predict_and_compile_model_1_multimer_v3_pred_4": 167.44300842285156,
    "relax_model_1_multimer_v3_pred_4": 31.236560106277466,
    "process_features_model_2_multimer_v3_pred_0": 3.0994415283203125e-06,
    "predict_and_compile_model_2_multimer_v3_pred_0": 210.5516984462738,
    "relax_model_2_multimer_v3_pred_0": 38.307300329208374,
    "process_features_model_2_multimer_v3_pred_1": 2.6226043701171875e-06,
    "predict_and_compile_model_2_multimer_v3_pred_1": 69.31183528900146,
    "relax_model_2_multimer_v3_pred_1": 29.809163331985474,
    "process_features_model_2_multimer_v3_pred_2": 2.384185791015625e-06,
    "predict_and_compile_model_2_multimer_v3_pred_2": 89.68521404266357,
    "relax_model_2_multimer_v3_pred_2": 30.295490264892578,
    "process_features_model_2_multimer_v3_pred_3": 2.6226043701171875e-06,
    "predict_and_compile_model_2_multimer_v3_pred_3": 78.68342685699463,
    "relax_model_2_multimer_v3_pred_3": 29.73183298110962,
    "process_features_model_2_multimer_v3_pred_4": 2.6226043701171875e-06,
    "predict_and_compile_model_2_multimer_v3_pred_4": 233.56814408302307,
    "relax_model_2_multimer_v3_pred_4": 31.948773860931396,
    "process_features_model_3_multimer_v3_pred_0": 2.6226043701171875e-06,
    "predict_and_compile_model_3_multimer_v3_pred_0": 300.70417308807373,
    "relax_model_3_multimer_v3_pred_0": 41.789180517196655,
    "process_features_model_3_multimer_v3_pred_1": 2.6226043701171875e-06,
    "predict_and_compile_model_3_multimer_v3_pred_1": 156.23597955703735,
    "relax_model_3_multimer_v3_pred_1": 29.621381282806396,
    "process_features_model_3_multimer_v3_pred_2": 2.6226043701171875e-06,
    "predict_and_compile_model_3_multimer_v3_pred_2": 233.9600920677185,
    "relax_model_3_multimer_v3_pred_2": 30.87475895881653,
    "process_features_model_3_multimer_v3_pred_3": 2.86102294921875e-06,
    "predict_and_compile_model_3_multimer_v3_pred_3": 233.89228439331055,
    "relax_model_3_multimer_v3_pred_3": 30.23655867576599,
    "process_features_model_3_multimer_v3_pred_4": 5.0067901611328125e-06,
    "predict_and_compile_model_3_multimer_v3_pred_4": 134.04281949996948,
    "relax_model_3_multimer_v3_pred_4": 33.42653727531433,
    "process_features_model_4_multimer_v3_pred_0": 3.0994415283203125e-06,
    "predict_and_compile_model_4_multimer_v3_pred_0": 301.8434724807739,
    "relax_model_4_multimer_v3_pred_0": 28.594027519226074,
    "process_features_model_4_multimer_v3_pred_1": 2.384185791015625e-06,
    "predict_and_compile_model_4_multimer_v3_pred_1": 184.83434557914734,
    "relax_model_4_multimer_v3_pred_1": 30.238781213760376,
    "process_features_model_4_multimer_v3_pred_2": 2.6226043701171875e-06,
    "predict_and_compile_model_4_multimer_v3_pred_2": 227.1901879310608,
    "relax_model_4_multimer_v3_pred_2": 42.61049485206604,
    "process_features_model_4_multimer_v3_pred_3": 2.384185791015625e-06,
    "predict_and_compile_model_4_multimer_v3_pred_3": 227.16719126701355,
    "relax_model_4_multimer_v3_pred_3": 50.503143072128296,
    "process_features_model_4_multimer_v3_pred_4": 2.86102294921875e-06,
    "predict_and_compile_model_4_multimer_v3_pred_4": 130.49368977546692,
    "relax_model_4_multimer_v3_pred_4": 32.9745090007782,
    "process_features_model_5_multimer_v3_pred_0": 3.337860107421875e-06,
    "predict_and_compile_model_5_multimer_v3_pred_0": 318.49460530281067,
    "relax_model_5_multimer_v3_pred_0": 38.148709774017334,
    "process_features_model_5_multimer_v3_pred_1": 3.814697265625e-06,
    "predict_and_compile_model_5_multimer_v3_pred_1": 98.37891554832458,
    "relax_model_5_multimer_v3_pred_1": 30.24800729751587,
    "process_features_model_5_multimer_v3_pred_2": 2.384185791015625e-06,
    "predict_and_compile_model_5_multimer_v3_pred_2": 195.19983959197998,
    "relax_model_5_multimer_v3_pred_2": 45.67718577384949,
    "process_features_model_5_multimer_v3_pred_3": 2.384185791015625e-06,
    "predict_and_compile_model_5_multimer_v3_pred_3": 141.02195692062378,
    "relax_model_5_multimer_v3_pred_3": 42.541401863098145,
    "process_features_model_5_multimer_v3_pred_4": 2.6226043701171875e-06,
    "predict_and_compile_model_5_multimer_v3_pred_4": 227.6679072380066,
    "relax_model_5_multimer_v3_pred_4": 32.146310567855835
}