seed,sample,ranking_score
4,0,0.9724299638750924
4,1,0.980601297017805
4,2,0.9694383059799588
4,3,0.9659498223598065
4,4,0.9679886718717334
