seed,sample,ranking_score
1,0,0.5000691949766001
1,1,0.5104695443887015
1,2,0.516784720224209
1,3,0.5020731260226213
1,4,0.5124551194609674
