seed,sample,ranking_score
1,0,0.6396662121039747
1,1,0.6207574695221718
1,2,0.6331162754827357
1,3,0.634500783599997
1,4,0.6290224398804181
