seed,sample,ranking_score
1,0,0.3161152690881483
1,1,0.28615433111615646
1,2,0.3382320171774632
1,3,0.30423463229793485
1,4,0.3005975793650529
