seed,sample,ranking_score
1,0,0.33673653688095706
1,1,0.3259004029040713
1,2,0.36829187270543357
1,3,0.373732968900875
1,4,0.3305404479073255
