seed,sample,ranking_score
1,0,0.5075443827706798
1,1,0.5117713109176801
1,2,0.4950371452193838
1,3,0.5184285833553262
1,4,0.5135792481760798
