seed,sample,ranking_score
1,0,0.42008654195103945
1,1,0.42333386569977305
1,2,0.4174904419443084
1,3,0.4147870063867699
1,4,0.41179335303624987
