seed,sample,ranking_score
1,0,0.5191520063435697
1,1,0.5260740256161132
1,2,0.5308932242195051
1,3,0.545654098368064
1,4,0.5138813351781552
