seed,sample,ranking_score
5,0,0.5880057939974939
5,1,0.611434319515615
5,2,0.6157558178410198
5,3,0.6433334489518178
5,4,0.6010106160562914
