seed,sample,ranking_score
3,0,0.9062176432367611
3,1,0.9058004358159418
3,2,0.9127828932349321
3,3,0.9112185468567597
3,4,0.9020896998337415
