seed,sample,ranking_score
4,0,0.9574119646982229
4,1,0.9620723427835944
4,2,0.9651696177224081
4,3,0.9567125387067387
4,4,0.9474584595408266
