seed,sample,ranking_score
1,0,0.3959066610589222
1,1,0.4551701820189117
1,2,0.3656961363906845
1,3,0.4531025930306626
1,4,0.4120310700965499
