seed,sample,ranking_score
1,0,0.4763720628959297
1,1,0.456332730218231
1,2,0.47871183347044904
1,3,0.4828418440176525
1,4,0.4694365967627965
