seed,sample,ranking_score
1,0,0.43405398432857367
1,1,0.4419669994729403
1,2,0.4518506097267546
1,3,0.42465266854503725
1,4,0.44134609978893447
