seed,sample,ranking_score
1,0,0.46823343677581714
1,1,0.47466916915096646
1,2,0.482842045478785
1,3,0.46352943429327814
1,4,0.48156202691004046
