seed,sample,ranking_score
1,0,0.4393226049889844
1,1,0.45027072807735685
1,2,0.45956120461064165
1,3,0.4291737459833741
1,4,0.44238397853360656
