seed,sample,ranking_score
2,0,0.9338369939869906
2,1,0.9416639593819086
2,2,0.9355377983827418
2,3,0.93958817451593
2,4,0.9400548024506004
