seed,sample,ranking_score
1,0,0.7759191454010261
1,1,0.8008147959499068
1,2,0.7928283882137158
1,3,0.8385744672588911
1,4,0.8167253983377499
