seed,sample,ranking_score
1,0,0.8841303156287809
1,1,0.8920504940436118
1,2,0.8803189708130258
1,3,0.8846342171172102
1,4,0.8937031618850636
