seed,sample,ranking_score
3,0,0.6564527968414097
3,1,0.6870059941895571
3,2,0.6726073797758221
3,3,0.6551807171566572
3,4,0.6777424779874989
