seed,sample,ranking_score
1,0,0.3302458871817779
1,1,0.4135332523774257
1,2,0.33550349481100195
1,3,0.41537493852347007
1,4,0.4149751146620259
