seed,sample,ranking_score
1,0,0.6124141627002867
1,1,0.6085659010277864
1,2,0.5829114229965593
1,3,0.5909793806153381
1,4,0.6688141823816645
