seed,sample,ranking_score
1,0,0.4893689082073551
1,1,0.5020509793786304
1,2,0.47316687489291165
1,3,0.4685124107173243
1,4,0.470297068395112
