{
    "features": 0.0915217399597168,
    "process_features_model_1_multimer_v3_pred_0": 4.76837158203125e-06,
    "predict_and_compile_model_1_multimer_v3_pred_0": 347.69134736061096,
    "predict_benchmark_model_1_multimer_v3_pred_0": 229.67138814926147,
    "process_features_model_2_multimer_v3_pred_0": 3.5762786865234375e-06,
    "predict_and_compile_model_2_multimer_v3_pred_0": 343.9721179008484,
    "predict_benchmark_model_2_multimer_v3_pred_0": 227.98890781402588,
    "process_features_model_3_multimer_v3_pred_0": 3.814697265625e-06,
    "predict_and_compile_model_3_multimer_v3_pred_0": 345.91639399528503,
    "predict_benchmark_model_3_multimer_v3_pred_0": 228.22364258766174,
    "process_features_model_4_multimer_v3_pred_0": 4.5299530029296875e-06,
    "predict_and_compile_model_4_multimer_v3_pred_0": 343.36361861228943,
    "predict_benchmark_model_4_multimer_v3_pred_0": 223.5536994934082,
    "process_features_model_5_multimer_v3_pred_0": 4.0531158447265625e-06,
    "predict_and_compile_model_5_multimer_v3_pred_0": 339.54115772247314,
    "predict_benchmark_model_5_multimer_v3_pred_0": 223.54956698417664
}