seed,sample,ranking_score
1,0,0.8845549600559678
1,1,0.8884127841997422
1,2,0.8884736244858371
1,3,0.8848459516151422
1,4,0.8996471529254004
