seed,sample,ranking_score
1,0,0.5368411769820839
1,1,0.5571317521593664
1,2,0.5517863732558071
1,3,0.5677801929624426
1,4,0.5588846342592096
