{
    "features": 0.02312445640563965,
    "process_features_model_1_multimer_v3_pred_0": 4.291534423828125e-06,
    "predict_and_compile_model_1_multimer_v3_pred_0": 107.69677329063416,
    "predict_benchmark_model_1_multimer_v3_pred_0": 26.325697660446167,
    "process_features_model_2_multimer_v3_pred_0": 2.288818359375e-05,
    "predict_and_compile_model_2_multimer_v3_pred_0": 123.14267301559448,
    "predict_benchmark_model_2_multimer_v3_pred_0": 39.44977045059204,
    "process_features_model_3_multimer_v3_pred_0": 1.9311904907226562e-05,
    "predict_and_compile_model_3_multimer_v3_pred_0": 134.99678874015808,
    "predict_benchmark_model_3_multimer_v3_pred_0": 46.11952543258667,
    "process_features_model_4_multimer_v3_pred_0": 2.09808349609375e-05,
    "predict_and_compile_model_4_multimer_v3_pred_0": 130.1495041847229,
    "predict_benchmark_model_4_multimer_v3_pred_0": 44.61251211166382,
    "process_features_model_5_multimer_v3_pred_0": 2.9325485229492188e-05,
    "predict_and_compile_model_5_multimer_v3_pred_0": 122.08075666427612,
    "predict_benchmark_model_5_multimer_v3_pred_0": 38.23698115348816
}