seed,sample,ranking_score
1,0,0.701462118121227
1,1,0.6985460888471472
1,2,0.7049125849668402
1,3,0.7009418600915335
1,4,0.698003631170117
