seed,sample,ranking_score
1,0,0.44629343711150554
1,1,0.43324270299161216
1,2,0.4440662539726703
1,3,0.44449430116721456
1,4,0.4584909214903906
