seed,sample,ranking_score
1,0,0.7238731163611767
1,1,0.7223749239612984
1,2,0.7096576984912457
1,3,0.723465155792554
1,4,0.724660796287385
