seed,sample,ranking_score
1,0,0.8856245932563951
1,1,0.8792871226260809
1,2,0.8796244435455257
1,3,0.8756873654826145
1,4,0.8872864918085036
