seed,sample,ranking_score
1,0,1.0158992692379314
1,1,1.01014075771047
1,2,1.022817491443862
1,3,1.0287145086415084
1,4,1.0276356426508682
