{
    "iptm+ptm": {
        "model_1_multimer_v3_pred_0": 0.7157297569516218,
        "model_1_multimer_v3_pred_1": 0.726293976384822,
        "model_1_multimer_v3_pred_2": 0.7299206007747752,
        "model_1_multimer_v3_pred_3": 0.7322012467226068,
        "model_1_multimer_v3_pred_4": 0.7324476992061271,
        "model_2_multimer_v3_pred_0": 0.6668065867080124,
        "model_2_multimer_v3_pred_1": 0.6496068697133935,
        "model_2_multimer_v3_pred_2": 0.691824903651609,
        "model_2_multimer_v3_pred_3": 0.677223335003387,
        "model_2_multimer_v3_pred_4": 0.7027148183259315,
        "model_3_multimer_v3_pred_0": 0.6218063935958209,
        "model_3_multimer_v3_pred_1": 0.6195563125047207,
        "model_3_multimer_v3_pred_2": 0.646587187497426,
        "model_3_multimer_v3_pred_3": 0.6418520535192032,
        "model_3_multimer_v3_pred_4": 0.6389209697152447,
        "model_4_multimer_v3_pred_0": 0.6525357892313461,
        "model_4_multimer_v3_pred_1": 0.6363663919108872,
        "model_4_multimer_v3_pred_2": 0.6265949268682061,
        "model_4_multimer_v3_pred_3": 0.6357142588663607,
        "model_4_multimer_v3_pred_4": 0.617466386904286,
        "model_5_multimer_v3_pred_0": 0.7294271899472802,
        "model_5_multimer_v3_pred_1": 0.7211851011559172,
        "model_5_multimer_v3_pred_2": 0.7060246190000656,
        "model_5_multimer_v3_pred_3": 0.7413680612170567,
        "model_5_multimer_v3_pred_4": 0.7206515779266354
    },
    "order": [
        "model_5_multimer_v3_pred_3",
        "model_1_multimer_v3_pred_4",
        "model_1_multimer_v3_pred_3",
        "model_1_multimer_v3_pred_2",
        "model_5_multimer_v3_pred_0",
        "model_1_multimer_v3_pred_1",
        "model_5_multimer_v3_pred_1",
        "model_5_multimer_v3_pred_4",
        "model_1_multimer_v3_pred_0",
        "model_5_multimer_v3_pred_2",
        "model_2_multimer_v3_pred_4",
        "model_2_multimer_v3_pred_2",
        "model_2_multimer_v3_pred_3",
        "model_2_multimer_v3_pred_0",
        "model_4_multimer_v3_pred_0",
        "model_2_multimer_v3_pred_1",
        "model_3_multimer_v3_pred_2",
        "model_3_multimer_v3_pred_3",
        "model_3_multimer_v3_pred_4",
        "model_4_multimer_v3_pred_1",
        "model_4_multimer_v3_pred_3",
        "model_4_multimer_v3_pred_2",
        "model_3_multimer_v3_pred_0",
        "model_3_multimer_v3_pred_1",
        "model_4_multimer_v3_pred_4"
    ]
}