seed,sample,ranking_score
1,0,0.5734491935365201
1,1,0.5630769931807863
1,2,0.6191824446175012
1,3,0.5801628246043373
1,4,0.5845842769301474
