seed,sample,ranking_score
1,0,0.6939797765998482
1,1,0.6786937503700591
1,2,0.6888654640654861
1,3,0.6850940503349289
1,4,0.704033691856259
