seed,sample,ranking_score
1,0,0.5600598501105367
1,1,0.5559810874844091
1,2,0.5662960844268086
1,3,0.5492706850170839
1,4,0.5683890388433499
