seed,sample,ranking_score
1,0,0.3492333408855375
1,1,0.3487527562338947
1,2,0.40771395501193775
1,3,0.40285620291956775
1,4,0.4127530736903664
