seed,sample,ranking_score
1,0,0.3624244473110156
1,1,0.37990073967255
1,2,0.3796032428323246
1,3,0.36179914493628906
1,4,0.37564024350842107
