seed,sample,ranking_score
1,0,0.6555225717234845
1,1,0.5675324158210073
1,2,0.5694569599730708
1,3,0.5868508482627484
1,4,0.6168770488974745
