{
    "features": 0.012438058853149414,
    "process_features_model_1_multimer_v3_pred_0": 3.5762786865234375e-06,
    "predict_and_compile_model_1_multimer_v3_pred_0": 342.17460322380066,
    "relax_model_1_multimer_v3_pred_0": 66.59790825843811,
    "process_features_model_1_multimer_v3_pred_1": 2.6226043701171875e-06,
    "predict_and_compile_model_1_multimer_v3_pred_1": 354.79000759124756,
    "relax_model_1_multimer_v3_pred_1": 41.14888882637024,
    "process_features_model_1_multimer_v3_pred_2": 2.1457672119140625e-06,
    "predict_and_compile_model_1_multimer_v3_pred_2": 203.52321815490723,
    "relax_model_1_multimer_v3_pred_2": 51.76453423500061,
    "process_features_model_1_multimer_v3_pred_3": 2.86102294921875e-06,
    "predict_and_compile_model_1_multimer_v3_pred_3": 354.7178294658661,
    "relax_model_1_multimer_v3_pred_3": 41.36596369743347,
    "process_features_model_1_multimer_v3_pred_4": 2.384185791015625e-06,
    "predict_and_compile_model_1_multimer_v3_pred_4": 169.69310760498047,
    "relax_model_1_multimer_v3_pred_4": 40.64197373390198,
    "process_features_model_2_multimer_v3_pred_0": 2.6226043701171875e-06,
    "predict_and_compile_model_2_multimer_v3_pred_0": 316.9894013404846,
    "relax_model_2_multimer_v3_pred_0": 86.9328088760376,
    "process_features_model_2_multimer_v3_pred_1": 2.86102294921875e-06,
    "predict_and_compile_model_2_multimer_v3_pred_1": 354.9205231666565,
    "relax_model_2_multimer_v3_pred_1": 42.92819166183472,
    "process_features_model_2_multimer_v3_pred_2": 2.1457672119140625e-06,
    "predict_and_compile_model_2_multimer_v3_pred_2": 355.18195486068726,
    "relax_model_2_multimer_v3_pred_2": 48.88530659675598,
    "process_features_model_2_multimer_v3_pred_3": 2.6226043701171875e-06,
    "predict_and_compile_model_2_multimer_v3_pred_3": 320.9429988861084,
    "relax_model_2_multimer_v3_pred_3": 42.651923179626465,
    "process_features_model_2_multimer_v3_pred_4": 2.384185791015625e-06,
    "predict_and_compile_model_2_multimer_v3_pred_4": 186.19895100593567,
    "relax_model_2_multimer_v3_pred_4": 42.29066753387451,
    "process_features_model_3_multimer_v3_pred_0": 2.86102294921875e-06,
    "predict_and_compile_model_3_multimer_v3_pred_0": 473.4301104545593,
    "relax_model_3_multimer_v3_pred_0": 58.23357319831848,
    "process_features_model_3_multimer_v3_pred_1": 2.86102294921875e-06,
    "predict_and_compile_model_3_multimer_v3_pred_1": 354.5817303657532,
    "relax_model_3_multimer_v3_pred_1": 52.07095646858215,
    "process_features_model_3_multimer_v3_pred_2": 2.384185791015625e-06,
    "predict_and_compile_model_3_multimer_v3_pred_2": 355.03180384635925,
    "relax_model_3_multimer_v3_pred_2": 78.08132910728455,
    "process_features_model_3_multimer_v3_pred_3": 2.384185791015625e-06,
    "predict_and_compile_model_3_multimer_v3_pred_3": 354.67376923561096,
    "relax_model_3_multimer_v3_pred_3": 54.93562984466553,
    "process_features_model_3_multimer_v3_pred_4": 2.384185791015625e-06,
    "predict_and_compile_model_3_multimer_v3_pred_4": 354.2633111476898,
    "relax_model_3_multimer_v3_pred_4": 62.69369697570801,
    "process_features_model_4_multimer_v3_pred_0": 2.384185791015625e-06,
    "predict_and_compile_model_4_multimer_v3_pred_0": 285.39455699920654,
    "relax_model_4_multimer_v3_pred_0": 47.419007539749146,
    "process_features_model_4_multimer_v3_pred_1": 3.337860107421875e-06,
    "predict_and_compile_model_4_multimer_v3_pred_1": 345.11561465263367,
    "relax_model_4_multimer_v3_pred_1": 41.78599214553833,
    "process_features_model_4_multimer_v3_pred_2": 2.384185791015625e-06,
    "predict_and_compile_model_4_multimer_v3_pred_2": 344.9184982776642,
    "relax_model_4_multimer_v3_pred_2": 43.95169711112976,
    "process_features_model_4_multimer_v3_pred_3": 2.1457672119140625e-06,
    "predict_and_compile_model_4_multimer_v3_pred_3": 345.24808716773987,
    "relax_model_4_multimer_v3_pred_3": 43.00167202949524,
    "process_features_model_4_multimer_v3_pred_4": 2.6226043701171875e-06,
    "predict_and_compile_model_4_multimer_v3_pred_4": 345.7508101463318,
    "relax_model_4_multimer_v3_pred_4": 80.91547966003418,
    "process_features_model_5_multimer_v3_pred_0": 2.384185791015625e-06,
    "predict_and_compile_model_5_multimer_v3_pred_0": 249.79745316505432,
    "relax_model_5_multimer_v3_pred_0": 64.28783321380615,
    "process_features_model_5_multimer_v3_pred_1": 2.86102294921875e-06,
    "predict_and_compile_model_5_multimer_v3_pred_1": 296.77073335647583,
    "relax_model_5_multimer_v3_pred_1": 65.63678336143494,
    "process_features_model_5_multimer_v3_pred_2": 2.384185791015625e-06,
    "predict_and_compile_model_5_multimer_v3_pred_2": 345.78946924209595,
    "relax_model_5_multimer_v3_pred_2": 62.33367562294006,
    "process_features_model_5_multimer_v3_pred_3": 2.384185791015625e-06,
    "predict_and_compile_model_5_multimer_v3_pred_3": 231.04068899154663,
    "relax_model_5_multimer_v3_pred_3": 53.59843182563782,
    "process_features_model_5_multimer_v3_pred_4": 2.86102294921875e-06,
    "predict_and_compile_model_5_multimer_v3_pred_4": 345.21864652633667,
    "relax_model_5_multimer_v3_pred_4": 57.482425689697266
}