seed,sample,ranking_score
1,0,0.566778756736661
1,1,0.5503166060670395
1,2,0.5873930756293166
1,3,0.591352172858598
1,4,0.5756934871290589
