{
    "features": 0.15004730224609375,
    "process_features_model_1_multimer_v3_pred_0": 4.0531158447265625e-06,
    "predict_and_compile_model_1_multimer_v3_pred_0": 192.66039204597473,
    "predict_benchmark_model_1_multimer_v3_pred_0": 114.40445184707642,
    "process_features_model_2_multimer_v3_pred_0": 1.1205673217773438e-05,
    "predict_and_compile_model_2_multimer_v3_pred_0": 136.00232315063477,
    "predict_benchmark_model_2_multimer_v3_pred_0": 54.487037897109985,
    "process_features_model_3_multimer_v3_pred_0": 1.5974044799804688e-05,
    "predict_and_compile_model_3_multimer_v3_pred_0": 197.9855921268463,
    "predict_benchmark_model_3_multimer_v3_pred_0": 114.28100776672363,
    "process_features_model_4_multimer_v3_pred_0": 3.266334533691406e-05,
    "predict_and_compile_model_4_multimer_v3_pred_0": 192.3031952381134,
    "predict_benchmark_model_4_multimer_v3_pred_0": 111.36769771575928,
    "process_features_model_5_multimer_v3_pred_0": 7.3909759521484375e-06,
    "predict_and_compile_model_5_multimer_v3_pred_0": 111.27415466308594,
    "predict_benchmark_model_5_multimer_v3_pred_0": 31.866986513137817
}