{
    "features": 0.021230220794677734,
    "process_features_model_1_multimer_v3_pred_0": 3.337860107421875e-06,
    "predict_and_compile_model_1_multimer_v3_pred_0": 1549.4637985229492,
    "relax_model_1_multimer_v3_pred_0": 81.48720288276672,
    "process_features_model_1_multimer_v3_pred_1": 4.0531158447265625e-06,
    "predict_and_compile_model_1_multimer_v3_pred_1": 1003.1538095474243,
    "relax_model_1_multimer_v3_pred_1": 82.28739500045776,
    "process_features_model_1_multimer_v3_pred_2": 3.814697265625e-06,
    "predict_and_compile_model_1_multimer_v3_pred_2": 1403.5306832790375,
    "relax_model_1_multimer_v3_pred_2": 87.48980832099915,
    "process_features_model_1_multimer_v3_pred_3": 3.337860107421875e-06,
    "predict_and_compile_model_1_multimer_v3_pred_3": 1395.3109376430511,
    "relax_model_1_multimer_v3_pred_3": 78.68734812736511,
    "process_features_model_1_multimer_v3_pred_4": 2.86102294921875e-06,
    "predict_and_compile_model_1_multimer_v3_pred_4": 1204.334962129593,
    "relax_model_1_multimer_v3_pred_4": 80.47474145889282,
    "process_features_model_2_multimer_v3_pred_0": 3.0994415283203125e-06,
    "predict_and_compile_model_2_multimer_v3_pred_0": 1120.98468542099,
    "relax_model_2_multimer_v3_pred_0": 80.88426995277405,
    "process_features_model_2_multimer_v3_pred_1": 4.291534423828125e-06,
    "predict_and_compile_model_2_multimer_v3_pred_1": 996.7448573112488,
    "relax_model_2_multimer_v3_pred_1": 883.2061500549316,
    "process_features_model_2_multimer_v3_pred_2": 2.86102294921875e-06,
    "predict_and_compile_model_2_multimer_v3_pred_2": 1069.9962723255157,
    "relax_model_2_multimer_v3_pred_2": 99.17093920707703,
    "process_features_model_2_multimer_v3_pred_3": 2.86102294921875e-06,
    "predict_and_compile_model_2_multimer_v3_pred_3": 869.6465773582458,
    "relax_model_2_multimer_v3_pred_3": 85.36492466926575,
    "process_features_model_2_multimer_v3_pred_4": 2.86102294921875e-06,
    "predict_and_compile_model_2_multimer_v3_pred_4": 1396.5776212215424,
    "relax_model_2_multimer_v3_pred_4": 79.16556072235107,
    "process_features_model_3_multimer_v3_pred_0": 3.0994415283203125e-06,
    "predict_and_compile_model_3_multimer_v3_pred_0": 1048.6774587631226,
    "relax_model_3_multimer_v3_pred_0": 76.50965785980225,
    "process_features_model_3_multimer_v3_pred_1": 4.291534423828125e-06,
    "predict_and_compile_model_3_multimer_v3_pred_1": 1130.31774020195,
    "relax_model_3_multimer_v3_pred_1": 79.98843050003052,
    "process_features_model_3_multimer_v3_pred_2": 3.0994415283203125e-06,
    "predict_and_compile_model_3_multimer_v3_pred_2": 1069.4628722667694,
    "relax_model_3_multimer_v3_pred_2": 80.66800093650818,
    "process_features_model_3_multimer_v3_pred_3": 3.0994415283203125e-06,
    "predict_and_compile_model_3_multimer_v3_pred_3": 935.3605568408966,
    "relax_model_3_multimer_v3_pred_3": 75.6008050441742,
    "process_features_model_3_multimer_v3_pred_4": 3.337860107421875e-06,
    "predict_and_compile_model_3_multimer_v3_pred_4": 1269.4338247776031,
    "relax_model_3_multimer_v3_pred_4": 79.37668013572693,
    "process_features_model_4_multimer_v3_pred_0": 3.0994415283203125e-06,
    "predict_and_compile_model_4_multimer_v3_pred_0": 1505.6081206798553,
    "relax_model_4_multimer_v3_pred_0": 76.38005924224854,
    "process_features_model_4_multimer_v3_pred_1": 3.814697265625e-06,
    "predict_and_compile_model_4_multimer_v3_pred_1": 1379.0409820079803,
    "relax_model_4_multimer_v3_pred_1": 83.7516520023346,
    "process_features_model_4_multimer_v3_pred_2": 3.337860107421875e-06,
    "predict_and_compile_model_4_multimer_v3_pred_2": 1380.4342501163483,
    "relax_model_4_multimer_v3_pred_2": 205.1142520904541,
    "process_features_model_4_multimer_v3_pred_3": 3.337860107421875e-06,
    "predict_and_compile_model_4_multimer_v3_pred_3": 1379.5666015148163,
    "relax_model_4_multimer_v3_pred_3": 86.13429689407349,
    "process_features_model_4_multimer_v3_pred_4": 1.811981201171875e-05,
    "predict_and_compile_model_4_multimer_v3_pred_4": 1379.5138275623322,
    "relax_model_4_multimer_v3_pred_4": 99.43086981773376,
    "process_features_model_5_multimer_v3_pred_0": 3.5762786865234375e-06,
    "predict_and_compile_model_5_multimer_v3_pred_0": 1180.9258677959442,
    "relax_model_5_multimer_v3_pred_0": 78.78141260147095,
    "process_features_model_5_multimer_v3_pred_1": 3.814697265625e-06,
    "predict_and_compile_model_5_multimer_v3_pred_1": 1321.7307114601135,
    "relax_model_5_multimer_v3_pred_1": 80.34040784835815,
    "process_features_model_5_multimer_v3_pred_2": 3.0994415283203125e-06,
    "predict_and_compile_model_5_multimer_v3_pred_2": 991.5305709838867,
    "relax_model_5_multimer_v3_pred_2": 77.1383593082428,
    "process_features_model_5_multimer_v3_pred_3": 3.0994415283203125e-06,
    "predict_and_compile_model_5_multimer_v3_pred_3": 1386.8839795589447,
    "relax_model_5_multimer_v3_pred_3": 79.49604225158691,
    "process_features_model_5_multimer_v3_pred_4": 3.5762786865234375e-06,
    "predict_and_compile_model_5_multimer_v3_pred_4": 529.5896120071411,
    "relax_model_5_multimer_v3_pred_4": 85.4228732585907
}