seed,sample,ranking_score
1,0,0.5541363524148724
1,1,0.5041540029250658
1,2,0.5611061968637402
1,3,0.5323055932571387
1,4,0.5699552018193821
