seed,sample,ranking_score
3,0,0.620877069017485
3,1,0.6415248612950251
3,2,0.6442076435700662
3,3,0.6055601014382676
3,4,0.6267465924263282
