{
    "features": 0.0664055347442627,
    "process_features_model_1_multimer_v3_pred_0": 3.814697265625e-06,
    "predict_and_compile_model_1_multimer_v3_pred_0": 247.89885187149048,
    "predict_benchmark_model_1_multimer_v3_pred_0": 159.87627005577087,
    "process_features_model_2_multimer_v3_pred_0": 5.0067901611328125e-06,
    "predict_and_compile_model_2_multimer_v3_pred_0": 165.5930986404419,
    "predict_benchmark_model_2_multimer_v3_pred_0": 75.97799038887024,
    "process_features_model_3_multimer_v3_pred_0": 1.5735626220703125e-05,
    "predict_and_compile_model_3_multimer_v3_pred_0": 247.0709981918335,
    "predict_benchmark_model_3_multimer_v3_pred_0": 160.1292679309845,
    "process_features_model_4_multimer_v3_pred_0": 1.1205673217773438e-05,
    "predict_and_compile_model_4_multimer_v3_pred_0": 242.6517322063446,
    "predict_benchmark_model_4_multimer_v3_pred_0": 154.88471031188965,
    "process_features_model_5_multimer_v3_pred_0": 6.198883056640625e-06,
    "predict_and_compile_model_5_multimer_v3_pred_0": 235.9447147846222,
    "predict_benchmark_model_5_multimer_v3_pred_0": 155.06579852104187
}