seed,sample,ranking_score
1,0,0.4174213766127299
1,1,0.42139333932460726
1,2,0.43829261883200843
1,3,0.4323122795002371
1,4,0.42644379424931145
