seed,sample,ranking_score
1,0,0.8355326272706907
1,1,0.8321158251358398
1,2,0.8362209635778886
1,3,0.8366795635548305
1,4,0.8511168881461042
