seed,sample,ranking_score
1,0,0.7868515013633616
1,1,0.8124102768679512
1,2,0.777347081200709
1,3,0.7860620843957968
1,4,0.769657616301196
