{
    "features": 0.1322944164276123,
    "process_features_model_1_multimer_v3_pred_0": 5.4836273193359375e-06,
    "predict_and_compile_model_1_multimer_v3_pred_0": 852.4868187904358,
    "predict_benchmark_model_1_multimer_v3_pred_0": 680.0851359367371,
    "process_features_model_2_multimer_v3_pred_0": 3.814697265625e-06,
    "predict_and_compile_model_2_multimer_v3_pred_0": 837.4968917369843,
    "predict_benchmark_model_2_multimer_v3_pred_0": 679.1866722106934,
    "process_features_model_3_multimer_v3_pred_0": 4.291534423828125e-06,
    "predict_and_compile_model_3_multimer_v3_pred_0": 837.7101421356201,
    "predict_benchmark_model_3_multimer_v3_pred_0": 681.1981971263885,
    "process_features_model_4_multimer_v3_pred_0": 1.0251998901367188e-05,
    "predict_and_compile_model_4_multimer_v3_pred_0": 824.3843674659729,
    "predict_benchmark_model_4_multimer_v3_pred_0": 666.059193611145,
    "process_features_model_5_multimer_v3_pred_0": 5.245208740234375e-06,
    "predict_and_compile_model_5_multimer_v3_pred_0": 820.7767958641052,
    "predict_benchmark_model_5_multimer_v3_pred_0": 668.3221888542175
}