{
    "features": 0.03548288345336914,
    "process_features_model_1_multimer_v3_pred_0": 3.337860107421875e-06,
    "predict_and_compile_model_1_multimer_v3_pred_0": 191.82756114006042,
    "predict_benchmark_model_1_multimer_v3_pred_0": 106.46433997154236,
    "process_features_model_2_multimer_v3_pred_0": 1.4781951904296875e-05,
    "predict_and_compile_model_2_multimer_v3_pred_0": 160.28344058990479,
    "predict_benchmark_model_2_multimer_v3_pred_0": 81.09616303443909,
    "process_features_model_3_multimer_v3_pred_0": 2.2172927856445312e-05,
    "predict_and_compile_model_3_multimer_v3_pred_0": 156.97179460525513,
    "predict_benchmark_model_3_multimer_v3_pred_0": 70.64302325248718,
    "process_features_model_4_multimer_v3_pred_0": 1.3828277587890625e-05,
    "predict_and_compile_model_4_multimer_v3_pred_0": 193.29873061180115,
    "predict_benchmark_model_4_multimer_v3_pred_0": 103.1050968170166,
    "process_features_model_5_multimer_v3_pred_0": 1.52587890625e-05,
    "predict_and_compile_model_5_multimer_v3_pred_0": 186.2193145751953,
    "predict_benchmark_model_5_multimer_v3_pred_0": 102.77831268310547
}