seed,sample,ranking_score
4,0,0.9279131795957604
4,1,0.9204110410757156
4,2,0.9106206823971803
4,3,0.9104111316902161
4,4,0.9054532528660137
