{
    "features": 0.12457609176635742,
    "process_features_model_1_multimer_v3_pred_0": 3.337860107421875e-06,
    "predict_and_compile_model_1_multimer_v3_pred_0": 107.74861240386963,
    "predict_benchmark_model_1_multimer_v3_pred_0": 30.00236463546753,
    "process_features_model_2_multimer_v3_pred_0": 2.4557113647460938e-05,
    "predict_and_compile_model_2_multimer_v3_pred_0": 102.66700911521912,
    "predict_benchmark_model_2_multimer_v3_pred_0": 24.001896142959595,
    "process_features_model_3_multimer_v3_pred_0": 1.6927719116210938e-05,
    "predict_and_compile_model_3_multimer_v3_pred_0": 104.55601263046265,
    "predict_benchmark_model_3_multimer_v3_pred_0": 24.037649631500244,
    "process_features_model_4_multimer_v3_pred_0": 1.7642974853515625e-05,
    "predict_and_compile_model_4_multimer_v3_pred_0": 103.21918296813965,
    "predict_benchmark_model_4_multimer_v3_pred_0": 23.223002195358276,
    "process_features_model_5_multimer_v3_pred_0": 3.790855407714844e-05,
    "predict_and_compile_model_5_multimer_v3_pred_0": 113.90460705757141,
    "predict_benchmark_model_5_multimer_v3_pred_0": 28.965870141983032
}