{
    "features": 0.11668825149536133,
    "process_features_model_1_multimer_v3_pred_0": 4.76837158203125e-06,
    "predict_and_compile_model_1_multimer_v3_pred_0": 618.7447025775909,
    "predict_benchmark_model_1_multimer_v3_pred_0": 457.78576731681824,
    "process_features_model_2_multimer_v3_pred_0": 3.814697265625e-06,
    "predict_and_compile_model_2_multimer_v3_pred_0": 613.5643312931061,
    "predict_benchmark_model_2_multimer_v3_pred_0": 457.4618122577667,
    "process_features_model_3_multimer_v3_pred_0": 4.0531158447265625e-06,
    "predict_and_compile_model_3_multimer_v3_pred_0": 609.2216625213623,
    "predict_benchmark_model_3_multimer_v3_pred_0": 457.09005856513977,
    "process_features_model_4_multimer_v3_pred_0": 4.291534423828125e-06,
    "predict_and_compile_model_4_multimer_v3_pred_0": 607.6381895542145,
    "predict_benchmark_model_4_multimer_v3_pred_0": 446.7694158554077,
    "process_features_model_5_multimer_v3_pred_0": 4.0531158447265625e-06,
    "predict_and_compile_model_5_multimer_v3_pred_0": 594.229740858078,
    "predict_benchmark_model_5_multimer_v3_pred_0": 446.4370331764221
}