seed,sample,ranking_score
1,0,0.5513252960739137
1,1,0.5716274348144883
1,2,0.6210895809311145
1,3,0.6034251563976001
1,4,0.6016492857237081
