{
    "features": 0.23663067817687988,
    "process_features_model_1_multimer_v3_pred_0": 4.5299530029296875e-06,
    "predict_and_compile_model_1_multimer_v3_pred_0": 194.7252938747406,
    "predict_benchmark_model_1_multimer_v3_pred_0": 119.66850471496582,
    "process_features_model_2_multimer_v3_pred_0": 2.0742416381835938e-05,
    "predict_and_compile_model_2_multimer_v3_pred_0": 170.11355257034302,
    "predict_benchmark_model_2_multimer_v3_pred_0": 91.39369773864746,
    "process_features_model_3_multimer_v3_pred_0": 2.288818359375e-05,
    "predict_and_compile_model_3_multimer_v3_pred_0": 201.6595048904419,
    "predict_benchmark_model_3_multimer_v3_pred_0": 120.0507299900055,
    "process_features_model_4_multimer_v3_pred_0": 3.0517578125e-05,
    "predict_and_compile_model_4_multimer_v3_pred_0": 197.27436327934265,
    "predict_benchmark_model_4_multimer_v3_pred_0": 116.17457985877991,
    "process_features_model_5_multimer_v3_pred_0": 2.574920654296875e-05,
    "predict_and_compile_model_5_multimer_v3_pred_0": 193.2197024822235,
    "predict_benchmark_model_5_multimer_v3_pred_0": 115.91705846786499
}