seed,sample,ranking_score
1,0,0.35971244971063776
1,1,0.3994491427260904
1,2,0.39502736298300545
1,3,0.3280876954334946
1,4,0.3479913527055448
