seed,sample,ranking_score
1,0,0.589853518295179
1,1,0.5591911075106392
1,2,0.6102049720598429
1,3,0.5870770133642922
1,4,0.5554680293916617
