seed,sample,ranking_score
1,0,0.5555686866427887
1,1,0.5455537807673865
1,2,0.56058164125023
1,3,0.5541924068505713
1,4,0.565166206520772
