seed,sample,ranking_score
1,0,0.6308279797625915
1,1,0.6230738582829672
1,2,0.6457651791622394
1,3,0.5441560416916836
1,4,0.624352488954738
