{
    "features": 0.567878007888794,
    "process_features_model_1_multimer_v3_pred_0": 5.245208740234375e-06,
    "predict_and_compile_model_1_multimer_v3_pred_0": 4966.812801837921,
    "predict_benchmark_model_1_multimer_v3_pred_0": 4805.034715414047,
    "process_features_model_2_multimer_v3_pred_0": 1.0967254638671875e-05,
    "predict_and_compile_model_2_multimer_v3_pred_0": 4905.623840093613,
    "predict_benchmark_model_2_multimer_v3_pred_0": 4804.218877315521,
    "process_features_model_3_multimer_v3_pred_0": 2.574920654296875e-05,
    "predict_and_compile_model_3_multimer_v3_pred_0": 4910.2155702114105,
    "predict_benchmark_model_3_multimer_v3_pred_0": 4803.190412044525,
    "process_features_model_4_multimer_v3_pred_0": 1.0251998901367188e-05,
    "predict_and_compile_model_4_multimer_v3_pred_0": 4833.518725156784,
    "predict_benchmark_model_4_multimer_v3_pred_0": 4714.056929588318,
    "process_features_model_5_multimer_v3_pred_0": 1.049041748046875e-05,
    "predict_and_compile_model_5_multimer_v3_pred_0": 4816.149156570435,
    "predict_benchmark_model_5_multimer_v3_pred_0": 4713.180110216141
}