seed,sample,ranking_score
1,0,0.9691158169249496
1,1,0.963000232365016
1,2,0.9749022476447469
1,3,0.9661927191295278
1,4,0.9697941825046081
