seed,sample,ranking_score
3,0,0.7288893613212808
3,1,0.7367986853757602
3,2,0.7488122860106964
3,3,0.7355467691923494
3,4,0.5842020292180992
