seed,sample,ranking_score
2,0,0.5770979099057667
2,1,0.5447219132120414
2,2,0.556249642485331
2,3,0.5486914667248372
2,4,0.5630041778429686
