seed,sample,ranking_score
1,0,0.9637080971070431
1,1,0.9571570082407863
1,2,0.9654668335341747
1,3,0.9647248311929215
1,4,0.9640707925846276
