seed,sample,ranking_score
5,0,0.7725321127526573
5,1,0.7510808727474327
5,2,0.7756966163043657
5,3,0.7793848250820723
5,4,0.7641038636918
