{
    "features": 0.18556690216064453,
    "process_features_model_1_multimer_v3_pred_0": 4.5299530029296875e-06,
    "predict_and_compile_model_1_multimer_v3_pred_0": 168.02180933952332,
    "predict_benchmark_model_1_multimer_v3_pred_0": 50.38255333900452,
    "process_features_model_2_multimer_v3_pred_0": 3.0994415283203125e-06,
    "predict_and_compile_model_2_multimer_v3_pred_0": 215.7630319595337,
    "predict_benchmark_model_2_multimer_v3_pred_0": 100.27551412582397,
    "process_features_model_3_multimer_v3_pred_0": 3.337860107421875e-06,
    "predict_and_compile_model_3_multimer_v3_pred_0": 266.808717250824,
    "predict_benchmark_model_3_multimer_v3_pred_0": 149.95835256576538,
    "process_features_model_4_multimer_v3_pred_0": 4.0531158447265625e-06,
    "predict_and_compile_model_4_multimer_v3_pred_0": 264.91331148147583,
    "predict_benchmark_model_4_multimer_v3_pred_0": 145.57521271705627,
    "process_features_model_5_multimer_v3_pred_0": 3.337860107421875e-06,
    "predict_and_compile_model_5_multimer_v3_pred_0": 167.73003506660461,
    "predict_benchmark_model_5_multimer_v3_pred_0": 51.61377167701721
}