seed,sample,ranking_score
1,0,0.2925531838243304
1,1,0.32090076775392107
1,2,0.32026597792990186
1,3,0.3799667810899342
1,4,0.37772680132080066
