seed,sample,ranking_score
1,0,0.2752476642180056
1,1,0.3450895388994327
1,2,0.3559686842483984
1,3,0.298659211874505
1,4,0.3586490386605199
