{
    "features": 0.013107776641845703,
    "process_features_model_1_multimer_v3_pred_0": 1.9073486328125e-06,
    "predict_and_compile_model_1_multimer_v3_pred_0": 108.86621499061584,
    "predict_benchmark_model_1_multimer_v3_pred_0": 21.0628502368927,
    "process_features_model_2_multimer_v3_pred_0": 5.245208740234375e-05,
    "predict_and_compile_model_2_multimer_v3_pred_0": 111.45405769348145,
    "predict_benchmark_model_2_multimer_v3_pred_0": 25.178677797317505,
    "process_features_model_3_multimer_v3_pred_0": 1.6927719116210938e-05,
    "predict_and_compile_model_3_multimer_v3_pred_0": 113.45405864715576,
    "predict_benchmark_model_3_multimer_v3_pred_0": 29.356967210769653,
    "process_features_model_4_multimer_v3_pred_0": 2.384185791015625e-05,
    "predict_and_compile_model_4_multimer_v3_pred_0": 113.80641222000122,
    "predict_benchmark_model_4_multimer_v3_pred_0": 28.860727548599243,
    "process_features_model_5_multimer_v3_pred_0": 3.552436828613281e-05,
    "predict_and_compile_model_5_multimer_v3_pred_0": 115.39307928085327,
    "predict_benchmark_model_5_multimer_v3_pred_0": 28.819437980651855
}