seed,sample,ranking_score
1,0,0.7049627991438681
1,1,0.6928517692876612
1,2,0.6640636913263636
1,3,0.6593424725629358
1,4,0.6702883627154127
