seed,sample,ranking_score
1,0,0.8049041818408361
1,1,0.7869667440736716
1,2,0.7960619038306402
1,3,0.7877632463936622
1,4,0.7907297054788965
