seed,sample,ranking_score
1,0,0.9723672228349854
1,1,0.9790761647265925
1,2,0.9683605448655372
1,3,0.9832486545056619
1,4,0.9749167971517505
