seed,sample,ranking_score
1,0,0.45470062167832676
1,1,0.4509791675121205
1,2,0.48961697418632605
1,3,0.47409690700915597
1,4,0.4907363716501889
