seed,sample,ranking_score
1,0,0.7987291679475007
1,1,0.8005290747012682
1,2,0.7752242472343801
1,3,0.769830450708325
1,4,0.7720618184448392
