seed,sample,ranking_score
1,0,0.5782545340725198
1,1,0.560642857763654
1,2,0.5717401084625917
1,3,0.5675552108135027
1,4,0.5683123465325218
