seed,sample,ranking_score
1,0,0.4802692409988464
1,1,0.45808169533925047
1,2,0.5077654563693075
1,3,0.4615971050336557
1,4,0.4657375598365878
