seed,sample,ranking_score
4,0,0.9292707779598549
4,1,0.9364279189485409
4,2,0.9356253799266492
4,3,0.9356666006442871
4,4,0.9352995502779513
