seed,sample,ranking_score
1,0,0.3825372925989656
1,1,0.46605502883298633
1,2,0.48576000308517225
1,3,0.4811089168217999
1,4,0.4999424091826493
