seed,sample,ranking_score
1,0,0.7471281077620247
1,1,0.7359593696689659
1,2,0.7408902437483174
1,3,0.7316704779798292
1,4,0.7207124458496191
