seed,sample,ranking_score
1,0,0.7268148728914302
1,1,0.7292986234965175
1,2,0.7341420879807017
1,3,0.7293735460440285
1,4,0.7200908620313421
