seed,sample,ranking_score
1,0,0.45294595464550086
1,1,0.40966926834705525
1,2,0.5446100585124246
1,3,0.5509936616634826
1,4,0.5353879280567987
