seed,sample,ranking_score
1,0,0.6184196707837313
1,1,0.5814916316335857
1,2,0.5732543315092704
1,3,0.5965552771928768
1,4,0.565511307461362
