{
    "features": 0.1378028392791748,
    "process_features_model_1_multimer_v3_pred_0": 3.337860107421875e-06,
    "predict_and_compile_model_1_multimer_v3_pred_0": 147.17672300338745,
    "predict_benchmark_model_1_multimer_v3_pred_0": 65.52288389205933,
    "process_features_model_2_multimer_v3_pred_0": 1.9311904907226562e-05,
    "predict_and_compile_model_2_multimer_v3_pred_0": 120.79091358184814,
    "predict_benchmark_model_2_multimer_v3_pred_0": 40.33562254905701,
    "process_features_model_3_multimer_v3_pred_0": 3.075599670410156e-05,
    "predict_and_compile_model_3_multimer_v3_pred_0": 164.92331767082214,
    "predict_benchmark_model_3_multimer_v3_pred_0": 85.62883877754211,
    "process_features_model_4_multimer_v3_pred_0": 3.314018249511719e-05,
    "predict_and_compile_model_4_multimer_v3_pred_0": 178.02646803855896,
    "predict_benchmark_model_4_multimer_v3_pred_0": 98.65950322151184,
    "process_features_model_5_multimer_v3_pred_0": 1.6689300537109375e-05,
    "predict_and_compile_model_5_multimer_v3_pred_0": 183.50807976722717,
    "predict_benchmark_model_5_multimer_v3_pred_0": 103.82437467575073
}