seed,sample,ranking_score
1,0,0.8295290211352419
1,1,0.821230523379161
1,2,0.7973280154079753
1,3,0.831516672756818
1,4,0.8211703935030094
