seed,sample,ranking_score
3,0,0.855945779551648
3,1,0.859404536313856
3,2,0.872753237662897
3,3,0.8569217320077667
3,4,0.8632542822354892
