{
    "features": 0.01031637191772461,
    "process_features_model_1_multimer_v3_pred_0": 3.5762786865234375e-06,
    "predict_and_compile_model_1_multimer_v3_pred_0": 494.99222779273987,
    "relax_model_1_multimer_v3_pred_0": 93.55791854858398,
    "process_features_model_1_multimer_v3_pred_1": 2.86102294921875e-06,
    "predict_and_compile_model_1_multimer_v3_pred_1": 374.22070121765137,
    "relax_model_1_multimer_v3_pred_1": 65.98763084411621,
    "process_features_model_1_multimer_v3_pred_2": 3.0994415283203125e-06,
    "predict_and_compile_model_1_multimer_v3_pred_2": 374.04479026794434,
    "relax_model_1_multimer_v3_pred_2": 56.27884364128113,
    "process_features_model_1_multimer_v3_pred_3": 2.6226043701171875e-06,
    "predict_and_compile_model_1_multimer_v3_pred_3": 373.936007976532,
    "relax_model_1_multimer_v3_pred_3": 46.35304927825928,
    "process_features_model_1_multimer_v3_pred_4": 2.86102294921875e-06,
    "predict_and_compile_model_1_multimer_v3_pred_4": 373.655837059021,
    "relax_model_1_multimer_v3_pred_4": 49.66736912727356,
    "process_features_model_2_multimer_v3_pred_0": 3.0994415283203125e-06,
    "predict_and_compile_model_2_multimer_v3_pred_0": 489.37587690353394,
    "relax_model_2_multimer_v3_pred_0": 84.50657916069031,
    "process_features_model_2_multimer_v3_pred_1": 3.0994415283203125e-06,
    "predict_and_compile_model_2_multimer_v3_pred_1": 374.19225215911865,
    "relax_model_2_multimer_v3_pred_1": 103.49031281471252,
    "process_features_model_2_multimer_v3_pred_2": 3.337860107421875e-06,
    "predict_and_compile_model_2_multimer_v3_pred_2": 374.0164623260498,
    "relax_model_2_multimer_v3_pred_2": 52.163039684295654,
    "process_features_model_2_multimer_v3_pred_3": 2.86102294921875e-06,
    "predict_and_compile_model_2_multimer_v3_pred_3": 374.15685057640076,
    "relax_model_2_multimer_v3_pred_3": 85.15485262870789,
    "process_features_model_2_multimer_v3_pred_4": 3.0994415283203125e-06,
    "predict_and_compile_model_2_multimer_v3_pred_4": 374.54029154777527,
    "relax_model_2_multimer_v3_pred_4": 96.13392782211304,
    "process_features_model_3_multimer_v3_pred_0": 3.0994415283203125e-06,
    "predict_and_compile_model_3_multimer_v3_pred_0": 486.285756111145,
    "relax_model_3_multimer_v3_pred_0": 85.22957396507263,
    "process_features_model_3_multimer_v3_pred_1": 1.0251998901367188e-05,
    "predict_and_compile_model_3_multimer_v3_pred_1": 374.5044527053833,
    "relax_model_3_multimer_v3_pred_1": 85.64138984680176,
    "process_features_model_3_multimer_v3_pred_2": 2.384185791015625e-06,
    "predict_and_compile_model_3_multimer_v3_pred_2": 374.6320641040802,
    "relax_model_3_multimer_v3_pred_2": 85.5282084941864,
    "process_features_model_3_multimer_v3_pred_3": 2.86102294921875e-06,
    "predict_and_compile_model_3_multimer_v3_pred_3": 374.58560848236084,
    "relax_model_3_multimer_v3_pred_3": 85.58768844604492,
    "process_features_model_3_multimer_v3_pred_4": 2.86102294921875e-06,
    "predict_and_compile_model_3_multimer_v3_pred_4": 374.31901454925537,
    "relax_model_3_multimer_v3_pred_4": 87.01339292526245,
    "process_features_model_4_multimer_v3_pred_0": 2.86102294921875e-06,
    "predict_and_compile_model_4_multimer_v3_pred_0": 483.8871068954468,
    "relax_model_4_multimer_v3_pred_0": 87.55383610725403,
    "process_features_model_4_multimer_v3_pred_1": 2.86102294921875e-06,
    "predict_and_compile_model_4_multimer_v3_pred_1": 368.383216381073,
    "relax_model_4_multimer_v3_pred_1": 83.74515199661255,
    "process_features_model_4_multimer_v3_pred_2": 2.86102294921875e-06,
    "predict_and_compile_model_4_multimer_v3_pred_2": 368.3160581588745,
    "relax_model_4_multimer_v3_pred_2": 85.865229845047,
    "process_features_model_4_multimer_v3_pred_3": 3.0994415283203125e-06,
    "predict_and_compile_model_4_multimer_v3_pred_3": 368.74896001815796,
    "relax_model_4_multimer_v3_pred_3": 88.49074530601501,
    "process_features_model_4_multimer_v3_pred_4": 3.337860107421875e-06,
    "predict_and_compile_model_4_multimer_v3_pred_4": 368.4527623653412,
    "relax_model_4_multimer_v3_pred_4": 86.30962467193604,
    "process_features_model_5_multimer_v3_pred_0": 3.0994415283203125e-06,
    "predict_and_compile_model_5_multimer_v3_pred_0": 481.4946012496948,
    "relax_model_5_multimer_v3_pred_0": 86.57038164138794,
    "process_features_model_5_multimer_v3_pred_1": 2.86102294921875e-06,
    "predict_and_compile_model_5_multimer_v3_pred_1": 368.8817698955536,
    "relax_model_5_multimer_v3_pred_1": 105.72332310676575,
    "process_features_model_5_multimer_v3_pred_2": 2.6226043701171875e-06,
    "predict_and_compile_model_5_multimer_v3_pred_2": 368.3455619812012,
    "relax_model_5_multimer_v3_pred_2": 85.18327522277832,
    "process_features_model_5_multimer_v3_pred_3": 2.86102294921875e-06,
    "predict_and_compile_model_5_multimer_v3_pred_3": 368.5099723339081,
    "relax_model_5_multimer_v3_pred_3": 83.81860971450806,
    "process_features_model_5_multimer_v3_pred_4": 3.337860107421875e-06,
    "predict_and_compile_model_5_multimer_v3_pred_4": 368.6869604587555,
    "relax_model_5_multimer_v3_pred_4": 86.42697715759277
}