{
    "features": 0.020768404006958008,
    "process_features_model_1_multimer_v3_pred_0": 3.337860107421875e-06,
    "predict_and_compile_model_1_multimer_v3_pred_0": 202.6836383342743,
    "predict_benchmark_model_1_multimer_v3_pred_0": 118.31622457504272,
    "process_features_model_2_multimer_v3_pred_0": 1.9073486328125e-05,
    "predict_and_compile_model_2_multimer_v3_pred_0": 219.89958095550537,
    "predict_benchmark_model_2_multimer_v3_pred_0": 137.80996370315552,
    "process_features_model_3_multimer_v3_pred_0": 2.3365020751953125e-05,
    "predict_and_compile_model_3_multimer_v3_pred_0": 225.01359963417053,
    "predict_benchmark_model_3_multimer_v3_pred_0": 137.78860139846802,
    "process_features_model_4_multimer_v3_pred_0": 1.5974044799804688e-05,
    "predict_and_compile_model_4_multimer_v3_pred_0": 219.0506353378296,
    "predict_benchmark_model_4_multimer_v3_pred_0": 133.75990056991577,
    "process_features_model_5_multimer_v3_pred_0": 2.0503997802734375e-05,
    "predict_and_compile_model_5_multimer_v3_pred_0": 219.14294171333313,
    "predict_benchmark_model_5_multimer_v3_pred_0": 134.02475333213806
}