seed,sample,ranking_score
1,0,0.2618970674982217
1,1,0.2887803447959507
1,2,0.3331797336850675
1,3,0.33514213413795507
1,4,0.32058608159952995
