seed,sample,ranking_score
1,0,0.786296098429039
1,1,0.794435711533536
1,2,0.7838441137576746
1,3,0.7864402532497766
1,4,0.7757357916270072
