seed,sample,ranking_score
1,0,0.4833217583251316
1,1,0.475587046840915
1,2,0.4288226551762772
1,3,0.4314443385165558
1,4,0.3587122619844774
