{
    "features": 0.8077614307403564,
    "process_features_model_1_multimer_v3_pred_0": 4.5299530029296875e-06,
    "predict_and_compile_model_1_multimer_v3_pred_0": 1381.7451860904694,
    "predict_benchmark_model_1_multimer_v3_pred_0": 1258.103108406067,
    "process_features_model_2_multimer_v3_pred_0": 3.814697265625e-06,
    "predict_and_compile_model_2_multimer_v3_pred_0": 1367.4335010051727,
    "predict_benchmark_model_2_multimer_v3_pred_0": 1259.2524313926697,
    "process_features_model_3_multimer_v3_pred_0": 4.76837158203125e-06,
    "predict_and_compile_model_3_multimer_v3_pred_0": 1368.7756879329681,
    "predict_benchmark_model_3_multimer_v3_pred_0": 1257.951894044876,
    "process_features_model_4_multimer_v3_pred_0": 5.0067901611328125e-06,
    "predict_and_compile_model_4_multimer_v3_pred_0": 1341.3608458042145,
    "predict_benchmark_model_4_multimer_v3_pred_0": 1228.0885276794434,
    "process_features_model_5_multimer_v3_pred_0": 4.291534423828125e-06,
    "predict_and_compile_model_5_multimer_v3_pred_0": 1331.7050664424896,
    "predict_benchmark_model_5_multimer_v3_pred_0": 1228.7754445075989
}