seed,sample,ranking_score
4,0,0.7962666495791946
4,1,0.8243261267544246
4,2,0.8396978774666926
4,3,0.7971309323588256
4,4,0.8070188754940031
