seed,sample,ranking_score
2,0,0.8134827990792217
2,1,0.7901281990343505
2,2,0.8009027048247325
2,3,0.802079119249253
2,4,0.7946645472713486
