seed,sample,ranking_score
5,0,0.8321084423100176
5,1,0.8427164425138715
5,2,0.829451796260648
5,3,0.8153004541209753
5,4,0.8338707402639836
