{
    "features": 0.25459814071655273,
    "process_features_model_1_multimer_v3_pred_0": 5.245208740234375e-06,
    "predict_and_compile_model_1_multimer_v3_pred_0": 585.8315532207489,
    "predict_benchmark_model_1_multimer_v3_pred_0": 466.4288578033447,
    "process_features_model_2_multimer_v3_pred_0": 4.0531158447265625e-06,
    "predict_and_compile_model_2_multimer_v3_pred_0": 580.9448583126068,
    "predict_benchmark_model_2_multimer_v3_pred_0": 466.624773979187,
    "process_features_model_3_multimer_v3_pred_0": 4.0531158447265625e-06,
    "predict_and_compile_model_3_multimer_v3_pred_0": 583.3466391563416,
    "predict_benchmark_model_3_multimer_v3_pred_0": 466.4371166229248,
    "process_features_model_4_multimer_v3_pred_0": 4.0531158447265625e-06,
    "predict_and_compile_model_4_multimer_v3_pred_0": 577.519280910492,
    "predict_benchmark_model_4_multimer_v3_pred_0": 454.89888978004456,
    "process_features_model_5_multimer_v3_pred_0": 4.5299530029296875e-06,
    "predict_and_compile_model_5_multimer_v3_pred_0": 573.5701472759247,
    "predict_benchmark_model_5_multimer_v3_pred_0": 454.74946331977844
}