{
    "features": 0.016826152801513672,
    "process_features_model_1_multimer_v3_pred_0": 3.814697265625e-06,
    "predict_and_compile_model_1_multimer_v3_pred_0": 726.6388702392578,
    "relax_model_1_multimer_v3_pred_0": 68.88228821754456,
    "process_features_model_1_multimer_v3_pred_1": 4.5299530029296875e-06,
    "predict_and_compile_model_1_multimer_v3_pred_1": 547.9512765407562,
    "relax_model_1_multimer_v3_pred_1": 104.16741061210632,
    "process_features_model_1_multimer_v3_pred_2": 3.5762786865234375e-06,
    "predict_and_compile_model_1_multimer_v3_pred_2": 548.4881019592285,
    "relax_model_1_multimer_v3_pred_2": 70.84306955337524,
    "process_features_model_1_multimer_v3_pred_3": 5.7220458984375e-06,
    "predict_and_compile_model_1_multimer_v3_pred_3": 547.1499209403992,
    "relax_model_1_multimer_v3_pred_3": 365.3976604938507,
    "process_features_model_1_multimer_v3_pred_4": 3.337860107421875e-06,
    "predict_and_compile_model_1_multimer_v3_pred_4": 548.7390282154083,
    "relax_model_1_multimer_v3_pred_4": 79.84734439849854,
    "process_features_model_2_multimer_v3_pred_0": 4.0531158447265625e-06,
    "predict_and_compile_model_2_multimer_v3_pred_0": 710.8374440670013,
    "relax_model_2_multimer_v3_pred_0": 60.26404619216919,
    "process_features_model_2_multimer_v3_pred_1": 3.5762786865234375e-06,
    "predict_and_compile_model_2_multimer_v3_pred_1": 547.8348653316498,
    "relax_model_2_multimer_v3_pred_1": 37.857680559158325,
    "process_features_model_2_multimer_v3_pred_2": 3.337860107421875e-06,
    "predict_and_compile_model_2_multimer_v3_pred_2": 546.1786966323853,
    "relax_model_2_multimer_v3_pred_2": 67.22518110275269,
    "process_features_model_2_multimer_v3_pred_3": 4.291534423828125e-06,
    "predict_and_compile_model_2_multimer_v3_pred_3": 546.4429731369019,
    "relax_model_2_multimer_v3_pred_3": 52.184701919555664,
    "process_features_model_2_multimer_v3_pred_4": 3.5762786865234375e-06,
    "predict_and_compile_model_2_multimer_v3_pred_4": 548.3927466869354,
    "relax_model_2_multimer_v3_pred_4": 50.909082651138306,
    "process_features_model_3_multimer_v3_pred_0": 4.5299530029296875e-06,
    "predict_and_compile_model_3_multimer_v3_pred_0": 660.7692456245422,
    "relax_model_3_multimer_v3_pred_0": 62.899136781692505,
    "process_features_model_3_multimer_v3_pred_1": 3.5762786865234375e-06,
    "predict_and_compile_model_3_multimer_v3_pred_1": 548.356027841568,
    "relax_model_3_multimer_v3_pred_1": 62.244383573532104,
    "process_features_model_3_multimer_v3_pred_2": 4.0531158447265625e-06,
    "predict_and_compile_model_3_multimer_v3_pred_2": 546.4665756225586,
    "relax_model_3_multimer_v3_pred_2": 62.73167848587036,
    "process_features_model_3_multimer_v3_pred_3": 4.291534423828125e-06,
    "predict_and_compile_model_3_multimer_v3_pred_3": 547.8843631744385,
    "relax_model_3_multimer_v3_pred_3": 75.46406817436218,
    "process_features_model_3_multimer_v3_pred_4": 4.5299530029296875e-06,
    "predict_and_compile_model_3_multimer_v3_pred_4": 338.18380212783813,
    "relax_model_3_multimer_v3_pred_4": 62.59079885482788,
    "process_features_model_4_multimer_v3_pred_0": 3.337860107421875e-06,
    "predict_and_compile_model_4_multimer_v3_pred_0": 706.23184466362,
    "relax_model_4_multimer_v3_pred_0": 64.59254550933838,
    "process_features_model_4_multimer_v3_pred_1": 4.0531158447265625e-06,
    "predict_and_compile_model_4_multimer_v3_pred_1": 532.4148497581482,
    "relax_model_4_multimer_v3_pred_1": 65.29015707969666,
    "process_features_model_4_multimer_v3_pred_2": 3.5762786865234375e-06,
    "predict_and_compile_model_4_multimer_v3_pred_2": 533.928994178772,
    "relax_model_4_multimer_v3_pred_2": 68.35286617279053,
    "process_features_model_4_multimer_v3_pred_3": 4.76837158203125e-06,
    "predict_and_compile_model_4_multimer_v3_pred_3": 534.0390048027039,
    "relax_model_4_multimer_v3_pred_3": 67.63848733901978,
    "process_features_model_4_multimer_v3_pred_4": 3.814697265625e-06,
    "predict_and_compile_model_4_multimer_v3_pred_4": 532.2197234630585,
    "relax_model_4_multimer_v3_pred_4": 62.84677767753601,
    "process_features_model_5_multimer_v3_pred_0": 3.337860107421875e-06,
    "predict_and_compile_model_5_multimer_v3_pred_0": 701.0656690597534,
    "relax_model_5_multimer_v3_pred_0": 68.72745752334595,
    "process_features_model_5_multimer_v3_pred_1": 3.814697265625e-06,
    "predict_and_compile_model_5_multimer_v3_pred_1": 533.3272485733032,
    "relax_model_5_multimer_v3_pred_1": 47.67966604232788,
    "process_features_model_5_multimer_v3_pred_2": 3.337860107421875e-06,
    "predict_and_compile_model_5_multimer_v3_pred_2": 534.6521797180176,
    "relax_model_5_multimer_v3_pred_2": 39.840227127075195,
    "process_features_model_5_multimer_v3_pred_3": 3.5762786865234375e-06,
    "predict_and_compile_model_5_multimer_v3_pred_3": 534.8975739479065,
    "relax_model_5_multimer_v3_pred_3": 69.1012852191925,
    "process_features_model_5_multimer_v3_pred_4": 3.814697265625e-06,
    "predict_and_compile_model_5_multimer_v3_pred_4": 534.5123705863953,
    "relax_model_5_multimer_v3_pred_4": 51.5397162437439
}