seed,sample,ranking_score
1,0,0.808476264210447
1,1,0.8189292972982715
1,2,0.8270285925036288
1,3,0.8243712862629379
1,4,0.825823044080819
