{
    "features": 1.7938952445983887,
    "process_features_model_1_multimer_v3_pred_0": 5.0067901611328125e-06,
    "predict_and_compile_model_1_multimer_v3_pred_0": 507.0808479785919,
    "predict_benchmark_model_1_multimer_v3_pred_0": 388.5600781440735,
    "process_features_model_2_multimer_v3_pred_0": 4.5299530029296875e-06,
    "predict_and_compile_model_2_multimer_v3_pred_0": 502.04046082496643,
    "predict_benchmark_model_2_multimer_v3_pred_0": 387.79936838150024,
    "process_features_model_3_multimer_v3_pred_0": 4.291534423828125e-06,
    "predict_and_compile_model_3_multimer_v3_pred_0": 502.94604659080505,
    "predict_benchmark_model_3_multimer_v3_pred_0": 388.0872299671173,
    "process_features_model_4_multimer_v3_pred_0": 4.5299530029296875e-06,
    "predict_and_compile_model_4_multimer_v3_pred_0": 497.671835899353,
    "predict_benchmark_model_4_multimer_v3_pred_0": 377.92170882225037,
    "process_features_model_5_multimer_v3_pred_0": 4.0531158447265625e-06,
    "predict_and_compile_model_5_multimer_v3_pred_0": 494.6810121536255,
    "predict_benchmark_model_5_multimer_v3_pred_0": 377.81055426597595
}