seed,sample,ranking_score
1,0,0.5733886183791672
1,1,0.5965051855073222
1,2,0.5413666898071567
1,3,0.5676075266313739
1,4,0.5875585779877863
