seed,sample,ranking_score
1,0,0.7365826652991512
1,1,0.7473105026592821
1,2,0.7347863125084109
1,3,0.7569767900314748
1,4,0.7326971170709687
