seed,sample,ranking_score
1,0,0.9841352538659556
1,1,0.9803602712942772
1,2,0.9789708428359926
1,3,0.9734999358610268
1,4,0.9861539435937865
