{
    "features": 0.04386711120605469,
    "process_features_model_1_multimer_v3_pred_0": 3.5762786865234375e-06,
    "predict_and_compile_model_1_multimer_v3_pred_0": 184.31847310066223,
    "predict_benchmark_model_1_multimer_v3_pred_0": 98.2943663597107,
    "process_features_model_2_multimer_v3_pred_0": 1.5974044799804688e-05,
    "predict_and_compile_model_2_multimer_v3_pred_0": 193.86406803131104,
    "predict_benchmark_model_2_multimer_v3_pred_0": 112.53054070472717,
    "process_features_model_3_multimer_v3_pred_0": 6.4373016357421875e-06,
    "predict_and_compile_model_3_multimer_v3_pred_0": 159.79189896583557,
    "predict_benchmark_model_3_multimer_v3_pred_0": 77.27910590171814,
    "process_features_model_4_multimer_v3_pred_0": 1.1920928955078125e-05,
    "predict_and_compile_model_4_multimer_v3_pred_0": 173.18183779716492,
    "predict_benchmark_model_4_multimer_v3_pred_0": 88.4640200138092,
    "process_features_model_5_multimer_v3_pred_0": 5.245208740234375e-06,
    "predict_and_compile_model_5_multimer_v3_pred_0": 227.93970394134521,
    "predict_benchmark_model_5_multimer_v3_pred_0": 143.58820867538452
}