{
    "features": 0.03009200096130371,
    "process_features_model_1_multimer_v3_pred_0": 2.6226043701171875e-06,
    "predict_and_compile_model_1_multimer_v3_pred_0": 227.77578616142273,
    "predict_benchmark_model_1_multimer_v3_pred_0": 140.4033007621765,
    "process_features_model_2_multimer_v3_pred_0": 3.719329833984375e-05,
    "predict_and_compile_model_2_multimer_v3_pred_0": 158.83772683143616,
    "predict_benchmark_model_2_multimer_v3_pred_0": 73.26942682266235,
    "process_features_model_3_multimer_v3_pred_0": 1.71661376953125e-05,
    "predict_and_compile_model_3_multimer_v3_pred_0": 224.63047075271606,
    "predict_benchmark_model_3_multimer_v3_pred_0": 139.9667410850525,
    "process_features_model_4_multimer_v3_pred_0": 1.9550323486328125e-05,
    "predict_and_compile_model_4_multimer_v3_pred_0": 225.9014868736267,
    "predict_benchmark_model_4_multimer_v3_pred_0": 136.59279799461365,
    "process_features_model_5_multimer_v3_pred_0": 2.3603439331054688e-05,
    "predict_and_compile_model_5_multimer_v3_pred_0": 221.08736729621887,
    "predict_benchmark_model_5_multimer_v3_pred_0": 136.11202764511108
}