seed,sample,ranking_score
1,0,0.7466980543229291
1,1,0.7695417034986352
1,2,0.7457295917321226
1,3,0.7785367988974381
1,4,0.7451003431776548
