seed,sample,ranking_score
1,0,0.40810421889327947
1,1,0.3834854781488776
1,2,0.38602514502741386
1,3,0.3693019512161539
1,4,0.3934255248518737
