seed,sample,ranking_score
1,0,0.7042734498922376
1,1,0.7081036494877609
1,2,0.7046412568959537
1,3,0.6958408117319892
1,4,0.7112021317323651
