seed,sample,ranking_score
1,0,0.8695555786221413
1,1,0.8723153284305383
1,2,0.8659647425835071
1,3,0.8847660250437781
1,4,0.8727283926706384
