seed,sample,ranking_score
1,0,0.547177344122142
1,1,0.5284063303840221
1,2,0.5669311659662942
1,3,0.5562060963027574
1,4,0.587305111889086
