seed,sample,ranking_score
3,0,0.8613489860745016
3,1,0.8344400510636533
3,2,0.8345823732372436
3,3,0.8652938107867201
3,4,0.856647550571872
