seed,sample,ranking_score
1,0,0.7982293478497311
1,1,0.7789065272637199
1,2,0.8080820601900808
1,3,0.8101364219557432
1,4,0.7978065257753411
