{
    "features": 0.0354914665222168,
    "process_features_model_1_multimer_v3_pred_0": 4.5299530029296875e-06,
    "predict_and_compile_model_1_multimer_v3_pred_0": 313.36405062675476,
    "predict_benchmark_model_1_multimer_v3_pred_0": 229.75886702537537,
    "process_features_model_2_multimer_v3_pred_0": 1.6689300537109375e-05,
    "predict_and_compile_model_2_multimer_v3_pred_0": 314.39696288108826,
    "predict_benchmark_model_2_multimer_v3_pred_0": 229.4845027923584,
    "process_features_model_3_multimer_v3_pred_0": 5.555152893066406e-05,
    "predict_and_compile_model_3_multimer_v3_pred_0": 314.0389406681061,
    "predict_benchmark_model_3_multimer_v3_pred_0": 229.50525522232056,
    "process_features_model_4_multimer_v3_pred_0": 3.3855438232421875e-05,
    "predict_and_compile_model_4_multimer_v3_pred_0": 309.03715324401855,
    "predict_benchmark_model_4_multimer_v3_pred_0": 222.81650233268738,
    "process_features_model_5_multimer_v3_pred_0": 4.792213439941406e-05,
    "predict_and_compile_model_5_multimer_v3_pred_0": 310.36345767974854,
    "predict_benchmark_model_5_multimer_v3_pred_0": 222.60389852523804
}