seed,sample,ranking_score
1,0,0.5432625963860389
1,1,0.5555717415938402
1,2,0.5382956781381938
1,3,0.5497904306875496
1,4,0.5664481138009082
