seed,sample,ranking_score
1,0,0.578732017111685
1,1,0.5655573399386469
1,2,0.5800207756707751
1,3,0.5835973648103634
1,4,0.5689932672400014
