seed,sample,ranking_score
1,0,0.5718819559113356
1,1,0.5141280901479115
1,2,0.5261646009077332
1,3,0.5330700598119513
1,4,0.5347586171870268
