seed,sample,ranking_score
1,0,0.8922851293851051
1,1,0.8830970918799189
1,2,0.8654874115985358
1,3,0.9001603043341445
1,4,0.8931093559274267
