{
    "features": 0.36385107040405273,
    "process_features_model_1_multimer_v3_pred_0": 4.5299530029296875e-06,
    "predict_and_compile_model_1_multimer_v3_pred_0": 579.3412215709686,
    "predict_benchmark_model_1_multimer_v3_pred_0": 459.9570164680481,
    "process_features_model_2_multimer_v3_pred_0": 4.0531158447265625e-06,
    "predict_and_compile_model_2_multimer_v3_pred_0": 572.6230728626251,
    "predict_benchmark_model_2_multimer_v3_pred_0": 459.80233454704285,
    "process_features_model_3_multimer_v3_pred_0": 4.76837158203125e-06,
    "predict_and_compile_model_3_multimer_v3_pred_0": 575.0840995311737,
    "predict_benchmark_model_3_multimer_v3_pred_0": 459.7387523651123,
    "process_features_model_4_multimer_v3_pred_0": 4.0531158447265625e-06,
    "predict_and_compile_model_4_multimer_v3_pred_0": 569.1559541225433,
    "predict_benchmark_model_4_multimer_v3_pred_0": 447.6919975280762,
    "process_features_model_5_multimer_v3_pred_0": 4.0531158447265625e-06,
    "predict_and_compile_model_5_multimer_v3_pred_0": 564.5670895576477,
    "predict_benchmark_model_5_multimer_v3_pred_0": 448.7252473831177
}