seed,sample,ranking_score
1,0,0.9537167492507478
1,1,0.9599436278667688
1,2,0.9603958901046631
1,3,0.9557322772498631
1,4,0.9602032925547558
