seed,sample,ranking_score
1,0,0.7046887114505183
1,1,0.6477460591257352
1,2,0.7157883542384875
1,3,0.6648841638610321
1,4,0.6645896310439263
