{
    "features": 0.28444790840148926,
    "process_features_model_1_multimer_v3_pred_0": 4.5299530029296875e-06,
    "predict_and_compile_model_1_multimer_v3_pred_0": 429.50309133529663,
    "predict_benchmark_model_1_multimer_v3_pred_0": 311.92131543159485,
    "process_features_model_2_multimer_v3_pred_0": 3.814697265625e-06,
    "predict_and_compile_model_2_multimer_v3_pred_0": 423.89984035491943,
    "predict_benchmark_model_2_multimer_v3_pred_0": 311.9596149921417,
    "process_features_model_3_multimer_v3_pred_0": 4.291534423828125e-06,
    "predict_and_compile_model_3_multimer_v3_pred_0": 425.83605432510376,
    "predict_benchmark_model_3_multimer_v3_pred_0": 311.7960858345032,
    "process_features_model_4_multimer_v3_pred_0": 5.0067901611328125e-06,
    "predict_and_compile_model_4_multimer_v3_pred_0": 424.30480670928955,
    "predict_benchmark_model_4_multimer_v3_pred_0": 305.3064475059509,
    "process_features_model_5_multimer_v3_pred_0": 4.291534423828125e-06,
    "predict_and_compile_model_5_multimer_v3_pred_0": 420.90065813064575,
    "predict_benchmark_model_5_multimer_v3_pred_0": 304.4716851711273
}