seed,sample,ranking_score
1,0,0.4937179598955283
1,1,0.5006963078950121
1,2,0.4662137429222061
1,3,0.5033404036886036
1,4,0.48408762130954036
