seed,sample,ranking_score
1,0,0.7486805103539345
1,1,0.7676208203432368
1,2,0.7386518101989037
1,3,0.7520127692331763
1,4,0.7639215453615096
