{
    "features": 0.01918816566467285,
    "process_features_model_1_multimer_v3_pred_0": 3.0994415283203125e-06,
    "predict_and_compile_model_1_multimer_v3_pred_0": 176.58613920211792,
    "predict_benchmark_model_1_multimer_v3_pred_0": 95.6595778465271,
    "process_features_model_2_multimer_v3_pred_0": 1.1920928955078125e-05,
    "predict_and_compile_model_2_multimer_v3_pred_0": 202.19567775726318,
    "predict_benchmark_model_2_multimer_v3_pred_0": 118.15061855316162,
    "process_features_model_3_multimer_v3_pred_0": 1.52587890625e-05,
    "predict_and_compile_model_3_multimer_v3_pred_0": 186.2783761024475,
    "predict_benchmark_model_3_multimer_v3_pred_0": 101.09223580360413,
    "process_features_model_4_multimer_v3_pred_0": 1.3113021850585938e-05,
    "predict_and_compile_model_4_multimer_v3_pred_0": 133.552264213562,
    "predict_benchmark_model_4_multimer_v3_pred_0": 49.68199920654297,
    "process_features_model_5_multimer_v3_pred_0": 1.6689300537109375e-05,
    "predict_and_compile_model_5_multimer_v3_pred_0": 201.34922647476196,
    "predict_benchmark_model_5_multimer_v3_pred_0": 116.1626718044281
}