{
    "features": 0.006196022033691406,
    "process_features_model_1_multimer_v3_pred_0": 3.337860107421875e-06,
    "predict_and_compile_model_1_multimer_v3_pred_0": 143.80379796028137,
    "relax_model_1_multimer_v3_pred_0": 29.45496106147766,
    "process_features_model_1_multimer_v3_pred_1": 3.0994415283203125e-06,
    "predict_and_compile_model_1_multimer_v3_pred_1": 24.99374222755432,
    "relax_model_1_multimer_v3_pred_1": 19.313108921051025,
    "process_features_model_1_multimer_v3_pred_2": 2.86102294921875e-06,
    "predict_and_compile_model_1_multimer_v3_pred_2": 44.751598834991455,
    "relax_model_1_multimer_v3_pred_2": 34.12126183509827,
    "process_features_model_1_multimer_v3_pred_3": 2.86102294921875e-06,
    "predict_and_compile_model_1_multimer_v3_pred_3": 49.83224272727966,
    "relax_model_1_multimer_v3_pred_3": 20.051958799362183,
    "process_features_model_1_multimer_v3_pred_4": 3.0994415283203125e-06,
    "predict_and_compile_model_1_multimer_v3_pred_4": 39.81558895111084,
    "relax_model_1_multimer_v3_pred_4": 19.303476095199585,
    "process_features_model_2_multimer_v3_pred_0": 3.337860107421875e-06,
    "predict_and_compile_model_2_multimer_v3_pred_0": 132.05238366127014,
    "relax_model_2_multimer_v3_pred_0": 34.7843656539917,
    "process_features_model_2_multimer_v3_pred_1": 2.86102294921875e-06,
    "predict_and_compile_model_2_multimer_v3_pred_1": 29.969391345977783,
    "relax_model_2_multimer_v3_pred_1": 27.547707080841064,
    "process_features_model_2_multimer_v3_pred_2": 3.337860107421875e-06,
    "predict_and_compile_model_2_multimer_v3_pred_2": 69.48681545257568,
    "relax_model_2_multimer_v3_pred_2": 27.407796382904053,
    "process_features_model_2_multimer_v3_pred_3": 3.0994415283203125e-06,
    "predict_and_compile_model_2_multimer_v3_pred_3": 64.5244493484497,
    "relax_model_2_multimer_v3_pred_3": 27.45981001853943,
    "process_features_model_2_multimer_v3_pred_4": 3.5762786865234375e-06,
    "predict_and_compile_model_2_multimer_v3_pred_4": 69.50936913490295,
    "relax_model_2_multimer_v3_pred_4": 28.097920656204224,
    "process_features_model_3_multimer_v3_pred_0": 3.0994415283203125e-06,
    "predict_and_compile_model_3_multimer_v3_pred_0": 212.13866019248962,
    "relax_model_3_multimer_v3_pred_0": 20.41083002090454,
    "process_features_model_3_multimer_v3_pred_1": 2.86102294921875e-06,
    "predict_and_compile_model_3_multimer_v3_pred_1": 25.017683029174805,
    "relax_model_3_multimer_v3_pred_1": 19.67398953437805,
    "process_features_model_3_multimer_v3_pred_2": 2.86102294921875e-06,
    "predict_and_compile_model_3_multimer_v3_pred_2": 103.96621012687683,
    "relax_model_3_multimer_v3_pred_2": 20.215563774108887,
    "process_features_model_3_multimer_v3_pred_3": 2.6226043701171875e-06,
    "predict_and_compile_model_3_multimer_v3_pred_3": 49.71027755737305,
    "relax_model_3_multimer_v3_pred_3": 20.27027988433838,
    "process_features_model_3_multimer_v3_pred_4": 3.0994415283203125e-06,
    "predict_and_compile_model_3_multimer_v3_pred_4": 25.00812077522278,
    "relax_model_3_multimer_v3_pred_4": 27.590126991271973,
    "process_features_model_4_multimer_v3_pred_0": 2.86102294921875e-06,
    "predict_and_compile_model_4_multimer_v3_pred_0": 151.24476981163025,
    "relax_model_4_multimer_v3_pred_0": 20.01961898803711,
    "process_features_model_4_multimer_v3_pred_1": 3.0994415283203125e-06,
    "predict_and_compile_model_4_multimer_v3_pred_1": 101.56428837776184,
    "relax_model_4_multimer_v3_pred_1": 19.794690370559692,
    "process_features_model_4_multimer_v3_pred_2": 2.86102294921875e-06,
    "predict_and_compile_model_4_multimer_v3_pred_2": 101.58703589439392,
    "relax_model_4_multimer_v3_pred_2": 19.685580015182495,
    "process_features_model_4_multimer_v3_pred_3": 3.337860107421875e-06,
    "predict_and_compile_model_4_multimer_v3_pred_3": 72.55080914497375,
    "relax_model_4_multimer_v3_pred_3": 20.104009866714478,
    "process_features_model_4_multimer_v3_pred_4": 2.86102294921875e-06,
    "predict_and_compile_model_4_multimer_v3_pred_4": 82.38270831108093,
    "relax_model_4_multimer_v3_pred_4": 20.15642786026001,
    "process_features_model_5_multimer_v3_pred_0": 2.6226043701171875e-06,
    "predict_and_compile_model_5_multimer_v3_pred_0": 155.57304334640503,
    "relax_model_5_multimer_v3_pred_0": 29.46602725982666,
    "process_features_model_5_multimer_v3_pred_1": 3.814697265625e-06,
    "predict_and_compile_model_5_multimer_v3_pred_1": 91.95921277999878,
    "relax_model_5_multimer_v3_pred_1": 19.662908792495728,
    "process_features_model_5_multimer_v3_pred_2": 3.0994415283203125e-06,
    "predict_and_compile_model_5_multimer_v3_pred_2": 38.97089910507202,
    "relax_model_5_multimer_v3_pred_2": 20.082628965377808,
    "process_features_model_5_multimer_v3_pred_3": 3.337860107421875e-06,
    "predict_and_compile_model_5_multimer_v3_pred_3": 43.82162547111511,
    "relax_model_5_multimer_v3_pred_3": 20.917741537094116,
    "process_features_model_5_multimer_v3_pred_4": 3.5762786865234375e-06,
    "predict_and_compile_model_5_multimer_v3_pred_4": 43.843740701675415,
    "relax_model_5_multimer_v3_pred_4": 20.15955114364624
}