seed,sample,ranking_score
1,0,0.7287917798493718
1,1,0.7255454199024036
1,2,0.7388012723191241
1,3,0.7204778693270605
1,4,0.7194015588865849
