seed,sample,ranking_score
1,0,0.7527563285149332
1,1,0.742379928893418
1,2,0.7701960810538337
1,3,0.7575270294830522
1,4,0.749013598248695
