seed,sample,ranking_score
1,0,0.5239233331158165
1,1,0.5416460313904614
1,2,0.4945961990326901
1,3,0.5391340074797913
1,4,0.5024096517673096
