seed,sample,ranking_score
1,0,1.035699007591805
1,1,1.0343632714025586
1,2,1.0380375449609858
1,3,1.037455217827756
1,4,1.026915317003154
