seed,sample,ranking_score
1,0,0.40046719210629056
1,1,0.4208090598153522
1,2,0.4112978961223042
1,3,0.419624555424475
1,4,0.42154940318087086
