seed,sample,ranking_score
1,0,0.5228688870013184
1,1,0.5440197075836256
1,2,0.5181387479492752
1,3,0.5121746472966028
1,4,0.5224342353740185
