{
    "features": 0.0054721832275390625,
    "process_features_model_1_multimer_v3_pred_0": 3.814697265625e-06,
    "predict_and_compile_model_1_multimer_v3_pred_0": 241.02747917175293,
    "relax_model_1_multimer_v3_pred_0": 32.46419644355774,
    "process_features_model_1_multimer_v3_pred_1": 2.86102294921875e-06,
    "predict_and_compile_model_1_multimer_v3_pred_1": 121.69008708000183,
    "relax_model_1_multimer_v3_pred_1": 29.754475831985474,
    "process_features_model_1_multimer_v3_pred_2": 3.0994415283203125e-06,
    "predict_and_compile_model_1_multimer_v3_pred_2": 121.82292246818542,
    "relax_model_1_multimer_v3_pred_2": 29.412598371505737,
    "process_features_model_1_multimer_v3_pred_3": 2.86102294921875e-06,
    "predict_and_compile_model_1_multimer_v3_pred_3": 121.73171353340149,
    "relax_model_1_multimer_v3_pred_3": 30.654866933822632,
    "process_features_model_1_multimer_v3_pred_4": 2.86102294921875e-06,
    "predict_and_compile_model_1_multimer_v3_pred_4": 121.77638030052185,
    "relax_model_1_multimer_v3_pred_4": 30.14983105659485,
    "process_features_model_2_multimer_v3_pred_0": 3.5762786865234375e-06,
    "predict_and_compile_model_2_multimer_v3_pred_0": 236.75374102592468,
    "relax_model_2_multimer_v3_pred_0": 29.888066053390503,
    "process_features_model_2_multimer_v3_pred_1": 3.0994415283203125e-06,
    "predict_and_compile_model_2_multimer_v3_pred_1": 121.82593989372253,
    "relax_model_2_multimer_v3_pred_1": 32.71488833427429,
    "process_features_model_2_multimer_v3_pred_2": 4.0531158447265625e-06,
    "predict_and_compile_model_2_multimer_v3_pred_2": 121.79431748390198,
    "relax_model_2_multimer_v3_pred_2": 32.53256368637085,
    "process_features_model_2_multimer_v3_pred_3": 3.337860107421875e-06,
    "predict_and_compile_model_2_multimer_v3_pred_3": 121.90504121780396,
    "relax_model_2_multimer_v3_pred_3": 31.04952120780945,
    "process_features_model_2_multimer_v3_pred_4": 3.0994415283203125e-06,
    "predict_and_compile_model_2_multimer_v3_pred_4": 121.95947051048279,
    "relax_model_2_multimer_v3_pred_4": 30.834648370742798,
    "process_features_model_3_multimer_v3_pred_0": 2.86102294921875e-06,
    "predict_and_compile_model_3_multimer_v3_pred_0": 240.25793313980103,
    "relax_model_3_multimer_v3_pred_0": 17.052648544311523,
    "process_features_model_3_multimer_v3_pred_1": 3.5762786865234375e-06,
    "predict_and_compile_model_3_multimer_v3_pred_1": 121.77723407745361,
    "relax_model_3_multimer_v3_pred_1": 30.03141140937805,
    "process_features_model_3_multimer_v3_pred_2": 3.337860107421875e-06,
    "predict_and_compile_model_3_multimer_v3_pred_2": 121.59277534484863,
    "relax_model_3_multimer_v3_pred_2": 37.09995174407959,
    "process_features_model_3_multimer_v3_pred_3": 3.0994415283203125e-06,
    "predict_and_compile_model_3_multimer_v3_pred_3": 121.85939860343933,
    "relax_model_3_multimer_v3_pred_3": 24.458410024642944,
    "process_features_model_3_multimer_v3_pred_4": 3.337860107421875e-06,
    "predict_and_compile_model_3_multimer_v3_pred_4": 121.65505194664001,
    "relax_model_3_multimer_v3_pred_4": 30.085248947143555,
    "process_features_model_4_multimer_v3_pred_0": 3.337860107421875e-06,
    "predict_and_compile_model_4_multimer_v3_pred_0": 240.4591770172119,
    "relax_model_4_multimer_v3_pred_0": 30.51874542236328,
    "process_features_model_4_multimer_v3_pred_1": 3.5762786865234375e-06,
    "predict_and_compile_model_4_multimer_v3_pred_1": 119.41092991828918,
    "relax_model_4_multimer_v3_pred_1": 28.773600816726685,
    "process_features_model_4_multimer_v3_pred_2": 2.86102294921875e-06,
    "predict_and_compile_model_4_multimer_v3_pred_2": 119.36387825012207,
    "relax_model_4_multimer_v3_pred_2": 28.83213996887207,
    "process_features_model_4_multimer_v3_pred_3": 3.0994415283203125e-06,
    "predict_and_compile_model_4_multimer_v3_pred_3": 119.30015897750854,
    "relax_model_4_multimer_v3_pred_3": 17.204015016555786,
    "process_features_model_4_multimer_v3_pred_4": 2.86102294921875e-06,
    "predict_and_compile_model_4_multimer_v3_pred_4": 119.40634727478027,
    "relax_model_4_multimer_v3_pred_4": 23.24906826019287,
    "process_features_model_5_multimer_v3_pred_0": 3.814697265625e-06,
    "predict_and_compile_model_5_multimer_v3_pred_0": 237.69915771484375,
    "relax_model_5_multimer_v3_pred_0": 29.496578216552734,
    "process_features_model_5_multimer_v3_pred_1": 2.86102294921875e-06,
    "predict_and_compile_model_5_multimer_v3_pred_1": 119.37325239181519,
    "relax_model_5_multimer_v3_pred_1": 29.7563579082489,
    "process_features_model_5_multimer_v3_pred_2": 3.337860107421875e-06,
    "predict_and_compile_model_5_multimer_v3_pred_2": 119.29908323287964,
    "relax_model_5_multimer_v3_pred_2": 24.02267289161682,
    "process_features_model_5_multimer_v3_pred_3": 2.6226043701171875e-06,
    "predict_and_compile_model_5_multimer_v3_pred_3": 119.4293384552002,
    "relax_model_5_multimer_v3_pred_3": 18.59835696220398,
    "process_features_model_5_multimer_v3_pred_4": 4.76837158203125e-06,
    "predict_and_compile_model_5_multimer_v3_pred_4": 119.74389696121216,
    "relax_model_5_multimer_v3_pred_4": 28.879743099212646
}