{
    "features": 0.12739253044128418,
    "process_features_model_1_multimer_v3_pred_0": 2.6226043701171875e-06,
    "predict_and_compile_model_1_multimer_v3_pred_0": 150.26482772827148,
    "predict_benchmark_model_1_multimer_v3_pred_0": 62.953049421310425,
    "process_features_model_2_multimer_v3_pred_0": 5.0067901611328125e-05,
    "predict_and_compile_model_2_multimer_v3_pred_0": 128.33543848991394,
    "predict_benchmark_model_2_multimer_v3_pred_0": 40.111223220825195,
    "process_features_model_3_multimer_v3_pred_0": 2.193450927734375e-05,
    "predict_and_compile_model_3_multimer_v3_pred_0": 148.65013551712036,
    "predict_benchmark_model_3_multimer_v3_pred_0": 62.741111040115356,
    "process_features_model_4_multimer_v3_pred_0": 2.7894973754882812e-05,
    "predict_and_compile_model_4_multimer_v3_pred_0": 203.07999873161316,
    "predict_benchmark_model_4_multimer_v3_pred_0": 117.88939023017883,
    "process_features_model_5_multimer_v3_pred_0": 2.7418136596679688e-05,
    "predict_and_compile_model_5_multimer_v3_pred_0": 201.80773639678955,
    "predict_benchmark_model_5_multimer_v3_pred_0": 117.83118557929993
}