seed,sample,ranking_score
1,0,0.8229681662953234
1,1,0.8116741221570525
1,2,0.8086789133812433
1,3,0.8045317897140735
1,4,0.8004081021458768
