seed,sample,ranking_score
4,0,0.8366263732291253
4,1,0.8226975993513399
4,2,0.8265436386403959
4,3,0.8388751422473191
4,4,0.8083354139342556
