seed,sample,ranking_score
1,0,0.5741480881108084
1,1,0.5152611144298964
1,2,0.5226396748838971
1,3,0.5190405100334982
1,4,0.5281854802212619
