seed,sample,ranking_score
1,0,0.47116793036542687
1,1,0.47945194857502627
1,2,0.499631396857053
1,3,0.49244056440311246
1,4,0.47828662447864057
