seed,sample,ranking_score
1,0,0.6110871219985428
1,1,0.6169049543094799
1,2,0.6137248590055573
1,3,0.6166972496037387
1,4,0.6246602546270241
