seed,sample,ranking_score
2,0,0.6735473613686834
2,1,0.6858714869063042
2,2,0.6856216327799616
2,3,0.6840916942070066
2,4,0.6668483983747332
