seed,sample,ranking_score
3,0,0.7489547704741849
3,1,0.7551572798498973
3,2,0.7644697279328706
3,3,0.7481366148166277
3,4,0.765266286763382
