seed,sample,ranking_score
1,0,0.721589256178121
1,1,0.6681840277369417
1,2,0.711706417838879
1,3,0.6552693652258165
1,4,0.7004212247362573
