seed,sample,ranking_score
3,0,0.9943597626239644
3,1,0.9683057800179141
3,2,0.9972726838168332
3,3,1.0003522344958293
3,4,0.9948311261127157
