seed,sample,ranking_score
1,0,1.017241602513288
1,1,1.005645385435102
1,2,0.9998312931244769
1,3,1.006155871693103
1,4,1.0054695445493356
