seed,sample,ranking_score
1,0,0.7081174151944883
1,1,0.7111959809447976
1,2,0.71445560812975
1,3,0.7084231348821238
1,4,0.6921128012253775
