seed,sample,ranking_score
1,0,0.49319700784746906
1,1,0.4525855695486527
1,2,0.39799747506789807
1,3,0.4935738651135106
1,4,0.48505964664115403
