{
    "features": 0.005908966064453125,
    "process_features_model_1_multimer_v3_pred_0": 3.814697265625e-06,
    "predict_and_compile_model_1_multimer_v3_pred_0": 149.8085651397705,
    "relax_model_1_multimer_v3_pred_0": 24.395644426345825,
    "process_features_model_1_multimer_v3_pred_1": 2.86102294921875e-06,
    "predict_and_compile_model_1_multimer_v3_pred_1": 39.9109468460083,
    "relax_model_1_multimer_v3_pred_1": 21.97309446334839,
    "process_features_model_1_multimer_v3_pred_2": 2.384185791015625e-06,
    "predict_and_compile_model_1_multimer_v3_pred_2": 33.30964946746826,
    "relax_model_1_multimer_v3_pred_2": 22.019450187683105,
    "process_features_model_1_multimer_v3_pred_3": 2.1457672119140625e-06,
    "predict_and_compile_model_1_multimer_v3_pred_3": 26.753199577331543,
    "relax_model_1_multimer_v3_pred_3": 21.253477334976196,
    "process_features_model_1_multimer_v3_pred_4": 2.384185791015625e-06,
    "predict_and_compile_model_1_multimer_v3_pred_4": 33.31391191482544,
    "relax_model_1_multimer_v3_pred_4": 25.888827323913574,
    "process_features_model_2_multimer_v3_pred_0": 2.6226043701171875e-06,
    "predict_and_compile_model_2_multimer_v3_pred_0": 152.9210822582245,
    "relax_model_2_multimer_v3_pred_0": 21.742677688598633,
    "process_features_model_2_multimer_v3_pred_1": 2.6226043701171875e-06,
    "predict_and_compile_model_2_multimer_v3_pred_1": 39.92156171798706,
    "relax_model_2_multimer_v3_pred_1": 21.313926935195923,
    "process_features_model_2_multimer_v3_pred_2": 2.6226043701171875e-06,
    "predict_and_compile_model_2_multimer_v3_pred_2": 33.28474259376526,
    "relax_model_2_multimer_v3_pred_2": 21.728779077529907,
    "process_features_model_2_multimer_v3_pred_3": 3.0994415283203125e-06,
    "predict_and_compile_model_2_multimer_v3_pred_3": 39.95176959037781,
    "relax_model_2_multimer_v3_pred_3": 21.03986167907715,
    "process_features_model_2_multimer_v3_pred_4": 2.86102294921875e-06,
    "predict_and_compile_model_2_multimer_v3_pred_4": 40.158039569854736,
    "relax_model_2_multimer_v3_pred_4": 20.880014419555664,
    "process_features_model_3_multimer_v3_pred_0": 2.384185791015625e-06,
    "predict_and_compile_model_3_multimer_v3_pred_0": 161.34623456001282,
    "relax_model_3_multimer_v3_pred_0": 38.08993911743164,
    "process_features_model_3_multimer_v3_pred_1": 2.6226043701171875e-06,
    "predict_and_compile_model_3_multimer_v3_pred_1": 26.761191368103027,
    "relax_model_3_multimer_v3_pred_1": 163.66437816619873,
    "process_features_model_3_multimer_v3_pred_2": 2.384185791015625e-06,
    "predict_and_compile_model_3_multimer_v3_pred_2": 39.92071008682251,
    "relax_model_3_multimer_v3_pred_2": 21.22686243057251,
    "process_features_model_3_multimer_v3_pred_3": 2.6226043701171875e-06,
    "predict_and_compile_model_3_multimer_v3_pred_3": 39.875370264053345,
    "relax_model_3_multimer_v3_pred_3": 27.681851387023926,
    "process_features_model_3_multimer_v3_pred_4": 2.6226043701171875e-06,
    "predict_and_compile_model_3_multimer_v3_pred_4": 33.34284782409668,
    "relax_model_3_multimer_v3_pred_4": 22.783071041107178,
    "process_features_model_4_multimer_v3_pred_0": 2.384185791015625e-06,
    "predict_and_compile_model_4_multimer_v3_pred_0": 159.2178087234497,
    "relax_model_4_multimer_v3_pred_0": 21.28977632522583,
    "process_features_model_4_multimer_v3_pred_1": 2.6226043701171875e-06,
    "predict_and_compile_model_4_multimer_v3_pred_1": 32.79310655593872,
    "relax_model_4_multimer_v3_pred_1": 22.0772647857666,
    "process_features_model_4_multimer_v3_pred_2": 2.384185791015625e-06,
    "predict_and_compile_model_4_multimer_v3_pred_2": 45.74348521232605,
    "relax_model_4_multimer_v3_pred_2": 21.14118242263794,
    "process_features_model_4_multimer_v3_pred_3": 2.86102294921875e-06,
    "predict_and_compile_model_4_multimer_v3_pred_3": 45.65808176994324,
    "relax_model_4_multimer_v3_pred_3": 21.914395332336426,
    "process_features_model_4_multimer_v3_pred_4": 2.6226043701171875e-06,
    "predict_and_compile_model_4_multimer_v3_pred_4": 32.821979999542236,
    "relax_model_4_multimer_v3_pred_4": 21.358070850372314,
    "process_features_model_5_multimer_v3_pred_0": 2.6226043701171875e-06,
    "predict_and_compile_model_5_multimer_v3_pred_0": 155.9150469303131,
    "relax_model_5_multimer_v3_pred_0": 23.851328372955322,
    "process_features_model_5_multimer_v3_pred_1": 2.86102294921875e-06,
    "predict_and_compile_model_5_multimer_v3_pred_1": 45.779677867889404,
    "relax_model_5_multimer_v3_pred_1": 22.224324703216553,
    "process_features_model_5_multimer_v3_pred_2": 2.384185791015625e-06,
    "predict_and_compile_model_5_multimer_v3_pred_2": 39.266037940979004,
    "relax_model_5_multimer_v3_pred_2": 24.7466824054718,
    "process_features_model_5_multimer_v3_pred_3": 2.384185791015625e-06,
    "predict_and_compile_model_5_multimer_v3_pred_3": 39.29742741584778,
    "relax_model_5_multimer_v3_pred_3": 24.512754917144775,
    "process_features_model_5_multimer_v3_pred_4": 2.86102294921875e-06,
    "predict_and_compile_model_5_multimer_v3_pred_4": 45.81606888771057,
    "relax_model_5_multimer_v3_pred_4": 21.65359902381897
}