seed,sample,ranking_score
1,0,0.6564282182614007
1,1,0.6711365145285356
1,2,0.6617306780472609
1,3,0.6348426850612761
1,4,0.5378664178241279
