seed,sample,ranking_score
1,0,0.41276098715888665
1,1,0.39408123491195074
1,2,0.4057280001633054
1,3,0.4196861764814918
1,4,0.40060421403671026
