seed,sample,ranking_score
1,0,0.586253694507191
1,1,0.6465404729257478
1,2,0.5876692482436578
1,3,0.59183811387719
1,4,0.5767957475288522
