seed,sample,ranking_score
1,0,0.340508213195651
1,1,0.34478984552745784
1,2,0.3261118586778471
1,3,0.3429872511309124
1,4,0.33894523043841546
