seed,sample,ranking_score
5,0,0.8246778946707912
5,1,0.8454919914796074
5,2,0.838537968844069
5,3,0.8151034183917395
5,4,0.8373359775012122
