seed,sample,ranking_score
1,0,0.4334810305525519
1,1,0.4545703345435378
1,2,0.4311452407573519
1,3,0.45208389981984726
1,4,0.47597667051630677
