seed,sample,ranking_score
1,0,0.5382842342726678
1,1,0.5267486921370917
1,2,0.5650711775393432
1,3,0.5325569613631804
1,4,0.3865616492307234
