seed,sample,ranking_score
1,0,0.6405026939632513
1,1,0.6438551897562278
1,2,0.6479025442669154
1,3,0.6612384377422781
1,4,0.6528911921945624
