seed,sample,ranking_score
1,0,0.630419146731001
1,1,0.6207426254495679
1,2,0.6243384506677776
1,3,0.6132516703109971
1,4,0.6204977838175826
