seed,sample,ranking_score
1,0,0.8704394567046669
1,1,0.8827301005918742
1,2,0.8654570708750025
1,3,0.8798013301379007
1,4,0.8644655310533075
