{
    "features": 0.15244030952453613,
    "process_features_model_1_multimer_v3_pred_0": 5.4836273193359375e-06,
    "predict_and_compile_model_1_multimer_v3_pred_0": 459.2647821903229,
    "predict_benchmark_model_1_multimer_v3_pred_0": 345.48382687568665,
    "process_features_model_2_multimer_v3_pred_0": 3.814697265625e-06,
    "predict_and_compile_model_2_multimer_v3_pred_0": 454.65734028816223,
    "predict_benchmark_model_2_multimer_v3_pred_0": 345.3049421310425,
    "process_features_model_3_multimer_v3_pred_0": 4.5299530029296875e-06,
    "predict_and_compile_model_3_multimer_v3_pred_0": 455.396719455719,
    "predict_benchmark_model_3_multimer_v3_pred_0": 344.9714820384979,
    "process_features_model_4_multimer_v3_pred_0": 3.5762786865234375e-06,
    "predict_and_compile_model_4_multimer_v3_pred_0": 451.5934762954712,
    "predict_benchmark_model_4_multimer_v3_pred_0": 336.94035243988037,
    "process_features_model_5_multimer_v3_pred_0": 4.0531158447265625e-06,
    "predict_and_compile_model_5_multimer_v3_pred_0": 450.12730050086975,
    "predict_benchmark_model_5_multimer_v3_pred_0": 337.08202838897705
}