{
    "features": 0.22438502311706543,
    "process_features_model_1_multimer_v3_pred_0": 4.291534423828125e-06,
    "predict_and_compile_model_1_multimer_v3_pred_0": 319.5524785518646,
    "predict_benchmark_model_1_multimer_v3_pred_0": 228.0169234275818,
    "process_features_model_2_multimer_v3_pred_0": 2.9802322387695312e-05,
    "predict_and_compile_model_2_multimer_v3_pred_0": 312.97081327438354,
    "predict_benchmark_model_2_multimer_v3_pred_0": 228.35969233512878,
    "process_features_model_3_multimer_v3_pred_0": 4.100799560546875e-05,
    "predict_and_compile_model_3_multimer_v3_pred_0": 247.79538917541504,
    "predict_benchmark_model_3_multimer_v3_pred_0": 163.21926975250244,
    "process_features_model_4_multimer_v3_pred_0": 4.38690185546875e-05,
    "predict_and_compile_model_4_multimer_v3_pred_0": 308.05050253868103,
    "predict_benchmark_model_4_multimer_v3_pred_0": 224.30524468421936,
    "process_features_model_5_multimer_v3_pred_0": 5.030632019042969e-05,
    "predict_and_compile_model_5_multimer_v3_pred_0": 307.58188462257385,
    "predict_benchmark_model_5_multimer_v3_pred_0": 224.79538369178772
}