{
    "features": 0.324786901473999,
    "process_features_model_1_multimer_v3_pred_0": 4.76837158203125e-06,
    "predict_and_compile_model_1_multimer_v3_pred_0": 600.1295216083527,
    "predict_benchmark_model_1_multimer_v3_pred_0": 479.387811422348,
    "process_features_model_2_multimer_v3_pred_0": 4.0531158447265625e-06,
    "predict_and_compile_model_2_multimer_v3_pred_0": 594.1771745681763,
    "predict_benchmark_model_2_multimer_v3_pred_0": 479.45483589172363,
    "process_features_model_3_multimer_v3_pred_0": 4.0531158447265625e-06,
    "predict_and_compile_model_3_multimer_v3_pred_0": 595.7151219844818,
    "predict_benchmark_model_3_multimer_v3_pred_0": 479.44434881210327,
    "process_features_model_4_multimer_v3_pred_0": 4.5299530029296875e-06,
    "predict_and_compile_model_4_multimer_v3_pred_0": 587.1205856800079,
    "predict_benchmark_model_4_multimer_v3_pred_0": 466.59446001052856,
    "process_features_model_5_multimer_v3_pred_0": 4.5299530029296875e-06,
    "predict_and_compile_model_5_multimer_v3_pred_0": 584.3846769332886,
    "predict_benchmark_model_5_multimer_v3_pred_0": 467.80266427993774
}