seed,sample,ranking_score
1,0,0.7198112865104014
1,1,0.7109349491251878
1,2,0.7117510847191404
1,3,0.6804046193359208
1,4,0.6787872014243524
