seed,sample,ranking_score
1,0,0.4939664764251628
1,1,0.4832095512701623
1,2,0.5011451560894731
1,3,0.5149869794193328
1,4,0.5253259429184421
