seed,sample,ranking_score
1,0,0.3778545005328767
1,1,0.3913177612736748
1,2,0.3540835274244643
1,3,0.3384664588021897
1,4,0.3853353321024231
