seed,sample,ranking_score
1,0,0.33697899635644496
1,1,0.33676498087140033
1,2,0.3568904183768957
1,3,0.310171713427175
1,4,0.32779071772398344
