seed,sample,ranking_score
1,0,0.8266269440020556
1,1,0.8430582327525853
1,2,0.8276755149792272
1,3,0.8374723414482437
1,4,0.828280447813557
