{
    "features": 0.991959810256958,
    "process_features_model_1_multimer_v3_pred_0": 4.76837158203125e-06,
    "predict_and_compile_model_1_multimer_v3_pred_0": 612.027437210083,
    "predict_benchmark_model_1_multimer_v3_pred_0": 495.2170925140381,
    "process_features_model_2_multimer_v3_pred_0": 3.5762786865234375e-06,
    "predict_and_compile_model_2_multimer_v3_pred_0": 603.7760717868805,
    "predict_benchmark_model_2_multimer_v3_pred_0": 495.8352737426758,
    "process_features_model_3_multimer_v3_pred_0": 3.814697265625e-06,
    "predict_and_compile_model_3_multimer_v3_pred_0": 605.0648243427277,
    "predict_benchmark_model_3_multimer_v3_pred_0": 495.57807421684265,
    "process_features_model_4_multimer_v3_pred_0": 3.814697265625e-06,
    "predict_and_compile_model_4_multimer_v3_pred_0": 596.7586905956268,
    "predict_benchmark_model_4_multimer_v3_pred_0": 484.4929955005646,
    "process_features_model_5_multimer_v3_pred_0": 3.337860107421875e-06,
    "predict_and_compile_model_5_multimer_v3_pred_0": 589.8925938606262,
    "predict_benchmark_model_5_multimer_v3_pred_0": 483.9597678184509
}