{
    "iptm+ptm": {
        "model_1_multimer_v3_pred_0": 0.6014937278088827,
        "model_1_multimer_v3_pred_1": 0.6468641753986442,
        "model_1_multimer_v3_pred_2": 0.6257766304868975,
        "model_1_multimer_v3_pred_3": 0.622897581865153,
        "model_1_multimer_v3_pred_4": 0.55589946111174,
        "model_2_multimer_v3_pred_0": 0.6460925862190651,
        "model_2_multimer_v3_pred_1": 0.6378273505769663,
        "model_2_multimer_v3_pred_2": 0.6421814952250606,
        "model_2_multimer_v3_pred_3": 0.645028677130208,
        "model_2_multimer_v3_pred_4": 0.6424578095480392,
        "model_3_multimer_v3_pred_0": 0.6018286546062821,
        "model_3_multimer_v3_pred_1": 0.5985436960441826,
        "model_3_multimer_v3_pred_2": 0.6031607239935132,
        "model_3_multimer_v3_pred_3": 0.6168815474114868,
        "model_3_multimer_v3_pred_4": 0.6005166416730193,
        "model_4_multimer_v3_pred_0": 0.6379318960118076,
        "model_4_multimer_v3_pred_1": 0.6547382044562584,
        "model_4_multimer_v3_pred_2": 0.6242292911118024,
        "model_4_multimer_v3_pred_3": 0.6077612614786894,
        "model_4_multimer_v3_pred_4": 0.6064085953569179,
        "model_5_multimer_v3_pred_0": 0.6318714961450793,
        "model_5_multimer_v3_pred_1": 0.6475887127545984,
        "model_5_multimer_v3_pred_2": 0.6359384895592219,
        "model_5_multimer_v3_pred_3": 0.6160759844516865,
        "model_5_multimer_v3_pred_4": 0.6260906818497907
    },
    "order": [
        "model_4_multimer_v3_pred_1",
        "model_5_multimer_v3_pred_1",
        "model_1_multimer_v3_pred_1",
        "model_2_multimer_v3_pred_0",
        "model_2_multimer_v3_pred_3",
        "model_2_multimer_v3_pred_4",
        "model_2_multimer_v3_pred_2",
        "model_4_multimer_v3_pred_0",
        "model_2_multimer_v3_pred_1",
        "model_5_multimer_v3_pred_2",
        "model_5_multimer_v3_pred_0",
        "model_5_multimer_v3_pred_4",
        "model_1_multimer_v3_pred_2",
        "model_4_multimer_v3_pred_2",
        "model_1_multimer_v3_pred_3",
        "model_3_multimer_v3_pred_3",
        "model_5_multimer_v3_pred_3",
        "model_4_multimer_v3_pred_3",
        "model_4_multimer_v3_pred_4",
        "model_3_multimer_v3_pred_2",
        "model_3_multimer_v3_pred_0",
        "model_1_multimer_v3_pred_0",
        "model_3_multimer_v3_pred_4",
        "model_3_multimer_v3_pred_1",
        "model_1_multimer_v3_pred_4"
    ]
}