{
    "features": 0.04716920852661133,
    "process_features_model_1_multimer_v3_pred_0": 4.76837158203125e-06,
    "predict_and_compile_model_1_multimer_v3_pred_0": 139.35141253471375,
    "predict_benchmark_model_1_multimer_v3_pred_0": 54.28210926055908,
    "process_features_model_2_multimer_v3_pred_0": 2.3365020751953125e-05,
    "predict_and_compile_model_2_multimer_v3_pred_0": 145.38072633743286,
    "predict_benchmark_model_2_multimer_v3_pred_0": 60.15892004966736,
    "process_features_model_3_multimer_v3_pred_0": 1.9550323486328125e-05,
    "predict_and_compile_model_3_multimer_v3_pred_0": 154.0821328163147,
    "predict_benchmark_model_3_multimer_v3_pred_0": 66.13821029663086,
    "process_features_model_4_multimer_v3_pred_0": 9.5367431640625e-06,
    "predict_and_compile_model_4_multimer_v3_pred_0": 208.41410899162292,
    "predict_benchmark_model_4_multimer_v3_pred_0": 123.61783289909363,
    "process_features_model_5_multimer_v3_pred_0": 1.1444091796875e-05,
    "predict_and_compile_model_5_multimer_v3_pred_0": 210.8070170879364,
    "predict_benchmark_model_5_multimer_v3_pred_0": 123.53198409080505
}