seed,sample,ranking_score
1,0,0.6111608915416223
1,1,0.6674813284545045
1,2,0.6417360471512779
1,3,0.6667551970931255
1,4,0.6406004225563019
