seed,sample,ranking_score
1,0,0.4832170484524025
1,1,0.4618947226304038
1,2,0.4686418831589415
1,3,0.4669000372545178
1,4,0.45188640562626
