seed,sample,ranking_score
1,0,0.8617864258753888
1,1,0.8692471621599278
1,2,0.8658493143880689
1,3,0.8669410409674013
1,4,0.8726014536877751
