seed,sample,ranking_score
1,0,0.8624183107901486
1,1,0.8659979913115997
1,2,0.8633858680186139
1,3,0.865403400455952
1,4,0.8637669232508163
