{
    "features": 0.005124568939208984,
    "process_features_model_1_multimer_v3_pred_0": 3.5762786865234375e-06,
    "predict_and_compile_model_1_multimer_v3_pred_0": 160.92584133148193,
    "relax_model_1_multimer_v3_pred_0": 17.421281576156616,
    "process_features_model_1_multimer_v3_pred_1": 2.86102294921875e-06,
    "predict_and_compile_model_1_multimer_v3_pred_1": 87.02720737457275,
    "relax_model_1_multimer_v3_pred_1": 14.599334001541138,
    "process_features_model_1_multimer_v3_pred_2": 2.6226043701171875e-06,
    "predict_and_compile_model_1_multimer_v3_pred_2": 48.49460744857788,
    "relax_model_1_multimer_v3_pred_2": 14.71109652519226,
    "process_features_model_1_multimer_v3_pred_3": 2.6226043701171875e-06,
    "predict_and_compile_model_1_multimer_v3_pred_3": 67.75497055053711,
    "relax_model_1_multimer_v3_pred_3": 14.297468423843384,
    "process_features_model_1_multimer_v3_pred_4": 2.86102294921875e-06,
    "predict_and_compile_model_1_multimer_v3_pred_4": 58.44313383102417,
    "relax_model_1_multimer_v3_pred_4": 14.31061840057373,
    "process_features_model_2_multimer_v3_pred_0": 2.86102294921875e-06,
    "predict_and_compile_model_2_multimer_v3_pred_0": 143.34348440170288,
    "relax_model_2_multimer_v3_pred_0": 15.192248344421387,
    "process_features_model_2_multimer_v3_pred_1": 2.86102294921875e-06,
    "predict_and_compile_model_2_multimer_v3_pred_1": 29.330387353897095,
    "relax_model_2_multimer_v3_pred_1": 20.057674646377563,
    "process_features_model_2_multimer_v3_pred_2": 2.86102294921875e-06,
    "predict_and_compile_model_2_multimer_v3_pred_2": 38.960782527923584,
    "relax_model_2_multimer_v3_pred_2": 24.520960569381714,
    "process_features_model_2_multimer_v3_pred_3": 3.0994415283203125e-06,
    "predict_and_compile_model_2_multimer_v3_pred_3": 34.12204670906067,
    "relax_model_2_multimer_v3_pred_3": 24.60454821586609,
    "process_features_model_2_multimer_v3_pred_4": 2.86102294921875e-06,
    "predict_and_compile_model_2_multimer_v3_pred_4": 34.37592697143555,
    "relax_model_2_multimer_v3_pred_4": 19.15690541267395,
    "process_features_model_3_multimer_v3_pred_0": 3.337860107421875e-06,
    "predict_and_compile_model_3_multimer_v3_pred_0": 164.38408780097961,
    "relax_model_3_multimer_v3_pred_0": 20.1937575340271,
    "process_features_model_3_multimer_v3_pred_1": 2.86102294921875e-06,
    "predict_and_compile_model_3_multimer_v3_pred_1": 101.53516745567322,
    "relax_model_3_multimer_v3_pred_1": 15.370736360549927,
    "process_features_model_3_multimer_v3_pred_2": 3.5762786865234375e-06,
    "predict_and_compile_model_3_multimer_v3_pred_2": 97.16662120819092,
    "relax_model_3_multimer_v3_pred_2": 22.826359510421753,
    "process_features_model_3_multimer_v3_pred_3": 2.6226043701171875e-06,
    "predict_and_compile_model_3_multimer_v3_pred_3": 102.26868152618408,
    "relax_model_3_multimer_v3_pred_3": 20.06394052505493,
    "process_features_model_3_multimer_v3_pred_4": 3.0994415283203125e-06,
    "predict_and_compile_model_3_multimer_v3_pred_4": 48.68385672569275,
    "relax_model_3_multimer_v3_pred_4": 21.90738081932068,
    "process_features_model_4_multimer_v3_pred_0": 3.0994415283203125e-06,
    "predict_and_compile_model_4_multimer_v3_pred_0": 190.30693340301514,
    "relax_model_4_multimer_v3_pred_0": 15.00951862335205,
    "process_features_model_4_multimer_v3_pred_1": 3.0994415283203125e-06,
    "predict_and_compile_model_4_multimer_v3_pred_1": 62.84738087654114,
    "relax_model_4_multimer_v3_pred_1": 27.816246271133423,
    "process_features_model_4_multimer_v3_pred_2": 3.337860107421875e-06,
    "predict_and_compile_model_4_multimer_v3_pred_2": 38.1862587928772,
    "relax_model_4_multimer_v3_pred_2": 15.094422817230225,
    "process_features_model_4_multimer_v3_pred_3": 3.0994415283203125e-06,
    "predict_and_compile_model_4_multimer_v3_pred_3": 66.72219800949097,
    "relax_model_4_multimer_v3_pred_3": 15.218090772628784,
    "process_features_model_4_multimer_v3_pred_4": 2.6226043701171875e-06,
    "predict_and_compile_model_4_multimer_v3_pred_4": 66.69069457054138,
    "relax_model_4_multimer_v3_pred_4": 26.521920442581177,
    "process_features_model_5_multimer_v3_pred_0": 3.337860107421875e-06,
    "predict_and_compile_model_5_multimer_v3_pred_0": 145.47488474845886,
    "relax_model_5_multimer_v3_pred_0": 14.08560299873352,
    "process_features_model_5_multimer_v3_pred_1": 2.6226043701171875e-06,
    "predict_and_compile_model_5_multimer_v3_pred_1": 47.498913526535034,
    "relax_model_5_multimer_v3_pred_1": 14.773984670639038,
    "process_features_model_5_multimer_v3_pred_2": 2.86102294921875e-06,
    "predict_and_compile_model_5_multimer_v3_pred_2": 99.74171543121338,
    "relax_model_5_multimer_v3_pred_2": 19.742069959640503,
    "process_features_model_5_multimer_v3_pred_3": 3.0994415283203125e-06,
    "predict_and_compile_model_5_multimer_v3_pred_3": 99.46671652793884,
    "relax_model_5_multimer_v3_pred_3": 15.148672342300415,
    "process_features_model_5_multimer_v3_pred_4": 3.0994415283203125e-06,
    "predict_and_compile_model_5_multimer_v3_pred_4": 38.14803600311279,
    "relax_model_5_multimer_v3_pred_4": 15.842899799346924
}