seed,sample,ranking_score
1,0,0.8146987704475375
1,1,0.8126415112313148
1,2,0.8000832540089302
1,3,0.8229409325366385
1,4,0.8071478044920855
