seed,sample,ranking_score
1,0,0.3413211520117718
1,1,0.33621390544568797
1,2,0.3401841649676485
1,3,0.3429015563302056
1,4,0.28120388389064244
