seed,sample,ranking_score
4,0,0.943077554090328
4,1,0.9457542176283877
4,2,0.927306541085424
4,3,0.9310861127198646
4,4,0.9033800442142097
