seed,sample,ranking_score
1,0,0.6825357235153694
1,1,0.6864667429344089
1,2,0.6887435107487059
1,3,0.6832354313073234
1,4,0.6736306159621238
