seed,sample,ranking_score
1,0,0.7313043676013182
1,1,0.7257977288958598
1,2,0.7284033775094108
1,3,0.723803895480419
1,4,0.7270221898808942
