seed,sample,ranking_score
1,0,0.3887318513886824
1,1,0.4043595839389755
1,2,0.5332428907800782
1,3,0.5415677349781017
1,4,0.49188212658218844
