{
    "features": 0.19887590408325195,
    "process_features_model_1_multimer_v3_pred_0": 4.5299530029296875e-06,
    "predict_and_compile_model_1_multimer_v3_pred_0": 290.63853096961975,
    "predict_benchmark_model_1_multimer_v3_pred_0": 202.62509107589722,
    "process_features_model_2_multimer_v3_pred_0": 4.220008850097656e-05,
    "predict_and_compile_model_2_multimer_v3_pred_0": 285.3115074634552,
    "predict_benchmark_model_2_multimer_v3_pred_0": 202.73155331611633,
    "process_features_model_3_multimer_v3_pred_0": 2.1696090698242188e-05,
    "predict_and_compile_model_3_multimer_v3_pred_0": 285.6235294342041,
    "predict_benchmark_model_3_multimer_v3_pred_0": 203.0009903907776,
    "process_features_model_4_multimer_v3_pred_0": 2.6702880859375e-05,
    "predict_and_compile_model_4_multimer_v3_pred_0": 281.60100841522217,
    "predict_benchmark_model_4_multimer_v3_pred_0": 198.25551891326904,
    "process_features_model_5_multimer_v3_pred_0": 2.5510787963867188e-05,
    "predict_and_compile_model_5_multimer_v3_pred_0": 275.6787190437317,
    "predict_benchmark_model_5_multimer_v3_pred_0": 198.37287735939026
}