seed,sample,ranking_score
1,0,0.7685718705535258
1,1,0.7755000212785333
1,2,0.773143074696898
1,3,0.7744461258074687
1,4,0.7688547446925419
