seed,sample,ranking_score
1,0,0.7135024674983218
1,1,0.7159448026196621
1,2,0.709347372903053
1,3,0.7076216248223133
1,4,0.7110094129472428
