seed,sample,ranking_score
5,0,0.901903989307751
5,1,0.9166422008527221
5,2,0.9046704046750477
5,3,0.9144181921636624
5,4,0.9131901980659968
