seed,sample,ranking_score
2,0,0.8917074094701753
2,1,0.855892918243974
2,2,0.8878103425389927
2,3,0.884905508210272
2,4,0.8654019486314257
