seed,sample,ranking_score
1,0,0.34955881567673436
1,1,0.36206226675886805
1,2,0.35595153571846366
1,3,0.3562012274814904
1,4,0.3679643178738656
