seed,sample,ranking_score
3,0,0.7657881288960834
3,1,0.7154796775400086
3,2,0.7146825119634284
3,3,0.7424447868863768
3,4,0.7582063432566979
