seed,sample,ranking_score
1,0,0.6989176388317195
1,1,0.7224450093800181
1,2,0.6770693887837866
1,3,0.7022363273499024
1,4,0.502529676428948
