{
    "features": 0.15617990493774414,
    "process_features_model_1_multimer_v3_pred_0": 5.4836273193359375e-06,
    "predict_and_compile_model_1_multimer_v3_pred_0": 441.30427074432373,
    "predict_benchmark_model_1_multimer_v3_pred_0": 319.96677708625793,
    "process_features_model_2_multimer_v3_pred_0": 4.0531158447265625e-06,
    "predict_and_compile_model_2_multimer_v3_pred_0": 404.3293435573578,
    "predict_benchmark_model_2_multimer_v3_pred_0": 289.44563150405884,
    "process_features_model_3_multimer_v3_pred_0": 4.291534423828125e-06,
    "predict_and_compile_model_3_multimer_v3_pred_0": 439.66655921936035,
    "predict_benchmark_model_3_multimer_v3_pred_0": 320.16971826553345,
    "process_features_model_4_multimer_v3_pred_0": 4.0531158447265625e-06,
    "predict_and_compile_model_4_multimer_v3_pred_0": 433.54208731651306,
    "predict_benchmark_model_4_multimer_v3_pred_0": 312.5115990638733,
    "process_features_model_5_multimer_v3_pred_0": 3.5762786865234375e-06,
    "predict_and_compile_model_5_multimer_v3_pred_0": 430.41079568862915,
    "predict_benchmark_model_5_multimer_v3_pred_0": 312.48977732658386
}