seed,sample,ranking_score
2,0,0.7373934743974226
2,1,0.6994051183605468
2,2,0.7314551136278319
2,3,0.7372778090465771
2,4,0.7169267943998943
