seed,sample,ranking_score
2,0,0.8938576896337608
2,1,0.9213393047721886
2,2,0.9167644187636889
2,3,0.908165251164467
2,4,0.9072931099817275
