seed,sample,ranking_score
1,0,0.6371371032279883
1,1,0.5978093006788708
1,2,0.6415762607161333
1,3,0.602686331308447
1,4,0.6174721497434372
