seed,sample,ranking_score
1,0,0.6025183365844141
1,1,0.615410616647068
1,2,0.6174169525785781
1,3,0.6231474638172778
1,4,0.6174587413433605
