seed,sample,ranking_score
1,0,0.6542908548891697
1,1,0.6366793927600214
1,2,0.6483603212931077
1,3,0.6341487229269419
1,4,0.6275179003232412
