{
    "features": 0.005051851272583008,
    "process_features_model_1_multimer_v3_pred_0": 3.337860107421875e-06,
    "predict_and_compile_model_1_multimer_v3_pred_0": 227.73303031921387,
    "relax_model_1_multimer_v3_pred_0": 19.783933639526367,
    "process_features_model_1_multimer_v3_pred_1": 3.0994415283203125e-06,
    "predict_and_compile_model_1_multimer_v3_pred_1": 109.36443281173706,
    "relax_model_1_multimer_v3_pred_1": 17.55032992362976,
    "process_features_model_1_multimer_v3_pred_2": 2.6226043701171875e-06,
    "predict_and_compile_model_1_multimer_v3_pred_2": 109.2560396194458,
    "relax_model_1_multimer_v3_pred_2": 17.40203857421875,
    "process_features_model_1_multimer_v3_pred_3": 2.1457672119140625e-06,
    "predict_and_compile_model_1_multimer_v3_pred_3": 110.46296334266663,
    "relax_model_1_multimer_v3_pred_3": 17.21018362045288,
    "process_features_model_1_multimer_v3_pred_4": 2.384185791015625e-06,
    "predict_and_compile_model_1_multimer_v3_pred_4": 108.95362043380737,
    "relax_model_1_multimer_v3_pred_4": 18.066749572753906,
    "process_features_model_2_multimer_v3_pred_0": 2.6226043701171875e-06,
    "predict_and_compile_model_2_multimer_v3_pred_0": 224.87663197517395,
    "relax_model_2_multimer_v3_pred_0": 17.412030696868896,
    "process_features_model_2_multimer_v3_pred_1": 2.6226043701171875e-06,
    "predict_and_compile_model_2_multimer_v3_pred_1": 57.33200120925903,
    "relax_model_2_multimer_v3_pred_1": 16.64936900138855,
    "process_features_model_2_multimer_v3_pred_2": 3.814697265625e-06,
    "predict_and_compile_model_2_multimer_v3_pred_2": 108.98359417915344,
    "relax_model_2_multimer_v3_pred_2": 17.753294706344604,
    "process_features_model_2_multimer_v3_pred_3": 2.6226043701171875e-06,
    "predict_and_compile_model_2_multimer_v3_pred_3": 108.94056105613708,
    "relax_model_2_multimer_v3_pred_3": 17.419307947158813,
    "process_features_model_2_multimer_v3_pred_4": 2.384185791015625e-06,
    "predict_and_compile_model_2_multimer_v3_pred_4": 109.55596375465393,
    "relax_model_2_multimer_v3_pred_4": 17.34409785270691,
    "process_features_model_3_multimer_v3_pred_0": 2.1457672119140625e-06,
    "predict_and_compile_model_3_multimer_v3_pred_0": 153.5620834827423,
    "relax_model_3_multimer_v3_pred_0": 21.604530572891235,
    "process_features_model_3_multimer_v3_pred_1": 2.86102294921875e-06,
    "predict_and_compile_model_3_multimer_v3_pred_1": 46.946147441864014,
    "relax_model_3_multimer_v3_pred_1": 17.55475616455078,
    "process_features_model_3_multimer_v3_pred_2": 2.1457672119140625e-06,
    "predict_and_compile_model_3_multimer_v3_pred_2": 52.67445969581604,
    "relax_model_3_multimer_v3_pred_2": 17.771204471588135,
    "process_features_model_3_multimer_v3_pred_3": 2.384185791015625e-06,
    "predict_and_compile_model_3_multimer_v3_pred_3": 46.941285371780396,
    "relax_model_3_multimer_v3_pred_3": 17.01762104034424,
    "process_features_model_3_multimer_v3_pred_4": 2.384185791015625e-06,
    "predict_and_compile_model_3_multimer_v3_pred_4": 46.905760765075684,
    "relax_model_3_multimer_v3_pred_4": 24.237017154693604,
    "process_features_model_4_multimer_v3_pred_0": 2.1457672119140625e-06,
    "predict_and_compile_model_4_multimer_v3_pred_0": 155.1015875339508,
    "relax_model_4_multimer_v3_pred_0": 17.128117084503174,
    "process_features_model_4_multimer_v3_pred_1": 2.6226043701171875e-06,
    "predict_and_compile_model_4_multimer_v3_pred_1": 107.63165068626404,
    "relax_model_4_multimer_v3_pred_1": 16.827622175216675,
    "process_features_model_4_multimer_v3_pred_2": 2.384185791015625e-06,
    "predict_and_compile_model_4_multimer_v3_pred_2": 106.76270365715027,
    "relax_model_4_multimer_v3_pred_2": 17.383753299713135,
    "process_features_model_4_multimer_v3_pred_3": 3.0994415283203125e-06,
    "predict_and_compile_model_4_multimer_v3_pred_3": 87.00162410736084,
    "relax_model_4_multimer_v3_pred_3": 17.35631251335144,
    "process_features_model_4_multimer_v3_pred_4": 2.384185791015625e-06,
    "predict_and_compile_model_4_multimer_v3_pred_4": 106.8582615852356,
    "relax_model_4_multimer_v3_pred_4": 17.03169536590576,
    "process_features_model_5_multimer_v3_pred_0": 2.6226043701171875e-06,
    "predict_and_compile_model_5_multimer_v3_pred_0": 196.19134712219238,
    "relax_model_5_multimer_v3_pred_0": 17.241561889648438,
    "process_features_model_5_multimer_v3_pred_1": 2.86102294921875e-06,
    "predict_and_compile_model_5_multimer_v3_pred_1": 107.04285287857056,
    "relax_model_5_multimer_v3_pred_1": 17.528589487075806,
    "process_features_model_5_multimer_v3_pred_2": 3.0994415283203125e-06,
    "predict_and_compile_model_5_multimer_v3_pred_2": 107.56349420547485,
    "relax_model_5_multimer_v3_pred_2": 16.832032203674316,
    "process_features_model_5_multimer_v3_pred_3": 3.5762786865234375e-06,
    "predict_and_compile_model_5_multimer_v3_pred_3": 102.18452668190002,
    "relax_model_5_multimer_v3_pred_3": 17.56831121444702,
    "process_features_model_5_multimer_v3_pred_4": 2.384185791015625e-06,
    "predict_and_compile_model_5_multimer_v3_pred_4": 106.91711711883545,
    "relax_model_5_multimer_v3_pred_4": 16.978963613510132
}