seed,sample,ranking_score
3,0,0.7593213402208341
3,1,0.7582980112559454
3,2,0.7546219931454404
3,3,0.7532699733048219
3,4,0.7509263716898503
