seed,sample,ranking_score
5,0,0.7872928541741978
5,1,0.8071489924340347
5,2,0.8134633161906135
5,3,0.8601757783850956
5,4,0.7584098981022416
