seed,sample,ranking_score
5,0,0.7007805668937424
5,1,0.7004786880111985
5,2,0.6916631902704686
5,3,0.702578135925591
5,4,0.7135239554103575
