seed,sample,ranking_score
1,0,0.304297000525326
1,1,0.29680031375649524
1,2,0.3476431745133663
1,3,0.3691345007120468
1,4,0.31932158824566087
