seed,sample,ranking_score
1,0,0.6347382626928538
1,1,0.7288351703430772
1,2,0.7285256912558474
1,3,0.7625116628426113
1,4,0.614493523035082
