seed,sample,ranking_score
1,0,0.5888055014454824
1,1,0.6563101778490106
1,2,0.6259067400582873
1,3,0.6029311575334232
1,4,0.5866131201275486
