{
    "features": 0.008242368698120117,
    "process_features_model_1_multimer_v3_pred_0": 3.5762786865234375e-06,
    "predict_and_compile_model_1_multimer_v3_pred_0": 327.6581003665924,
    "relax_model_1_multimer_v3_pred_0": 28.20318603515625,
    "process_features_model_1_multimer_v3_pred_1": 2.86102294921875e-06,
    "predict_and_compile_model_1_multimer_v3_pred_1": 104.10547208786011,
    "relax_model_1_multimer_v3_pred_1": 24.982489824295044,
    "process_features_model_1_multimer_v3_pred_2": 3.337860107421875e-06,
    "predict_and_compile_model_1_multimer_v3_pred_2": 104.23006391525269,
    "relax_model_1_multimer_v3_pred_2": 25.285878658294678,
    "process_features_model_1_multimer_v3_pred_3": 3.5762786865234375e-06,
    "predict_and_compile_model_1_multimer_v3_pred_3": 208.0549132823944,
    "relax_model_1_multimer_v3_pred_3": 25.8108172416687,
    "process_features_model_1_multimer_v3_pred_4": 3.0994415283203125e-06,
    "predict_and_compile_model_1_multimer_v3_pred_4": 148.41598463058472,
    "relax_model_1_multimer_v3_pred_4": 33.78117656707764,
    "process_features_model_2_multimer_v3_pred_0": 2.6226043701171875e-06,
    "predict_and_compile_model_2_multimer_v3_pred_0": 245.4763641357422,
    "relax_model_2_multimer_v3_pred_0": 26.00682306289673,
    "process_features_model_2_multimer_v3_pred_1": 3.0994415283203125e-06,
    "predict_and_compile_model_2_multimer_v3_pred_1": 163.33775186538696,
    "relax_model_2_multimer_v3_pred_1": 25.23762321472168,
    "process_features_model_2_multimer_v3_pred_2": 2.86102294921875e-06,
    "predict_and_compile_model_2_multimer_v3_pred_2": 104.1435775756836,
    "relax_model_2_multimer_v3_pred_2": 24.707208395004272,
    "process_features_model_2_multimer_v3_pred_3": 3.337860107421875e-06,
    "predict_and_compile_model_2_multimer_v3_pred_3": 118.93906044960022,
    "relax_model_2_multimer_v3_pred_3": 25.810767650604248,
    "process_features_model_2_multimer_v3_pred_4": 3.5762786865234375e-06,
    "predict_and_compile_model_2_multimer_v3_pred_4": 133.9548511505127,
    "relax_model_2_multimer_v3_pred_4": 25.95139741897583,
    "process_features_model_3_multimer_v3_pred_0": 3.337860107421875e-06,
    "predict_and_compile_model_3_multimer_v3_pred_0": 265.14646911621094,
    "relax_model_3_multimer_v3_pred_0": 29.67618227005005,
    "process_features_model_3_multimer_v3_pred_1": 3.0994415283203125e-06,
    "predict_and_compile_model_3_multimer_v3_pred_1": 148.80382990837097,
    "relax_model_3_multimer_v3_pred_1": 24.799304485321045,
    "process_features_model_3_multimer_v3_pred_2": 3.814697265625e-06,
    "predict_and_compile_model_3_multimer_v3_pred_2": 312.20936250686646,
    "relax_model_3_multimer_v3_pred_2": 25.02581262588501,
    "process_features_model_3_multimer_v3_pred_3": 3.0994415283203125e-06,
    "predict_and_compile_model_3_multimer_v3_pred_3": 163.14204502105713,
    "relax_model_3_multimer_v3_pred_3": 26.748110055923462,
    "process_features_model_3_multimer_v3_pred_4": 4.0531158447265625e-06,
    "predict_and_compile_model_3_multimer_v3_pred_4": 312.92850518226624,
    "relax_model_3_multimer_v3_pred_4": 24.737408876419067,
    "process_features_model_4_multimer_v3_pred_0": 3.5762786865234375e-06,
    "predict_and_compile_model_4_multimer_v3_pred_0": 281.41026186943054,
    "relax_model_4_multimer_v3_pred_0": 26.14064860343933,
    "process_features_model_4_multimer_v3_pred_1": 3.0994415283203125e-06,
    "predict_and_compile_model_4_multimer_v3_pred_1": 132.26866269111633,
    "relax_model_4_multimer_v3_pred_1": 24.077192544937134,
    "process_features_model_4_multimer_v3_pred_2": 3.5762786865234375e-06,
    "predict_and_compile_model_4_multimer_v3_pred_2": 131.962646484375,
    "relax_model_4_multimer_v3_pred_2": 33.130171060562134,
    "process_features_model_4_multimer_v3_pred_3": 3.337860107421875e-06,
    "predict_and_compile_model_4_multimer_v3_pred_3": 104.06588864326477,
    "relax_model_4_multimer_v3_pred_3": 24.50631046295166,
    "process_features_model_4_multimer_v3_pred_4": 2.6226043701171875e-06,
    "predict_and_compile_model_4_multimer_v3_pred_4": 278.3765380382538,
    "relax_model_4_multimer_v3_pred_4": 26.026683807373047,
    "process_features_model_5_multimer_v3_pred_0": 2.86102294921875e-06,
    "predict_and_compile_model_5_multimer_v3_pred_0": 472.3381175994873,
    "relax_model_5_multimer_v3_pred_0": 25.446393489837646,
    "process_features_model_5_multimer_v3_pred_1": 3.337860107421875e-06,
    "predict_and_compile_model_5_multimer_v3_pred_1": 307.78886890411377,
    "relax_model_5_multimer_v3_pred_1": 33.56660747528076,
    "process_features_model_5_multimer_v3_pred_2": 3.5762786865234375e-06,
    "predict_and_compile_model_5_multimer_v3_pred_2": 278.40627121925354,
    "relax_model_5_multimer_v3_pred_2": 25.532604217529297,
    "process_features_model_5_multimer_v3_pred_3": 3.337860107421875e-06,
    "predict_and_compile_model_5_multimer_v3_pred_3": 307.34878396987915,
    "relax_model_5_multimer_v3_pred_3": 26.359660625457764,
    "process_features_model_5_multimer_v3_pred_4": 3.337860107421875e-06,
    "predict_and_compile_model_5_multimer_v3_pred_4": 307.8328056335449,
    "relax_model_5_multimer_v3_pred_4": 34.28414440155029
}