{
    "features": 0.05058765411376953,
    "process_features_model_1_multimer_v3_pred_0": 2.86102294921875e-06,
    "predict_and_compile_model_1_multimer_v3_pred_0": 97.74977016448975,
    "predict_benchmark_model_1_multimer_v3_pred_0": 16.884909868240356,
    "process_features_model_2_multimer_v3_pred_0": 3.0517578125e-05,
    "predict_and_compile_model_2_multimer_v3_pred_0": 100.27901196479797,
    "predict_benchmark_model_2_multimer_v3_pred_0": 16.812875270843506,
    "process_features_model_3_multimer_v3_pred_0": 2.2172927856445312e-05,
    "predict_and_compile_model_3_multimer_v3_pred_0": 105.60368537902832,
    "predict_benchmark_model_3_multimer_v3_pred_0": 20.966033697128296,
    "process_features_model_4_multimer_v3_pred_0": 1.8358230590820312e-05,
    "predict_and_compile_model_4_multimer_v3_pred_0": 99.69445204734802,
    "predict_benchmark_model_4_multimer_v3_pred_0": 16.492990970611572,
    "process_features_model_5_multimer_v3_pred_0": 3.170967102050781e-05,
    "predict_and_compile_model_5_multimer_v3_pred_0": 105.18892908096313,
    "predict_benchmark_model_5_multimer_v3_pred_0": 20.618311405181885
}