seed,sample,ranking_score
1,0,0.6515476637941572
1,1,0.6694227525567986
1,2,0.6283193113785128
1,3,0.6727491804145906
1,4,0.653136208566939
