seed,sample,ranking_score
1,0,0.28393601516076505
1,1,0.27758876627982826
1,2,0.2728348202597386
1,3,0.2625028691275254
1,4,0.25243708841579005
