{
    "iptm+ptm": {
        "model_1_multimer_v3_pred_0": 0.8291442373607414,
        "model_1_multimer_v3_pred_1": 0.8291915730499629,
        "model_1_multimer_v3_pred_2": 0.8280483471576434,
        "model_1_multimer_v3_pred_3": 0.8297848153914655,
        "model_1_multimer_v3_pred_4": 0.8284264342868234,
        "model_2_multimer_v3_pred_0": 0.8316774183284542,
        "model_2_multimer_v3_pred_1": 0.8329153502875414,
        "model_2_multimer_v3_pred_2": 0.8322349142794299,
        "model_2_multimer_v3_pred_3": 0.8307064709171309,
        "model_2_multimer_v3_pred_4": 0.8328473596409193,
        "model_3_multimer_v3_pred_0": 0.8374002125658941,
        "model_3_multimer_v3_pred_1": 0.8394230647215257,
        "model_3_multimer_v3_pred_2": 0.8406804010791262,
        "model_3_multimer_v3_pred_3": 0.8367465367878391,
        "model_3_multimer_v3_pred_4": 0.8366981518372294,
        "model_4_multimer_v3_pred_0": 0.8311945987932949,
        "model_4_multimer_v3_pred_1": 0.8354073982858976,
        "model_4_multimer_v3_pred_2": 0.8359038574283116,
        "model_4_multimer_v3_pred_3": 0.8334172577438755,
        "model_4_multimer_v3_pred_4": 0.835613530725149,
        "model_5_multimer_v3_pred_0": 0.8354299396981755,
        "model_5_multimer_v3_pred_1": 0.8349851306498027,
        "model_5_multimer_v3_pred_2": 0.8376001459193495,
        "model_5_multimer_v3_pred_3": 0.8328967976829409,
        "model_5_multimer_v3_pred_4": 0.8357750508448423
    },
    "order": [
        "model_3_multimer_v3_pred_2",
        "model_3_multimer_v3_pred_1",
        "model_5_multimer_v3_pred_2",
        "model_3_multimer_v3_pred_0",
        "model_3_multimer_v3_pred_3",
        "model_3_multimer_v3_pred_4",
        "model_4_multimer_v3_pred_2",
        "model_5_multimer_v3_pred_4",
        "model_4_multimer_v3_pred_4",
        "model_5_multimer_v3_pred_0",
        "model_4_multimer_v3_pred_1",
        "model_5_multimer_v3_pred_1",
        "model_4_multimer_v3_pred_3",
        "model_2_multimer_v3_pred_1",
        "model_5_multimer_v3_pred_3",
        "model_2_multimer_v3_pred_4",
        "model_2_multimer_v3_pred_2",
        "model_2_multimer_v3_pred_0",
        "model_4_multimer_v3_pred_0",
        "model_2_multimer_v3_pred_3",
        "model_1_multimer_v3_pred_3",
        "model_1_multimer_v3_pred_1",
        "model_1_multimer_v3_pred_0",
        "model_1_multimer_v3_pred_4",
        "model_1_multimer_v3_pred_2"
    ]
}