{
    "iptm+ptm": {
        "model_1_multimer_v3_pred_0": 0.7982114364213012,
        "model_1_multimer_v3_pred_1": 0.8149345061313182,
        "model_1_multimer_v3_pred_2": 0.8003227989605377,
        "model_1_multimer_v3_pred_3": 0.8042807144305422,
        "model_1_multimer_v3_pred_4": 0.8097538757578615,
        "model_2_multimer_v3_pred_0": 0.8154757262747286,
        "model_2_multimer_v3_pred_1": 0.8060847550313671,
        "model_2_multimer_v3_pred_2": 0.8174999509260708,
        "model_2_multimer_v3_pred_3": 0.8126812745313657,
        "model_2_multimer_v3_pred_4": 0.814090979132137,
        "model_3_multimer_v3_pred_0": 0.8167530031582594,
        "model_3_multimer_v3_pred_1": 0.8194379803792362,
        "model_3_multimer_v3_pred_2": 0.8095223101135042,
        "model_3_multimer_v3_pred_3": 0.8125060675969786,
        "model_3_multimer_v3_pred_4": 0.8177849221930751,
        "model_4_multimer_v3_pred_0": 0.7932131185363672,
        "model_4_multimer_v3_pred_1": 0.7938333317022417,
        "model_4_multimer_v3_pred_2": 0.785725492845577,
        "model_4_multimer_v3_pred_3": 0.8041921714698996,
        "model_4_multimer_v3_pred_4": 0.8048955998972896,
        "model_5_multimer_v3_pred_0": 0.8012826160918791,
        "model_5_multimer_v3_pred_1": 0.8091068719010425,
        "model_5_multimer_v3_pred_2": 0.803474850071571,
        "model_5_multimer_v3_pred_3": 0.8086103989264215,
        "model_5_multimer_v3_pred_4": 0.8032119992257105
    },
    "order": [
        "model_3_multimer_v3_pred_1",
        "model_3_multimer_v3_pred_4",
        "model_2_multimer_v3_pred_2",
        "model_3_multimer_v3_pred_0",
        "model_2_multimer_v3_pred_0",
        "model_1_multimer_v3_pred_1",
        "model_2_multimer_v3_pred_4",
        "model_2_multimer_v3_pred_3",
        "model_3_multimer_v3_pred_3",
        "model_1_multimer_v3_pred_4",
        "model_3_multimer_v3_pred_2",
        "model_5_multimer_v3_pred_1",
        "model_5_multimer_v3_pred_3",
        "model_2_multimer_v3_pred_1",
        "model_4_multimer_v3_pred_4",
        "model_1_multimer_v3_pred_3",
        "model_4_multimer_v3_pred_3",
        "model_5_multimer_v3_pred_2",
        "model_5_multimer_v3_pred_4",
        "model_5_multimer_v3_pred_0",
        "model_1_multimer_v3_pred_2",
        "model_1_multimer_v3_pred_0",
        "model_4_multimer_v3_pred_1",
        "model_4_multimer_v3_pred_0",
        "model_4_multimer_v3_pred_2"
    ]
}