seed,sample,ranking_score
1,0,0.4138315120321431
1,1,0.4211361602430999
1,2,0.41923164319319667
1,3,0.40653660927362795
1,4,0.4140175162741192
