seed,sample,ranking_score
1,0,0.6068969675664694
1,1,0.605122278151298
1,2,0.6525048777385246
1,3,0.6208631210884636
1,4,0.5859463540634081
