{
    "features": 0.07648158073425293,
    "process_features_model_1_multimer_v3_pred_0": 3.5762786865234375e-06,
    "predict_and_compile_model_1_multimer_v3_pred_0": 145.5015263557434,
    "predict_benchmark_model_1_multimer_v3_pred_0": 62.50789427757263,
    "process_features_model_2_multimer_v3_pred_0": 2.09808349609375e-05,
    "predict_and_compile_model_2_multimer_v3_pred_0": 126.92628931999207,
    "predict_benchmark_model_2_multimer_v3_pred_0": 41.72132897377014,
    "process_features_model_3_multimer_v3_pred_0": 9.298324584960938e-06,
    "predict_and_compile_model_3_multimer_v3_pred_0": 195.34518694877625,
    "predict_benchmark_model_3_multimer_v3_pred_0": 109.26601839065552,
    "process_features_model_4_multimer_v3_pred_0": 1.2159347534179688e-05,
    "predict_and_compile_model_4_multimer_v3_pred_0": 152.63191962242126,
    "predict_benchmark_model_4_multimer_v3_pred_0": 61.30964517593384,
    "process_features_model_5_multimer_v3_pred_0": 8.58306884765625e-06,
    "predict_and_compile_model_5_multimer_v3_pred_0": 145.19914889335632,
    "predict_benchmark_model_5_multimer_v3_pred_0": 56.208303451538086
}