seed,sample,ranking_score
4,0,0.804138844897153
4,1,0.8080582356976962
4,2,0.8011322808121341
4,3,0.8043501257548779
4,4,0.8075791337077778
