seed,sample,ranking_score
1,0,0.4826682500482816
1,1,0.5573643506707043
1,2,0.5393720342458928
1,3,0.5668416977000083
1,4,0.5059008284274664
