seed,sample,ranking_score
1,0,0.4989265895310145
1,1,0.5023993609989126
1,2,0.4895204285470972
1,3,0.4885920722383434
1,4,0.5600618469038121
