seed,sample,ranking_score
5,0,0.9141704794177621
5,1,0.9185722332792461
5,2,0.9487043196575038
5,3,0.9028962610514958
5,4,0.9081205802176164
