seed,sample,ranking_score
1,0,0.5974114574940043
1,1,0.5954912533224044
1,2,0.5970639900503408
1,3,0.5859001075441016
1,4,0.654166207135436
