{
    "features": 0.0055942535400390625,
    "process_features_model_1_multimer_v3_pred_0": 4.291534423828125e-06,
    "predict_and_compile_model_1_multimer_v3_pred_0": 213.7270724773407,
    "relax_model_1_multimer_v3_pred_0": 20.402994632720947,
    "process_features_model_1_multimer_v3_pred_1": 3.5762786865234375e-06,
    "predict_and_compile_model_1_multimer_v3_pred_1": 71.7044038772583,
    "relax_model_1_multimer_v3_pred_1": 18.625921487808228,
    "process_features_model_1_multimer_v3_pred_2": 3.337860107421875e-06,
    "predict_and_compile_model_1_multimer_v3_pred_2": 125.0604031085968,
    "relax_model_1_multimer_v3_pred_2": 18.751460313796997,
    "process_features_model_1_multimer_v3_pred_3": 3.337860107421875e-06,
    "predict_and_compile_model_1_multimer_v3_pred_3": 80.40833473205566,
    "relax_model_1_multimer_v3_pred_3": 18.485318660736084,
    "process_features_model_1_multimer_v3_pred_4": 3.0994415283203125e-06,
    "predict_and_compile_model_1_multimer_v3_pred_4": 83.56826138496399,
    "relax_model_1_multimer_v3_pred_4": 18.03040623664856,
    "process_features_model_2_multimer_v3_pred_0": 3.0994415283203125e-06,
    "predict_and_compile_model_2_multimer_v3_pred_0": 242.70502710342407,
    "relax_model_2_multimer_v3_pred_0": 18.405532121658325,
    "process_features_model_2_multimer_v3_pred_1": 3.337860107421875e-06,
    "predict_and_compile_model_2_multimer_v3_pred_1": 48.00350546836853,
    "relax_model_2_multimer_v3_pred_1": 18.65453052520752,
    "process_features_model_2_multimer_v3_pred_2": 3.0994415283203125e-06,
    "predict_and_compile_model_2_multimer_v3_pred_2": 42.078327894210815,
    "relax_model_2_multimer_v3_pred_2": 25.25929069519043,
    "process_features_model_2_multimer_v3_pred_3": 3.0994415283203125e-06,
    "predict_and_compile_model_2_multimer_v3_pred_3": 53.88250470161438,
    "relax_model_2_multimer_v3_pred_3": 18.183316946029663,
    "process_features_model_2_multimer_v3_pred_4": 3.0994415283203125e-06,
    "predict_and_compile_model_2_multimer_v3_pred_4": 41.95365333557129,
    "relax_model_2_multimer_v3_pred_4": 19.103126049041748,
    "process_features_model_3_multimer_v3_pred_0": 2.86102294921875e-06,
    "predict_and_compile_model_3_multimer_v3_pred_0": 164.65237021446228,
    "relax_model_3_multimer_v3_pred_0": 18.636841773986816,
    "process_features_model_3_multimer_v3_pred_1": 3.0994415283203125e-06,
    "predict_and_compile_model_3_multimer_v3_pred_1": 47.92159581184387,
    "relax_model_3_multimer_v3_pred_1": 18.90261673927307,
    "process_features_model_3_multimer_v3_pred_2": 3.337860107421875e-06,
    "predict_and_compile_model_3_multimer_v3_pred_2": 41.93321394920349,
    "relax_model_3_multimer_v3_pred_2": 19.062555074691772,
    "process_features_model_3_multimer_v3_pred_3": 3.337860107421875e-06,
    "predict_and_compile_model_3_multimer_v3_pred_3": 47.81742882728577,
    "relax_model_3_multimer_v3_pred_3": 18.22535276412964,
    "process_features_model_3_multimer_v3_pred_4": 3.0994415283203125e-06,
    "predict_and_compile_model_3_multimer_v3_pred_4": 59.77940106391907,
    "relax_model_3_multimer_v3_pred_4": 18.48711133003235,
    "process_features_model_4_multimer_v3_pred_0": 2.86102294921875e-06,
    "predict_and_compile_model_4_multimer_v3_pred_0": 209.08327770233154,
    "relax_model_4_multimer_v3_pred_0": 18.387311935424805,
    "process_features_model_4_multimer_v3_pred_1": 2.86102294921875e-06,
    "predict_and_compile_model_4_multimer_v3_pred_1": 63.99333596229553,
    "relax_model_4_multimer_v3_pred_1": 19.30255126953125,
    "process_features_model_4_multimer_v3_pred_2": 2.86102294921875e-06,
    "predict_and_compile_model_4_multimer_v3_pred_2": 75.57681655883789,
    "relax_model_4_multimer_v3_pred_2": 18.89504384994507,
    "process_features_model_4_multimer_v3_pred_3": 3.0994415283203125e-06,
    "predict_and_compile_model_4_multimer_v3_pred_3": 64.02597832679749,
    "relax_model_4_multimer_v3_pred_3": 19.822418928146362,
    "process_features_model_4_multimer_v3_pred_4": 2.6226043701171875e-06,
    "predict_and_compile_model_4_multimer_v3_pred_4": 104.54258680343628,
    "relax_model_4_multimer_v3_pred_4": 18.892244338989258,
    "process_features_model_5_multimer_v3_pred_0": 3.5762786865234375e-06,
    "predict_and_compile_model_5_multimer_v3_pred_0": 226.55073618888855,
    "relax_model_5_multimer_v3_pred_0": 18.70293140411377,
    "process_features_model_5_multimer_v3_pred_1": 3.814697265625e-06,
    "predict_and_compile_model_5_multimer_v3_pred_1": 69.72308659553528,
    "relax_model_5_multimer_v3_pred_1": 18.396915912628174,
    "process_features_model_5_multimer_v3_pred_2": 3.337860107421875e-06,
    "predict_and_compile_model_5_multimer_v3_pred_2": 121.47096538543701,
    "relax_model_5_multimer_v3_pred_2": 19.226746082305908,
    "process_features_model_5_multimer_v3_pred_3": 3.0994415283203125e-06,
    "predict_and_compile_model_5_multimer_v3_pred_3": 121.59916925430298,
    "relax_model_5_multimer_v3_pred_3": 18.615185737609863,
    "process_features_model_5_multimer_v3_pred_4": 3.0994415283203125e-06,
    "predict_and_compile_model_5_multimer_v3_pred_4": 98.5890793800354,
    "relax_model_5_multimer_v3_pred_4": 23.193861484527588
}