seed,sample,ranking_score
1,0,0.4985813693086296
1,1,0.5040257240179368
1,2,0.5204483884022909
1,3,0.5028827639534624
1,4,0.5095570729634517
