seed,sample,ranking_score
4,0,0.6899268078311612
4,1,0.6848248159015984
4,2,0.6863689070886575
4,3,0.672758233751881
4,4,0.6593457718310785
