seed,sample,ranking_score
1,0,0.6500809535874076
1,1,0.6845685258676302
1,2,0.6983107952887182
1,3,0.639204652468556
1,4,0.6629261734709887
