{
    "iptm+ptm": {
        "model_1_multimer_v3_pred_0": 0.724671085589532,
        "model_1_multimer_v3_pred_1": 0.7168870551794552,
        "model_1_multimer_v3_pred_2": 0.7305027094140705,
        "model_1_multimer_v3_pred_3": 0.7036435026310021,
        "model_1_multimer_v3_pred_4": 0.7045457838842948,
        "model_2_multimer_v3_pred_0": 0.7561631726393792,
        "model_2_multimer_v3_pred_1": 0.7498695750170492,
        "model_2_multimer_v3_pred_2": 0.7511932671918058,
        "model_2_multimer_v3_pred_3": 0.8819846850290162,
        "model_2_multimer_v3_pred_4": 0.7509731357431645,
        "model_3_multimer_v3_pred_0": 0.7242570110970121,
        "model_3_multimer_v3_pred_1": 0.7362728769294136,
        "model_3_multimer_v3_pred_2": 0.7126948232829833,
        "model_3_multimer_v3_pred_3": 0.7177093817411206,
        "model_3_multimer_v3_pred_4": 0.7333183051647187,
        "model_4_multimer_v3_pred_0": 0.8963081055029508,
        "model_4_multimer_v3_pred_1": 0.8908807535956301,
        "model_4_multimer_v3_pred_2": 0.8904313311517263,
        "model_4_multimer_v3_pred_3": 0.887393678851075,
        "model_4_multimer_v3_pred_4": 0.8963849987177728,
        "model_5_multimer_v3_pred_0": 0.7433392919409963,
        "model_5_multimer_v3_pred_1": 0.7136487234723091,
        "model_5_multimer_v3_pred_2": 0.7209873471810433,
        "model_5_multimer_v3_pred_3": 0.7274426719393624,
        "model_5_multimer_v3_pred_4": 0.7250405766045804
    },
    "order": [
        "model_4_multimer_v3_pred_4",
        "model_4_multimer_v3_pred_0",
        "model_4_multimer_v3_pred_1",
        "model_4_multimer_v3_pred_2",
        "model_4_multimer_v3_pred_3",
        "model_2_multimer_v3_pred_3",
        "model_2_multimer_v3_pred_0",
        "model_2_multimer_v3_pred_2",
        "model_2_multimer_v3_pred_4",
        "model_2_multimer_v3_pred_1",
        "model_5_multimer_v3_pred_0",
        "model_3_multimer_v3_pred_1",
        "model_3_multimer_v3_pred_4",
        "model_1_multimer_v3_pred_2",
        "model_5_multimer_v3_pred_3",
        "model_5_multimer_v3_pred_4",
        "model_1_multimer_v3_pred_0",
        "model_3_multimer_v3_pred_0",
        "model_5_multimer_v3_pred_2",
        "model_3_multimer_v3_pred_3",
        "model_1_multimer_v3_pred_1",
        "model_5_multimer_v3_pred_1",
        "model_3_multimer_v3_pred_2",
        "model_1_multimer_v3_pred_4",
        "model_1_multimer_v3_pred_3"
    ]
}