seed,sample,ranking_score
1,0,0.4466370185283052
1,1,0.4545481580752903
1,2,0.4637333646437664
1,3,0.42552657022473744
1,4,0.45270217685523556
