seed,sample,ranking_score
1,0,0.8490526927776353
1,1,0.8417234196928866
1,2,0.8521996034099969
1,3,0.8455698305310033
1,4,0.8498023182304737
