seed,sample,ranking_score
1,0,0.5582608786657958
1,1,0.5088310908001838
1,2,0.5474880370065742
1,3,0.48833395170519034
1,4,0.5461656443692163
