seed,sample,ranking_score
1,0,0.48165176651430475
1,1,0.47705864597639475
1,2,0.4815176130734088
1,3,0.5016952928524456
1,4,0.4956101447163431
