seed,sample,ranking_score
3,0,0.808082113966321
3,1,0.7918803548047589
3,2,0.8050563481574488
3,3,0.799187800356426
3,4,0.7986952408656561
