seed,sample,ranking_score
1,0,0.748002695291268
1,1,0.47103889240421487
1,2,0.489930643140333
1,3,0.46179691044005255
1,4,0.7302596567465744
