seed,sample,ranking_score
1,0,0.36833642260763877
1,1,0.39380106205821286
1,2,0.5064045421179654
1,3,0.5218562254386208
1,4,0.36755061955935264
