seed,sample,ranking_score
1,0,0.6695970959563375
1,1,0.691488968499645
1,2,0.6701115774250777
1,3,0.6644392238598137
1,4,0.6363732804896439
