seed,sample,ranking_score
1,0,0.5318249558521627
1,1,0.5419288903752314
1,2,0.5259147931043424
1,3,0.507136231792124
1,4,0.5572274511748885
