{
    "iptm+ptm": {
        "model_1_multimer_v3_pred_0": 0.26563882121570814,
        "model_1_multimer_v3_pred_1": 0.24469808400231252,
        "model_1_multimer_v3_pred_2": 0.20242658405489236,
        "model_1_multimer_v3_pred_3": 0.2652293032651806,
        "model_1_multimer_v3_pred_4": 0.2821018622679613,
        "model_2_multimer_v3_pred_0": 0.6639759343775062,
        "model_2_multimer_v3_pred_1": 0.6497634213644305,
        "model_2_multimer_v3_pred_2": 0.680705525124233,
        "model_2_multimer_v3_pred_3": 0.6888354591314918,
        "model_2_multimer_v3_pred_4": 0.6579557278896733,
        "model_3_multimer_v3_pred_0": 0.7747360916511875,
        "model_3_multimer_v3_pred_1": 0.7879797593355452,
        "model_3_multimer_v3_pred_2": 0.7475815880771296,
        "model_3_multimer_v3_pred_3": 0.7875548111086356,
        "model_3_multimer_v3_pred_4": 0.7237955373195581,
        "model_4_multimer_v3_pred_0": 0.29645883300922027,
        "model_4_multimer_v3_pred_1": 0.3007661156888799,
        "model_4_multimer_v3_pred_2": 0.31077387361007924,
        "model_4_multimer_v3_pred_3": 0.3358348395715915,
        "model_4_multimer_v3_pred_4": 0.31910453483018586,
        "model_5_multimer_v3_pred_0": 0.6003709413641375,
        "model_5_multimer_v3_pred_1": 0.6218284709171449,
        "model_5_multimer_v3_pred_2": 0.6348090825502325,
        "model_5_multimer_v3_pred_3": 0.4736257690315311,
        "model_5_multimer_v3_pred_4": 0.46965049571577444
    },
    "order": [
        "model_3_multimer_v3_pred_1",
        "model_3_multimer_v3_pred_3",
        "model_3_multimer_v3_pred_0",
        "model_3_multimer_v3_pred_2",
        "model_3_multimer_v3_pred_4",
        "model_2_multimer_v3_pred_3",
        "model_2_multimer_v3_pred_2",
        "model_2_multimer_v3_pred_0",
        "model_2_multimer_v3_pred_4",
        "model_2_multimer_v3_pred_1",
        "model_5_multimer_v3_pred_2",
        "model_5_multimer_v3_pred_1",
        "model_5_multimer_v3_pred_0",
        "model_5_multimer_v3_pred_3",
        "model_5_multimer_v3_pred_4",
        "model_4_multimer_v3_pred_3",
        "model_4_multimer_v3_pred_4",
        "model_4_multimer_v3_pred_2",
        "model_4_multimer_v3_pred_1",
        "model_4_multimer_v3_pred_0",
        "model_1_multimer_v3_pred_4",
        "model_1_multimer_v3_pred_0",
        "model_1_multimer_v3_pred_3",
        "model_1_multimer_v3_pred_1",
        "model_1_multimer_v3_pred_2"
    ]
}