seed,sample,ranking_score
1,0,0.3820256753288386
1,1,0.408248949575848
1,2,0.3464306642442804
1,3,0.3154745663875753
1,4,0.3859308901052613
