seed,sample,ranking_score
1,0,0.7690774172683255
1,1,0.7477366230174755
1,2,0.7391530100626161
1,3,0.7473952128533818
1,4,0.7504435151597526
