seed,sample,ranking_score
1,0,0.494299247132533
1,1,0.49554161565491567
1,2,0.4984204752707701
1,3,0.49413685364514814
1,4,0.49382639637155074
