{
    "features": 0.04001569747924805,
    "process_features_model_1_multimer_v3_pred_0": 2.1457672119140625e-06,
    "predict_and_compile_model_1_multimer_v3_pred_0": 233.5710859298706,
    "predict_benchmark_model_1_multimer_v3_pred_0": 153.3266966342926,
    "process_features_model_2_multimer_v3_pred_0": 2.8371810913085938e-05,
    "predict_and_compile_model_2_multimer_v3_pred_0": 182.06289291381836,
    "predict_benchmark_model_2_multimer_v3_pred_0": 101.96029305458069,
    "process_features_model_3_multimer_v3_pred_0": 2.002716064453125e-05,
    "predict_and_compile_model_3_multimer_v3_pred_0": 235.8598129749298,
    "predict_benchmark_model_3_multimer_v3_pred_0": 153.2368929386139,
    "process_features_model_4_multimer_v3_pred_0": 2.2411346435546875e-05,
    "predict_and_compile_model_4_multimer_v3_pred_0": 231.28751015663147,
    "predict_benchmark_model_4_multimer_v3_pred_0": 148.0803074836731,
    "process_features_model_5_multimer_v3_pred_0": 2.86102294921875e-05,
    "predict_and_compile_model_5_multimer_v3_pred_0": 230.53217792510986,
    "predict_benchmark_model_5_multimer_v3_pred_0": 148.40858817100525
}