seed,sample,ranking_score
1,0,0.48256671619732683
1,1,0.45079036108907244
1,2,0.5051727168687924
1,3,0.7396437219347118
1,4,0.7598778236285652
