seed,sample,ranking_score
1,0,0.36953231058144786
1,1,0.3880405589476028
1,2,0.45067503804686626
1,3,0.44264369632702405
1,4,0.38658603529578256
