seed,sample,ranking_score
1,0,0.6237045063554588
1,1,0.6104734384899531
1,2,0.6321095767620029
1,3,0.6168601588600315
1,4,0.614091886919802
