seed,sample,ranking_score
1,0,0.863363881389737
1,1,0.8653595486569161
1,2,0.8641379715084464
1,3,0.8644707347136065
1,4,0.859945308867606
