seed,sample,ranking_score
5,0,1.0120530451477183
5,1,1.0027561814338082
5,2,0.9892276858197668
5,3,1.0043073451925333
5,4,1.0098842063706697
