seed,sample,ranking_score
1,0,0.7168686960926711
1,1,0.7251330000717638
1,2,0.7264053985249204
1,3,0.7125523494100432
1,4,0.7133192717676025
