seed,sample,ranking_score
1,0,0.39867123289241846
1,1,0.4037414276955394
1,2,0.4027294048260099
1,3,0.3992468065635418
1,4,0.3900178082705761
