seed,sample,ranking_score
1,0,0.6271420282612489
1,1,0.6806296633014368
1,2,0.5995583860002169
1,3,0.6550247639903044
1,4,0.6308463314972039
