seed,sample,ranking_score
1,0,0.9547815963204795
1,1,0.9521936736182357
1,2,0.9485110725457453
1,3,0.9422839386785382
1,4,0.945524182790725
