seed,sample,ranking_score
1,0,0.5461002389869754
1,1,0.5284179337882622
1,2,0.5236282904781042
1,3,0.5536605549753376
1,4,0.5450929079189922
