seed,sample,ranking_score
1,0,0.7337622759617142
1,1,0.7255459907511421
1,2,0.739766360941192
1,3,0.7357446207307325
1,4,0.7368086938343801
