seed,sample,ranking_score
1,0,0.5228506540612842
1,1,0.5165467574957647
1,2,0.5405352686523827
1,3,0.5590722746737347
1,4,0.5240883492044672
