seed,sample,ranking_score
1,0,0.8928317028175291
1,1,0.889535356843946
1,2,0.8859792021005125
1,3,0.8848542154810612
1,4,0.8926077197904404
