seed,sample,ranking_score
1,0,0.5312067162837286
1,1,0.5220501010885777
1,2,0.5155034362015137
1,3,0.519074172956155
1,4,0.5545846723570719
