seed,sample,ranking_score
5,0,0.8713118598576077
5,1,0.8742032296376525
5,2,0.8667857592754237
5,3,0.8699417566514197
5,4,0.867664185133268
