seed,sample,ranking_score
1,0,0.6801294103743198
1,1,0.6960849331114745
1,2,0.6970100421124853
1,3,0.7019411979665837
1,4,0.7254025545950622
