seed,sample,ranking_score
1,0,0.3161454007982681
1,1,0.2835903871891231
1,2,0.28197024179177893
1,3,0.3085321020145403
1,4,0.2749742835792314
