seed,sample,ranking_score
1,0,0.6536947590157389
1,1,0.5853565972985956
1,2,0.63596413842219
1,3,0.6610051307795061
1,4,0.6556693953514625
