seed,sample,ranking_score
1,0,0.73022933302331
1,1,0.7208617725841397
1,2,0.7396200651299394
1,3,0.7174846389291765
1,4,0.7324077111455185
