seed,sample,ranking_score
1,0,0.4559261616171656
1,1,0.45488774488632244
1,2,0.5136761778269712
1,3,0.46396011619669814
1,4,0.48257764463343317
