seed,sample,ranking_score
2,0,0.9499796677933948
2,1,0.933693168228719
2,2,0.938533132437447
2,3,0.9382521962946844
2,4,0.9322755215496191
