seed,sample,ranking_score
1,0,0.6812664254579377
1,1,0.7078908554075951
1,2,0.7137950492798828
1,3,0.7311310084863443
1,4,0.751737743540011
