seed,sample,ranking_score
1,0,0.8011756772890812
1,1,0.8025775674340069
1,2,0.8170025787805524
1,3,0.810689876894993
1,4,0.8015578085537715
