{
    "features": 0.04554581642150879,
    "process_features_model_1_multimer_v3_pred_0": 4.76837158203125e-06,
    "predict_and_compile_model_1_multimer_v3_pred_0": 123.21236991882324,
    "predict_benchmark_model_1_multimer_v3_pred_0": 44.506957054138184,
    "process_features_model_2_multimer_v3_pred_0": 3.337860107421875e-05,
    "predict_and_compile_model_2_multimer_v3_pred_0": 110.17513942718506,
    "predict_benchmark_model_2_multimer_v3_pred_0": 31.741470098495483,
    "process_features_model_3_multimer_v3_pred_0": 1.7642974853515625e-05,
    "predict_and_compile_model_3_multimer_v3_pred_0": 112.02368950843811,
    "predict_benchmark_model_3_multimer_v3_pred_0": 31.84018564224243,
    "process_features_model_4_multimer_v3_pred_0": 0.00016021728515625,
    "predict_and_compile_model_4_multimer_v3_pred_0": 140.1934633255005,
    "predict_benchmark_model_4_multimer_v3_pred_0": 55.410489082336426,
    "process_features_model_5_multimer_v3_pred_0": 4.029273986816406e-05,
    "predict_and_compile_model_5_multimer_v3_pred_0": 142.65688967704773,
    "predict_benchmark_model_5_multimer_v3_pred_0": 61.32965302467346
}