seed,sample,ranking_score
1,0,0.825272706278939
1,1,0.8512409899254064
1,2,0.8692349231152033
1,3,0.8636444645402325
1,4,0.8210821264265503
