seed,sample,ranking_score
1,0,0.455633725844932
1,1,0.43592968230590523
1,2,0.4560345410876673
1,3,0.4442212064512785
1,4,0.42665891589782373
