{
    "features": 0.0045659542083740234,
    "process_features_model_1_multimer_v3_pred_0": 1.9073486328125e-05,
    "predict_and_compile_model_1_multimer_v3_pred_0": 134.86295557022095,
    "relax_model_1_multimer_v3_pred_0": 28.438754320144653,
    "process_features_model_1_multimer_v3_pred_1": 2.86102294921875e-06,
    "predict_and_compile_model_1_multimer_v3_pred_1": 21.550214767456055,
    "relax_model_1_multimer_v3_pred_1": 14.254265069961548,
    "process_features_model_1_multimer_v3_pred_2": 2.6226043701171875e-06,
    "predict_and_compile_model_1_multimer_v3_pred_2": 25.75449275970459,
    "relax_model_1_multimer_v3_pred_2": 14.504374027252197,
    "process_features_model_1_multimer_v3_pred_3": 2.86102294921875e-06,
    "predict_and_compile_model_1_multimer_v3_pred_3": 25.780802726745605,
    "relax_model_1_multimer_v3_pred_3": 19.62496066093445,
    "process_features_model_1_multimer_v3_pred_4": 3.0994415283203125e-06,
    "predict_and_compile_model_1_multimer_v3_pred_4": 17.256794214248657,
    "relax_model_1_multimer_v3_pred_4": 24.243099689483643,
    "process_features_model_2_multimer_v3_pred_0": 2.6226043701171875e-06,
    "predict_and_compile_model_2_multimer_v3_pred_0": 136.4565291404724,
    "relax_model_2_multimer_v3_pred_0": 14.342444658279419,
    "process_features_model_2_multimer_v3_pred_1": 2.86102294921875e-06,
    "predict_and_compile_model_2_multimer_v3_pred_1": 17.303401708602905,
    "relax_model_2_multimer_v3_pred_1": 14.496274709701538,
    "process_features_model_2_multimer_v3_pred_2": 2.86102294921875e-06,
    "predict_and_compile_model_2_multimer_v3_pred_2": 17.271175861358643,
    "relax_model_2_multimer_v3_pred_2": 14.563184261322021,
    "process_features_model_2_multimer_v3_pred_3": 2.6226043701171875e-06,
    "predict_and_compile_model_2_multimer_v3_pred_3": 21.52149987220764,
    "relax_model_2_multimer_v3_pred_3": 29.88439702987671,
    "process_features_model_2_multimer_v3_pred_4": 2.86102294921875e-06,
    "predict_and_compile_model_2_multimer_v3_pred_4": 21.50841498374939,
    "relax_model_2_multimer_v3_pred_4": 14.141469955444336,
    "process_features_model_3_multimer_v3_pred_0": 3.0994415283203125e-06,
    "predict_and_compile_model_3_multimer_v3_pred_0": 133.11075854301453,
    "relax_model_3_multimer_v3_pred_0": 14.459534168243408,
    "process_features_model_3_multimer_v3_pred_1": 3.0994415283203125e-06,
    "predict_and_compile_model_3_multimer_v3_pred_1": 21.522395610809326,
    "relax_model_3_multimer_v3_pred_1": 15.22538709640503,
    "process_features_model_3_multimer_v3_pred_2": 3.337860107421875e-06,
    "predict_and_compile_model_3_multimer_v3_pred_2": 21.543521642684937,
    "relax_model_3_multimer_v3_pred_2": 14.292699337005615,
    "process_features_model_3_multimer_v3_pred_3": 3.337860107421875e-06,
    "predict_and_compile_model_3_multimer_v3_pred_3": 21.54990315437317,
    "relax_model_3_multimer_v3_pred_3": 14.629936456680298,
    "process_features_model_3_multimer_v3_pred_4": 3.5762786865234375e-06,
    "predict_and_compile_model_3_multimer_v3_pred_4": 30.04110360145569,
    "relax_model_3_multimer_v3_pred_4": 14.145105123519897,
    "process_features_model_4_multimer_v3_pred_0": 3.0994415283203125e-06,
    "predict_and_compile_model_4_multimer_v3_pred_0": 140.4024121761322,
    "relax_model_4_multimer_v3_pred_0": 14.632853031158447,
    "process_features_model_4_multimer_v3_pred_1": 2.86102294921875e-06,
    "predict_and_compile_model_4_multimer_v3_pred_1": 16.854243516921997,
    "relax_model_4_multimer_v3_pred_1": 14.490287065505981,
    "process_features_model_4_multimer_v3_pred_2": 2.384185791015625e-06,
    "predict_and_compile_model_4_multimer_v3_pred_2": 16.892184734344482,
    "relax_model_4_multimer_v3_pred_2": 14.179363012313843,
    "process_features_model_4_multimer_v3_pred_3": 3.337860107421875e-06,
    "predict_and_compile_model_4_multimer_v3_pred_3": 21.086196899414062,
    "relax_model_4_multimer_v3_pred_3": 14.25615644454956,
    "process_features_model_4_multimer_v3_pred_4": 3.0994415283203125e-06,
    "predict_and_compile_model_4_multimer_v3_pred_4": 16.902979850769043,
    "relax_model_4_multimer_v3_pred_4": 14.107266426086426,
    "process_features_model_5_multimer_v3_pred_0": 2.86102294921875e-06,
    "predict_and_compile_model_5_multimer_v3_pred_0": 133.69811153411865,
    "relax_model_5_multimer_v3_pred_0": 14.150430679321289,
    "process_features_model_5_multimer_v3_pred_1": 3.0994415283203125e-06,
    "predict_and_compile_model_5_multimer_v3_pred_1": 21.039183616638184,
    "relax_model_5_multimer_v3_pred_1": 14.73305606842041,
    "process_features_model_5_multimer_v3_pred_2": 2.86102294921875e-06,
    "predict_and_compile_model_5_multimer_v3_pred_2": 25.216002464294434,
    "relax_model_5_multimer_v3_pred_2": 14.535454988479614,
    "process_features_model_5_multimer_v3_pred_3": 2.86102294921875e-06,
    "predict_and_compile_model_5_multimer_v3_pred_3": 16.92061448097229,
    "relax_model_5_multimer_v3_pred_3": 14.920527219772339,
    "process_features_model_5_multimer_v3_pred_4": 4.5299530029296875e-06,
    "predict_and_compile_model_5_multimer_v3_pred_4": 16.91126537322998,
    "relax_model_5_multimer_v3_pred_4": 18.421690225601196
}