seed,sample,ranking_score
1,0,0.6531773731631447
1,1,0.6843256366309424
1,2,0.6832475810088487
1,3,0.65860176219952
1,4,0.6574651909347586
