seed,sample,ranking_score
1,0,0.5565011724321355
1,1,0.574693207282506
1,2,0.5566264972018998
1,3,0.5594326985593612
1,4,0.5517558493030863
