seed,sample,ranking_score
1,0,0.9046439693082848
1,1,0.9007804706358615
1,2,0.9206747151684889
1,3,0.917347106035357
1,4,0.9153771105541666
