seed,sample,ranking_score
4,0,0.6587739440303768
4,1,0.6847873392141867
4,2,0.6596062045704243
4,3,0.6852056947980382
4,4,0.6479217200313115
