seed,sample,ranking_score
1,0,0.2732973496893983
1,1,0.2765937626637067
1,2,0.2823054831652452
1,3,0.2403641229450803
1,4,0.25963279812186113
