seed,sample,ranking_score
1,0,0.5313635776276158
1,1,0.5501988981340993
1,2,0.5017164811687602
1,3,0.51551178236664
1,4,0.5540261536634334
