{
    "features": 0.020700931549072266,
    "process_features_model_1_multimer_v3_pred_0": 2.384185791015625e-06,
    "predict_and_compile_model_1_multimer_v3_pred_0": 218.26353192329407,
    "predict_benchmark_model_1_multimer_v3_pred_0": 136.60765051841736,
    "process_features_model_2_multimer_v3_pred_0": 1.4066696166992188e-05,
    "predict_and_compile_model_2_multimer_v3_pred_0": 226.79743146896362,
    "predict_benchmark_model_2_multimer_v3_pred_0": 142.82410383224487,
    "process_features_model_3_multimer_v3_pred_0": 1.33514404296875e-05,
    "predict_and_compile_model_3_multimer_v3_pred_0": 227.8839340209961,
    "predict_benchmark_model_3_multimer_v3_pred_0": 142.90654277801514,
    "process_features_model_4_multimer_v3_pred_0": 1.239776611328125e-05,
    "predict_and_compile_model_4_multimer_v3_pred_0": 224.2967188358307,
    "predict_benchmark_model_4_multimer_v3_pred_0": 138.58316373825073,
    "process_features_model_5_multimer_v3_pred_0": 1.239776611328125e-05,
    "predict_and_compile_model_5_multimer_v3_pred_0": 225.6312427520752,
    "predict_benchmark_model_5_multimer_v3_pred_0": 138.58649516105652
}