seed,sample,ranking_score
1,0,0.6885088287548247
1,1,0.6629504295017099
1,2,0.6794392386866859
1,3,0.6944445105900209
1,4,0.6746012077340318
