seed,sample,ranking_score
1,0,0.5719123560309015
1,1,0.5736949836836344
1,2,0.6124588976972195
1,3,0.5956040307539585
1,4,0.5852441509427474
