seed,sample,ranking_score
1,0,0.5922968053606805
1,1,0.7312450526835073
1,2,0.7127668365268769
1,3,0.7946289685287931
1,4,0.603035947338585
