seed,sample,ranking_score
1,0,0.678442789829958
1,1,0.7387661367335503
1,2,0.6867312481234471
1,3,0.6456731480631899
1,4,0.672358516022401
