seed,sample,ranking_score
1,0,0.7754347703480337
1,1,0.8115229854364
1,2,0.8256233143704316
1,3,0.8249452306991512
1,4,0.7828593077556105
