seed,sample,ranking_score
1,0,0.29331592165949555
1,1,0.2980070203918349
1,2,0.2901837453496964
1,3,0.25442987496221675
1,4,0.29162258557438336
