{
    "features": 0.3764016628265381,
    "process_features_model_1_multimer_v3_pred_0": 5.4836273193359375e-06,
    "predict_and_compile_model_1_multimer_v3_pred_0": 684.0777442455292,
    "predict_benchmark_model_1_multimer_v3_pred_0": 562.0730011463165,
    "process_features_model_2_multimer_v3_pred_0": 3.337860107421875e-06,
    "predict_and_compile_model_2_multimer_v3_pred_0": 675.4830143451691,
    "predict_benchmark_model_2_multimer_v3_pred_0": 562.4821584224701,
    "process_features_model_3_multimer_v3_pred_0": 3.5762786865234375e-06,
    "predict_and_compile_model_3_multimer_v3_pred_0": 677.3447091579437,
    "predict_benchmark_model_3_multimer_v3_pred_0": 561.9513761997223,
    "process_features_model_4_multimer_v3_pred_0": 3.5762786865234375e-06,
    "predict_and_compile_model_4_multimer_v3_pred_0": 668.7018349170685,
    "predict_benchmark_model_4_multimer_v3_pred_0": 548.9425556659698,
    "process_features_model_5_multimer_v3_pred_0": 3.814697265625e-06,
    "predict_and_compile_model_5_multimer_v3_pred_0": 666.9242198467255,
    "predict_benchmark_model_5_multimer_v3_pred_0": 548.4881405830383
}