seed,sample,ranking_score
1,0,0.6872194337052353
1,1,0.6833766367669731
1,2,0.6464383999390277
1,3,0.6406824739770748
1,4,0.646951070418812
