seed,sample,ranking_score
1,0,0.6181818856543717
1,1,0.6389627305645389
1,2,0.6505772032477282
1,3,0.6274968714714906
1,4,0.6753708799530339
