seed,sample,ranking_score
1,0,0.34078899794293505
1,1,0.31631122265491585
1,2,0.33131180756891354
1,3,0.32765823069172395
1,4,0.3277378554942607
