seed,sample,ranking_score
1,0,0.9027035557047148
1,1,0.9052410443804482
1,2,0.8890936011213115
1,3,0.9013708914485616
1,4,0.9090410115758188
