seed,sample,ranking_score
1,0,0.48107014353918304
1,1,0.48976314279788924
1,2,0.47639184427744535
1,3,0.4807988921786165
1,4,0.4565431430026965
