seed,sample,ranking_score
1,0,0.3878130724252679
1,1,0.3858278424910989
1,2,0.37652318037050003
1,3,0.4023679057277414
1,4,0.3981712479289611
