seed,sample,ranking_score
1,0,0.6045408592443764
1,1,0.585505014333922
1,2,0.6346007102476257
1,3,0.598118980002837
1,4,0.6063756749317225
