{
    "features": 0.006853342056274414,
    "process_features_model_1_multimer_v3_pred_0": 3.5762786865234375e-06,
    "predict_and_compile_model_1_multimer_v3_pred_0": 259.5543746948242,
    "relax_model_1_multimer_v3_pred_0": 28.844695568084717,
    "process_features_model_1_multimer_v3_pred_1": 2.86102294921875e-06,
    "predict_and_compile_model_1_multimer_v3_pred_1": 141.2125759124756,
    "relax_model_1_multimer_v3_pred_1": 27.600483417510986,
    "process_features_model_1_multimer_v3_pred_2": 2.6226043701171875e-06,
    "predict_and_compile_model_1_multimer_v3_pred_2": 141.4301733970642,
    "relax_model_1_multimer_v3_pred_2": 34.77606749534607,
    "process_features_model_1_multimer_v3_pred_3": 2.6226043701171875e-06,
    "predict_and_compile_model_1_multimer_v3_pred_3": 67.53458499908447,
    "relax_model_1_multimer_v3_pred_3": 26.11378502845764,
    "process_features_model_1_multimer_v3_pred_4": 2.86102294921875e-06,
    "predict_and_compile_model_1_multimer_v3_pred_4": 114.11836242675781,
    "relax_model_1_multimer_v3_pred_4": 35.647037506103516,
    "process_features_model_2_multimer_v3_pred_0": 2.6226043701171875e-06,
    "predict_and_compile_model_2_multimer_v3_pred_0": 255.02411127090454,
    "relax_model_2_multimer_v3_pred_0": 36.668909311294556,
    "process_features_model_2_multimer_v3_pred_1": 3.337860107421875e-06,
    "predict_and_compile_model_2_multimer_v3_pred_1": 67.59431314468384,
    "relax_model_2_multimer_v3_pred_1": 33.02284288406372,
    "process_features_model_2_multimer_v3_pred_2": 3.0994415283203125e-06,
    "predict_and_compile_model_2_multimer_v3_pred_2": 80.73174834251404,
    "relax_model_2_multimer_v3_pred_2": 19.22150731086731,
    "process_features_model_2_multimer_v3_pred_3": 2.6226043701171875e-06,
    "predict_and_compile_model_2_multimer_v3_pred_3": 140.92465567588806,
    "relax_model_2_multimer_v3_pred_3": 18.826104640960693,
    "process_features_model_2_multimer_v3_pred_4": 2.86102294921875e-06,
    "predict_and_compile_model_2_multimer_v3_pred_4": 141.02249670028687,
    "relax_model_2_multimer_v3_pred_4": 33.65023350715637,
    "process_features_model_3_multimer_v3_pred_0": 3.337860107421875e-06,
    "predict_and_compile_model_3_multimer_v3_pred_0": 230.68238472938538,
    "relax_model_3_multimer_v3_pred_0": 28.577569007873535,
    "process_features_model_3_multimer_v3_pred_1": 2.86102294921875e-06,
    "predict_and_compile_model_3_multimer_v3_pred_1": 87.44709777832031,
    "relax_model_3_multimer_v3_pred_1": 22.169947624206543,
    "process_features_model_3_multimer_v3_pred_2": 3.0994415283203125e-06,
    "predict_and_compile_model_3_multimer_v3_pred_2": 87.48706316947937,
    "relax_model_3_multimer_v3_pred_2": 22.042954921722412,
    "process_features_model_3_multimer_v3_pred_3": 2.6226043701171875e-06,
    "predict_and_compile_model_3_multimer_v3_pred_3": 87.39088439941406,
    "relax_model_3_multimer_v3_pred_3": 26.77434754371643,
    "process_features_model_3_multimer_v3_pred_4": 2.86102294921875e-06,
    "predict_and_compile_model_3_multimer_v3_pred_4": 53.952242374420166,
    "relax_model_3_multimer_v3_pred_4": 27.899197578430176,
    "process_features_model_4_multimer_v3_pred_0": 3.0994415283203125e-06,
    "predict_and_compile_model_4_multimer_v3_pred_0": 220.304048538208,
    "relax_model_4_multimer_v3_pred_0": 26.725794553756714,
    "process_features_model_4_multimer_v3_pred_1": 3.337860107421875e-06,
    "predict_and_compile_model_4_multimer_v3_pred_1": 138.2999358177185,
    "relax_model_4_multimer_v3_pred_1": 20.07779049873352,
    "process_features_model_4_multimer_v3_pred_2": 2.86102294921875e-06,
    "predict_and_compile_model_4_multimer_v3_pred_2": 138.50935792922974,
    "relax_model_4_multimer_v3_pred_2": 19.996942281723022,
    "process_features_model_4_multimer_v3_pred_3": 2.86102294921875e-06,
    "predict_and_compile_model_4_multimer_v3_pred_3": 138.78504347801208,
    "relax_model_4_multimer_v3_pred_3": 20.927563667297363,
    "process_features_model_4_multimer_v3_pred_4": 2.6226043701171875e-06,
    "predict_and_compile_model_4_multimer_v3_pred_4": 138.77404379844666,
    "relax_model_4_multimer_v3_pred_4": 27.259495496749878,
    "process_features_model_5_multimer_v3_pred_0": 2.6226043701171875e-06,
    "predict_and_compile_model_5_multimer_v3_pred_0": 222.38514280319214,
    "relax_model_5_multimer_v3_pred_0": 19.01511263847351,
    "process_features_model_5_multimer_v3_pred_1": 2.384185791015625e-06,
    "predict_and_compile_model_5_multimer_v3_pred_1": 73.09994912147522,
    "relax_model_5_multimer_v3_pred_1": 20.667905807495117,
    "process_features_model_5_multimer_v3_pred_2": 3.814697265625e-06,
    "predict_and_compile_model_5_multimer_v3_pred_2": 138.26884245872498,
    "relax_model_5_multimer_v3_pred_2": 26.691996335983276,
    "process_features_model_5_multimer_v3_pred_3": 2.86102294921875e-06,
    "predict_and_compile_model_5_multimer_v3_pred_3": 139.14043068885803,
    "relax_model_5_multimer_v3_pred_3": 19.75306010246277,
    "process_features_model_5_multimer_v3_pred_4": 2.6226043701171875e-06,
    "predict_and_compile_model_5_multimer_v3_pred_4": 138.59257221221924,
    "relax_model_5_multimer_v3_pred_4": 33.136260986328125
}