seed,sample,ranking_score
1,0,0.7876973971241615
1,1,0.8481074982036392
1,2,0.8382341245977634
1,3,0.8347060134845471
1,4,0.8406725536584742
