{
    "features": 0.34951114654541016,
    "process_features_model_1_multimer_v3_pred_0": 4.5299530029296875e-06,
    "predict_and_compile_model_1_multimer_v3_pred_0": 898.8347384929657,
    "predict_benchmark_model_1_multimer_v3_pred_0": 775.3627500534058,
    "process_features_model_2_multimer_v3_pred_0": 3.337860107421875e-06,
    "predict_and_compile_model_2_multimer_v3_pred_0": 889.6003077030182,
    "predict_benchmark_model_2_multimer_v3_pred_0": 775.4387271404266,
    "process_features_model_3_multimer_v3_pred_0": 3.814697265625e-06,
    "predict_and_compile_model_3_multimer_v3_pred_0": 892.3547213077545,
    "predict_benchmark_model_3_multimer_v3_pred_0": 774.5163662433624,
    "process_features_model_4_multimer_v3_pred_0": 3.337860107421875e-06,
    "predict_and_compile_model_4_multimer_v3_pred_0": 874.8690431118011,
    "predict_benchmark_model_4_multimer_v3_pred_0": 756.2419800758362,
    "process_features_model_5_multimer_v3_pred_0": 3.5762786865234375e-06,
    "predict_and_compile_model_5_multimer_v3_pred_0": 871.002482175827,
    "predict_benchmark_model_5_multimer_v3_pred_0": 756.1035761833191
}