seed,sample,ranking_score
1,0,0.5089187993395892
1,1,0.5104882864998308
1,2,0.5150363015743536
1,3,0.507615173543444
1,4,0.5123541957237798
