seed,sample,ranking_score
1,0,0.8076122841862672
1,1,0.8153333077479802
1,2,0.7903252146425302
1,3,0.8142488451143842
1,4,0.7947878126609588
