seed,sample,ranking_score
1,0,0.6119687100999351
1,1,0.5260624255128102
1,2,0.5286729414126847
1,3,0.5924026280511536
1,4,0.5064431044411811
