seed,sample,ranking_score
1,0,0.763815657059424
1,1,0.7595383657746976
1,2,0.7760511435700578
1,3,0.7730568339816507
1,4,0.7739651896167368
