seed,sample,ranking_score
1,0,0.9087276859300556
1,1,0.881034992619165
1,2,0.8825683799179105
1,3,0.8690760722001447
1,4,0.8840152579134186
