seed,sample,ranking_score
1,0,0.4478128204147299
1,1,0.5420211470710001
1,2,0.510761408624324
1,3,0.5221061194276388
1,4,0.5473072809134155
