seed,sample,ranking_score
1,0,0.3390241182123451
1,1,0.3482121588088529
1,2,0.3559517437455885
1,3,0.35597130200029636
1,4,0.34667322471572276
