seed,sample,ranking_score
1,0,0.4642086337492079
1,1,0.4983775338303584
1,2,0.5218508295738595
1,3,0.5038894675468867
1,4,0.48404802534817215
