seed,sample,ranking_score
4,0,0.7841153693122801
4,1,0.7781294085380241
4,2,0.7969895069624661
4,3,0.7705828607930741
4,4,0.7663814381127342
