seed,sample,ranking_score
1,0,0.6110701201350556
1,1,0.5969201688069167
1,2,0.6034857582082304
1,3,0.6197864270226908
1,4,0.6055591725041427
