seed,sample,ranking_score
1,0,0.5877022159840735
1,1,0.5806512597122633
1,2,0.5856168247454587
1,3,0.5911124042548777
1,4,0.5640179853676132
