seed,sample,ranking_score
1,0,0.4465592016127686
1,1,0.45773474431702343
1,2,0.414087230427087
1,3,0.4570608204862288
1,4,0.44518195262445515
