seed,sample,ranking_score
1,0,0.7641427066045595
1,1,0.7665976995804511
1,2,0.7371207568088715
1,3,0.7858358044014485
1,4,0.7662209131228712
