{
    "features": 0.3011445999145508,
    "process_features_model_1_multimer_v3_pred_0": 5.0067901611328125e-06,
    "predict_and_compile_model_1_multimer_v3_pred_0": 685.0199370384216,
    "predict_benchmark_model_1_multimer_v3_pred_0": 570.1584894657135,
    "process_features_model_2_multimer_v3_pred_0": 3.5762786865234375e-06,
    "predict_and_compile_model_2_multimer_v3_pred_0": 677.7084255218506,
    "predict_benchmark_model_2_multimer_v3_pred_0": 570.3206596374512,
    "process_features_model_3_multimer_v3_pred_0": 4.0531158447265625e-06,
    "predict_and_compile_model_3_multimer_v3_pred_0": 679.1425490379333,
    "predict_benchmark_model_3_multimer_v3_pred_0": 569.5766773223877,
    "process_features_model_4_multimer_v3_pred_0": 3.814697265625e-06,
    "predict_and_compile_model_4_multimer_v3_pred_0": 670.967259645462,
    "predict_benchmark_model_4_multimer_v3_pred_0": 556.8543970584869,
    "process_features_model_5_multimer_v3_pred_0": 3.0040740966796875e-05,
    "predict_and_compile_model_5_multimer_v3_pred_0": 668.5692207813263,
    "predict_benchmark_model_5_multimer_v3_pred_0": 557.3096401691437
}