seed,sample,ranking_score
1,0,0.5812523255747556
1,1,0.5720856147900961
1,2,0.5683666654797368
1,3,0.568211011280846
1,4,0.5721666764392283
