{
    "iptm+ptm": {
        "model_1_multimer_v3_pred_0": 0.7088431189153346,
        "model_1_multimer_v3_pred_1": 0.6950809494024914,
        "model_1_multimer_v3_pred_2": 0.7057884756515351,
        "model_1_multimer_v3_pred_3": 0.7138111983431795,
        "model_1_multimer_v3_pred_4": 0.7004422639273169,
        "model_2_multimer_v3_pred_0": 0.704618853762452,
        "model_2_multimer_v3_pred_1": 0.7000949472533576,
        "model_2_multimer_v3_pred_2": 0.7066352828936693,
        "model_2_multimer_v3_pred_3": 0.701961620660227,
        "model_2_multimer_v3_pred_4": 0.6984104128450315,
        "model_3_multimer_v3_pred_0": 0.763610528100058,
        "model_3_multimer_v3_pred_1": 0.7770548409548232,
        "model_3_multimer_v3_pred_2": 0.7835060855822678,
        "model_3_multimer_v3_pred_3": 0.765822529697298,
        "model_3_multimer_v3_pred_4": 0.7465056061134147,
        "model_4_multimer_v3_pred_0": 0.6930230986899206,
        "model_4_multimer_v3_pred_1": 0.7067497632212643,
        "model_4_multimer_v3_pred_2": 0.7272929903596381,
        "model_4_multimer_v3_pred_3": 0.7065611641012823,
        "model_4_multimer_v3_pred_4": 0.7028832877158965,
        "model_5_multimer_v3_pred_0": 0.7682673249449552,
        "model_5_multimer_v3_pred_1": 0.7385212383131503,
        "model_5_multimer_v3_pred_2": 0.7321277187267076,
        "model_5_multimer_v3_pred_3": 0.778681633923183,
        "model_5_multimer_v3_pred_4": 0.7633958987470484
    },
    "order": [
        "model_3_multimer_v3_pred_2",
        "model_5_multimer_v3_pred_3",
        "model_3_multimer_v3_pred_1",
        "model_5_multimer_v3_pred_0",
        "model_3_multimer_v3_pred_3",
        "model_3_multimer_v3_pred_0",
        "model_5_multimer_v3_pred_4",
        "model_3_multimer_v3_pred_4",
        "model_5_multimer_v3_pred_1",
        "model_5_multimer_v3_pred_2",
        "model_4_multimer_v3_pred_2",
        "model_1_multimer_v3_pred_3",
        "model_1_multimer_v3_pred_0",
        "model_4_multimer_v3_pred_1",
        "model_2_multimer_v3_pred_2",
        "model_4_multimer_v3_pred_3",
        "model_1_multimer_v3_pred_2",
        "model_2_multimer_v3_pred_0",
        "model_4_multimer_v3_pred_4",
        "model_2_multimer_v3_pred_3",
        "model_1_multimer_v3_pred_4",
        "model_2_multimer_v3_pred_1",
        "model_2_multimer_v3_pred_4",
        "model_1_multimer_v3_pred_1",
        "model_4_multimer_v3_pred_0"
    ]
}