{
    "features": 0.08585047721862793,
    "process_features_model_1_multimer_v3_pred_0": 4.291534423828125e-06,
    "predict_and_compile_model_1_multimer_v3_pred_0": 327.1261475086212,
    "predict_benchmark_model_1_multimer_v3_pred_0": 208.12073302268982,
    "process_features_model_2_multimer_v3_pred_0": 3.814697265625e-06,
    "predict_and_compile_model_2_multimer_v3_pred_0": 324.1948461532593,
    "predict_benchmark_model_2_multimer_v3_pred_0": 208.5609667301178,
    "process_features_model_3_multimer_v3_pred_0": 3.814697265625e-06,
    "predict_and_compile_model_3_multimer_v3_pred_0": 325.2490653991699,
    "predict_benchmark_model_3_multimer_v3_pred_0": 208.26007461547852,
    "process_features_model_4_multimer_v3_pred_0": 3.337860107421875e-06,
    "predict_and_compile_model_4_multimer_v3_pred_0": 326.9814598560333,
    "predict_benchmark_model_4_multimer_v3_pred_0": 204.90384459495544,
    "process_features_model_5_multimer_v3_pred_0": 3.5762786865234375e-06,
    "predict_and_compile_model_5_multimer_v3_pred_0": 323.56350350379944,
    "predict_benchmark_model_5_multimer_v3_pred_0": 205.058611869812
}