{
    "features": 0.01372528076171875,
    "process_features_model_1_multimer_v3_pred_0": 3.0994415283203125e-06,
    "predict_and_compile_model_1_multimer_v3_pred_0": 339.4140212535858,
    "relax_model_1_multimer_v3_pred_0": 71.48474550247192,
    "process_features_model_1_multimer_v3_pred_1": 2.384185791015625e-06,
    "predict_and_compile_model_1_multimer_v3_pred_1": 352.58509588241577,
    "relax_model_1_multimer_v3_pred_1": 41.9441933631897,
    "process_features_model_1_multimer_v3_pred_2": 2.384185791015625e-06,
    "predict_and_compile_model_1_multimer_v3_pred_2": 201.9091215133667,
    "relax_model_1_multimer_v3_pred_2": 51.49957013130188,
    "process_features_model_1_multimer_v3_pred_3": 2.384185791015625e-06,
    "predict_and_compile_model_1_multimer_v3_pred_3": 355.6283538341522,
    "relax_model_1_multimer_v3_pred_3": 42.946539640426636,
    "process_features_model_1_multimer_v3_pred_4": 2.6226043701171875e-06,
    "predict_and_compile_model_1_multimer_v3_pred_4": 168.48992252349854,
    "relax_model_1_multimer_v3_pred_4": 40.79411721229553,
    "process_features_model_2_multimer_v3_pred_0": 2.6226043701171875e-06,
    "predict_and_compile_model_2_multimer_v3_pred_0": 316.3409411907196,
    "relax_model_2_multimer_v3_pred_0": 54.298182249069214,
    "process_features_model_2_multimer_v3_pred_1": 2.6226043701171875e-06,
    "predict_and_compile_model_2_multimer_v3_pred_1": 352.8438708782196,
    "relax_model_2_multimer_v3_pred_1": 43.47621464729309,
    "process_features_model_2_multimer_v3_pred_2": 2.384185791015625e-06,
    "predict_and_compile_model_2_multimer_v3_pred_2": 352.9231770038605,
    "relax_model_2_multimer_v3_pred_2": 49.76819658279419,
    "process_features_model_2_multimer_v3_pred_3": 3.337860107421875e-06,
    "predict_and_compile_model_2_multimer_v3_pred_3": 319.13753628730774,
    "relax_model_2_multimer_v3_pred_3": 44.59323000907898,
    "process_features_model_2_multimer_v3_pred_4": 2.384185791015625e-06,
    "predict_and_compile_model_2_multimer_v3_pred_4": 184.9214518070221,
    "relax_model_2_multimer_v3_pred_4": 76.98625373840332,
    "process_features_model_3_multimer_v3_pred_0": 2.384185791015625e-06,
    "predict_and_compile_model_3_multimer_v3_pred_0": 471.82029724121094,
    "relax_model_3_multimer_v3_pred_0": 55.7662513256073,
    "process_features_model_3_multimer_v3_pred_1": 2.6226043701171875e-06,
    "predict_and_compile_model_3_multimer_v3_pred_1": 352.2981984615326,
    "relax_model_3_multimer_v3_pred_1": 51.996689319610596,
    "process_features_model_3_multimer_v3_pred_2": 2.1457672119140625e-06,
    "predict_and_compile_model_3_multimer_v3_pred_2": 352.6974444389343,
    "relax_model_3_multimer_v3_pred_2": 67.05780339241028,
    "process_features_model_3_multimer_v3_pred_3": 2.384185791015625e-06,
    "predict_and_compile_model_3_multimer_v3_pred_3": 352.6002254486084,
    "relax_model_3_multimer_v3_pred_3": 107.85884690284729,
    "process_features_model_3_multimer_v3_pred_4": 2.6226043701171875e-06,
    "predict_and_compile_model_3_multimer_v3_pred_4": 352.18312644958496,
    "relax_model_3_multimer_v3_pred_4": 56.980989933013916,
    "process_features_model_4_multimer_v3_pred_0": 2.384185791015625e-06,
    "predict_and_compile_model_4_multimer_v3_pred_0": 284.13028144836426,
    "relax_model_4_multimer_v3_pred_0": 51.00355577468872,
    "process_features_model_4_multimer_v3_pred_1": 2.384185791015625e-06,
    "predict_and_compile_model_4_multimer_v3_pred_1": 342.7961313724518,
    "relax_model_4_multimer_v3_pred_1": 41.98690414428711,
    "process_features_model_4_multimer_v3_pred_2": 2.86102294921875e-06,
    "predict_and_compile_model_4_multimer_v3_pred_2": 342.96200251579285,
    "relax_model_4_multimer_v3_pred_2": 59.508684396743774,
    "process_features_model_4_multimer_v3_pred_3": 2.6226043701171875e-06,
    "predict_and_compile_model_4_multimer_v3_pred_3": 343.2984609603882,
    "relax_model_4_multimer_v3_pred_3": 41.83958029747009,
    "process_features_model_4_multimer_v3_pred_4": 2.1457672119140625e-06,
    "predict_and_compile_model_4_multimer_v3_pred_4": 343.3345477581024,
    "relax_model_4_multimer_v3_pred_4": 118.08772253990173,
    "process_features_model_5_multimer_v3_pred_0": 2.86102294921875e-06,
    "predict_and_compile_model_5_multimer_v3_pred_0": 248.30721235275269,
    "relax_model_5_multimer_v3_pred_0": 59.86599516868591,
    "process_features_model_5_multimer_v3_pred_1": 2.1457672119140625e-06,
    "predict_and_compile_model_5_multimer_v3_pred_1": 294.3567781448364,
    "relax_model_5_multimer_v3_pred_1": 61.372284173965454,
    "process_features_model_5_multimer_v3_pred_2": 2.1457672119140625e-06,
    "predict_and_compile_model_5_multimer_v3_pred_2": 343.16070222854614,
    "relax_model_5_multimer_v3_pred_2": 60.61126518249512,
    "process_features_model_5_multimer_v3_pred_3": 2.1457672119140625e-06,
    "predict_and_compile_model_5_multimer_v3_pred_3": 233.78299522399902,
    "relax_model_5_multimer_v3_pred_3": 53.35452461242676,
    "process_features_model_5_multimer_v3_pred_4": 2.86102294921875e-06,
    "predict_and_compile_model_5_multimer_v3_pred_4": 343.02709770202637,
    "relax_model_5_multimer_v3_pred_4": 79.88805103302002
}