{
    "features": 0.015594959259033203,
    "process_features_model_1_multimer_v3_pred_0": 3.5762786865234375e-06,
    "predict_and_compile_model_1_multimer_v3_pred_0": 1179.6792039871216,
    "relax_model_1_multimer_v3_pred_0": 109.21002006530762,
    "process_features_model_1_multimer_v3_pred_1": 2.86102294921875e-06,
    "predict_and_compile_model_1_multimer_v3_pred_1": 1001.5294969081879,
    "relax_model_1_multimer_v3_pred_1": 60.30123853683472,
    "process_features_model_1_multimer_v3_pred_2": 3.337860107421875e-06,
    "predict_and_compile_model_1_multimer_v3_pred_2": 1001.6035313606262,
    "relax_model_1_multimer_v3_pred_2": 56.814069509506226,
    "process_features_model_1_multimer_v3_pred_3": 4.0531158447265625e-06,
    "predict_and_compile_model_1_multimer_v3_pred_3": 1000.9134359359741,
    "relax_model_1_multimer_v3_pred_3": 104.84535670280457,
    "process_features_model_1_multimer_v3_pred_4": 3.0994415283203125e-06,
    "predict_and_compile_model_1_multimer_v3_pred_4": 996.6329984664917,
    "relax_model_1_multimer_v3_pred_4": 96.21364188194275,
    "process_features_model_2_multimer_v3_pred_0": 3.337860107421875e-06,
    "predict_and_compile_model_2_multimer_v3_pred_0": 1159.3445568084717,
    "relax_model_2_multimer_v3_pred_0": 97.6445562839508,
    "process_features_model_2_multimer_v3_pred_1": 3.5762786865234375e-06,
    "predict_and_compile_model_2_multimer_v3_pred_1": 1001.1091997623444,
    "relax_model_2_multimer_v3_pred_1": 65.39546203613281,
    "process_features_model_2_multimer_v3_pred_2": 3.0994415283203125e-06,
    "predict_and_compile_model_2_multimer_v3_pred_2": 996.9282832145691,
    "relax_model_2_multimer_v3_pred_2": 565.0684902667999,
    "process_features_model_2_multimer_v3_pred_3": 3.0994415283203125e-06,
    "predict_and_compile_model_2_multimer_v3_pred_3": 996.6665532588959,
    "relax_model_2_multimer_v3_pred_3": 55.825663566589355,
    "process_features_model_2_multimer_v3_pred_4": 3.5762786865234375e-06,
    "predict_and_compile_model_2_multimer_v3_pred_4": 478.39335775375366,
    "relax_model_2_multimer_v3_pred_4": 101.05290150642395,
    "process_features_model_3_multimer_v3_pred_0": 3.5762786865234375e-06,
    "predict_and_compile_model_3_multimer_v3_pred_0": 1157.4832952022552,
    "relax_model_3_multimer_v3_pred_0": 75.1835687160492,
    "process_features_model_3_multimer_v3_pred_1": 3.5762786865234375e-06,
    "predict_and_compile_model_3_multimer_v3_pred_1": 1002.1347694396973,
    "relax_model_3_multimer_v3_pred_1": 76.04954147338867,
    "process_features_model_3_multimer_v3_pred_2": 3.0994415283203125e-06,
    "predict_and_compile_model_3_multimer_v3_pred_2": 1001.276566028595,
    "relax_model_3_multimer_v3_pred_2": 95.99002814292908,
    "process_features_model_3_multimer_v3_pred_3": 3.337860107421875e-06,
    "predict_and_compile_model_3_multimer_v3_pred_3": 997.6117930412292,
    "relax_model_3_multimer_v3_pred_3": 55.81959128379822,
    "process_features_model_3_multimer_v3_pred_4": 2.86102294921875e-06,
    "predict_and_compile_model_3_multimer_v3_pred_4": 1001.9770460128784,
    "relax_model_3_multimer_v3_pred_4": 106.48302960395813,
    "process_features_model_4_multimer_v3_pred_0": 3.814697265625e-06,
    "predict_and_compile_model_4_multimer_v3_pred_0": 1159.1078243255615,
    "relax_model_4_multimer_v3_pred_0": 112.65635418891907,
    "process_features_model_4_multimer_v3_pred_1": 3.814697265625e-06,
    "predict_and_compile_model_4_multimer_v3_pred_1": 982.909273147583,
    "relax_model_4_multimer_v3_pred_1": 96.47995018959045,
    "process_features_model_4_multimer_v3_pred_2": 3.814697265625e-06,
    "predict_and_compile_model_4_multimer_v3_pred_2": 983.1801724433899,
    "relax_model_4_multimer_v3_pred_2": 80.45476841926575,
    "process_features_model_4_multimer_v3_pred_3": 3.337860107421875e-06,
    "predict_and_compile_model_4_multimer_v3_pred_3": 988.4230265617371,
    "relax_model_4_multimer_v3_pred_3": 109.47878909111023,
    "process_features_model_4_multimer_v3_pred_4": 3.0994415283203125e-06,
    "predict_and_compile_model_4_multimer_v3_pred_4": 984.3897671699524,
    "relax_model_4_multimer_v3_pred_4": 80.47756481170654,
    "process_features_model_5_multimer_v3_pred_0": 3.0994415283203125e-06,
    "predict_and_compile_model_5_multimer_v3_pred_0": 1145.7450976371765,
    "relax_model_5_multimer_v3_pred_0": 52.70263409614563,
    "process_features_model_5_multimer_v3_pred_1": 3.337860107421875e-06,
    "predict_and_compile_model_5_multimer_v3_pred_1": 984.1255171298981,
    "relax_model_5_multimer_v3_pred_1": 74.59021711349487,
    "process_features_model_5_multimer_v3_pred_2": 3.0994415283203125e-06,
    "predict_and_compile_model_5_multimer_v3_pred_2": 988.8188762664795,
    "relax_model_5_multimer_v3_pred_2": 64.74694991111755,
    "process_features_model_5_multimer_v3_pred_3": 3.0994415283203125e-06,
    "predict_and_compile_model_5_multimer_v3_pred_3": 988.5393011569977,
    "relax_model_5_multimer_v3_pred_3": 73.2790298461914,
    "process_features_model_5_multimer_v3_pred_4": 4.0531158447265625e-06,
    "predict_and_compile_model_5_multimer_v3_pred_4": 984.0466964244843,
    "relax_model_5_multimer_v3_pred_4": 82.2486732006073
}