seed,sample,ranking_score
1,0,0.9212212092436517
1,1,0.9262377155806878
1,2,0.9347529081671058
1,3,0.9242473870985279
1,4,0.8963162684690132
