seed,sample,ranking_score
4,0,0.5468049285353418
4,1,0.5184848246655991
4,2,0.5284211824396087
4,3,0.5292504474448436
4,4,0.5620246285708318
