seed,sample,ranking_score
1,0,0.7400220775731666
1,1,0.7679942815348951
1,2,0.7275017355701228
1,3,0.7595610601153775
1,4,0.7651313530772648
