seed,sample,ranking_score
1,0,0.9365083692901901
1,1,0.9349176499069695
1,2,0.9352721292116324
1,3,0.9426262241165289
1,4,0.9376685748185573
