seed,sample,ranking_score
1,0,0.5831821148267604
1,1,0.5781325666740849
1,2,0.5937929846554397
1,3,0.5948735743407848
1,4,0.5880962503974972
