seed,sample,ranking_score
1,0,0.5172095273669816
1,1,0.5139289554455121
1,2,0.49473883724913725
1,3,0.5240215549331267
1,4,0.49975630394874454
