seed,sample,ranking_score
1,0,0.7683645480603047
1,1,0.776888740461855
1,2,0.7563431049294654
1,3,0.7781345425698721
1,4,0.7885742868602684
