{
    "iptm+ptm": {
        "model_1_multimer_v3_pred_0": 0.6159961068508726,
        "model_2_multimer_v3_pred_0": 0.622907551617107,
        "model_3_multimer_v3_pred_0": 0.6306349689323986,
        "model_4_multimer_v3_pred_0": 0.6297553392604242,
        "model_5_multimer_v3_pred_0": 0.6259807188173607
    },
    "order": [
        "model_3_multimer_v3_pred_0",
        "model_4_multimer_v3_pred_0",
        "model_5_multimer_v3_pred_0",
        "model_2_multimer_v3_pred_0",
        "model_1_multimer_v3_pred_0"
    ]
}