seed,sample,ranking_score
1,0,0.7328191711406511
1,1,0.6378380962125443
1,2,0.7167294765198595
1,3,0.748444284630131
1,4,0.7379987626018722
