seed,sample,ranking_score
1,0,0.9435098562613239
1,1,0.9575454614734988
1,2,0.9665488274343215
1,3,0.9560629334937731
1,4,0.91443983400721
