seed,sample,ranking_score
1,0,0.7428237733704222
1,1,0.7196373068082107
1,2,0.7053547814742964
1,3,0.6530243788146171
1,4,0.7089030972607974
