seed,sample,ranking_score
1,0,0.8337141581460101
1,1,0.859896257078727
1,2,0.8316626966230846
1,3,0.8641918116342828
1,4,0.8391888188185478
