{
    "features": 0.10811829566955566,
    "process_features_model_1_multimer_v3_pred_0": 4.0531158447265625e-06,
    "predict_and_compile_model_1_multimer_v3_pred_0": 163.87283992767334,
    "predict_benchmark_model_1_multimer_v3_pred_0": 81.73063516616821,
    "process_features_model_2_multimer_v3_pred_0": 2.6464462280273438e-05,
    "predict_and_compile_model_2_multimer_v3_pred_0": 175.87684106826782,
    "predict_benchmark_model_2_multimer_v3_pred_0": 91.99287724494934,
    "process_features_model_3_multimer_v3_pred_0": 2.956390380859375e-05,
    "predict_and_compile_model_3_multimer_v3_pred_0": 269.8257393836975,
    "predict_benchmark_model_3_multimer_v3_pred_0": 184.37403798103333,
    "process_features_model_4_multimer_v3_pred_0": 2.1457672119140625e-05,
    "predict_and_compile_model_4_multimer_v3_pred_0": 295.4767429828644,
    "predict_benchmark_model_4_multimer_v3_pred_0": 208.01783561706543,
    "process_features_model_5_multimer_v3_pred_0": 1.3589859008789062e-05,
    "predict_and_compile_model_5_multimer_v3_pred_0": 293.94305062294006,
    "predict_benchmark_model_5_multimer_v3_pred_0": 208.2327287197113
}