seed,sample,ranking_score
1,0,0.9781002585700246
1,1,0.9767169416336425
1,2,0.9731524307577154
1,3,0.9768962741476815
1,4,0.9776976766848138
