{
    "features": 0.49357056617736816,
    "process_features_model_1_multimer_v3_pred_0": 4.5299530029296875e-06,
    "predict_and_compile_model_1_multimer_v3_pred_0": 1020.7455887794495,
    "predict_benchmark_model_1_multimer_v3_pred_0": 896.565144777298,
    "process_features_model_2_multimer_v3_pred_0": 3.5762786865234375e-06,
    "predict_and_compile_model_2_multimer_v3_pred_0": 1011.9298105239868,
    "predict_benchmark_model_2_multimer_v3_pred_0": 896.3086216449738,
    "process_features_model_3_multimer_v3_pred_0": 4.291534423828125e-06,
    "predict_and_compile_model_3_multimer_v3_pred_0": 1013.7795062065125,
    "predict_benchmark_model_3_multimer_v3_pred_0": 896.4977195262909,
    "process_features_model_4_multimer_v3_pred_0": 4.291534423828125e-06,
    "predict_and_compile_model_4_multimer_v3_pred_0": 996.2752883434296,
    "predict_benchmark_model_4_multimer_v3_pred_0": 875.2986791133881,
    "process_features_model_5_multimer_v3_pred_0": 4.0531158447265625e-06,
    "predict_and_compile_model_5_multimer_v3_pred_0": 991.3866150379181,
    "predict_benchmark_model_5_multimer_v3_pred_0": 875.0941939353943
}