{
    "features": 0.00813746452331543,
    "process_features_model_1_multimer_v3_pred_0": 4.0531158447265625e-06,
    "predict_and_compile_model_1_multimer_v3_pred_0": 205.1935157775879,
    "relax_model_1_multimer_v3_pred_0": 63.74830889701843,
    "process_features_model_1_multimer_v3_pred_1": 2.6226043701171875e-06,
    "predict_and_compile_model_1_multimer_v3_pred_1": 194.0565390586853,
    "relax_model_1_multimer_v3_pred_1": 62.597371101379395,
    "process_features_model_1_multimer_v3_pred_2": 2.86102294921875e-06,
    "predict_and_compile_model_1_multimer_v3_pred_2": 225.89410638809204,
    "relax_model_1_multimer_v3_pred_2": 38.92923450469971,
    "process_features_model_1_multimer_v3_pred_3": 2.384185791015625e-06,
    "predict_and_compile_model_1_multimer_v3_pred_3": 215.20682001113892,
    "relax_model_1_multimer_v3_pred_3": 64.4745512008667,
    "process_features_model_1_multimer_v3_pred_4": 2.6226043701171875e-06,
    "predict_and_compile_model_1_multimer_v3_pred_4": 129.5214810371399,
    "relax_model_1_multimer_v3_pred_4": 62.36985516548157,
    "process_features_model_2_multimer_v3_pred_0": 2.6226043701171875e-06,
    "predict_and_compile_model_2_multimer_v3_pred_0": 233.6942491531372,
    "relax_model_2_multimer_v3_pred_0": 63.67633080482483,
    "process_features_model_2_multimer_v3_pred_1": 2.86102294921875e-06,
    "predict_and_compile_model_2_multimer_v3_pred_1": 140.56522250175476,
    "relax_model_2_multimer_v3_pred_1": 62.841633558273315,
    "process_features_model_2_multimer_v3_pred_2": 3.337860107421875e-06,
    "predict_and_compile_model_2_multimer_v3_pred_2": 204.98378086090088,
    "relax_model_2_multimer_v3_pred_2": 72.65567398071289,
    "process_features_model_2_multimer_v3_pred_3": 2.6226043701171875e-06,
    "predict_and_compile_model_2_multimer_v3_pred_3": 172.73349142074585,
    "relax_model_2_multimer_v3_pred_3": 62.46426582336426,
    "process_features_model_2_multimer_v3_pred_4": 2.86102294921875e-06,
    "predict_and_compile_model_2_multimer_v3_pred_4": 172.51851177215576,
    "relax_model_2_multimer_v3_pred_4": 63.86337757110596,
    "process_features_model_3_multimer_v3_pred_0": 2.384185791015625e-06,
    "predict_and_compile_model_3_multimer_v3_pred_0": 343.88447093963623,
    "relax_model_3_multimer_v3_pred_0": 64.83924579620361,
    "process_features_model_3_multimer_v3_pred_1": 3.0994415283203125e-06,
    "predict_and_compile_model_3_multimer_v3_pred_1": 204.73783564567566,
    "relax_model_3_multimer_v3_pred_1": 64.11776471138,
    "process_features_model_3_multimer_v3_pred_2": 3.0994415283203125e-06,
    "predict_and_compile_model_3_multimer_v3_pred_2": 118.78276133537292,
    "relax_model_3_multimer_v3_pred_2": 62.16071557998657,
    "process_features_model_3_multimer_v3_pred_3": 2.6226043701171875e-06,
    "predict_and_compile_model_3_multimer_v3_pred_3": 226.00108218193054,
    "relax_model_3_multimer_v3_pred_3": 63.96793270111084,
    "process_features_model_3_multimer_v3_pred_4": 2.86102294921875e-06,
    "predict_and_compile_model_3_multimer_v3_pred_4": 108.07426643371582,
    "relax_model_3_multimer_v3_pred_4": 63.99908924102783,
    "process_features_model_4_multimer_v3_pred_0": 2.86102294921875e-06,
    "predict_and_compile_model_4_multimer_v3_pred_0": 341.534339427948,
    "relax_model_4_multimer_v3_pred_0": 37.923165798187256,
    "process_features_model_4_multimer_v3_pred_1": 2.384185791015625e-06,
    "predict_and_compile_model_4_multimer_v3_pred_1": 222.20148730278015,
    "relax_model_4_multimer_v3_pred_1": 35.37705373764038,
    "process_features_model_4_multimer_v3_pred_2": 2.86102294921875e-06,
    "predict_and_compile_model_4_multimer_v3_pred_2": 222.00531935691833,
    "relax_model_4_multimer_v3_pred_2": 51.79431414604187,
    "process_features_model_4_multimer_v3_pred_3": 2.86102294921875e-06,
    "predict_and_compile_model_4_multimer_v3_pred_3": 222.00283002853394,
    "relax_model_4_multimer_v3_pred_3": 35.33765697479248,
    "process_features_model_4_multimer_v3_pred_4": 2.6226043701171875e-06,
    "predict_and_compile_model_4_multimer_v3_pred_4": 222.200745344162,
    "relax_model_4_multimer_v3_pred_4": 50.51454520225525,
    "process_features_model_5_multimer_v3_pred_0": 2.6226043701171875e-06,
    "predict_and_compile_model_5_multimer_v3_pred_0": 275.25632190704346,
    "relax_model_5_multimer_v3_pred_0": 49.2021210193634,
    "process_features_model_5_multimer_v3_pred_1": 2.86102294921875e-06,
    "predict_and_compile_model_5_multimer_v3_pred_1": 222.1281704902649,
    "relax_model_5_multimer_v3_pred_1": 63.42046332359314,
    "process_features_model_5_multimer_v3_pred_2": 2.6226043701171875e-06,
    "predict_and_compile_model_5_multimer_v3_pred_2": 221.972510099411,
    "relax_model_5_multimer_v3_pred_2": 62.57264018058777,
    "process_features_model_5_multimer_v3_pred_3": 2.86102294921875e-06,
    "predict_and_compile_model_5_multimer_v3_pred_3": 221.9874987602234,
    "relax_model_5_multimer_v3_pred_3": 49.920825481414795,
    "process_features_model_5_multimer_v3_pred_4": 2.86102294921875e-06,
    "predict_and_compile_model_5_multimer_v3_pred_4": 222.05534505844116,
    "relax_model_5_multimer_v3_pred_4": 49.08294224739075
}