seed,sample,ranking_score
1,0,0.8962800388703978
1,1,0.8934898955913522
1,2,0.8885027485481997
1,3,0.8968564221783657
1,4,0.8994150903522891
