{
    "features": 0.03592681884765625,
    "process_features_model_1_multimer_v3_pred_0": 3.0994415283203125e-06,
    "predict_and_compile_model_1_multimer_v3_pred_0": 315.76390743255615,
    "predict_benchmark_model_1_multimer_v3_pred_0": 233.81237888336182,
    "process_features_model_2_multimer_v3_pred_0": 1.239776611328125e-05,
    "predict_and_compile_model_2_multimer_v3_pred_0": 315.1758646965027,
    "predict_benchmark_model_2_multimer_v3_pred_0": 233.6633162498474,
    "process_features_model_3_multimer_v3_pred_0": 2.1457672119140625e-05,
    "predict_and_compile_model_3_multimer_v3_pred_0": 313.8685414791107,
    "predict_benchmark_model_3_multimer_v3_pred_0": 233.7987949848175,
    "process_features_model_4_multimer_v3_pred_0": 4.1484832763671875e-05,
    "predict_and_compile_model_4_multimer_v3_pred_0": 304.7544288635254,
    "predict_benchmark_model_4_multimer_v3_pred_0": 226.47444081306458,
    "process_features_model_5_multimer_v3_pred_0": 2.6941299438476562e-05,
    "predict_and_compile_model_5_multimer_v3_pred_0": 302.36361837387085,
    "predict_benchmark_model_5_multimer_v3_pred_0": 226.6358461380005
}