seed,sample,ranking_score
1,0,0.7103919187288636
1,1,0.6957457218531163
1,2,0.6843923993542428
1,3,0.6952912847876389
1,4,0.6894280050370551
