seed,sample,ranking_score
4,0,0.884794833569326
4,1,0.8848824289981884
4,2,0.8872509914498781
4,3,0.8903847692573083
4,4,0.8772894743399495
