{
    "features": 0.016151905059814453,
    "process_features_model_1_multimer_v3_pred_0": 3.5762786865234375e-06,
    "predict_and_compile_model_1_multimer_v3_pred_0": 138.1294231414795,
    "predict_benchmark_model_1_multimer_v3_pred_0": 61.12782597541809,
    "process_features_model_2_multimer_v3_pred_0": 1.3828277587890625e-05,
    "predict_and_compile_model_2_multimer_v3_pred_0": 156.9998996257782,
    "predict_benchmark_model_2_multimer_v3_pred_0": 79.98955225944519,
    "process_features_model_3_multimer_v3_pred_0": 1.71661376953125e-05,
    "predict_and_compile_model_3_multimer_v3_pred_0": 137.35443019866943,
    "predict_benchmark_model_3_multimer_v3_pred_0": 57.03335738182068,
    "process_features_model_4_multimer_v3_pred_0": 2.0265579223632812e-05,
    "predict_and_compile_model_4_multimer_v3_pred_0": 178.05187606811523,
    "predict_benchmark_model_4_multimer_v3_pred_0": 96.62585210800171,
    "process_features_model_5_multimer_v3_pred_0": 2.288818359375e-05,
    "predict_and_compile_model_5_multimer_v3_pred_0": 148.8204963207245,
    "predict_benchmark_model_5_multimer_v3_pred_0": 69.26165580749512
}