{
    "features": 0.11642169952392578,
    "process_features_model_1_multimer_v3_pred_0": 5.4836273193359375e-06,
    "predict_and_compile_model_1_multimer_v3_pred_0": 293.15648198127747,
    "predict_benchmark_model_1_multimer_v3_pred_0": 174.70945596694946,
    "process_features_model_2_multimer_v3_pred_0": 3.814697265625e-06,
    "predict_and_compile_model_2_multimer_v3_pred_0": 289.89116287231445,
    "predict_benchmark_model_2_multimer_v3_pred_0": 174.46642446517944,
    "process_features_model_3_multimer_v3_pred_0": 4.291534423828125e-06,
    "predict_and_compile_model_3_multimer_v3_pred_0": 291.04501032829285,
    "predict_benchmark_model_3_multimer_v3_pred_0": 174.8274028301239,
    "process_features_model_4_multimer_v3_pred_0": 4.0531158447265625e-06,
    "predict_and_compile_model_4_multimer_v3_pred_0": 290.85882687568665,
    "predict_benchmark_model_4_multimer_v3_pred_0": 169.56369471549988,
    "process_features_model_5_multimer_v3_pred_0": 4.5299530029296875e-06,
    "predict_and_compile_model_5_multimer_v3_pred_0": 286.7266240119934,
    "predict_benchmark_model_5_multimer_v3_pred_0": 169.39385843276978
}