{
    "features": 0.2932617664337158,
    "process_features_model_1_multimer_v3_pred_0": 4.76837158203125e-06,
    "predict_and_compile_model_1_multimer_v3_pred_0": 1164.0555129051208,
    "predict_benchmark_model_1_multimer_v3_pred_0": 1170.7545149326324,
    "process_features_model_2_multimer_v3_pred_0": 4.76837158203125e-06,
    "predict_and_compile_model_2_multimer_v3_pred_0": 1150.9960012435913,
    "predict_benchmark_model_2_multimer_v3_pred_0": 1041.459879398346,
    "process_features_model_3_multimer_v3_pred_0": 4.291534423828125e-06,
    "predict_and_compile_model_3_multimer_v3_pred_0": 1152.581523656845,
    "predict_benchmark_model_3_multimer_v3_pred_0": 1041.2196521759033,
    "process_features_model_4_multimer_v3_pred_0": 3.814697265625e-06,
    "predict_and_compile_model_4_multimer_v3_pred_0": 1131.9648542404175,
    "predict_benchmark_model_4_multimer_v3_pred_0": 1019.0161588191986,
    "process_features_model_5_multimer_v3_pred_0": 4.0531158447265625e-06,
    "predict_and_compile_model_5_multimer_v3_pred_0": 1121.6454093456268,
    "predict_benchmark_model_5_multimer_v3_pred_0": 1018.9717030525208
}