{
    "features": 0.17982983589172363,
    "process_features_model_1_multimer_v3_pred_0": 5.0067901611328125e-06,
    "predict_and_compile_model_1_multimer_v3_pred_0": 748.9251251220703,
    "predict_benchmark_model_1_multimer_v3_pred_0": 592.8568379878998,
    "process_features_model_2_multimer_v3_pred_0": 4.5299530029296875e-06,
    "predict_and_compile_model_2_multimer_v3_pred_0": 744.1315104961395,
    "predict_benchmark_model_2_multimer_v3_pred_0": 593.8359274864197,
    "process_features_model_3_multimer_v3_pred_0": 4.0531158447265625e-06,
    "predict_and_compile_model_3_multimer_v3_pred_0": 751.8357756137848,
    "predict_benchmark_model_3_multimer_v3_pred_0": 593.4521844387054,
    "process_features_model_4_multimer_v3_pred_0": 4.5299530029296875e-06,
    "predict_and_compile_model_4_multimer_v3_pred_0": 740.472137928009,
    "predict_benchmark_model_4_multimer_v3_pred_0": 578.9257276058197,
    "process_features_model_5_multimer_v3_pred_0": 4.76837158203125e-06,
    "predict_and_compile_model_5_multimer_v3_pred_0": 729.6738517284393,
    "predict_benchmark_model_5_multimer_v3_pred_0": 578.7676701545715
}