seed,sample,ranking_score
1,0,0.7853618948525255
1,1,0.7887949268227755
1,2,0.789339014671848
1,3,0.7933884122063999
1,4,0.7905871689448767
