{
    "features": 0.1465151309967041,
    "process_features_model_1_multimer_v3_pred_0": 2.86102294921875e-06,
    "predict_and_compile_model_1_multimer_v3_pred_0": 108.70519089698792,
    "predict_benchmark_model_1_multimer_v3_pred_0": 23.0774188041687,
    "process_features_model_2_multimer_v3_pred_0": 5.14984130859375e-05,
    "predict_and_compile_model_2_multimer_v3_pred_0": 103.10767531394958,
    "predict_benchmark_model_2_multimer_v3_pred_0": 19.311708450317383,
    "process_features_model_3_multimer_v3_pred_0": 1.9311904907226562e-05,
    "predict_and_compile_model_3_multimer_v3_pred_0": 164.9807312488556,
    "predict_benchmark_model_3_multimer_v3_pred_0": 80.4186749458313,
    "process_features_model_4_multimer_v3_pred_0": 3.123283386230469e-05,
    "predict_and_compile_model_4_multimer_v3_pred_0": 108.18708539009094,
    "predict_benchmark_model_4_multimer_v3_pred_0": 22.681392192840576,
    "process_features_model_5_multimer_v3_pred_0": 3.743171691894531e-05,
    "predict_and_compile_model_5_multimer_v3_pred_0": 120.54312181472778,
    "predict_benchmark_model_5_multimer_v3_pred_0": 37.69063091278076
}