seed,sample,ranking_score
1,0,0.4907274564264913
1,1,0.52821170265971
1,2,0.46831289972545076
1,3,0.5383179863207327
1,4,0.5071072472505294
