seed,sample,ranking_score
1,0,0.47361446811354846
1,1,0.47292401399055295
1,2,0.4732234964060333
1,3,0.47115984224237223
1,4,0.45623715317014774
