seed,sample,ranking_score
1,0,0.6422297059452015
1,1,0.5994788063800606
1,2,0.5234563982680627
1,3,0.5911948574511053
1,4,0.6396053336403629
