seed,sample,ranking_score
1,0,0.6614555915324758
1,1,0.6499588360987167
1,2,0.6617456651522516
1,3,0.6545971565885167
1,4,0.6745330278533953
