seed,sample,ranking_score
1,0,0.6776447797362513
1,1,0.6698071625056969
1,2,0.6770856109758774
1,3,0.6816427348628361
1,4,0.6679863582783122
