{
    "features": 0.17498350143432617,
    "process_features_model_1_multimer_v3_pred_0": 4.76837158203125e-06,
    "predict_and_compile_model_1_multimer_v3_pred_0": 424.65019607543945,
    "predict_benchmark_model_1_multimer_v3_pred_0": 312.80351853370667,
    "process_features_model_2_multimer_v3_pred_0": 3.5762786865234375e-06,
    "predict_and_compile_model_2_multimer_v3_pred_0": 420.3849105834961,
    "predict_benchmark_model_2_multimer_v3_pred_0": 312.77980303764343,
    "process_features_model_3_multimer_v3_pred_0": 4.76837158203125e-06,
    "predict_and_compile_model_3_multimer_v3_pred_0": 421.31485390663147,
    "predict_benchmark_model_3_multimer_v3_pred_0": 312.0508599281311,
    "process_features_model_4_multimer_v3_pred_0": 4.291534423828125e-06,
    "predict_and_compile_model_4_multimer_v3_pred_0": 418.95252895355225,
    "predict_benchmark_model_4_multimer_v3_pred_0": 305.39026737213135,
    "process_features_model_5_multimer_v3_pred_0": 3.5762786865234375e-06,
    "predict_and_compile_model_5_multimer_v3_pred_0": 416.7679793834686,
    "predict_benchmark_model_5_multimer_v3_pred_0": 305.53585600852966
}