seed,sample,ranking_score
1,0,0.5115656837828154
1,1,0.5058802345630783
1,2,0.46349906935715157
1,3,0.4897606296271863
1,4,0.4899115110030555
