seed,sample,ranking_score
1,0,0.446480000266743
1,1,0.4726398708510563
1,2,0.5320756626728727
1,3,0.5018211598841489
1,4,0.4702107329114745
