seed,sample,ranking_score
1,0,0.7938847416969549
1,1,0.7984390836802254
1,2,0.7882514827129573
1,3,0.7890685126957756
1,4,0.7841899697676968
