seed,sample,ranking_score
1,0,0.3975004718571665
1,1,0.4317499536952211
1,2,0.3640331294955311
1,3,0.4193280990048379
1,4,0.42783729900318895
