seed,sample,ranking_score
1,0,0.513049622357556
1,1,0.5208508295279104
1,2,0.5127599845172955
1,3,0.5227322074047286
1,4,0.5079423624860316
