seed,sample,ranking_score
1,0,0.7945808633488798
1,1,0.8000223421337502
1,2,0.7974887553778323
1,3,0.8072969943343016
1,4,0.8032536008523001
