seed,sample,ranking_score
1,0,0.8264731626351529
1,1,0.8498265095569687
1,2,0.8594195969904961
1,3,0.867600521436145
1,4,0.86382280260471
