seed,sample,ranking_score
1,0,0.4474049496091047
1,1,0.4534041348346124
1,2,0.482450875715862
1,3,0.4527513773971688
1,4,0.5075417754084444
