seed,sample,ranking_score
1,0,0.9185035991992927
1,1,0.9156026233914345
1,2,0.9094131583729307
1,3,0.9157850531718352
1,4,0.913113920446535
