{
    "features": 0.11420941352844238,
    "process_features_model_1_multimer_v3_pred_0": 1.9788742065429688e-05,
    "predict_and_compile_model_1_multimer_v3_pred_0": 570.9668731689453,
    "predict_benchmark_model_1_multimer_v3_pred_0": 405.64748191833496,
    "process_features_model_2_multimer_v3_pred_0": 4.76837158203125e-06,
    "predict_and_compile_model_2_multimer_v3_pred_0": 562.1222474575043,
    "predict_benchmark_model_2_multimer_v3_pred_0": 405.8694324493408,
    "process_features_model_3_multimer_v3_pred_0": 4.76837158203125e-06,
    "predict_and_compile_model_3_multimer_v3_pred_0": 345.2561025619507,
    "predict_benchmark_model_3_multimer_v3_pred_0": 193.75067782402039,
    "process_features_model_4_multimer_v3_pred_0": 4.76837158203125e-06,
    "predict_and_compile_model_4_multimer_v3_pred_0": 450.3212032318115,
    "predict_benchmark_model_4_multimer_v3_pred_0": 286.32756304740906,
    "process_features_model_5_multimer_v3_pred_0": 4.0531158447265625e-06,
    "predict_and_compile_model_5_multimer_v3_pred_0": 498.78041434288025,
    "predict_benchmark_model_5_multimer_v3_pred_0": 343.15099692344666
}