seed,sample,ranking_score
1,0,0.3662149096496645
1,1,0.37272738020066354
1,2,0.3652921315016373
1,3,0.36933650033477045
1,4,0.3689522277920109
