{
    "features": 0.026520967483520508,
    "process_features_model_1_multimer_v3_pred_0": 5.9604644775390625e-06,
    "predict_and_compile_model_1_multimer_v3_pred_0": 113.28954696655273,
    "predict_benchmark_model_1_multimer_v3_pred_0": 33.00516891479492,
    "process_features_model_2_multimer_v3_pred_0": 1.7404556274414062e-05,
    "predict_and_compile_model_2_multimer_v3_pred_0": 125.78256464004517,
    "predict_benchmark_model_2_multimer_v3_pred_0": 39.50068664550781,
    "process_features_model_3_multimer_v3_pred_0": 1.0251998901367188e-05,
    "predict_and_compile_model_3_multimer_v3_pred_0": 132.6574604511261,
    "predict_benchmark_model_3_multimer_v3_pred_0": 46.09269642829895,
    "process_features_model_4_multimer_v3_pred_0": 2.0265579223632812e-05,
    "predict_and_compile_model_4_multimer_v3_pred_0": 123.75774693489075,
    "predict_benchmark_model_4_multimer_v3_pred_0": 38.367066621780396,
    "process_features_model_5_multimer_v3_pred_0": 2.47955322265625e-05,
    "predict_and_compile_model_5_multimer_v3_pred_0": 123.76410865783691,
    "predict_benchmark_model_5_multimer_v3_pred_0": 31.82166600227356
}