seed,sample,ranking_score
5,0,0.832297181679427
5,1,0.8168732930452717
5,2,0.8308589691480421
5,3,0.8244688865711323
5,4,0.8228085812120375
