seed,sample,ranking_score
1,0,0.33840504008823646
1,1,0.33598813721882687
1,2,0.308446894180006
1,3,0.33744993388026123
1,4,0.34169704184216765
