seed,sample,ranking_score
1,0,0.8969534709577667
1,1,0.907778925320119
1,2,0.8953234975425627
1,3,0.9064181724980449
1,4,0.9061349809885788
