seed,sample,ranking_score
1,0,0.45813864099120316
1,1,0.46702359066193605
1,2,0.46376841288108295
1,3,0.4640939588660051
1,4,0.44306667483706047
