seed,sample,ranking_score
1,0,0.5135365489604508
1,1,0.540868460469084
1,2,0.5250053318390211
1,3,0.5417573215219592
1,4,0.5377874219822727
