seed,sample,ranking_score
1,0,0.4758511123897209
1,1,0.48191733909290785
1,2,0.46851716154667766
1,3,0.459894373555341
1,4,0.47742544493524297
