{
    "iptm+ptm": {
        "model_1_multimer_v3_pred_0": 0.6934678905233582,
        "model_1_multimer_v3_pred_1": 0.6983104930193218,
        "model_1_multimer_v3_pred_2": 0.6999327530335526,
        "model_1_multimer_v3_pred_3": 0.7069382590978044,
        "model_1_multimer_v3_pred_4": 0.6842025140277291,
        "model_2_multimer_v3_pred_0": 0.6938498787358033,
        "model_2_multimer_v3_pred_1": 0.7020591642101706,
        "model_2_multimer_v3_pred_2": 0.7058016314133704,
        "model_2_multimer_v3_pred_3": 0.6982315398051174,
        "model_2_multimer_v3_pred_4": 0.7096321420319666,
        "model_3_multimer_v3_pred_0": 0.7091024315228802,
        "model_3_multimer_v3_pred_1": 0.718940367158556,
        "model_3_multimer_v3_pred_2": 0.7060044728950643,
        "model_3_multimer_v3_pred_3": 0.7206805318140789,
        "model_3_multimer_v3_pred_4": 0.7024078456986425,
        "model_4_multimer_v3_pred_0": 0.7222541056597156,
        "model_4_multimer_v3_pred_1": 0.721647330108458,
        "model_4_multimer_v3_pred_2": 0.7238137291815949,
        "model_4_multimer_v3_pred_3": 0.7429205219567063,
        "model_4_multimer_v3_pred_4": 0.7244086848528914,
        "model_5_multimer_v3_pred_0": 0.7218811907604755,
        "model_5_multimer_v3_pred_1": 0.7327433103728801,
        "model_5_multimer_v3_pred_2": 0.7261407702955691,
        "model_5_multimer_v3_pred_3": 0.7292897682660617,
        "model_5_multimer_v3_pred_4": 0.7303880322423553
    },
    "order": [
        "model_4_multimer_v3_pred_3",
        "model_5_multimer_v3_pred_1",
        "model_5_multimer_v3_pred_4",
        "model_5_multimer_v3_pred_3",
        "model_5_multimer_v3_pred_2",
        "model_4_multimer_v3_pred_4",
        "model_4_multimer_v3_pred_2",
        "model_4_multimer_v3_pred_0",
        "model_5_multimer_v3_pred_0",
        "model_4_multimer_v3_pred_1",
        "model_3_multimer_v3_pred_3",
        "model_3_multimer_v3_pred_1",
        "model_2_multimer_v3_pred_4",
        "model_3_multimer_v3_pred_0",
        "model_1_multimer_v3_pred_3",
        "model_3_multimer_v3_pred_2",
        "model_2_multimer_v3_pred_2",
        "model_3_multimer_v3_pred_4",
        "model_2_multimer_v3_pred_1",
        "model_1_multimer_v3_pred_2",
        "model_1_multimer_v3_pred_1",
        "model_2_multimer_v3_pred_3",
        "model_2_multimer_v3_pred_0",
        "model_1_multimer_v3_pred_0",
        "model_1_multimer_v3_pred_4"
    ]
}