{
    "features": 0.1358323097229004,
    "process_features_model_1_multimer_v3_pred_0": 4.76837158203125e-06,
    "predict_and_compile_model_1_multimer_v3_pred_0": 343.5915412902832,
    "predict_benchmark_model_1_multimer_v3_pred_0": 224.48348259925842,
    "process_features_model_2_multimer_v3_pred_0": 3.0994415283203125e-06,
    "predict_and_compile_model_2_multimer_v3_pred_0": 339.12263679504395,
    "predict_benchmark_model_2_multimer_v3_pred_0": 224.08792448043823,
    "process_features_model_3_multimer_v3_pred_0": 4.76837158203125e-06,
    "predict_and_compile_model_3_multimer_v3_pred_0": 340.2634313106537,
    "predict_benchmark_model_3_multimer_v3_pred_0": 224.44150280952454,
    "process_features_model_4_multimer_v3_pred_0": 3.337860107421875e-06,
    "predict_and_compile_model_4_multimer_v3_pred_0": 338.5114846229553,
    "predict_benchmark_model_4_multimer_v3_pred_0": 217.92623615264893,
    "process_features_model_5_multimer_v3_pred_0": 3.0994415283203125e-06,
    "predict_and_compile_model_5_multimer_v3_pred_0": 335.0603265762329,
    "predict_benchmark_model_5_multimer_v3_pred_0": 218.05629515647888
}