{
    "features": 0.027042388916015625,
    "process_features_model_1_multimer_v3_pred_0": 3.337860107421875e-06,
    "predict_and_compile_model_1_multimer_v3_pred_0": 312.8142411708832,
    "predict_benchmark_model_1_multimer_v3_pred_0": 230.30753469467163,
    "process_features_model_2_multimer_v3_pred_0": 3.2901763916015625e-05,
    "predict_and_compile_model_2_multimer_v3_pred_0": 309.79570984840393,
    "predict_benchmark_model_2_multimer_v3_pred_0": 231.0456907749176,
    "process_features_model_3_multimer_v3_pred_0": 8.58306884765625e-06,
    "predict_and_compile_model_3_multimer_v3_pred_0": 310.6841449737549,
    "predict_benchmark_model_3_multimer_v3_pred_0": 231.00612998008728,
    "process_features_model_4_multimer_v3_pred_0": 7.867813110351562e-06,
    "predict_and_compile_model_4_multimer_v3_pred_0": 301.0445683002472,
    "predict_benchmark_model_4_multimer_v3_pred_0": 223.75696754455566,
    "process_features_model_5_multimer_v3_pred_0": 7.62939453125e-06,
    "predict_and_compile_model_5_multimer_v3_pred_0": 304.7442216873169,
    "predict_benchmark_model_5_multimer_v3_pred_0": 223.26781845092773
}