seed,sample,ranking_score
1,0,0.39785663571524654
1,1,0.4538972698656501
1,2,0.4214678549263134
1,3,0.4498220959989527
1,4,0.4366525873925681
