seed,sample,ranking_score
1,0,0.7377903100417174
1,1,0.7300258357768992
1,2,0.7669446113169366
1,3,0.7297783572831387
1,4,0.708009517979963
