seed,sample,ranking_score
1,0,0.6493529008876078
1,1,0.6721500047309784
1,2,0.655470660436668
1,3,0.6474329420923368
1,4,0.6392290701372009
