{
    "features": 0.013464689254760742,
    "process_features_model_1_multimer_v3_pred_0": 2.86102294921875e-06,
    "predict_and_compile_model_1_multimer_v3_pred_0": 196.0081169605255,
    "predict_benchmark_model_1_multimer_v3_pred_0": 114.58890557289124,
    "process_features_model_2_multimer_v3_pred_0": 4.124641418457031e-05,
    "predict_and_compile_model_2_multimer_v3_pred_0": 130.75831007957458,
    "predict_benchmark_model_2_multimer_v3_pred_0": 43.77016091346741,
    "process_features_model_3_multimer_v3_pred_0": 3.1948089599609375e-05,
    "predict_and_compile_model_3_multimer_v3_pred_0": 158.20985174179077,
    "predict_benchmark_model_3_multimer_v3_pred_0": 70.89069366455078,
    "process_features_model_4_multimer_v3_pred_0": 3.4809112548828125e-05,
    "predict_and_compile_model_4_multimer_v3_pred_0": 197.80558252334595,
    "predict_benchmark_model_4_multimer_v3_pred_0": 112.20626163482666,
    "process_features_model_5_multimer_v3_pred_0": 1.33514404296875e-05,
    "predict_and_compile_model_5_multimer_v3_pred_0": 199.0598602294922,
    "predict_benchmark_model_5_multimer_v3_pred_0": 112.60100960731506
}