seed,sample,ranking_score
4,0,0.7862135775757527
4,1,0.8845717656578358
4,2,0.8165508645294104
4,3,0.8794034258396672
4,4,0.8308283823855168
