{
    "features": 0.0044612884521484375,
    "process_features_model_1_multimer_v3_pred_0": 4.0531158447265625e-06,
    "predict_and_compile_model_1_multimer_v3_pred_0": 138.6426863670349,
    "relax_model_1_multimer_v3_pred_0": 22.900160312652588,
    "process_features_model_1_multimer_v3_pred_1": 2.6226043701171875e-06,
    "predict_and_compile_model_1_multimer_v3_pred_1": 21.206022262573242,
    "relax_model_1_multimer_v3_pred_1": 24.32422685623169,
    "process_features_model_1_multimer_v3_pred_2": 2.6226043701171875e-06,
    "predict_and_compile_model_1_multimer_v3_pred_2": 21.20690131187439,
    "relax_model_1_multimer_v3_pred_2": 20.82201910018921,
    "process_features_model_1_multimer_v3_pred_3": 2.384185791015625e-06,
    "predict_and_compile_model_1_multimer_v3_pred_3": 17.012282609939575,
    "relax_model_1_multimer_v3_pred_3": 14.35661005973816,
    "process_features_model_1_multimer_v3_pred_4": 2.6226043701171875e-06,
    "predict_and_compile_model_1_multimer_v3_pred_4": 21.210282564163208,
    "relax_model_1_multimer_v3_pred_4": 15.325907945632935,
    "process_features_model_2_multimer_v3_pred_0": 2.384185791015625e-06,
    "predict_and_compile_model_2_multimer_v3_pred_0": 134.98892450332642,
    "relax_model_2_multimer_v3_pred_0": 18.0403950214386,
    "process_features_model_2_multimer_v3_pred_1": 2.86102294921875e-06,
    "predict_and_compile_model_2_multimer_v3_pred_1": 21.177088260650635,
    "relax_model_2_multimer_v3_pred_1": 14.440537691116333,
    "process_features_model_2_multimer_v3_pred_2": 2.384185791015625e-06,
    "predict_and_compile_model_2_multimer_v3_pred_2": 21.148584842681885,
    "relax_model_2_multimer_v3_pred_2": 16.21238946914673,
    "process_features_model_2_multimer_v3_pred_3": 3.0994415283203125e-06,
    "predict_and_compile_model_2_multimer_v3_pred_3": 21.166176557540894,
    "relax_model_2_multimer_v3_pred_3": 14.967952251434326,
    "process_features_model_2_multimer_v3_pred_4": 2.384185791015625e-06,
    "predict_and_compile_model_2_multimer_v3_pred_4": 29.586644649505615,
    "relax_model_2_multimer_v3_pred_4": 15.239964485168457,
    "process_features_model_3_multimer_v3_pred_0": 2.384185791015625e-06,
    "predict_and_compile_model_3_multimer_v3_pred_0": 137.20605516433716,
    "relax_model_3_multimer_v3_pred_0": 16.73991084098816,
    "process_features_model_3_multimer_v3_pred_1": 2.6226043701171875e-06,
    "predict_and_compile_model_3_multimer_v3_pred_1": 29.47963261604309,
    "relax_model_3_multimer_v3_pred_1": 17.791369915008545,
    "process_features_model_3_multimer_v3_pred_2": 2.384185791015625e-06,
    "predict_and_compile_model_3_multimer_v3_pred_2": 25.346187353134155,
    "relax_model_3_multimer_v3_pred_2": 19.81832718849182,
    "process_features_model_3_multimer_v3_pred_3": 2.1457672119140625e-06,
    "predict_and_compile_model_3_multimer_v3_pred_3": 21.20972466468811,
    "relax_model_3_multimer_v3_pred_3": 14.780854940414429,
    "process_features_model_3_multimer_v3_pred_4": 2.384185791015625e-06,
    "predict_and_compile_model_3_multimer_v3_pred_4": 21.22866153717041,
    "relax_model_3_multimer_v3_pred_4": 27.678080320358276,
    "process_features_model_4_multimer_v3_pred_0": 2.6226043701171875e-06,
    "predict_and_compile_model_4_multimer_v3_pred_0": 151.12940120697021,
    "relax_model_4_multimer_v3_pred_0": 14.489253759384155,
    "process_features_model_4_multimer_v3_pred_1": 2.384185791015625e-06,
    "predict_and_compile_model_4_multimer_v3_pred_1": 33.15656352043152,
    "relax_model_4_multimer_v3_pred_1": 20.65582251548767,
    "process_features_model_4_multimer_v3_pred_2": 2.384185791015625e-06,
    "predict_and_compile_model_4_multimer_v3_pred_2": 86.49131417274475,
    "relax_model_4_multimer_v3_pred_2": 25.40989327430725,
    "process_features_model_4_multimer_v3_pred_3": 2.6226043701171875e-06,
    "predict_and_compile_model_4_multimer_v3_pred_3": 37.12040185928345,
    "relax_model_4_multimer_v3_pred_3": 24.751123905181885,
    "process_features_model_4_multimer_v3_pred_4": 3.0994415283203125e-06,
    "predict_and_compile_model_4_multimer_v3_pred_4": 29.008627891540527,
    "relax_model_4_multimer_v3_pred_4": 20.359358549118042,
    "process_features_model_5_multimer_v3_pred_0": 2.86102294921875e-06,
    "predict_and_compile_model_5_multimer_v3_pred_0": 136.38499426841736,
    "relax_model_5_multimer_v3_pred_0": 20.38949966430664,
    "process_features_model_5_multimer_v3_pred_1": 3.337860107421875e-06,
    "predict_and_compile_model_5_multimer_v3_pred_1": 24.972925424575806,
    "relax_model_5_multimer_v3_pred_1": 16.606073141098022,
    "process_features_model_5_multimer_v3_pred_2": 2.384185791015625e-06,
    "predict_and_compile_model_5_multimer_v3_pred_2": 24.85867977142334,
    "relax_model_5_multimer_v3_pred_2": 20.790448427200317,
    "process_features_model_5_multimer_v3_pred_3": 2.1457672119140625e-06,
    "predict_and_compile_model_5_multimer_v3_pred_3": 20.794132471084595,
    "relax_model_5_multimer_v3_pred_3": 15.649879455566406,
    "process_features_model_5_multimer_v3_pred_4": 2.384185791015625e-06,
    "predict_and_compile_model_5_multimer_v3_pred_4": 37.14911890029907,
    "relax_model_5_multimer_v3_pred_4": 15.810220003128052
}