seed,sample,ranking_score
1,0,0.6255710936148013
1,1,0.6290234838667963
1,2,0.6279590633472167
1,3,0.7059794584001489
1,4,0.6346804594953676
