seed,sample,ranking_score
1,0,0.31792901067712664
1,1,0.3232248856215813
1,2,0.3822259304087846
1,3,0.31286994884297886
1,4,0.3396371779484173
