{
    "features": 0.006448030471801758,
    "process_features_model_1_multimer_v3_pred_0": 3.5762786865234375e-06,
    "predict_and_compile_model_1_multimer_v3_pred_0": 149.78719925880432,
    "relax_model_1_multimer_v3_pred_0": 23.943195104599,
    "process_features_model_1_multimer_v3_pred_1": 3.337860107421875e-06,
    "predict_and_compile_model_1_multimer_v3_pred_1": 40.399537563323975,
    "relax_model_1_multimer_v3_pred_1": 20.51510453224182,
    "process_features_model_1_multimer_v3_pred_2": 3.337860107421875e-06,
    "predict_and_compile_model_1_multimer_v3_pred_2": 53.67073369026184,
    "relax_model_1_multimer_v3_pred_2": 21.65148162841797,
    "process_features_model_1_multimer_v3_pred_3": 3.0994415283203125e-06,
    "predict_and_compile_model_1_multimer_v3_pred_3": 47.075982332229614,
    "relax_model_1_multimer_v3_pred_3": 21.34805989265442,
    "process_features_model_1_multimer_v3_pred_4": 3.0994415283203125e-06,
    "predict_and_compile_model_1_multimer_v3_pred_4": 33.757174491882324,
    "relax_model_1_multimer_v3_pred_4": 20.751550912857056,
    "process_features_model_2_multimer_v3_pred_0": 3.0994415283203125e-06,
    "predict_and_compile_model_2_multimer_v3_pred_0": 152.97733354568481,
    "relax_model_2_multimer_v3_pred_0": 21.64909529685974,
    "process_features_model_2_multimer_v3_pred_1": 3.0994415283203125e-06,
    "predict_and_compile_model_2_multimer_v3_pred_1": 40.41183376312256,
    "relax_model_2_multimer_v3_pred_1": 21.289790153503418,
    "process_features_model_2_multimer_v3_pred_2": 3.337860107421875e-06,
    "predict_and_compile_model_2_multimer_v3_pred_2": 40.411052227020264,
    "relax_model_2_multimer_v3_pred_2": 21.35449767112732,
    "process_features_model_2_multimer_v3_pred_3": 3.0994415283203125e-06,
    "predict_and_compile_model_2_multimer_v3_pred_3": 40.42764949798584,
    "relax_model_2_multimer_v3_pred_3": 21.392207622528076,
    "process_features_model_2_multimer_v3_pred_4": 3.0994415283203125e-06,
    "predict_and_compile_model_2_multimer_v3_pred_4": 40.36744451522827,
    "relax_model_2_multimer_v3_pred_4": 21.330233812332153,
    "process_features_model_3_multimer_v3_pred_0": 3.0994415283203125e-06,
    "predict_and_compile_model_3_multimer_v3_pred_0": 168.28032445907593,
    "relax_model_3_multimer_v3_pred_0": 20.93104362487793,
    "process_features_model_3_multimer_v3_pred_1": 3.337860107421875e-06,
    "predict_and_compile_model_3_multimer_v3_pred_1": 53.74215865135193,
    "relax_model_3_multimer_v3_pred_1": 39.59377670288086,
    "process_features_model_3_multimer_v3_pred_2": 2.86102294921875e-06,
    "predict_and_compile_model_3_multimer_v3_pred_2": 47.04216122627258,
    "relax_model_3_multimer_v3_pred_2": 21.966136693954468,
    "process_features_model_3_multimer_v3_pred_3": 2.86102294921875e-06,
    "predict_and_compile_model_3_multimer_v3_pred_3": 33.720574378967285,
    "relax_model_3_multimer_v3_pred_3": 24.19400668144226,
    "process_features_model_3_multimer_v3_pred_4": 2.6226043701171875e-06,
    "predict_and_compile_model_3_multimer_v3_pred_4": 53.71961975097656,
    "relax_model_3_multimer_v3_pred_4": 22.448689460754395,
    "process_features_model_4_multimer_v3_pred_0": 3.337860107421875e-06,
    "predict_and_compile_model_4_multimer_v3_pred_0": 166.18300557136536,
    "relax_model_4_multimer_v3_pred_0": 21.450591325759888,
    "process_features_model_4_multimer_v3_pred_1": 3.0994415283203125e-06,
    "predict_and_compile_model_4_multimer_v3_pred_1": 39.76264715194702,
    "relax_model_4_multimer_v3_pred_1": 27.713578939437866,
    "process_features_model_4_multimer_v3_pred_2": 2.86102294921875e-06,
    "predict_and_compile_model_4_multimer_v3_pred_2": 46.31668210029602,
    "relax_model_4_multimer_v3_pred_2": 22.430340051651,
    "process_features_model_4_multimer_v3_pred_3": 2.86102294921875e-06,
    "predict_and_compile_model_4_multimer_v3_pred_3": 46.24082827568054,
    "relax_model_4_multimer_v3_pred_3": 21.74644947052002,
    "process_features_model_4_multimer_v3_pred_4": 3.0994415283203125e-06,
    "predict_and_compile_model_4_multimer_v3_pred_4": 46.38564419746399,
    "relax_model_4_multimer_v3_pred_4": 22.0711350440979,
    "process_features_model_5_multimer_v3_pred_0": 3.0994415283203125e-06,
    "predict_and_compile_model_5_multimer_v3_pred_0": 155.84183764457703,
    "relax_model_5_multimer_v3_pred_0": 25.45614719390869,
    "process_features_model_5_multimer_v3_pred_1": 3.0994415283203125e-06,
    "predict_and_compile_model_5_multimer_v3_pred_1": 33.281129598617554,
    "relax_model_5_multimer_v3_pred_1": 22.448378801345825,
    "process_features_model_5_multimer_v3_pred_2": 3.0994415283203125e-06,
    "predict_and_compile_model_5_multimer_v3_pred_2": 66.09037590026855,
    "relax_model_5_multimer_v3_pred_2": 23.7518048286438,
    "process_features_model_5_multimer_v3_pred_3": 2.6226043701171875e-06,
    "predict_and_compile_model_5_multimer_v3_pred_3": 33.20026922225952,
    "relax_model_5_multimer_v3_pred_3": 21.717679023742676,
    "process_features_model_5_multimer_v3_pred_4": 2.384185791015625e-06,
    "predict_and_compile_model_5_multimer_v3_pred_4": 59.58711314201355,
    "relax_model_5_multimer_v3_pred_4": 22.133248329162598
}