seed,sample,ranking_score
1,0,1.024724932117883
1,1,1.016362931684899
1,2,1.0101559412516021
1,3,1.0147318507714795
1,4,1.0252411939033177
