seed,sample,ranking_score
4,0,0.8511954435794397
4,1,0.831088911124352
4,2,0.8398322885138017
4,3,0.8255429983672956
4,4,0.8317073949231331
