seed,sample,ranking_score
3,0,0.7684238322702384
3,1,0.787328335263771
3,2,0.7643083006324789
3,3,0.7859559457687354
3,4,0.7400253233795553
