seed,sample,ranking_score
1,0,0.8322509828012375
1,1,0.8352427997269005
1,2,0.8743635222352543
1,3,0.8689597087768028
1,4,0.8403829947692449
