seed,sample,ranking_score
1,0,0.3519580712582158
1,1,0.34515934394542547
1,2,0.25496905689854527
1,3,0.35111761150691456
1,4,0.3517143175924148
