seed,sample,ranking_score
1,0,0.7884590643292069
1,1,0.7883124936120917
1,2,0.7753526578519528
1,3,0.7973918261525638
1,4,0.7765404611545643
