{
    "features": 0.17789006233215332,
    "process_features_model_1_multimer_v3_pred_0": 3.5762786865234375e-06,
    "predict_and_compile_model_1_multimer_v3_pred_0": 116.66060614585876,
    "predict_benchmark_model_1_multimer_v3_pred_0": 35.10949087142944,
    "process_features_model_2_multimer_v3_pred_0": 5.245208740234375e-06,
    "predict_and_compile_model_2_multimer_v3_pred_0": 118.28937268257141,
    "predict_benchmark_model_2_multimer_v3_pred_0": 34.97642540931702,
    "process_features_model_3_multimer_v3_pred_0": 1.6927719116210938e-05,
    "predict_and_compile_model_3_multimer_v3_pred_0": 113.18619298934937,
    "predict_benchmark_model_3_multimer_v3_pred_0": 30.0099995136261,
    "process_features_model_4_multimer_v3_pred_0": 6.9141387939453125e-06,
    "predict_and_compile_model_4_multimer_v3_pred_0": 170.13570880889893,
    "predict_benchmark_model_4_multimer_v3_pred_0": 87.71659779548645,
    "process_features_model_5_multimer_v3_pred_0": 2.9087066650390625e-05,
    "predict_and_compile_model_5_multimer_v3_pred_0": 115.78957080841064,
    "predict_benchmark_model_5_multimer_v3_pred_0": 29.33862590789795
}