seed,sample,ranking_score
1,0,0.3417897565016018
1,1,0.34129952185359097
1,2,0.29937025060773986
1,3,0.3361678979622649
1,4,0.2988514505338537
