seed,sample,ranking_score
1,0,0.7347687110939403
1,1,0.7600488136825563
1,2,0.7546884284182299
1,3,0.8150881656185869
1,4,0.7785532173344644
