seed,sample,ranking_score
2,0,0.9734891287866502
2,1,0.9747904799315638
2,2,0.9789772357759741
2,3,0.9741508228726802
2,4,0.9778799290185203
