{
    "features": 0.01661515235900879,
    "process_features_model_1_multimer_v3_pred_0": 4.0531158447265625e-06,
    "predict_and_compile_model_1_multimer_v3_pred_0": 718.2693727016449,
    "relax_model_1_multimer_v3_pred_0": 81.15632009506226,
    "process_features_model_1_multimer_v3_pred_1": 3.814697265625e-06,
    "predict_and_compile_model_1_multimer_v3_pred_1": 549.1529226303101,
    "relax_model_1_multimer_v3_pred_1": 89.6816794872284,
    "process_features_model_1_multimer_v3_pred_2": 4.0531158447265625e-06,
    "predict_and_compile_model_1_multimer_v3_pred_2": 549.593875169754,
    "relax_model_1_multimer_v3_pred_2": 70.41910791397095,
    "process_features_model_1_multimer_v3_pred_3": 3.814697265625e-06,
    "predict_and_compile_model_1_multimer_v3_pred_3": 548.1215124130249,
    "relax_model_1_multimer_v3_pred_3": 63.446974754333496,
    "process_features_model_1_multimer_v3_pred_4": 3.337860107421875e-06,
    "predict_and_compile_model_1_multimer_v3_pred_4": 549.4836778640747,
    "relax_model_1_multimer_v3_pred_4": 64.95848727226257,
    "process_features_model_2_multimer_v3_pred_0": 3.814697265625e-06,
    "predict_and_compile_model_2_multimer_v3_pred_0": 718.8654000759125,
    "relax_model_2_multimer_v3_pred_0": 64.0409746170044,
    "process_features_model_2_multimer_v3_pred_1": 3.5762786865234375e-06,
    "predict_and_compile_model_2_multimer_v3_pred_1": 549.5829954147339,
    "relax_model_2_multimer_v3_pred_1": 65.47413516044617,
    "process_features_model_2_multimer_v3_pred_2": 2.86102294921875e-06,
    "predict_and_compile_model_2_multimer_v3_pred_2": 548.2629022598267,
    "relax_model_2_multimer_v3_pred_2": 62.23666334152222,
    "process_features_model_2_multimer_v3_pred_3": 2.86102294921875e-06,
    "predict_and_compile_model_2_multimer_v3_pred_3": 548.2606866359711,
    "relax_model_2_multimer_v3_pred_3": 65.99210262298584,
    "process_features_model_2_multimer_v3_pred_4": 3.5762786865234375e-06,
    "predict_and_compile_model_2_multimer_v3_pred_4": 550.1660702228546,
    "relax_model_2_multimer_v3_pred_4": 64.18083548545837,
    "process_features_model_3_multimer_v3_pred_0": 3.337860107421875e-06,
    "predict_and_compile_model_3_multimer_v3_pred_0": 713.6941227912903,
    "relax_model_3_multimer_v3_pred_0": 62.89730787277222,
    "process_features_model_3_multimer_v3_pred_1": 3.5762786865234375e-06,
    "predict_and_compile_model_3_multimer_v3_pred_1": 549.9917464256287,
    "relax_model_3_multimer_v3_pred_1": 59.51305961608887,
    "process_features_model_3_multimer_v3_pred_2": 2.6226043701171875e-06,
    "predict_and_compile_model_3_multimer_v3_pred_2": 548.0910797119141,
    "relax_model_3_multimer_v3_pred_2": 71.6334114074707,
    "process_features_model_3_multimer_v3_pred_3": 3.337860107421875e-06,
    "predict_and_compile_model_3_multimer_v3_pred_3": 392.805433511734,
    "relax_model_3_multimer_v3_pred_3": 61.485623598098755,
    "process_features_model_3_multimer_v3_pred_4": 9.5367431640625e-06,
    "predict_and_compile_model_3_multimer_v3_pred_4": 547.6889171600342,
    "relax_model_3_multimer_v3_pred_4": 65.51711344718933,
    "process_features_model_4_multimer_v3_pred_0": 3.337860107421875e-06,
    "predict_and_compile_model_4_multimer_v3_pred_0": 698.6140830516815,
    "relax_model_4_multimer_v3_pred_0": 62.705392837524414,
    "process_features_model_4_multimer_v3_pred_1": 3.337860107421875e-06,
    "predict_and_compile_model_4_multimer_v3_pred_1": 534.3021302223206,
    "relax_model_4_multimer_v3_pred_1": 76.91088032722473,
    "process_features_model_4_multimer_v3_pred_2": 3.0994415283203125e-06,
    "predict_and_compile_model_4_multimer_v3_pred_2": 535.6754672527313,
    "relax_model_4_multimer_v3_pred_2": 59.007758140563965,
    "process_features_model_4_multimer_v3_pred_3": 2.86102294921875e-06,
    "predict_and_compile_model_4_multimer_v3_pred_3": 535.9989769458771,
    "relax_model_4_multimer_v3_pred_3": 62.18382406234741,
    "process_features_model_4_multimer_v3_pred_4": 3.337860107421875e-06,
    "predict_and_compile_model_4_multimer_v3_pred_4": 535.9486422538757,
    "relax_model_4_multimer_v3_pred_4": 62.54206395149231,
    "process_features_model_5_multimer_v3_pred_0": 3.0994415283203125e-06,
    "predict_and_compile_model_5_multimer_v3_pred_0": 694.7776339054108,
    "relax_model_5_multimer_v3_pred_0": 50.87372159957886,
    "process_features_model_5_multimer_v3_pred_1": 3.814697265625e-06,
    "predict_and_compile_model_5_multimer_v3_pred_1": 535.100545167923,
    "relax_model_5_multimer_v3_pred_1": 58.776745319366455,
    "process_features_model_5_multimer_v3_pred_2": 2.86102294921875e-06,
    "predict_and_compile_model_5_multimer_v3_pred_2": 536.3862502574921,
    "relax_model_5_multimer_v3_pred_2": 61.93240547180176,
    "process_features_model_5_multimer_v3_pred_3": 3.5762786865234375e-06,
    "predict_and_compile_model_5_multimer_v3_pred_3": 536.726389169693,
    "relax_model_5_multimer_v3_pred_3": 61.03936719894409,
    "process_features_model_5_multimer_v3_pred_4": 4.5299530029296875e-06,
    "predict_and_compile_model_5_multimer_v3_pred_4": 536.3386390209198,
    "relax_model_5_multimer_v3_pred_4": 63.07402944564819
}