seed,sample,ranking_score
1,0,0.8330343872857301
1,1,0.8273185257063059
1,2,0.8317328638237569
1,3,0.8323428651457674
1,4,0.8349461158592797
