seed,sample,ranking_score
3,0,0.5232834912204454
3,1,0.5203675039544885
3,2,0.5103569417598769
3,3,0.4873310937322083
3,4,0.4971783775114241
