seed,sample,ranking_score
1,0,0.40193622308297167
1,1,0.43921789282889934
1,2,0.42891231120102397
1,3,0.39449945225914446
1,4,0.43637536753097284
