seed,sample,ranking_score
1,0,0.655514643984625
1,1,0.6422287543422879
1,2,0.6402038821481223
1,3,0.6277642136525132
1,4,0.6669413196366109
