seed,sample,ranking_score
1,0,0.8950880085120992
1,1,0.8857145147329406
1,2,0.8958316198735525
1,3,0.9036775978525338
1,4,0.8887611479992595
