seed,sample,ranking_score
1,0,0.4034678189337953
1,1,0.43960269396993235
1,2,0.4406744648147464
1,3,0.41772451041752606
1,4,0.43525243447042505
