seed,sample,ranking_score
1,0,0.6804297694618727
1,1,0.6558492212262117
1,2,0.6333771180584329
1,3,0.6813466640366903
1,4,0.6923344569973133
