{
    "features": 0.0074787139892578125,
    "process_features_model_1_multimer_v3_pred_0": 3.5762786865234375e-06,
    "predict_and_compile_model_1_multimer_v3_pred_0": 184.98893761634827,
    "relax_model_1_multimer_v3_pred_0": 21.094693899154663,
    "process_features_model_1_multimer_v3_pred_1": 3.337860107421875e-06,
    "predict_and_compile_model_1_multimer_v3_pred_1": 66.2610833644867,
    "relax_model_1_multimer_v3_pred_1": 18.687500476837158,
    "process_features_model_1_multimer_v3_pred_2": 2.6226043701171875e-06,
    "predict_and_compile_model_1_multimer_v3_pred_2": 78.11620044708252,
    "relax_model_1_multimer_v3_pred_2": 18.386242866516113,
    "process_features_model_1_multimer_v3_pred_3": 2.6226043701171875e-06,
    "predict_and_compile_model_1_multimer_v3_pred_3": 102.14108371734619,
    "relax_model_1_multimer_v3_pred_3": 18.389700174331665,
    "process_features_model_1_multimer_v3_pred_4": 2.6226043701171875e-06,
    "predict_and_compile_model_1_multimer_v3_pred_4": 119.92999005317688,
    "relax_model_1_multimer_v3_pred_4": 18.832252025604248,
    "process_features_model_2_multimer_v3_pred_0": 2.384185791015625e-06,
    "predict_and_compile_model_2_multimer_v3_pred_0": 181.98305583000183,
    "relax_model_2_multimer_v3_pred_0": 18.795775175094604,
    "process_features_model_2_multimer_v3_pred_1": 2.384185791015625e-06,
    "predict_and_compile_model_2_multimer_v3_pred_1": 72.22972273826599,
    "relax_model_2_multimer_v3_pred_1": 18.976483821868896,
    "process_features_model_2_multimer_v3_pred_2": 2.1457672119140625e-06,
    "predict_and_compile_model_2_multimer_v3_pred_2": 78.14764499664307,
    "relax_model_2_multimer_v3_pred_2": 18.911643028259277,
    "process_features_model_2_multimer_v3_pred_3": 2.86102294921875e-06,
    "predict_and_compile_model_2_multimer_v3_pred_3": 60.321974754333496,
    "relax_model_2_multimer_v3_pred_3": 19.443572282791138,
    "process_features_model_2_multimer_v3_pred_4": 3.0994415283203125e-06,
    "predict_and_compile_model_2_multimer_v3_pred_4": 60.1968309879303,
    "relax_model_2_multimer_v3_pred_4": 18.21881937980652,
    "process_features_model_3_multimer_v3_pred_0": 2.384185791015625e-06,
    "predict_and_compile_model_3_multimer_v3_pred_0": 160.50324654579163,
    "relax_model_3_multimer_v3_pred_0": 19.431543827056885,
    "process_features_model_3_multimer_v3_pred_1": 2.86102294921875e-06,
    "predict_and_compile_model_3_multimer_v3_pred_1": 54.462035179138184,
    "relax_model_3_multimer_v3_pred_1": 19.037688732147217,
    "process_features_model_3_multimer_v3_pred_2": 2.6226043701171875e-06,
    "predict_and_compile_model_3_multimer_v3_pred_2": 66.47327208518982,
    "relax_model_3_multimer_v3_pred_2": 18.361008882522583,
    "process_features_model_3_multimer_v3_pred_3": 2.6226043701171875e-06,
    "predict_and_compile_model_3_multimer_v3_pred_3": 48.36458349227905,
    "relax_model_3_multimer_v3_pred_3": 18.54205083847046,
    "process_features_model_3_multimer_v3_pred_4": 2.86102294921875e-06,
    "predict_and_compile_model_3_multimer_v3_pred_4": 54.390113830566406,
    "relax_model_3_multimer_v3_pred_4": 19.06933283805847,
    "process_features_model_4_multimer_v3_pred_0": 2.6226043701171875e-06,
    "predict_and_compile_model_4_multimer_v3_pred_0": 162.56798887252808,
    "relax_model_4_multimer_v3_pred_0": 19.21954584121704,
    "process_features_model_4_multimer_v3_pred_1": 2.86102294921875e-06,
    "predict_and_compile_model_4_multimer_v3_pred_1": 64.70432591438293,
    "relax_model_4_multimer_v3_pred_1": 18.99840521812439,
    "process_features_model_4_multimer_v3_pred_2": 2.384185791015625e-06,
    "predict_and_compile_model_4_multimer_v3_pred_2": 82.22829055786133,
    "relax_model_4_multimer_v3_pred_2": 19.514332056045532,
    "process_features_model_4_multimer_v3_pred_3": 2.86102294921875e-06,
    "predict_and_compile_model_4_multimer_v3_pred_3": 52.99440121650696,
    "relax_model_4_multimer_v3_pred_3": 18.38628363609314,
    "process_features_model_4_multimer_v3_pred_4": 2.6226043701171875e-06,
    "predict_and_compile_model_4_multimer_v3_pred_4": 93.89706230163574,
    "relax_model_4_multimer_v3_pred_4": 18.392767429351807,
    "process_features_model_5_multimer_v3_pred_0": 2.6226043701171875e-06,
    "predict_and_compile_model_5_multimer_v3_pred_0": 171.40618205070496,
    "relax_model_5_multimer_v3_pred_0": 26.0777587890625,
    "process_features_model_5_multimer_v3_pred_1": 2.86102294921875e-06,
    "predict_and_compile_model_5_multimer_v3_pred_1": 123.2616913318634,
    "relax_model_5_multimer_v3_pred_1": 18.76419472694397,
    "process_features_model_5_multimer_v3_pred_2": 2.86102294921875e-06,
    "predict_and_compile_model_5_multimer_v3_pred_2": 123.20659637451172,
    "relax_model_5_multimer_v3_pred_2": 19.704711198806763,
    "process_features_model_5_multimer_v3_pred_3": 2.1457672119140625e-06,
    "predict_and_compile_model_5_multimer_v3_pred_3": 123.36234521865845,
    "relax_model_5_multimer_v3_pred_3": 19.13698410987854,
    "process_features_model_5_multimer_v3_pred_4": 2.384185791015625e-06,
    "predict_and_compile_model_5_multimer_v3_pred_4": 123.0946877002716,
    "relax_model_5_multimer_v3_pred_4": 18.747810125350952
}