seed,sample,ranking_score
1,0,0.5964509195346884
1,1,0.5829246911963394
1,2,0.6059041561997552
1,3,0.5917265807597195
1,4,0.6248708627240523
