seed,sample,ranking_score
3,0,0.8907733838410089
3,1,0.8921754263711273
3,2,0.8938663394678664
3,3,0.8966387088236245
3,4,0.8934515288962743
