seed,sample,ranking_score
1,0,0.5229884949611303
1,1,0.5200940441678191
1,2,0.5397720835427766
1,3,0.572325128428196
1,4,0.5288009358643913
