{
    "features": 0.3204689025878906,
    "process_features_model_1_multimer_v3_pred_0": 4.76837158203125e-06,
    "predict_and_compile_model_1_multimer_v3_pred_0": 1183.7697043418884,
    "predict_benchmark_model_1_multimer_v3_pred_0": 1058.636971950531,
    "process_features_model_2_multimer_v3_pred_0": 4.76837158203125e-06,
    "predict_and_compile_model_2_multimer_v3_pred_0": 1173.9070346355438,
    "predict_benchmark_model_2_multimer_v3_pred_0": 1058.202773809433,
    "process_features_model_3_multimer_v3_pred_0": 3.5762786865234375e-06,
    "predict_and_compile_model_3_multimer_v3_pred_0": 1176.018804550171,
    "predict_benchmark_model_3_multimer_v3_pred_0": 1057.6946473121643,
    "process_features_model_4_multimer_v3_pred_0": 3.814697265625e-06,
    "predict_and_compile_model_4_multimer_v3_pred_0": 1151.2011337280273,
    "predict_benchmark_model_4_multimer_v3_pred_0": 1031.1292250156403,
    "process_features_model_5_multimer_v3_pred_0": 4.0531158447265625e-06,
    "predict_and_compile_model_5_multimer_v3_pred_0": 1138.5608222484589,
    "predict_benchmark_model_5_multimer_v3_pred_0": 1031.7251842021942
}