seed,sample,ranking_score
1,0,0.9325055684405591
1,1,0.9296480095994487
1,2,0.9277834130614918
1,3,0.9266523709850666
1,4,0.9273097039970971
