seed,sample,ranking_score
1,0,0.4026434891832612
1,1,0.3710163717166123
1,2,0.3938978371338337
1,3,0.391911365185834
1,4,0.3948010900189473
