{
    "features": 0.16199088096618652,
    "process_features_model_1_multimer_v3_pred_0": 5.0067901611328125e-06,
    "predict_and_compile_model_1_multimer_v3_pred_0": 392.50964617729187,
    "predict_benchmark_model_1_multimer_v3_pred_0": 274.4747226238251,
    "process_features_model_2_multimer_v3_pred_0": 4.0531158447265625e-06,
    "predict_and_compile_model_2_multimer_v3_pred_0": 387.8623926639557,
    "predict_benchmark_model_2_multimer_v3_pred_0": 274.5960359573364,
    "process_features_model_3_multimer_v3_pred_0": 4.0531158447265625e-06,
    "predict_and_compile_model_3_multimer_v3_pred_0": 389.9173159599304,
    "predict_benchmark_model_3_multimer_v3_pred_0": 274.4064075946808,
    "process_features_model_4_multimer_v3_pred_0": 3.814697265625e-06,
    "predict_and_compile_model_4_multimer_v3_pred_0": 387.28870916366577,
    "predict_benchmark_model_4_multimer_v3_pred_0": 266.83431911468506,
    "process_features_model_5_multimer_v3_pred_0": 4.291534423828125e-06,
    "predict_and_compile_model_5_multimer_v3_pred_0": 381.6046016216278,
    "predict_benchmark_model_5_multimer_v3_pred_0": 266.9055371284485
}