{
    "features": 0.13217830657958984,
    "process_features_model_1_multimer_v3_pred_0": 3.814697265625e-06,
    "predict_and_compile_model_1_multimer_v3_pred_0": 223.01836609840393,
    "predict_benchmark_model_1_multimer_v3_pred_0": 131.30424761772156,
    "process_features_model_2_multimer_v3_pred_0": 4.458427429199219e-05,
    "predict_and_compile_model_2_multimer_v3_pred_0": 221.06462383270264,
    "predict_benchmark_model_2_multimer_v3_pred_0": 131.13721442222595,
    "process_features_model_3_multimer_v3_pred_0": 3.3855438232421875e-05,
    "predict_and_compile_model_3_multimer_v3_pred_0": 222.27779722213745,
    "predict_benchmark_model_3_multimer_v3_pred_0": 131.19247722625732,
    "process_features_model_4_multimer_v3_pred_0": 0.00011682510375976562,
    "predict_and_compile_model_4_multimer_v3_pred_0": 228.81159949302673,
    "predict_benchmark_model_4_multimer_v3_pred_0": 127.1818597316742,
    "process_features_model_5_multimer_v3_pred_0": 4.267692565917969e-05,
    "predict_and_compile_model_5_multimer_v3_pred_0": 162.97241473197937,
    "predict_benchmark_model_5_multimer_v3_pred_0": 60.39951682090759
}