seed,sample,ranking_score
1,0,0.5252325097762695
1,1,0.5785800070324725
1,2,0.5587600371366177
1,3,0.5567975942311563
1,4,0.5383814598948229
