seed,sample,ranking_score
1,0,0.5707978625291507
1,1,0.5967440867167547
1,2,0.6162528973796066
1,3,0.5883659914074442
1,4,0.5968189067528306
