{
    "features": 0.34569573402404785,
    "process_features_model_1_multimer_v3_pred_0": 2.1219253540039062e-05,
    "predict_and_compile_model_1_multimer_v3_pred_0": 1235.5304276943207,
    "predict_benchmark_model_1_multimer_v3_pred_0": 1069.8667016029358,
    "process_features_model_2_multimer_v3_pred_0": 1.0013580322265625e-05,
    "predict_and_compile_model_2_multimer_v3_pred_0": 1225.870630979538,
    "predict_benchmark_model_2_multimer_v3_pred_0": 1069.7404487133026,
    "process_features_model_3_multimer_v3_pred_0": 2.7179718017578125e-05,
    "predict_and_compile_model_3_multimer_v3_pred_0": 1224.2274749279022,
    "predict_benchmark_model_3_multimer_v3_pred_0": 1064.7496993541718,
    "process_features_model_4_multimer_v3_pred_0": 4.291534423828125e-06,
    "predict_and_compile_model_4_multimer_v3_pred_0": 1207.1350412368774,
    "predict_benchmark_model_4_multimer_v3_pred_0": 1045.4225261211395,
    "process_features_model_5_multimer_v3_pred_0": 0.03779101371765137,
    "predict_and_compile_model_5_multimer_v3_pred_0": 1191.7256484031677,
    "predict_benchmark_model_5_multimer_v3_pred_0": 1040.5179042816162
}