{
    "features": 0.014018058776855469,
    "process_features_model_1_multimer_v3_pred_0": 3.337860107421875e-06,
    "predict_and_compile_model_1_multimer_v3_pred_0": 224.09000635147095,
    "predict_benchmark_model_1_multimer_v3_pred_0": 141.4398045539856,
    "process_features_model_2_multimer_v3_pred_0": 7.867813110351562e-06,
    "predict_and_compile_model_2_multimer_v3_pred_0": 183.60347247123718,
    "predict_benchmark_model_2_multimer_v3_pred_0": 101.01257967948914,
    "process_features_model_3_multimer_v3_pred_0": 1.1682510375976562e-05,
    "predict_and_compile_model_3_multimer_v3_pred_0": 146.39289379119873,
    "predict_benchmark_model_3_multimer_v3_pred_0": 60.46159243583679,
    "process_features_model_4_multimer_v3_pred_0": 1.0251998901367188e-05,
    "predict_and_compile_model_4_multimer_v3_pred_0": 224.39029335975647,
    "predict_benchmark_model_4_multimer_v3_pred_0": 139.18619203567505,
    "process_features_model_5_multimer_v3_pred_0": 0.00027251243591308594,
    "predict_and_compile_model_5_multimer_v3_pred_0": 235.80516481399536,
    "predict_benchmark_model_5_multimer_v3_pred_0": 139.55974960327148
}