{
    "features": 0.11170125007629395,
    "process_features_model_1_multimer_v3_pred_0": 5.0067901611328125e-06,
    "predict_and_compile_model_1_multimer_v3_pred_0": 362.5646116733551,
    "predict_benchmark_model_1_multimer_v3_pred_0": 248.7961528301239,
    "process_features_model_2_multimer_v3_pred_0": 3.814697265625e-06,
    "predict_and_compile_model_2_multimer_v3_pred_0": 193.42913365364075,
    "predict_benchmark_model_2_multimer_v3_pred_0": 83.730055809021,
    "process_features_model_3_multimer_v3_pred_0": 3.5762786865234375e-06,
    "predict_and_compile_model_3_multimer_v3_pred_0": 263.1752145290375,
    "predict_benchmark_model_3_multimer_v3_pred_0": 154.2774932384491,
    "process_features_model_4_multimer_v3_pred_0": 3.814697265625e-06,
    "predict_and_compile_model_4_multimer_v3_pred_0": 219.37621998786926,
    "predict_benchmark_model_4_multimer_v3_pred_0": 105.58563923835754,
    "process_features_model_5_multimer_v3_pred_0": 3.337860107421875e-06,
    "predict_and_compile_model_5_multimer_v3_pred_0": 207.77404141426086,
    "predict_benchmark_model_5_multimer_v3_pred_0": 93.9743218421936
}