{
    "features": 5.027686834335327,
    "process_features_model_1_multimer_v3_pred_0": 6.67572021484375e-06,
    "predict_and_compile_model_1_multimer_v3_pred_0": 208.29931211471558,
    "predict_benchmark_model_1_multimer_v3_pred_0": 127.1977128982544,
    "process_features_model_2_multimer_v3_pred_0": 2.4318695068359375e-05,
    "predict_and_compile_model_2_multimer_v3_pred_0": 228.8115096092224,
    "predict_benchmark_model_2_multimer_v3_pred_0": 140.9498689174652,
    "process_features_model_3_multimer_v3_pred_0": 3.743171691894531e-05,
    "predict_and_compile_model_3_multimer_v3_pred_0": 171.81021642684937,
    "predict_benchmark_model_3_multimer_v3_pred_0": 87.14981055259705,
    "process_features_model_4_multimer_v3_pred_0": 2.47955322265625e-05,
    "predict_and_compile_model_4_multimer_v3_pred_0": 219.129088640213,
    "predict_benchmark_model_4_multimer_v3_pred_0": 136.01669049263,
    "process_features_model_5_multimer_v3_pred_0": 1.9788742065429688e-05,
    "predict_and_compile_model_5_multimer_v3_pred_0": 140.46899366378784,
    "predict_benchmark_model_5_multimer_v3_pred_0": 58.329474210739136
}