seed,sample,ranking_score
1,0,0.562243144730662
1,1,0.5537570061802141
1,2,0.5712782055788715
1,3,0.3075851277084826
1,4,0.5462942358727886
