seed,sample,ranking_score
1,0,0.9428815256314419
1,1,0.9424276050433268
1,2,0.9436601562227842
1,3,0.9458558304379442
1,4,0.9412599323005898
