seed,sample,ranking_score
2,0,0.8536649245446475
2,1,0.8549264134383556
2,2,0.8495784552004805
2,3,0.8527314583959399
2,4,0.834366327746066
