seed,sample,ranking_score
2,0,0.5964894924451254
2,1,0.5945584077462412
2,2,0.6032495138058304
2,3,0.5892854348187165
2,4,0.6021720537751357
