{
    "features": 0.017008066177368164,
    "process_features_model_1_multimer_v3_pred_0": 2.6226043701171875e-06,
    "predict_and_compile_model_1_multimer_v3_pred_0": 233.19483399391174,
    "predict_benchmark_model_1_multimer_v3_pred_0": 148.85492825508118,
    "process_features_model_2_multimer_v3_pred_0": 1.430511474609375e-05,
    "predict_and_compile_model_2_multimer_v3_pred_0": 233.31342029571533,
    "predict_benchmark_model_2_multimer_v3_pred_0": 149.2564504146576,
    "process_features_model_3_multimer_v3_pred_0": 1.811981201171875e-05,
    "predict_and_compile_model_3_multimer_v3_pred_0": 231.9032564163208,
    "predict_benchmark_model_3_multimer_v3_pred_0": 149.3029420375824,
    "process_features_model_4_multimer_v3_pred_0": 2.1219253540039062e-05,
    "predict_and_compile_model_4_multimer_v3_pred_0": 226.98248553276062,
    "predict_benchmark_model_4_multimer_v3_pred_0": 147.16117405891418,
    "process_features_model_5_multimer_v3_pred_0": 1.33514404296875e-05,
    "predict_and_compile_model_5_multimer_v3_pred_0": 224.58334159851074,
    "predict_benchmark_model_5_multimer_v3_pred_0": 146.40417671203613
}