seed,sample,ranking_score
1,0,0.7282219543198292
1,1,0.698090180952992
1,2,0.7077390581102074
1,3,0.6792824730331661
1,4,0.7277302107722082
