seed,sample,ranking_score
1,0,0.5800210266766259
1,1,0.6043364656782687
1,2,0.5979775969043853
1,3,0.6138231910279381
1,4,0.608907746469639
