seed,sample,ranking_score
1,0,0.9810308105924735
1,1,0.9750661409371132
1,2,0.9808150308789452
1,3,0.9737842728908658
1,4,0.9823115309610821
