seed,sample,ranking_score
1,0,0.4671746652991789
1,1,0.4776223394034991
1,2,0.41174107379047276
1,3,0.5068396824248731
1,4,0.5104578271366464
