seed,sample,ranking_score
1,0,0.9171759565212498
1,1,0.8988090032499765
1,2,0.9175363470786893
1,3,0.915049615947757
1,4,0.8981672349949786
