{
    "features": 0.008063554763793945,
    "process_features_model_1_multimer_v3_pred_0": 4.291534423828125e-06,
    "predict_and_compile_model_1_multimer_v3_pred_0": 227.76133275032043,
    "relax_model_1_multimer_v3_pred_0": 23.462275981903076,
    "process_features_model_1_multimer_v3_pred_1": 4.76837158203125e-06,
    "predict_and_compile_model_1_multimer_v3_pred_1": 58.06142282485962,
    "relax_model_1_multimer_v3_pred_1": 20.82656741142273,
    "process_features_model_1_multimer_v3_pred_2": 3.337860107421875e-06,
    "predict_and_compile_model_1_multimer_v3_pred_2": 57.96621561050415,
    "relax_model_1_multimer_v3_pred_2": 21.19013547897339,
    "process_features_model_1_multimer_v3_pred_3": 3.0994415283203125e-06,
    "predict_and_compile_model_1_multimer_v3_pred_3": 69.6181869506836,
    "relax_model_1_multimer_v3_pred_3": 20.012451171875,
    "process_features_model_1_multimer_v3_pred_4": 3.0994415283203125e-06,
    "predict_and_compile_model_1_multimer_v3_pred_4": 46.48050355911255,
    "relax_model_1_multimer_v3_pred_4": 21.42709517478943,
    "process_features_model_2_multimer_v3_pred_0": 3.0994415283203125e-06,
    "predict_and_compile_model_2_multimer_v3_pred_0": 226.8973228931427,
    "relax_model_2_multimer_v3_pred_0": 20.466459035873413,
    "process_features_model_2_multimer_v3_pred_1": 3.5762786865234375e-06,
    "predict_and_compile_model_2_multimer_v3_pred_1": 46.33438181877136,
    "relax_model_2_multimer_v3_pred_1": 21.46196746826172,
    "process_features_model_2_multimer_v3_pred_2": 3.5762786865234375e-06,
    "predict_and_compile_model_2_multimer_v3_pred_2": 46.426270961761475,
    "relax_model_2_multimer_v3_pred_2": 21.73052191734314,
    "process_features_model_2_multimer_v3_pred_3": 3.814697265625e-06,
    "predict_and_compile_model_2_multimer_v3_pred_3": 46.374024391174316,
    "relax_model_2_multimer_v3_pred_3": 22.218218326568604,
    "process_features_model_2_multimer_v3_pred_4": 3.0994415283203125e-06,
    "predict_and_compile_model_2_multimer_v3_pred_4": 80.994549036026,
    "relax_model_2_multimer_v3_pred_4": 20.451987981796265,
    "process_features_model_3_multimer_v3_pred_0": 3.0994415283203125e-06,
    "predict_and_compile_model_3_multimer_v3_pred_0": 250.9969093799591,
    "relax_model_3_multimer_v3_pred_0": 33.73902773857117,
    "process_features_model_3_multimer_v3_pred_1": 3.0994415283203125e-06,
    "predict_and_compile_model_3_multimer_v3_pred_1": 69.60155391693115,
    "relax_model_3_multimer_v3_pred_1": 29.83907175064087,
    "process_features_model_3_multimer_v3_pred_2": 3.5762786865234375e-06,
    "predict_and_compile_model_3_multimer_v3_pred_2": 81.2883129119873,
    "relax_model_3_multimer_v3_pred_2": 22.005894422531128,
    "process_features_model_3_multimer_v3_pred_3": 2.86102294921875e-06,
    "predict_and_compile_model_3_multimer_v3_pred_3": 69.63643217086792,
    "relax_model_3_multimer_v3_pred_3": 22.053396940231323,
    "process_features_model_3_multimer_v3_pred_4": 2.86102294921875e-06,
    "predict_and_compile_model_3_multimer_v3_pred_4": 69.6491150856018,
    "relax_model_3_multimer_v3_pred_4": 28.477993726730347,
    "process_features_model_4_multimer_v3_pred_0": 2.6226043701171875e-06,
    "predict_and_compile_model_4_multimer_v3_pred_0": 232.8226981163025,
    "relax_model_4_multimer_v3_pred_0": 24.407910346984863,
    "process_features_model_4_multimer_v3_pred_1": 2.9325485229492188e-05,
    "predict_and_compile_model_4_multimer_v3_pred_1": 57.20699667930603,
    "relax_model_4_multimer_v3_pred_1": 20.69473910331726,
    "process_features_model_4_multimer_v3_pred_2": 2.86102294921875e-06,
    "predict_and_compile_model_4_multimer_v3_pred_2": 57.220654249191284,
    "relax_model_4_multimer_v3_pred_2": 23.832152366638184,
    "process_features_model_4_multimer_v3_pred_3": 4.76837158203125e-06,
    "predict_and_compile_model_4_multimer_v3_pred_3": 57.564048767089844,
    "relax_model_4_multimer_v3_pred_3": 26.877882480621338,
    "process_features_model_4_multimer_v3_pred_4": 3.0994415283203125e-06,
    "predict_and_compile_model_4_multimer_v3_pred_4": 57.145933628082275,
    "relax_model_4_multimer_v3_pred_4": 21.024258852005005,
    "process_features_model_5_multimer_v3_pred_0": 3.5762786865234375e-06,
    "predict_and_compile_model_5_multimer_v3_pred_0": 232.5078661441803,
    "relax_model_5_multimer_v3_pred_0": 21.30237340927124,
    "process_features_model_5_multimer_v3_pred_1": 3.337860107421875e-06,
    "predict_and_compile_model_5_multimer_v3_pred_1": 45.72738003730774,
    "relax_model_5_multimer_v3_pred_1": 20.881627321243286,
    "process_features_model_5_multimer_v3_pred_2": 3.337860107421875e-06,
    "predict_and_compile_model_5_multimer_v3_pred_2": 68.58931994438171,
    "relax_model_5_multimer_v3_pred_2": 21.61684560775757,
    "process_features_model_5_multimer_v3_pred_3": 3.0994415283203125e-06,
    "predict_and_compile_model_5_multimer_v3_pred_3": 57.09671211242676,
    "relax_model_5_multimer_v3_pred_3": 20.930163860321045,
    "process_features_model_5_multimer_v3_pred_4": 3.337860107421875e-06,
    "predict_and_compile_model_5_multimer_v3_pred_4": 68.5748279094696,
    "relax_model_5_multimer_v3_pred_4": 21.2907657623291
}