{
    "features": 0.02668905258178711,
    "process_features_model_1_multimer_v3_pred_0": 5.245208740234375e-06,
    "predict_and_compile_model_1_multimer_v3_pred_0": 151.8320255279541,
    "predict_benchmark_model_1_multimer_v3_pred_0": 70.13236880302429,
    "process_features_model_2_multimer_v3_pred_0": 1.4066696166992188e-05,
    "predict_and_compile_model_2_multimer_v3_pred_0": 247.50521516799927,
    "predict_benchmark_model_2_multimer_v3_pred_0": 163.51308751106262,
    "process_features_model_3_multimer_v3_pred_0": 1.5497207641601562e-05,
    "predict_and_compile_model_3_multimer_v3_pred_0": 170.56886911392212,
    "predict_benchmark_model_3_multimer_v3_pred_0": 85.73762536048889,
    "process_features_model_4_multimer_v3_pred_0": 4.673004150390625e-05,
    "predict_and_compile_model_4_multimer_v3_pred_0": 186.09376668930054,
    "predict_benchmark_model_4_multimer_v3_pred_0": 99.10749626159668,
    "process_features_model_5_multimer_v3_pred_0": 2.6464462280273438e-05,
    "predict_and_compile_model_5_multimer_v3_pred_0": 160.3868088722229,
    "predict_benchmark_model_5_multimer_v3_pred_0": 76.28957557678223
}