{
    "features": 0.0465235710144043,
    "process_features_model_1_multimer_v3_pred_0": 4.0531158447265625e-06,
    "predict_and_compile_model_1_multimer_v3_pred_0": 179.2386438846588,
    "predict_benchmark_model_1_multimer_v3_pred_0": 97.337717294693,
    "process_features_model_2_multimer_v3_pred_0": 2.3365020751953125e-05,
    "predict_and_compile_model_2_multimer_v3_pred_0": 174.69691228866577,
    "predict_benchmark_model_2_multimer_v3_pred_0": 97.35514807701111,
    "process_features_model_3_multimer_v3_pred_0": 1.71661376953125e-05,
    "predict_and_compile_model_3_multimer_v3_pred_0": 125.8254029750824,
    "predict_benchmark_model_3_multimer_v3_pred_0": 46.466156244277954,
    "process_features_model_4_multimer_v3_pred_0": 1.2874603271484375e-05,
    "predict_and_compile_model_4_multimer_v3_pred_0": 176.4229826927185,
    "predict_benchmark_model_4_multimer_v3_pred_0": 95.50133848190308,
    "process_features_model_5_multimer_v3_pred_0": 9.775161743164062e-06,
    "predict_and_compile_model_5_multimer_v3_pred_0": 117.08661818504333,
    "predict_benchmark_model_5_multimer_v3_pred_0": 36.545177698135376
}