seed,sample,ranking_score
3,0,0.9083455353252436
3,1,0.9107890915840914
3,2,0.9139900761851949
3,3,0.90112719397183
3,4,0.9226388698833672
