seed,sample,ranking_score
1,0,0.5505426683825184
1,1,0.5647103297682744
1,2,0.5178705402668945
1,3,0.5282066162111745
1,4,0.5511992193030333
