seed,sample,ranking_score
1,0,0.8058817654524336
1,1,0.771130650706597
1,2,0.7716116339252329
1,3,0.7686177672321243
1,4,0.7662485427493738
