seed,sample,ranking_score
2,0,0.621545666493832
2,1,0.6404740422292499
2,2,0.6113147430550342
2,3,0.6410605356099974
2,4,0.654161765993797
