seed,sample,ranking_score
1,0,0.8749335888831969
1,1,0.8778332682357117
1,2,0.8786970699104324
1,3,0.8762833009147497
1,4,0.8730411611952082
