seed,sample,ranking_score
1,0,0.4978469397279387
1,1,0.5082725814276247
1,2,0.5018137620228366
1,3,0.52523400836661
1,4,0.5038437063510139
