{
    "features": 0.012776613235473633,
    "process_features_model_1_multimer_v3_pred_0": 2.86102294921875e-06,
    "predict_and_compile_model_1_multimer_v3_pred_0": 119.57538652420044,
    "predict_benchmark_model_1_multimer_v3_pred_0": 36.92890381813049,
    "process_features_model_2_multimer_v3_pred_0": 5.340576171875e-05,
    "predict_and_compile_model_2_multimer_v3_pred_0": 124.94576978683472,
    "predict_benchmark_model_2_multimer_v3_pred_0": 36.737791299819946,
    "process_features_model_3_multimer_v3_pred_0": 1.5974044799804688e-05,
    "predict_and_compile_model_3_multimer_v3_pred_0": 123.2382082939148,
    "predict_benchmark_model_3_multimer_v3_pred_0": 36.80397939682007,
    "process_features_model_4_multimer_v3_pred_0": 1.9311904907226562e-05,
    "predict_and_compile_model_4_multimer_v3_pred_0": 130.60870456695557,
    "predict_benchmark_model_4_multimer_v3_pred_0": 40.56027030944824,
    "process_features_model_5_multimer_v3_pred_0": 1.8596649169921875e-05,
    "predict_and_compile_model_5_multimer_v3_pred_0": 183.83016538619995,
    "predict_benchmark_model_5_multimer_v3_pred_0": 94.83335828781128
}