seed,sample,ranking_score
2,0,0.8034669518289103
2,1,0.8013551319433977
2,2,0.8022627903070735
2,3,0.8055513807636281
2,4,0.8018003114678054
