seed,sample,ranking_score
1,0,0.5627131673144853
1,1,0.5382662624620774
1,2,0.5639258830297323
1,3,0.5586769518293431
1,4,0.532481580667563
