seed,sample,ranking_score
1,0,0.5109472502085464
1,1,0.506430029522982
1,2,0.3934744616137217
1,3,0.5028805099416226
1,4,0.513662419269193
