seed,sample,ranking_score
1,0,0.6865789758005038
1,1,0.6530039072485252
1,2,0.6823875533696615
1,3,0.6991113827635579
1,4,0.6888181055693308
