seed,sample,ranking_score
1,0,0.6409225246845893
1,1,0.6179776329863874
1,2,0.6293674140295245
1,3,0.6457766317052561
1,4,0.6492867408859507
