seed,sample,ranking_score
3,0,0.8216018546624637
3,1,0.8343906960303408
3,2,0.8279824574325969
3,3,0.8363221328202155
3,4,0.8255062052401275
