seed,sample,ranking_score
1,0,0.7624317509651445
1,1,0.7314277332989083
1,2,0.748435920681451
1,3,0.7360792104284559
1,4,0.7357353905174883
