seed,sample,ranking_score
1,0,0.7940566261738736
1,1,0.7798771619245531
1,2,0.7814917558175645
1,3,0.7899961636842311
1,4,0.7852005389357172
