seed,sample,ranking_score
1,0,0.5472833059843858
1,1,0.452111639194519
1,2,0.45836815137786713
1,3,0.5381165901550734
1,4,0.40913593565494544
