seed,sample,ranking_score
1,0,0.4511675383242754
1,1,0.4575602783051205
1,2,0.4835325119069598
1,3,0.3154958795947543
1,4,0.4635429478799948
