seed,sample,ranking_score
1,0,0.6847401343471554
1,1,0.7188104660164869
1,2,0.6859826596027064
1,3,0.7031331658058619
1,4,0.7167457196258608
