{
    "features": 0.018276691436767578,
    "process_features_model_1_multimer_v3_pred_0": 2.384185791015625e-06,
    "predict_and_compile_model_1_multimer_v3_pred_0": 128.74842643737793,
    "predict_benchmark_model_1_multimer_v3_pred_0": 50.64916181564331,
    "process_features_model_2_multimer_v3_pred_0": 1.0013580322265625e-05,
    "predict_and_compile_model_2_multimer_v3_pred_0": 128.840190410614,
    "predict_benchmark_model_2_multimer_v3_pred_0": 50.64180135726929,
    "process_features_model_3_multimer_v3_pred_0": 1.9550323486328125e-05,
    "predict_and_compile_model_3_multimer_v3_pred_0": 120.20208096504211,
    "predict_benchmark_model_3_multimer_v3_pred_0": 36.915935039520264,
    "process_features_model_4_multimer_v3_pred_0": 0.00014543533325195312,
    "predict_and_compile_model_4_multimer_v3_pred_0": 143.11028003692627,
    "predict_benchmark_model_4_multimer_v3_pred_0": 54.265599966049194,
    "process_features_model_5_multimer_v3_pred_0": 1.3113021850585938e-05,
    "predict_and_compile_model_5_multimer_v3_pred_0": 122.62183022499084,
    "predict_benchmark_model_5_multimer_v3_pred_0": 40.80402398109436
}