seed,sample,ranking_score
1,0,0.7078347610606608
1,1,0.6772102915708553
1,2,0.7218164367712526
1,3,0.6995195016380483
1,4,0.7016592912853233
