seed,sample,ranking_score
5,0,0.9061780788450318
5,1,0.9240885680715555
5,2,0.9100876928161801
5,3,0.9171474190676923
5,4,0.9123744875689521
