{
    "features": 0.020325899124145508,
    "process_features_model_1_multimer_v3_pred_0": 3.337860107421875e-06,
    "predict_and_compile_model_1_multimer_v3_pred_0": 250.5170545578003,
    "predict_benchmark_model_1_multimer_v3_pred_0": 173.29009008407593,
    "process_features_model_2_multimer_v3_pred_0": 4.410743713378906e-05,
    "predict_and_compile_model_2_multimer_v3_pred_0": 250.19499683380127,
    "predict_benchmark_model_2_multimer_v3_pred_0": 173.46219301223755,
    "process_features_model_3_multimer_v3_pred_0": 1.1682510375976562e-05,
    "predict_and_compile_model_3_multimer_v3_pred_0": 250.5399694442749,
    "predict_benchmark_model_3_multimer_v3_pred_0": 173.37640690803528,
    "process_features_model_4_multimer_v3_pred_0": 1.1444091796875e-05,
    "predict_and_compile_model_4_multimer_v3_pred_0": 248.2974841594696,
    "predict_benchmark_model_4_multimer_v3_pred_0": 168.841899394989,
    "process_features_model_5_multimer_v3_pred_0": 5.9604644775390625e-06,
    "predict_and_compile_model_5_multimer_v3_pred_0": 245.1571478843689,
    "predict_benchmark_model_5_multimer_v3_pred_0": 169.26921272277832
}