{
    "features": 0.014312267303466797,
    "process_features_model_1_multimer_v3_pred_0": 2.1457672119140625e-06,
    "predict_and_compile_model_1_multimer_v3_pred_0": 106.28443717956543,
    "predict_benchmark_model_1_multimer_v3_pred_0": 18.33652973175049,
    "process_features_model_2_multimer_v3_pred_0": 3.7670135498046875e-05,
    "predict_and_compile_model_2_multimer_v3_pred_0": 134.06342101097107,
    "predict_benchmark_model_2_multimer_v3_pred_0": 50.105122089385986,
    "process_features_model_3_multimer_v3_pred_0": 2.6702880859375e-05,
    "predict_and_compile_model_3_multimer_v3_pred_0": 182.3000864982605,
    "predict_benchmark_model_3_multimer_v3_pred_0": 95.45590138435364,
    "process_features_model_4_multimer_v3_pred_0": 2.384185791015625e-05,
    "predict_and_compile_model_4_multimer_v3_pred_0": 177.19155526161194,
    "predict_benchmark_model_4_multimer_v3_pred_0": 93.33781886100769,
    "process_features_model_5_multimer_v3_pred_0": 1.239776611328125e-05,
    "predict_and_compile_model_5_multimer_v3_pred_0": 144.8292419910431,
    "predict_benchmark_model_5_multimer_v3_pred_0": 62.11453437805176
}