seed,sample,ranking_score
1,0,0.8834842004912205
1,1,0.8952684811252823
1,2,0.8592877498084374
1,3,0.8841693932931709
1,4,0.8958975870156078
