seed,sample,ranking_score
1,0,0.3983404821487646
1,1,0.41405966092994284
1,2,0.3775556608760396
1,3,0.45244224332620203
1,4,0.40358113459869194
