seed,sample,ranking_score
1,0,0.7078493844676876
1,1,0.7082273394597146
1,2,0.6657046344614639
1,3,0.7220452951091565
1,4,0.7310489795070031
