seed,sample,ranking_score
1,0,0.8863205564957989
1,1,0.8879713919373302
1,2,0.8746967995946364
1,3,0.8866010444419086
1,4,0.8868312363806841
