seed,sample,ranking_score
1,0,0.5093729509782496
1,1,0.46500033951801945
1,2,0.5179440581895352
1,3,0.5046885269133005
1,4,0.47564404930284787
