{
    "features": 0.03953695297241211,
    "process_features_model_1_multimer_v3_pred_0": 3.337860107421875e-06,
    "predict_and_compile_model_1_multimer_v3_pred_0": 116.03682518005371,
    "predict_benchmark_model_1_multimer_v3_pred_0": 34.36656904220581,
    "process_features_model_2_multimer_v3_pred_0": 1.8358230590820312e-05,
    "predict_and_compile_model_2_multimer_v3_pred_0": 185.96031212806702,
    "predict_benchmark_model_2_multimer_v3_pred_0": 102.68487477302551,
    "process_features_model_3_multimer_v3_pred_0": 2.5510787963867188e-05,
    "predict_and_compile_model_3_multimer_v3_pred_0": 170.4484462738037,
    "predict_benchmark_model_3_multimer_v3_pred_0": 88.09063243865967,
    "process_features_model_4_multimer_v3_pred_0": 1.4066696166992188e-05,
    "predict_and_compile_model_4_multimer_v3_pred_0": 165.5714569091797,
    "predict_benchmark_model_4_multimer_v3_pred_0": 86.20692992210388,
    "process_features_model_5_multimer_v3_pred_0": 1.9788742065429688e-05,
    "predict_and_compile_model_5_multimer_v3_pred_0": 150.97785782814026,
    "predict_benchmark_model_5_multimer_v3_pred_0": 71.95518779754639
}