seed,sample,ranking_score
1,0,0.3635574433904113
1,1,0.5334289077432273
1,2,0.5396213915841881
1,3,0.5511995071467447
1,4,0.4800873329633818
