seed,sample,ranking_score
1,0,0.8338272693798626
1,1,0.8565748271135142
1,2,0.8512090306885771
1,3,0.8316712786501634
1,4,0.8461133713829105
