seed,sample,ranking_score
1,0,0.8323735834636623
1,1,0.8906767071205777
1,2,0.8788397988247655
1,3,0.861705816777149
1,4,0.8901459190220377
