{
    "features": 0.014960765838623047,
    "process_features_model_1_multimer_v3_pred_0": 3.0994415283203125e-06,
    "predict_and_compile_model_1_multimer_v3_pred_0": 165.02750873565674,
    "predict_benchmark_model_1_multimer_v3_pred_0": 82.63199281692505,
    "process_features_model_2_multimer_v3_pred_0": 1.6450881958007812e-05,
    "predict_and_compile_model_2_multimer_v3_pred_0": 167.099294424057,
    "predict_benchmark_model_2_multimer_v3_pred_0": 87.81606817245483,
    "process_features_model_3_multimer_v3_pred_0": 1.7642974853515625e-05,
    "predict_and_compile_model_3_multimer_v3_pred_0": 129.489928483963,
    "predict_benchmark_model_3_multimer_v3_pred_0": 51.404030323028564,
    "process_features_model_4_multimer_v3_pred_0": 1.9311904907226562e-05,
    "predict_and_compile_model_4_multimer_v3_pred_0": 187.74366211891174,
    "predict_benchmark_model_4_multimer_v3_pred_0": 104.85577178001404,
    "process_features_model_5_multimer_v3_pred_0": 2.5272369384765625e-05,
    "predict_and_compile_model_5_multimer_v3_pred_0": 181.43206906318665,
    "predict_benchmark_model_5_multimer_v3_pred_0": 104.89255118370056
}