seed,sample,ranking_score
3,0,0.6408760994643196
3,1,0.6163688921942004
3,2,0.6536624717639069
3,3,0.6389843641068425
3,4,0.641693001304086
