{
    "features": 0.0234835147857666,
    "process_features_model_1_multimer_v3_pred_0": 3.337860107421875e-06,
    "predict_and_compile_model_1_multimer_v3_pred_0": 223.11331748962402,
    "predict_benchmark_model_1_multimer_v3_pred_0": 143.1130313873291,
    "process_features_model_2_multimer_v3_pred_0": 1.7404556274414062e-05,
    "predict_and_compile_model_2_multimer_v3_pred_0": 222.4338836669922,
    "predict_benchmark_model_2_multimer_v3_pred_0": 143.41173768043518,
    "process_features_model_3_multimer_v3_pred_0": 2.0265579223632812e-05,
    "predict_and_compile_model_3_multimer_v3_pred_0": 222.43259739875793,
    "predict_benchmark_model_3_multimer_v3_pred_0": 143.1435570716858,
    "process_features_model_4_multimer_v3_pred_0": 3.0040740966796875e-05,
    "predict_and_compile_model_4_multimer_v3_pred_0": 221.02183842658997,
    "predict_benchmark_model_4_multimer_v3_pred_0": 139.98992133140564,
    "process_features_model_5_multimer_v3_pred_0": 4.0531158447265625e-05,
    "predict_and_compile_model_5_multimer_v3_pred_0": 221.3124701976776,
    "predict_benchmark_model_5_multimer_v3_pred_0": 139.83413577079773
}