seed,sample,ranking_score
4,0,0.9348107945019428
4,1,0.9380488961155908
4,2,0.9474791397644513
4,3,0.9321897823467539
4,4,0.9453808065608561
