seed,sample,ranking_score
3,0,0.9471919436915627
3,1,0.9373600986446845
3,2,0.9407236969053413
3,3,0.9387820079800535
3,4,0.9356867517437681
