{
    "features": 0.06133460998535156,
    "process_features_model_1_multimer_v3_pred_0": 5.0067901611328125e-06,
    "predict_and_compile_model_1_multimer_v3_pred_0": 137.47762203216553,
    "predict_benchmark_model_1_multimer_v3_pred_0": 55.09952187538147,
    "process_features_model_2_multimer_v3_pred_0": 2.7418136596679688e-05,
    "predict_and_compile_model_2_multimer_v3_pred_0": 211.733717918396,
    "predict_benchmark_model_2_multimer_v3_pred_0": 129.03622794151306,
    "process_features_model_3_multimer_v3_pred_0": 4.315376281738281e-05,
    "predict_and_compile_model_3_multimer_v3_pred_0": 120.55565190315247,
    "predict_benchmark_model_3_multimer_v3_pred_0": 36.77318716049194,
    "process_features_model_4_multimer_v3_pred_0": 1.9550323486328125e-05,
    "predict_and_compile_model_4_multimer_v3_pred_0": 207.688472032547,
    "predict_benchmark_model_4_multimer_v3_pred_0": 124.67429232597351,
    "process_features_model_5_multimer_v3_pred_0": 2.9325485229492188e-05,
    "predict_and_compile_model_5_multimer_v3_pred_0": 150.68940711021423,
    "predict_benchmark_model_5_multimer_v3_pred_0": 71.26994395256042
}