seed,sample,ranking_score
1,0,0.6470291275337936
1,1,0.6181971471978326
1,2,0.6412120633965218
1,3,0.6142914692810351
1,4,0.6249378417745205
