seed,sample,ranking_score
1,0,0.6801442200631771
1,1,0.696558339409757
1,2,0.6771980904590312
1,3,0.6874288399067676
1,4,0.6780285614035768
