{
    "iptm+ptm": {
        "model_1_multimer_v3_pred_0": 0.7450662957158697,
        "model_1_multimer_v3_pred_1": 0.7334787968086532,
        "model_1_multimer_v3_pred_2": 0.729340887472936,
        "model_1_multimer_v3_pred_3": 0.742611027770858,
        "model_1_multimer_v3_pred_4": 0.7406138960986419,
        "model_2_multimer_v3_pred_0": 0.7296033944570657,
        "model_2_multimer_v3_pred_1": 0.7201974122022932,
        "model_2_multimer_v3_pred_2": 0.7122469334125026,
        "model_2_multimer_v3_pred_3": 0.7278246085894599,
        "model_2_multimer_v3_pred_4": 0.7267547327134126,
        "model_3_multimer_v3_pred_0": 0.7405808671022783,
        "model_3_multimer_v3_pred_1": 0.7135423968993829,
        "model_3_multimer_v3_pred_2": 0.7181069853779865,
        "model_3_multimer_v3_pred_3": 0.7419110305758625,
        "model_3_multimer_v3_pred_4": 0.7152435021177059,
        "model_4_multimer_v3_pred_0": 0.7421885929170573,
        "model_4_multimer_v3_pred_1": 0.7322833577783325,
        "model_4_multimer_v3_pred_2": 0.7415128328584341,
        "model_4_multimer_v3_pred_3": 0.7283819191860034,
        "model_4_multimer_v3_pred_4": 0.7274021533555877,
        "model_5_multimer_v3_pred_0": 0.744348815227976,
        "model_5_multimer_v3_pred_1": 0.7472608331250685,
        "model_5_multimer_v3_pred_2": 0.7430440219563682,
        "model_5_multimer_v3_pred_3": 0.7439859918562431,
        "model_5_multimer_v3_pred_4": 0.7284884659167454
    },
    "order": [
        "model_5_multimer_v3_pred_1",
        "model_1_multimer_v3_pred_0",
        "model_5_multimer_v3_pred_0",
        "model_5_multimer_v3_pred_3",
        "model_5_multimer_v3_pred_2",
        "model_1_multimer_v3_pred_3",
        "model_4_multimer_v3_pred_0",
        "model_3_multimer_v3_pred_3",
        "model_4_multimer_v3_pred_2",
        "model_1_multimer_v3_pred_4",
        "model_3_multimer_v3_pred_0",
        "model_1_multimer_v3_pred_1",
        "model_4_multimer_v3_pred_1",
        "model_2_multimer_v3_pred_0",
        "model_1_multimer_v3_pred_2",
        "model_5_multimer_v3_pred_4",
        "model_4_multimer_v3_pred_3",
        "model_2_multimer_v3_pred_3",
        "model_4_multimer_v3_pred_4",
        "model_2_multimer_v3_pred_4",
        "model_2_multimer_v3_pred_1",
        "model_3_multimer_v3_pred_2",
        "model_3_multimer_v3_pred_4",
        "model_3_multimer_v3_pred_1",
        "model_2_multimer_v3_pred_2"
    ]
}