seed,sample,ranking_score
1,0,0.6802301873101904
1,1,0.6849248474772748
1,2,0.6820143463310872
1,3,0.6868433144418093
1,4,0.7021250680523526
