seed,sample,ranking_score
1,0,0.4338218814012657
1,1,0.4231419439518811
1,2,0.4396143094961546
1,3,0.4155150838864179
1,4,0.42912956727403184
