seed,sample,ranking_score
1,0,0.7198651123369383
1,1,0.7406451732517871
1,2,0.7347762783960193
1,3,0.7295043383878481
1,4,0.7361352810070575
