seed,sample,ranking_score
1,0,0.5869017114501565
1,1,0.5991782735182138
1,2,0.6203345000922297
1,3,0.6122925699520684
1,4,0.6126136317812658
