seed,sample,ranking_score
1,0,0.6371664556662279
1,1,0.6258767238813662
1,2,0.6072983604001271
1,3,0.6198764950429065
1,4,0.6175340499616864
