seed,sample,ranking_score
1,0,0.7708497623181441
1,1,0.7830631051716991
1,2,0.7844631643079817
1,3,0.7957012943851525
1,4,0.7645468240616604
