seed,sample,ranking_score
1,0,0.8499041844993553
1,1,0.8515168960194784
1,2,0.8617889149491749
1,3,0.8478887408000432
1,4,0.8537316971597732
