{
    "features": 0.04428720474243164,
    "process_features_model_1_multimer_v3_pred_0": 4.76837158203125e-06,
    "predict_and_compile_model_1_multimer_v3_pred_0": 260.73274850845337,
    "predict_benchmark_model_1_multimer_v3_pred_0": 174.58841800689697,
    "process_features_model_2_multimer_v3_pred_0": 3.0040740966796875e-05,
    "predict_and_compile_model_2_multimer_v3_pred_0": 255.916512966156,
    "predict_benchmark_model_2_multimer_v3_pred_0": 174.3718340396881,
    "process_features_model_3_multimer_v3_pred_0": 5.245208740234375e-06,
    "predict_and_compile_model_3_multimer_v3_pred_0": 257.9718186855316,
    "predict_benchmark_model_3_multimer_v3_pred_0": 175.11346912384033,
    "process_features_model_4_multimer_v3_pred_0": 1.8835067749023438e-05,
    "predict_and_compile_model_4_multimer_v3_pred_0": 256.4016282558441,
    "predict_benchmark_model_4_multimer_v3_pred_0": 169.08731651306152,
    "process_features_model_5_multimer_v3_pred_0": 9.059906005859375e-06,
    "predict_and_compile_model_5_multimer_v3_pred_0": 260.9341197013855,
    "predict_benchmark_model_5_multimer_v3_pred_0": 168.9563286304474
}