{
    "features": 0.04078483581542969,
    "process_features_model_1_multimer_v3_pred_0": 3.0994415283203125e-06,
    "predict_and_compile_model_1_multimer_v3_pred_0": 235.05911946296692,
    "predict_benchmark_model_1_multimer_v3_pred_0": 160.080504655838,
    "process_features_model_2_multimer_v3_pred_0": 1.4543533325195312e-05,
    "predict_and_compile_model_2_multimer_v3_pred_0": 235.52420830726624,
    "predict_benchmark_model_2_multimer_v3_pred_0": 159.8102264404297,
    "process_features_model_3_multimer_v3_pred_0": 2.3603439331054688e-05,
    "predict_and_compile_model_3_multimer_v3_pred_0": 238.04577684402466,
    "predict_benchmark_model_3_multimer_v3_pred_0": 159.49056935310364,
    "process_features_model_4_multimer_v3_pred_0": 2.47955322265625e-05,
    "predict_and_compile_model_4_multimer_v3_pred_0": 235.9084026813507,
    "predict_benchmark_model_4_multimer_v3_pred_0": 155.27086973190308,
    "process_features_model_5_multimer_v3_pred_0": 2.3365020751953125e-05,
    "predict_and_compile_model_5_multimer_v3_pred_0": 237.2400712966919,
    "predict_benchmark_model_5_multimer_v3_pred_0": 155.31642246246338
}