{
    "iptm+ptm": {
        "model_1_multimer_v3_pred_0": 0.6405693777909056,
        "model_1_multimer_v3_pred_1": 0.6363106418383079,
        "model_1_multimer_v3_pred_2": 0.634663601171817,
        "model_1_multimer_v3_pred_3": 0.6429268986489616,
        "model_1_multimer_v3_pred_4": 0.6437666024954926,
        "model_2_multimer_v3_pred_0": 0.8341372296276218,
        "model_2_multimer_v3_pred_1": 0.8316431913826533,
        "model_2_multimer_v3_pred_2": 0.8283785018490777,
        "model_2_multimer_v3_pred_3": 0.8336027598430203,
        "model_2_multimer_v3_pred_4": 0.8202593009660546,
        "model_3_multimer_v3_pred_0": 0.779756456167003,
        "model_3_multimer_v3_pred_1": 0.7872208936821561,
        "model_3_multimer_v3_pred_2": 0.6150661375275044,
        "model_3_multimer_v3_pred_3": 0.5583931360595593,
        "model_3_multimer_v3_pred_4": 0.7761758384065318,
        "model_4_multimer_v3_pred_0": 0.6555560871800761,
        "model_4_multimer_v3_pred_1": 0.6474222615123411,
        "model_4_multimer_v3_pred_2": 0.7983715076721127,
        "model_4_multimer_v3_pred_3": 0.7988986001000316,
        "model_4_multimer_v3_pred_4": 0.8011099549131415,
        "model_5_multimer_v3_pred_0": 0.8165544358193292,
        "model_5_multimer_v3_pred_1": 0.8135111229995745,
        "model_5_multimer_v3_pred_2": 0.8135854116912093,
        "model_5_multimer_v3_pred_3": 0.8151391567803568,
        "model_5_multimer_v3_pred_4": 0.8102451983579897
    },
    "order": [
        "model_2_multimer_v3_pred_0",
        "model_2_multimer_v3_pred_3",
        "model_2_multimer_v3_pred_1",
        "model_2_multimer_v3_pred_2",
        "model_2_multimer_v3_pred_4",
        "model_5_multimer_v3_pred_0",
        "model_5_multimer_v3_pred_3",
        "model_5_multimer_v3_pred_2",
        "model_5_multimer_v3_pred_1",
        "model_5_multimer_v3_pred_4",
        "model_4_multimer_v3_pred_4",
        "model_4_multimer_v3_pred_3",
        "model_4_multimer_v3_pred_2",
        "model_3_multimer_v3_pred_1",
        "model_3_multimer_v3_pred_0",
        "model_3_multimer_v3_pred_4",
        "model_4_multimer_v3_pred_0",
        "model_4_multimer_v3_pred_1",
        "model_1_multimer_v3_pred_4",
        "model_1_multimer_v3_pred_3",
        "model_1_multimer_v3_pred_0",
        "model_1_multimer_v3_pred_1",
        "model_1_multimer_v3_pred_2",
        "model_3_multimer_v3_pred_2",
        "model_3_multimer_v3_pred_3"
    ]
}