seed,sample,ranking_score
1,0,0.7045984123511462
1,1,0.6911976617203182
1,2,0.8465017577274245
1,3,0.8410773939725934
1,4,0.8448136396864878
