seed,sample,ranking_score
1,0,0.616035098690797
1,1,0.541609446406177
1,2,0.5465219986437808
1,3,0.5479814323951571
1,4,0.5620559692349875
