seed,sample,ranking_score
2,0,0.8557454444070852
2,1,0.8504520025438821
2,2,0.8339799182526145
2,3,0.8365680157957699
2,4,0.8372031092380833
