{
    "features": 0.018739938735961914,
    "process_features_model_1_multimer_v3_pred_0": 3.0994415283203125e-06,
    "predict_and_compile_model_1_multimer_v3_pred_0": 130.81390047073364,
    "predict_benchmark_model_1_multimer_v3_pred_0": 48.78261160850525,
    "process_features_model_2_multimer_v3_pred_0": 4.601478576660156e-05,
    "predict_and_compile_model_2_multimer_v3_pred_0": 146.3235318660736,
    "predict_benchmark_model_2_multimer_v3_pred_0": 64.88867425918579,
    "process_features_model_3_multimer_v3_pred_0": 2.6226043701171875e-05,
    "predict_and_compile_model_3_multimer_v3_pred_0": 166.6435911655426,
    "predict_benchmark_model_3_multimer_v3_pred_0": 86.41855645179749,
    "process_features_model_4_multimer_v3_pred_0": 1.4543533325195312e-05,
    "predict_and_compile_model_4_multimer_v3_pred_0": 190.6984362602234,
    "predict_benchmark_model_4_multimer_v3_pred_0": 111.22379899024963,
    "process_features_model_5_multimer_v3_pred_0": 3.0279159545898438e-05,
    "predict_and_compile_model_5_multimer_v3_pred_0": 187.75383353233337,
    "predict_benchmark_model_5_multimer_v3_pred_0": 111.62695074081421
}