seed,sample,ranking_score
1,0,0.32545688371380976
1,1,0.2991839747842577
1,2,0.3271409541886134
1,3,0.3112636990126676
1,4,0.2984255422759832
