seed,sample,ranking_score
1,0,0.6492372929475524
1,1,0.6469280469152232
1,2,0.6502657946187113
1,3,0.6536039748540003
1,4,0.5946825861345081
