seed,sample,ranking_score
3,0,0.8275956278386768
3,1,0.8087043264158842
3,2,0.828710183144983
3,3,0.8272214352875191
3,4,0.8652807815999366
