{
    "features": 0.5340938568115234,
    "process_features_model_1_multimer_v3_pred_0": 5.7220458984375e-06,
    "predict_and_compile_model_1_multimer_v3_pred_0": 2068.0302929878235,
    "predict_benchmark_model_1_multimer_v3_pred_0": 1935.6543192863464,
    "process_features_model_2_multimer_v3_pred_0": 2.9087066650390625e-05,
    "predict_and_compile_model_2_multimer_v3_pred_0": 2046.9741067886353,
    "predict_benchmark_model_2_multimer_v3_pred_0": 1936.4224438667297,
    "process_features_model_3_multimer_v3_pred_0": 0.0009293556213378906,
    "predict_and_compile_model_3_multimer_v3_pred_0": 2049.7682807445526,
    "predict_benchmark_model_3_multimer_v3_pred_0": 1934.8185820579529,
    "process_features_model_4_multimer_v3_pred_0": 5.0067901611328125e-06,
    "predict_and_compile_model_4_multimer_v3_pred_0": 2006.6121501922607,
    "predict_benchmark_model_4_multimer_v3_pred_0": 1885.6561045646667,
    "process_features_model_5_multimer_v3_pred_0": 5.245208740234375e-06,
    "predict_and_compile_model_5_multimer_v3_pred_0": 2001.4506702423096,
    "predict_benchmark_model_5_multimer_v3_pred_0": 1894.4376199245453
}