seed,sample,ranking_score
1,0,0.5414001214272552
1,1,0.5728233247535043
1,2,0.5433358603588134
1,3,0.5231487448348477
1,4,0.5655449691753063
