seed,sample,ranking_score
3,0,0.6591996233282721
3,1,0.6254352290013878
3,2,0.6689150524758268
3,3,0.6639592163035286
3,4,0.6614238095338616
