{
    "features": 0.006711006164550781,
    "process_features_model_1_multimer_v3_pred_0": 3.337860107421875e-06,
    "predict_and_compile_model_1_multimer_v3_pred_0": 247.87242150306702,
    "relax_model_1_multimer_v3_pred_0": 39.73606777191162,
    "process_features_model_1_multimer_v3_pred_1": 2.1457672119140625e-06,
    "predict_and_compile_model_1_multimer_v3_pred_1": 136.57479095458984,
    "relax_model_1_multimer_v3_pred_1": 26.577598571777344,
    "process_features_model_1_multimer_v3_pred_2": 1.9073486328125e-06,
    "predict_and_compile_model_1_multimer_v3_pred_2": 136.67680883407593,
    "relax_model_1_multimer_v3_pred_2": 36.30999255180359,
    "process_features_model_1_multimer_v3_pred_3": 2.86102294921875e-06,
    "predict_and_compile_model_1_multimer_v3_pred_3": 136.6018249988556,
    "relax_model_1_multimer_v3_pred_3": 18.80156970024109,
    "process_features_model_1_multimer_v3_pred_4": 2.384185791015625e-06,
    "predict_and_compile_model_1_multimer_v3_pred_4": 136.7558867931366,
    "relax_model_1_multimer_v3_pred_4": 34.20637273788452,
    "process_features_model_2_multimer_v3_pred_0": 2.6226043701171875e-06,
    "predict_and_compile_model_2_multimer_v3_pred_0": 167.16692471504211,
    "relax_model_2_multimer_v3_pred_0": 34.027594566345215,
    "process_features_model_2_multimer_v3_pred_1": 2.384185791015625e-06,
    "predict_and_compile_model_2_multimer_v3_pred_1": 136.7621772289276,
    "relax_model_2_multimer_v3_pred_1": 36.19388556480408,
    "process_features_model_2_multimer_v3_pred_2": 4.5299530029296875e-06,
    "predict_and_compile_model_2_multimer_v3_pred_2": 130.16831707954407,
    "relax_model_2_multimer_v3_pred_2": 33.9641809463501,
    "process_features_model_2_multimer_v3_pred_3": 2.384185791015625e-06,
    "predict_and_compile_model_2_multimer_v3_pred_3": 136.47330784797668,
    "relax_model_2_multimer_v3_pred_3": 35.7798855304718,
    "process_features_model_2_multimer_v3_pred_4": 2.1457672119140625e-06,
    "predict_and_compile_model_2_multimer_v3_pred_4": 136.57936596870422,
    "relax_model_2_multimer_v3_pred_4": 35.25248050689697,
    "process_features_model_3_multimer_v3_pred_0": 2.6226043701171875e-06,
    "predict_and_compile_model_3_multimer_v3_pred_0": 148.4489667415619,
    "relax_model_3_multimer_v3_pred_0": 34.020024061203,
    "process_features_model_3_multimer_v3_pred_1": 2.86102294921875e-06,
    "predict_and_compile_model_3_multimer_v3_pred_1": 52.33151125907898,
    "relax_model_3_multimer_v3_pred_1": 33.441725969314575,
    "process_features_model_3_multimer_v3_pred_2": 2.6226043701171875e-06,
    "predict_and_compile_model_3_multimer_v3_pred_2": 45.886295795440674,
    "relax_model_3_multimer_v3_pred_2": 35.014007568359375,
    "process_features_model_3_multimer_v3_pred_3": 3.814697265625e-06,
    "predict_and_compile_model_3_multimer_v3_pred_3": 97.79652833938599,
    "relax_model_3_multimer_v3_pred_3": 27.192074298858643,
    "process_features_model_3_multimer_v3_pred_4": 4.5299530029296875e-06,
    "predict_and_compile_model_3_multimer_v3_pred_4": 59.33998107910156,
    "relax_model_3_multimer_v3_pred_4": 52.208720207214355,
    "process_features_model_4_multimer_v3_pred_0": 2.384185791015625e-06,
    "predict_and_compile_model_4_multimer_v3_pred_0": 215.53630757331848,
    "relax_model_4_multimer_v3_pred_0": 26.928170442581177,
    "process_features_model_4_multimer_v3_pred_1": 2.1457672119140625e-06,
    "predict_and_compile_model_4_multimer_v3_pred_1": 114.68316888809204,
    "relax_model_4_multimer_v3_pred_1": 19.727428197860718,
    "process_features_model_4_multimer_v3_pred_2": 2.86102294921875e-06,
    "predict_and_compile_model_4_multimer_v3_pred_2": 133.9176197052002,
    "relax_model_4_multimer_v3_pred_2": 19.441763877868652,
    "process_features_model_4_multimer_v3_pred_3": 2.6226043701171875e-06,
    "predict_and_compile_model_4_multimer_v3_pred_3": 89.1051824092865,
    "relax_model_4_multimer_v3_pred_3": 19.047778367996216,
    "process_features_model_4_multimer_v3_pred_4": 2.384185791015625e-06,
    "predict_and_compile_model_4_multimer_v3_pred_4": 133.63498759269714,
    "relax_model_4_multimer_v3_pred_4": 33.14204454421997,
    "process_features_model_5_multimer_v3_pred_0": 1.9073486328125e-06,
    "predict_and_compile_model_5_multimer_v3_pred_0": 243.92896032333374,
    "relax_model_5_multimer_v3_pred_0": 26.874684810638428,
    "process_features_model_5_multimer_v3_pred_1": 2.6226043701171875e-06,
    "predict_and_compile_model_5_multimer_v3_pred_1": 51.2182137966156,
    "relax_model_5_multimer_v3_pred_1": 26.14173674583435,
    "process_features_model_5_multimer_v3_pred_2": 2.1457672119140625e-06,
    "predict_and_compile_model_5_multimer_v3_pred_2": 76.6767566204071,
    "relax_model_5_multimer_v3_pred_2": 26.232563257217407,
    "process_features_model_5_multimer_v3_pred_3": 2.384185791015625e-06,
    "predict_and_compile_model_5_multimer_v3_pred_3": 133.83096504211426,
    "relax_model_5_multimer_v3_pred_3": 33.937512159347534,
    "process_features_model_5_multimer_v3_pred_4": 2.384185791015625e-06,
    "predict_and_compile_model_5_multimer_v3_pred_4": 89.318594455719,
    "relax_model_5_multimer_v3_pred_4": 18.741334915161133
}