seed,sample,ranking_score
1,0,0.6471379874389483
1,1,0.6443920535008799
1,2,0.40170380595963673
1,3,0.6698827465539815
1,4,0.645332318373738
