seed,sample,ranking_score
1,0,0.9035743527652672
1,1,0.9079482002662029
1,2,0.907734925635383
1,3,0.9140675729014277
1,4,0.905146772402301
