{
    "features": 0.12742233276367188,
    "process_features_model_1_multimer_v3_pred_0": 5.0067901611328125e-06,
    "predict_and_compile_model_1_multimer_v3_pred_0": 209.50664281845093,
    "predict_benchmark_model_1_multimer_v3_pred_0": 133.81595158576965,
    "process_features_model_2_multimer_v3_pred_0": 1.9550323486328125e-05,
    "predict_and_compile_model_2_multimer_v3_pred_0": 309.4982235431671,
    "predict_benchmark_model_2_multimer_v3_pred_0": 234.33622670173645,
    "process_features_model_3_multimer_v3_pred_0": 2.9325485229492188e-05,
    "predict_and_compile_model_3_multimer_v3_pred_0": 234.95411586761475,
    "predict_benchmark_model_3_multimer_v3_pred_0": 156.45263576507568,
    "process_features_model_4_multimer_v3_pred_0": 2.3365020751953125e-05,
    "predict_and_compile_model_4_multimer_v3_pred_0": 231.52802348136902,
    "predict_benchmark_model_4_multimer_v3_pred_0": 152.8182873725891,
    "process_features_model_5_multimer_v3_pred_0": 2.574920654296875e-05,
    "predict_and_compile_model_5_multimer_v3_pred_0": 187.07374930381775,
    "predict_benchmark_model_5_multimer_v3_pred_0": 109.02903747558594
}