seed,sample,ranking_score
1,0,0.6469811169239758
1,1,0.6488943085050124
1,2,0.6194174778557608
1,3,0.643931517979579
1,4,0.6315687647854203
