seed,sample,ranking_score
1,0,0.6376204650633404
1,1,0.7494711191263506
1,2,0.7778135587381744
1,3,0.7062476995119413
1,4,0.6780515231738472
