seed,sample,ranking_score
4,0,0.46407102960417107
4,1,0.45145136947270414
4,2,0.424346678264768
4,3,0.42211347056460397
4,4,0.44473312491647055
