seed,sample,ranking_score
1,0,0.6973231853117231
1,1,0.6993839671373707
1,2,0.6747706989085922
1,3,0.6975113000773265
1,4,0.6762353553091447
