seed,sample,ranking_score
1,0,0.7582434573742861
1,1,0.7425380947173185
1,2,0.7569928352320465
1,3,0.7537744224821817
1,4,0.7490671274216442
