seed,sample,ranking_score
1,0,1.0031141752536876
1,1,1.0043210568196914
1,2,1.0033456848114692
1,3,1.0052409104232594
1,4,1.0030120389086894
