seed,sample,ranking_score
4,0,0.8701004676485689
4,1,0.8664926055407614
4,2,0.8717492284434146
4,3,0.869890380001887
4,4,0.8657881133356302
