seed,sample,ranking_score
1,0,0.6522500594907781
1,1,0.6586548303549732
1,2,0.6423864654908064
1,3,0.6385578688614388
1,4,0.647000501502334
