seed,sample,ranking_score
1,0,0.5089218664729015
1,1,0.5130819721992188
1,2,0.5133930830691642
1,3,0.5127899490481206
1,4,0.5120698233161816
