{
    "features": 0.11332130432128906,
    "process_features_model_1_multimer_v3_pred_0": 5.9604644775390625e-06,
    "predict_and_compile_model_1_multimer_v3_pred_0": 232.90554690361023,
    "predict_benchmark_model_1_multimer_v3_pred_0": 146.99670386314392,
    "process_features_model_2_multimer_v3_pred_0": 4.982948303222656e-05,
    "predict_and_compile_model_2_multimer_v3_pred_0": 236.8869137763977,
    "predict_benchmark_model_2_multimer_v3_pred_0": 147.32358813285828,
    "process_features_model_3_multimer_v3_pred_0": 7.510185241699219e-05,
    "predict_and_compile_model_3_multimer_v3_pred_0": 153.2214376926422,
    "predict_benchmark_model_3_multimer_v3_pred_0": 56.249541997909546,
    "process_features_model_4_multimer_v3_pred_0": 2.2172927856445312e-05,
    "predict_and_compile_model_4_multimer_v3_pred_0": 231.47296714782715,
    "predict_benchmark_model_4_multimer_v3_pred_0": 142.35328841209412,
    "process_features_model_5_multimer_v3_pred_0": 3.123283386230469e-05,
    "predict_and_compile_model_5_multimer_v3_pred_0": 226.13347506523132,
    "predict_benchmark_model_5_multimer_v3_pred_0": 142.32445192337036
}