seed,sample,ranking_score
1,0,0.4994235273086982
1,1,0.47311206480860696
1,2,0.44445134912970374
1,3,0.4669590120551206
1,4,0.4532673981638443
