seed,sample,ranking_score
1,0,0.4911253637922206
1,1,0.44152558494167915
1,2,0.45448698962020917
1,3,0.4434848046182672
1,4,0.47475925211860287
