seed,sample,ranking_score
1,0,0.7724970453814125
1,1,0.7988519612956752
1,2,0.7654043248601363
1,3,0.7640647969490842
1,4,0.8020627589450011
