seed,sample,ranking_score
1,0,0.6532889821725348
1,1,0.6594153763849506
1,2,0.6049556879884839
1,3,0.6122979726119296
1,4,0.6553018217620724
