{
    "features": 0.08730459213256836,
    "process_features_model_1_multimer_v3_pred_0": 2.6226043701171875e-06,
    "predict_and_compile_model_1_multimer_v3_pred_0": 350.1881022453308,
    "predict_benchmark_model_1_multimer_v3_pred_0": 276.03648805618286,
    "process_features_model_2_multimer_v3_pred_0": 4.124641418457031e-05,
    "predict_and_compile_model_2_multimer_v3_pred_0": 348.31913685798645,
    "predict_benchmark_model_2_multimer_v3_pred_0": 275.37618613243103,
    "process_features_model_3_multimer_v3_pred_0": 4.601478576660156e-05,
    "predict_and_compile_model_3_multimer_v3_pred_0": 350.57284712791443,
    "predict_benchmark_model_3_multimer_v3_pred_0": 275.3057370185852,
    "process_features_model_4_multimer_v3_pred_0": 3.9577484130859375e-05,
    "predict_and_compile_model_4_multimer_v3_pred_0": 343.3852381706238,
    "predict_benchmark_model_4_multimer_v3_pred_0": 266.9391791820526,
    "process_features_model_5_multimer_v3_pred_0": 1.2636184692382812e-05,
    "predict_and_compile_model_5_multimer_v3_pred_0": 342.99544501304626,
    "predict_benchmark_model_5_multimer_v3_pred_0": 267.4783048629761
}