seed,sample,ranking_score
1,0,0.5151579185109331
1,1,0.5254387526912396
1,2,0.5172311786959374
1,3,0.5255847721230312
1,4,0.5486262330892784
