{
    "features": 0.0072650909423828125,
    "process_features_model_1_multimer_v3_pred_0": 3.814697265625e-06,
    "predict_and_compile_model_1_multimer_v3_pred_0": 143.38745427131653,
    "relax_model_1_multimer_v3_pred_0": 22.149261713027954,
    "process_features_model_1_multimer_v3_pred_1": 3.0994415283203125e-06,
    "predict_and_compile_model_1_multimer_v3_pred_1": 25.18178939819336,
    "relax_model_1_multimer_v3_pred_1": 19.57630157470703,
    "process_features_model_1_multimer_v3_pred_2": 2.6226043701171875e-06,
    "predict_and_compile_model_1_multimer_v3_pred_2": 44.96582818031311,
    "relax_model_1_multimer_v3_pred_2": 34.00893592834473,
    "process_features_model_1_multimer_v3_pred_3": 2.384185791015625e-06,
    "predict_and_compile_model_1_multimer_v3_pred_3": 49.98518705368042,
    "relax_model_1_multimer_v3_pred_3": 19.762211084365845,
    "process_features_model_1_multimer_v3_pred_4": 3.0994415283203125e-06,
    "predict_and_compile_model_1_multimer_v3_pred_4": 40.01931166648865,
    "relax_model_1_multimer_v3_pred_4": 18.984967708587646,
    "process_features_model_2_multimer_v3_pred_0": 2.384185791015625e-06,
    "predict_and_compile_model_2_multimer_v3_pred_0": 131.407146692276,
    "relax_model_2_multimer_v3_pred_0": 20.38028120994568,
    "process_features_model_2_multimer_v3_pred_1": 2.86102294921875e-06,
    "predict_and_compile_model_2_multimer_v3_pred_1": 30.11282205581665,
    "relax_model_2_multimer_v3_pred_1": 27.746172189712524,
    "process_features_model_2_multimer_v3_pred_2": 3.5762786865234375e-06,
    "predict_and_compile_model_2_multimer_v3_pred_2": 69.87366986274719,
    "relax_model_2_multimer_v3_pred_2": 28.07909893989563,
    "process_features_model_2_multimer_v3_pred_3": 2.86102294921875e-06,
    "predict_and_compile_model_2_multimer_v3_pred_3": 64.82625460624695,
    "relax_model_2_multimer_v3_pred_3": 27.882218599319458,
    "process_features_model_2_multimer_v3_pred_4": 2.384185791015625e-06,
    "predict_and_compile_model_2_multimer_v3_pred_4": 70.070063829422,
    "relax_model_2_multimer_v3_pred_4": 27.76408815383911,
    "process_features_model_3_multimer_v3_pred_0": 2.86102294921875e-06,
    "predict_and_compile_model_3_multimer_v3_pred_0": 212.39755415916443,
    "relax_model_3_multimer_v3_pred_0": 20.331332445144653,
    "process_features_model_3_multimer_v3_pred_1": 2.86102294921875e-06,
    "predict_and_compile_model_3_multimer_v3_pred_1": 25.113970518112183,
    "relax_model_3_multimer_v3_pred_1": 19.43214249610901,
    "process_features_model_3_multimer_v3_pred_2": 2.86102294921875e-06,
    "predict_and_compile_model_3_multimer_v3_pred_2": 104.38925218582153,
    "relax_model_3_multimer_v3_pred_2": 19.78105068206787,
    "process_features_model_3_multimer_v3_pred_3": 2.6226043701171875e-06,
    "predict_and_compile_model_3_multimer_v3_pred_3": 49.873417377471924,
    "relax_model_3_multimer_v3_pred_3": 20.56978154182434,
    "process_features_model_3_multimer_v3_pred_4": 3.337860107421875e-06,
    "predict_and_compile_model_3_multimer_v3_pred_4": 25.10899782180786,
    "relax_model_3_multimer_v3_pred_4": 27.03801989555359,
    "process_features_model_4_multimer_v3_pred_0": 2.6226043701171875e-06,
    "predict_and_compile_model_4_multimer_v3_pred_0": 153.38203263282776,
    "relax_model_4_multimer_v3_pred_0": 19.902472019195557,
    "process_features_model_4_multimer_v3_pred_1": 2.6226043701171875e-06,
    "predict_and_compile_model_4_multimer_v3_pred_1": 101.81063103675842,
    "relax_model_4_multimer_v3_pred_1": 19.712900638580322,
    "process_features_model_4_multimer_v3_pred_2": 2.6226043701171875e-06,
    "predict_and_compile_model_4_multimer_v3_pred_2": 101.99673295021057,
    "relax_model_4_multimer_v3_pred_2": 19.874546766281128,
    "process_features_model_4_multimer_v3_pred_3": 2.6226043701171875e-06,
    "predict_and_compile_model_4_multimer_v3_pred_3": 72.99678921699524,
    "relax_model_4_multimer_v3_pred_3": 19.972849369049072,
    "process_features_model_4_multimer_v3_pred_4": 3.337860107421875e-06,
    "predict_and_compile_model_4_multimer_v3_pred_4": 82.60635733604431,
    "relax_model_4_multimer_v3_pred_4": 19.510595083236694,
    "process_features_model_5_multimer_v3_pred_0": 2.6226043701171875e-06,
    "predict_and_compile_model_5_multimer_v3_pred_0": 155.10285568237305,
    "relax_model_5_multimer_v3_pred_0": 28.16242480278015,
    "process_features_model_5_multimer_v3_pred_1": 2.6226043701171875e-06,
    "predict_and_compile_model_5_multimer_v3_pred_1": 92.39785623550415,
    "relax_model_5_multimer_v3_pred_1": 19.44677710533142,
    "process_features_model_5_multimer_v3_pred_2": 2.86102294921875e-06,
    "predict_and_compile_model_5_multimer_v3_pred_2": 39.117005586624146,
    "relax_model_5_multimer_v3_pred_2": 20.08982801437378,
    "process_features_model_5_multimer_v3_pred_3": 2.6226043701171875e-06,
    "predict_and_compile_model_5_multimer_v3_pred_3": 43.971078872680664,
    "relax_model_5_multimer_v3_pred_3": 20.191068172454834,
    "process_features_model_5_multimer_v3_pred_4": 2.86102294921875e-06,
    "predict_and_compile_model_5_multimer_v3_pred_4": 43.94074583053589,
    "relax_model_5_multimer_v3_pred_4": 20.214528799057007
}