{
    "features": 0.14665985107421875,
    "process_features_model_1_multimer_v3_pred_0": 4.5299530029296875e-06,
    "predict_and_compile_model_1_multimer_v3_pred_0": 717.0442945957184,
    "predict_benchmark_model_1_multimer_v3_pred_0": 563.9892108440399,
    "process_features_model_2_multimer_v3_pred_0": 5.245208740234375e-06,
    "predict_and_compile_model_2_multimer_v3_pred_0": 709.7207295894623,
    "predict_benchmark_model_2_multimer_v3_pred_0": 564.5390889644623,
    "process_features_model_3_multimer_v3_pred_0": 3.814697265625e-06,
    "predict_and_compile_model_3_multimer_v3_pred_0": 712.248289346695,
    "predict_benchmark_model_3_multimer_v3_pred_0": 564.3621098995209,
    "process_features_model_4_multimer_v3_pred_0": 4.0531158447265625e-06,
    "predict_and_compile_model_4_multimer_v3_pred_0": 703.3329918384552,
    "predict_benchmark_model_4_multimer_v3_pred_0": 550.1968393325806,
    "process_features_model_5_multimer_v3_pred_0": 4.0531158447265625e-06,
    "predict_and_compile_model_5_multimer_v3_pred_0": 697.6765460968018,
    "predict_benchmark_model_5_multimer_v3_pred_0": 549.9178011417389
}