seed,sample,ranking_score
2,0,0.9876004146416701
2,1,0.9588368038134437
2,2,0.965501111545618
2,3,0.9727212258443159
2,4,0.9729043846881138
