seed,sample,ranking_score
1,0,0.6561768368962805
1,1,0.676114563785092
1,2,0.6806011311888269
1,3,0.6839802764915163
1,4,0.6827237287244406
