seed,sample,ranking_score
3,0,0.8735996728203022
3,1,0.8738322999809993
3,2,0.8676053110811668
3,3,0.8702434666971762
3,4,0.8694609912068297
