seed,sample,ranking_score
1,0,0.7249856163038929
1,1,0.7426356517095984
1,2,0.7345500833059543
1,3,0.7271167110625727
1,4,0.7359015330635852
