seed,sample,ranking_score
3,0,0.7383088313674291
3,1,0.7348736459754873
3,2,0.7425450879891643
3,3,0.7355989128733489
3,4,0.7411635169818822
