seed,sample,ranking_score
4,0,0.534057812167855
4,1,0.5227411602091538
4,2,0.5250384856664635
4,3,0.5256195730125678
4,4,0.5368956864102078
