seed,sample,ranking_score
1,0,1.0075795247446961
1,1,1.0024734975280136
1,2,1.0043737725576736
1,3,1.0088458010695704
1,4,1.0033197470120545
