seed,sample,ranking_score
3,0,0.5857229478235404
3,1,0.5300163800563962
3,2,0.5560954327075353
3,3,0.5471766603290507
3,4,0.555817651933286
