seed,sample,ranking_score
1,0,0.7410431286225522
1,1,0.7401215845599542
1,2,0.7244132411672758
1,3,0.7232453818950424
1,4,0.7379270929205471
