seed,sample,ranking_score
1,0,0.8124015551192121
1,1,0.8124307250954528
1,2,0.8334376337767206
1,3,0.8311871805077532
1,4,0.8172528453533412
