{
    "features": 0.019149303436279297,
    "process_features_model_1_multimer_v3_pred_0": 5.245208740234375e-06,
    "predict_and_compile_model_1_multimer_v3_pred_0": 324.66034054756165,
    "predict_benchmark_model_1_multimer_v3_pred_0": 240.7533061504364,
    "process_features_model_2_multimer_v3_pred_0": 2.193450927734375e-05,
    "predict_and_compile_model_2_multimer_v3_pred_0": 323.1774854660034,
    "predict_benchmark_model_2_multimer_v3_pred_0": 241.00712704658508,
    "process_features_model_3_multimer_v3_pred_0": 2.0265579223632812e-05,
    "predict_and_compile_model_3_multimer_v3_pred_0": 321.2919821739197,
    "predict_benchmark_model_3_multimer_v3_pred_0": 241.0817575454712,
    "process_features_model_4_multimer_v3_pred_0": 1.6927719116210938e-05,
    "predict_and_compile_model_4_multimer_v3_pred_0": 306.6125736236572,
    "predict_benchmark_model_4_multimer_v3_pred_0": 237.3420729637146,
    "process_features_model_5_multimer_v3_pred_0": 1.5974044799804688e-05,
    "predict_and_compile_model_5_multimer_v3_pred_0": 306.9495098590851,
    "predict_benchmark_model_5_multimer_v3_pred_0": 237.35356545448303
}