seed,sample,ranking_score
1,0,0.3203689336072163
1,1,0.3274587336783848
1,2,0.2777808767744966
1,3,0.303455485418764
1,4,0.3144882897969863
