{
    "features": 0.16871929168701172,
    "process_features_model_1_multimer_v3_pred_0": 4.291534423828125e-06,
    "predict_and_compile_model_1_multimer_v3_pred_0": 404.1367838382721,
    "predict_benchmark_model_1_multimer_v3_pred_0": 290.50013160705566,
    "process_features_model_2_multimer_v3_pred_0": 3.337860107421875e-06,
    "predict_and_compile_model_2_multimer_v3_pred_0": 429.9525475502014,
    "predict_benchmark_model_2_multimer_v3_pred_0": 321.1954004764557,
    "process_features_model_3_multimer_v3_pred_0": 3.5762786865234375e-06,
    "predict_and_compile_model_3_multimer_v3_pred_0": 371.0398373603821,
    "predict_benchmark_model_3_multimer_v3_pred_0": 260.38027453422546,
    "process_features_model_4_multimer_v3_pred_0": 3.5762786865234375e-06,
    "predict_and_compile_model_4_multimer_v3_pred_0": 428.5602991580963,
    "predict_benchmark_model_4_multimer_v3_pred_0": 313.25820660591125,
    "process_features_model_5_multimer_v3_pred_0": 3.5762786865234375e-06,
    "predict_and_compile_model_5_multimer_v3_pred_0": 306.7543902397156,
    "predict_benchmark_model_5_multimer_v3_pred_0": 194.84546089172363
}