seed,sample,ranking_score
1,0,0.5899252011624272
1,1,0.5828865726343211
1,2,0.5757441793091002
1,3,0.6480702386851049
1,4,0.5852653381903105
