seed,sample,ranking_score
1,0,0.5763644530413932
1,1,0.5658441518926519
1,2,0.5656267640687744
1,3,0.5803956500656879
1,4,0.5764686832071997
