seed,sample,ranking_score
1,0,0.7546718543942164
1,1,0.7411227091616522
1,2,0.7515443057991061
1,3,0.7300563032579725
1,4,0.7460559740794717
