seed,sample,ranking_score
1,0,0.5939955601298388
1,1,0.6032876740994616
1,2,0.6122993570753802
1,3,0.5962875992084115
1,4,0.5828143430679328
