seed,sample,ranking_score
5,0,0.7546140666455163
5,1,0.7519519163830851
5,2,0.7357468776776697
5,3,0.7140801201343742
5,4,0.7510631557015843
