seed,sample,ranking_score
2,0,0.9384129290714572
2,1,0.931101312813372
2,2,0.9413108867647523
2,3,0.9383103137337354
2,4,0.9508644978313536
