{
    "features": 0.09321832656860352,
    "process_features_model_1_multimer_v3_pred_0": 5.245208740234375e-06,
    "predict_and_compile_model_1_multimer_v3_pred_0": 358.1129357814789,
    "predict_benchmark_model_1_multimer_v3_pred_0": 271.59102511405945,
    "process_features_model_2_multimer_v3_pred_0": 2.002716064453125e-05,
    "predict_and_compile_model_2_multimer_v3_pred_0": 352.1331949234009,
    "predict_benchmark_model_2_multimer_v3_pred_0": 271.483699798584,
    "process_features_model_3_multimer_v3_pred_0": 2.5272369384765625e-05,
    "predict_and_compile_model_3_multimer_v3_pred_0": 356.75960087776184,
    "predict_benchmark_model_3_multimer_v3_pred_0": 271.26387119293213,
    "process_features_model_4_multimer_v3_pred_0": 2.2649765014648438e-05,
    "predict_and_compile_model_4_multimer_v3_pred_0": 346.48546504974365,
    "predict_benchmark_model_4_multimer_v3_pred_0": 263.3186140060425,
    "process_features_model_5_multimer_v3_pred_0": 2.4318695068359375e-05,
    "predict_and_compile_model_5_multimer_v3_pred_0": 344.2132451534271,
    "predict_benchmark_model_5_multimer_v3_pred_0": 263.6117482185364
}