seed,sample,ranking_score
1,0,0.9473293379850961
1,1,0.9480698602360756
1,2,0.9455301157242544
1,3,0.9541491419685029
1,4,0.947442686360711
