{
    "features": 0.25118303298950195,
    "process_features_model_1_multimer_v3_pred_0": 5.245208740234375e-06,
    "predict_and_compile_model_1_multimer_v3_pred_0": 2009.3685839176178,
    "predict_benchmark_model_1_multimer_v3_pred_0": 1880.6217629909515,
    "process_features_model_2_multimer_v3_pred_0": 4.76837158203125e-06,
    "predict_and_compile_model_2_multimer_v3_pred_0": 1993.310763835907,
    "predict_benchmark_model_2_multimer_v3_pred_0": 1882.385793209076,
    "process_features_model_3_multimer_v3_pred_0": 4.76837158203125e-06,
    "predict_and_compile_model_3_multimer_v3_pred_0": 1996.0475425720215,
    "predict_benchmark_model_3_multimer_v3_pred_0": 1881.674215555191,
    "process_features_model_4_multimer_v3_pred_0": 4.5299530029296875e-06,
    "predict_and_compile_model_4_multimer_v3_pred_0": 1961.2157232761383,
    "predict_benchmark_model_4_multimer_v3_pred_0": 1841.8097484111786,
    "process_features_model_5_multimer_v3_pred_0": 2.0265579223632812e-05,
    "predict_and_compile_model_5_multimer_v3_pred_0": 1944.6517481803894,
    "predict_benchmark_model_5_multimer_v3_pred_0": 1851.3478877544403
}