{
    "features": 0.14333653450012207,
    "process_features_model_1_multimer_v3_pred_0": 4.0531158447265625e-06,
    "predict_and_compile_model_1_multimer_v3_pred_0": 288.07639336586,
    "predict_benchmark_model_1_multimer_v3_pred_0": 169.0222635269165,
    "process_features_model_2_multimer_v3_pred_0": 3.814697265625e-06,
    "predict_and_compile_model_2_multimer_v3_pred_0": 195.48535799980164,
    "predict_benchmark_model_2_multimer_v3_pred_0": 80.57575511932373,
    "process_features_model_3_multimer_v3_pred_0": 4.291534423828125e-06,
    "predict_and_compile_model_3_multimer_v3_pred_0": 285.7921416759491,
    "predict_benchmark_model_3_multimer_v3_pred_0": 168.63492703437805,
    "process_features_model_4_multimer_v3_pred_0": 4.76837158203125e-06,
    "predict_and_compile_model_4_multimer_v3_pred_0": 284.84440636634827,
    "predict_benchmark_model_4_multimer_v3_pred_0": 164.45819664001465,
    "process_features_model_5_multimer_v3_pred_0": 5.0067901611328125e-06,
    "predict_and_compile_model_5_multimer_v3_pred_0": 281.1641433238983,
    "predict_benchmark_model_5_multimer_v3_pred_0": 164.54097175598145
}