seed,sample,ranking_score
1,0,0.8348409160631388
1,1,0.8417338733325178
1,2,0.8370608596774768
1,3,0.8326219049357392
1,4,0.8414428046284247
