seed,sample,ranking_score
1,0,0.46511824714524314
1,1,0.4601078953762713
1,2,0.4489989234877134
1,3,0.4625350970847887
1,4,0.4442614015948463
