seed,sample,ranking_score
4,0,0.819366852958013
4,1,0.8212113526295108
4,2,0.8305938540709368
4,3,0.8171789657079874
4,4,0.8406295708147983
