seed,sample,ranking_score
1,0,0.8846132107176178
1,1,0.8655358816117255
1,2,0.8853214067785254
1,3,0.8642236334157144
1,4,0.8886686171405714
