{
    "features": 0.3513500690460205,
    "process_features_model_1_multimer_v3_pred_0": 4.76837158203125e-06,
    "predict_and_compile_model_1_multimer_v3_pred_0": 630.4571697711945,
    "predict_benchmark_model_1_multimer_v3_pred_0": 508.76590609550476,
    "process_features_model_2_multimer_v3_pred_0": 3.5762786865234375e-06,
    "predict_and_compile_model_2_multimer_v3_pred_0": 623.3889901638031,
    "predict_benchmark_model_2_multimer_v3_pred_0": 508.6110165119171,
    "process_features_model_3_multimer_v3_pred_0": 3.5762786865234375e-06,
    "predict_and_compile_model_3_multimer_v3_pred_0": 624.6028163433075,
    "predict_benchmark_model_3_multimer_v3_pred_0": 508.1198616027832,
    "process_features_model_4_multimer_v3_pred_0": 3.814697265625e-06,
    "predict_and_compile_model_4_multimer_v3_pred_0": 617.9864041805267,
    "predict_benchmark_model_4_multimer_v3_pred_0": 503.8640158176422,
    "process_features_model_5_multimer_v3_pred_0": 3.814697265625e-06,
    "predict_and_compile_model_5_multimer_v3_pred_0": 614.2744688987732,
    "predict_benchmark_model_5_multimer_v3_pred_0": 496.6324920654297
}