seed,sample,ranking_score
1,0,0.6866010970808906
1,1,0.7990662395575985
1,2,0.6868416286528282
1,3,0.7856371193321732
1,4,0.757943577130573
