seed,sample,ranking_score
1,0,0.3433077174414238
1,1,0.3395343788951071
1,2,0.3497780980188402
1,3,0.3375802656987098
1,4,0.34406143983129456
