seed,sample,ranking_score
1,0,0.9778238404556217
1,1,0.9824814784748379
1,2,0.9763448186170987
1,3,0.9824540959207919
1,4,0.9797200260188956
