{
    "features": 0.03175163269042969,
    "process_features_model_1_multimer_v3_pred_0": 4.5299530029296875e-06,
    "predict_and_compile_model_1_multimer_v3_pred_0": 334.08249282836914,
    "predict_benchmark_model_1_multimer_v3_pred_0": 253.78325629234314,
    "process_features_model_2_multimer_v3_pred_0": 2.2172927856445312e-05,
    "predict_and_compile_model_2_multimer_v3_pred_0": 336.17567920684814,
    "predict_benchmark_model_2_multimer_v3_pred_0": 253.59242868423462,
    "process_features_model_3_multimer_v3_pred_0": 2.1219253540039062e-05,
    "predict_and_compile_model_3_multimer_v3_pred_0": 337.3598082065582,
    "predict_benchmark_model_3_multimer_v3_pred_0": 253.18156051635742,
    "process_features_model_4_multimer_v3_pred_0": 1.4543533325195312e-05,
    "predict_and_compile_model_4_multimer_v3_pred_0": 326.05211663246155,
    "predict_benchmark_model_4_multimer_v3_pred_0": 246.16409420967102,
    "process_features_model_5_multimer_v3_pred_0": 1.4543533325195312e-05,
    "predict_and_compile_model_5_multimer_v3_pred_0": 343.45757508277893,
    "predict_benchmark_model_5_multimer_v3_pred_0": 246.05991411209106
}