{
    "features": 0.5104105472564697,
    "process_features_model_1_multimer_v3_pred_0": 4.76837158203125e-06,
    "predict_and_compile_model_1_multimer_v3_pred_0": 921.3623421192169,
    "predict_benchmark_model_1_multimer_v3_pred_0": 804.3326451778412,
    "process_features_model_2_multimer_v3_pred_0": 4.291534423828125e-06,
    "predict_and_compile_model_2_multimer_v3_pred_0": 911.5214829444885,
    "predict_benchmark_model_2_multimer_v3_pred_0": 804.8735845088959,
    "process_features_model_3_multimer_v3_pred_0": 4.0531158447265625e-06,
    "predict_and_compile_model_3_multimer_v3_pred_0": 912.2515473365784,
    "predict_benchmark_model_3_multimer_v3_pred_0": 804.2024574279785,
    "process_features_model_4_multimer_v3_pred_0": 3.337860107421875e-06,
    "predict_and_compile_model_4_multimer_v3_pred_0": 898.7693390846252,
    "predict_benchmark_model_4_multimer_v3_pred_0": 787.8775799274445,
    "process_features_model_5_multimer_v3_pred_0": 3.5762786865234375e-06,
    "predict_and_compile_model_5_multimer_v3_pred_0": 889.9330554008484,
    "predict_benchmark_model_5_multimer_v3_pred_0": 788.0873599052429
}