seed,sample,ranking_score
5,0,0.9438685866435375
5,1,0.9350409891863326
5,2,0.9288590186458393
5,3,0.9415293948329759
5,4,0.9442997366517822
