seed,sample,ranking_score
1,0,0.8611014274734041
1,1,0.6155712540862812
1,2,0.8587018248571143
1,3,0.8455703599010262
1,4,0.8524212188009594
