{
    "features": 0.010477781295776367,
    "process_features_model_1_multimer_v3_pred_0": 3.5762786865234375e-06,
    "predict_and_compile_model_1_multimer_v3_pred_0": 555.2212131023407,
    "relax_model_1_multimer_v3_pred_0": 39.27933645248413,
    "process_features_model_1_multimer_v3_pred_1": 3.5762786865234375e-06,
    "predict_and_compile_model_1_multimer_v3_pred_1": 390.24730157852173,
    "relax_model_1_multimer_v3_pred_1": 47.64096927642822,
    "process_features_model_1_multimer_v3_pred_2": 3.5762786865234375e-06,
    "predict_and_compile_model_1_multimer_v3_pred_2": 390.5044627189636,
    "relax_model_1_multimer_v3_pred_2": 27.663079023361206,
    "process_features_model_1_multimer_v3_pred_3": 4.0531158447265625e-06,
    "predict_and_compile_model_1_multimer_v3_pred_3": 390.3317232131958,
    "relax_model_1_multimer_v3_pred_3": 48.31767392158508,
    "process_features_model_1_multimer_v3_pred_4": 3.5762786865234375e-06,
    "predict_and_compile_model_1_multimer_v3_pred_4": 390.1351685523987,
    "relax_model_1_multimer_v3_pred_4": 38.541980504989624,
    "process_features_model_2_multimer_v3_pred_0": 3.5762786865234375e-06,
    "predict_and_compile_model_2_multimer_v3_pred_0": 436.9521405696869,
    "relax_model_2_multimer_v3_pred_0": 54.35045123100281,
    "process_features_model_2_multimer_v3_pred_1": 5.245208740234375e-06,
    "predict_and_compile_model_2_multimer_v3_pred_1": 130.39024662971497,
    "relax_model_2_multimer_v3_pred_1": 50.1626410484314,
    "process_features_model_2_multimer_v3_pred_2": 3.5762786865234375e-06,
    "predict_and_compile_model_2_multimer_v3_pred_2": 390.17619919776917,
    "relax_model_2_multimer_v3_pred_2": 50.08744812011719,
    "process_features_model_2_multimer_v3_pred_3": 3.814697265625e-06,
    "predict_and_compile_model_2_multimer_v3_pred_3": 389.94160509109497,
    "relax_model_2_multimer_v3_pred_3": 56.734256982803345,
    "process_features_model_2_multimer_v3_pred_4": 3.814697265625e-06,
    "predict_and_compile_model_2_multimer_v3_pred_4": 223.14508390426636,
    "relax_model_2_multimer_v3_pred_4": 49.96754264831543,
    "process_features_model_3_multimer_v3_pred_0": 4.0531158447265625e-06,
    "predict_and_compile_model_3_multimer_v3_pred_0": 549.7904205322266,
    "relax_model_3_multimer_v3_pred_0": 49.7795205116272,
    "process_features_model_3_multimer_v3_pred_1": 4.76837158203125e-06,
    "predict_and_compile_model_3_multimer_v3_pred_1": 148.95052242279053,
    "relax_model_3_multimer_v3_pred_1": 48.6128511428833,
    "process_features_model_3_multimer_v3_pred_2": 4.0531158447265625e-06,
    "predict_and_compile_model_3_multimer_v3_pred_2": 148.82145595550537,
    "relax_model_3_multimer_v3_pred_2": 49.37454581260681,
    "process_features_model_3_multimer_v3_pred_3": 3.337860107421875e-06,
    "predict_and_compile_model_3_multimer_v3_pred_3": 130.3704068660736,
    "relax_model_3_multimer_v3_pred_3": 49.65449023246765,
    "process_features_model_3_multimer_v3_pred_4": 4.0531158447265625e-06,
    "predict_and_compile_model_3_multimer_v3_pred_4": 148.88573455810547,
    "relax_model_3_multimer_v3_pred_4": 48.9478075504303,
    "process_features_model_4_multimer_v3_pred_0": 4.76837158203125e-06,
    "predict_and_compile_model_4_multimer_v3_pred_0": 547.4960045814514,
    "relax_model_4_multimer_v3_pred_0": 29.160336017608643,
    "process_features_model_4_multimer_v3_pred_1": 4.291534423828125e-06,
    "predict_and_compile_model_4_multimer_v3_pred_1": 384.1364526748657,
    "relax_model_4_multimer_v3_pred_1": 37.14021897315979,
    "process_features_model_4_multimer_v3_pred_2": 3.5762786865234375e-06,
    "predict_and_compile_model_4_multimer_v3_pred_2": 384.1657176017761,
    "relax_model_4_multimer_v3_pred_2": 28.94354009628296,
    "process_features_model_4_multimer_v3_pred_3": 4.291534423828125e-06,
    "predict_and_compile_model_4_multimer_v3_pred_3": 383.87170696258545,
    "relax_model_4_multimer_v3_pred_3": 37.69570732116699,
    "process_features_model_4_multimer_v3_pred_4": 4.0531158447265625e-06,
    "predict_and_compile_model_4_multimer_v3_pred_4": 384.49588561058044,
    "relax_model_4_multimer_v3_pred_4": 37.02121591567993,
    "process_features_model_5_multimer_v3_pred_0": 4.0531158447265625e-06,
    "predict_and_compile_model_5_multimer_v3_pred_0": 431.82790446281433,
    "relax_model_5_multimer_v3_pred_0": 29.40665030479431,
    "process_features_model_5_multimer_v3_pred_1": 4.0531158447265625e-06,
    "predict_and_compile_model_5_multimer_v3_pred_1": 256.2818830013275,
    "relax_model_5_multimer_v3_pred_1": 27.156304359436035,
    "process_features_model_5_multimer_v3_pred_2": 3.5762786865234375e-06,
    "predict_and_compile_model_5_multimer_v3_pred_2": 256.08723044395447,
    "relax_model_5_multimer_v3_pred_2": 50.137017250061035,
    "process_features_model_5_multimer_v3_pred_3": 3.337860107421875e-06,
    "predict_and_compile_model_5_multimer_v3_pred_3": 274.8204894065857,
    "relax_model_5_multimer_v3_pred_3": 27.899667739868164,
    "process_features_model_5_multimer_v3_pred_4": 3.337860107421875e-06,
    "predict_and_compile_model_5_multimer_v3_pred_4": 384.22928261756897,
    "relax_model_5_multimer_v3_pred_4": 49.12215781211853
}