seed,sample,ranking_score
2,0,0.561325953320153
2,1,0.5770407183856061
2,2,0.5574535780070349
2,3,0.5670294869055129
2,4,0.5526259948438894
