seed,sample,ranking_score
1,0,0.5826214405682872
1,1,0.591474463213568
1,2,0.5839629919664822
1,3,0.5776150349267324
1,4,0.5891814575000889
