seed,sample,ranking_score
1,0,0.6245136496564595
1,1,0.6294901245188586
1,2,0.6201900607289823
1,3,0.6373899108649146
1,4,0.6077405328598656
