seed,sample,ranking_score
1,0,0.7278182616398694
1,1,0.7128924293952508
1,2,0.7155792402495439
1,3,0.7214724094635583
1,4,0.7471266908143576
