seed,sample,ranking_score
1,0,0.43448985422214137
1,1,0.431037119704161
1,2,0.4362756191952135
1,3,0.4312185221886242
1,4,0.42395813299942614
