seed,sample,ranking_score
1,0,0.639015934381984
1,1,0.6259948846545093
1,2,0.596740406573328
1,3,0.6203932705444729
1,4,0.5667393969385945
