{
    "features": 0.2037193775177002,
    "process_features_model_1_multimer_v3_pred_0": 5.4836273193359375e-06,
    "predict_and_compile_model_1_multimer_v3_pred_0": 1650.7580213546753,
    "predict_benchmark_model_1_multimer_v3_pred_0": 1524.1434462070465,
    "process_features_model_2_multimer_v3_pred_0": 4.76837158203125e-06,
    "predict_and_compile_model_2_multimer_v3_pred_0": 1636.3482303619385,
    "predict_benchmark_model_2_multimer_v3_pred_0": 1524.348060131073,
    "process_features_model_3_multimer_v3_pred_0": 1.1920928955078125e-05,
    "predict_and_compile_model_3_multimer_v3_pred_0": 1638.5312786102295,
    "predict_benchmark_model_3_multimer_v3_pred_0": 1525.3778262138367,
    "process_features_model_4_multimer_v3_pred_0": 2.002716064453125e-05,
    "predict_and_compile_model_4_multimer_v3_pred_0": 1602.4105372428894,
    "predict_benchmark_model_4_multimer_v3_pred_0": 1481.4197900295258,
    "process_features_model_5_multimer_v3_pred_0": 5.245208740234375e-06,
    "predict_and_compile_model_5_multimer_v3_pred_0": 1584.3979873657227,
    "predict_benchmark_model_5_multimer_v3_pred_0": 1485.9912464618683
}