seed,sample,ranking_score
1,0,0.6563542620812555
1,1,0.6387585631784154
1,2,0.611240902393009
1,3,0.6001156683541582
1,4,0.5881428859474986
