{
    "features": 0.005120754241943359,
    "process_features_model_1_multimer_v3_pred_0": 3.0994415283203125e-06,
    "predict_and_compile_model_1_multimer_v3_pred_0": 162.6718053817749,
    "relax_model_1_multimer_v3_pred_0": 16.543517112731934,
    "process_features_model_1_multimer_v3_pred_1": 3.0994415283203125e-06,
    "predict_and_compile_model_1_multimer_v3_pred_1": 41.79427194595337,
    "relax_model_1_multimer_v3_pred_1": 14.756644487380981,
    "process_features_model_1_multimer_v3_pred_2": 3.0994415283203125e-06,
    "predict_and_compile_model_1_multimer_v3_pred_2": 46.46452045440674,
    "relax_model_1_multimer_v3_pred_2": 13.941420793533325,
    "process_features_model_1_multimer_v3_pred_3": 4.0531158447265625e-06,
    "predict_and_compile_model_1_multimer_v3_pred_3": 37.17995023727417,
    "relax_model_1_multimer_v3_pred_3": 13.607603311538696,
    "process_features_model_1_multimer_v3_pred_4": 3.0994415283203125e-06,
    "predict_and_compile_model_1_multimer_v3_pred_4": 46.74735617637634,
    "relax_model_1_multimer_v3_pred_4": 14.253383159637451,
    "process_features_model_2_multimer_v3_pred_0": 3.0994415283203125e-06,
    "predict_and_compile_model_2_multimer_v3_pred_0": 151.71036982536316,
    "relax_model_2_multimer_v3_pred_0": 13.802911758422852,
    "process_features_model_2_multimer_v3_pred_1": 3.0994415283203125e-06,
    "predict_and_compile_model_2_multimer_v3_pred_1": 32.99356698989868,
    "relax_model_2_multimer_v3_pred_1": 14.291168451309204,
    "process_features_model_2_multimer_v3_pred_2": 3.337860107421875e-06,
    "predict_and_compile_model_2_multimer_v3_pred_2": 32.62019991874695,
    "relax_model_2_multimer_v3_pred_2": 14.76006031036377,
    "process_features_model_2_multimer_v3_pred_3": 2.86102294921875e-06,
    "predict_and_compile_model_2_multimer_v3_pred_3": 27.964502334594727,
    "relax_model_2_multimer_v3_pred_3": 13.775828838348389,
    "process_features_model_2_multimer_v3_pred_4": 2.86102294921875e-06,
    "predict_and_compile_model_2_multimer_v3_pred_4": 41.78853631019592,
    "relax_model_2_multimer_v3_pred_4": 13.905508518218994,
    "process_features_model_3_multimer_v3_pred_0": 3.337860107421875e-06,
    "predict_and_compile_model_3_multimer_v3_pred_0": 144.0809669494629,
    "relax_model_3_multimer_v3_pred_0": 14.463887214660645,
    "process_features_model_3_multimer_v3_pred_1": 3.337860107421875e-06,
    "predict_and_compile_model_3_multimer_v3_pred_1": 37.2135648727417,
    "relax_model_3_multimer_v3_pred_1": 20.226864099502563,
    "process_features_model_3_multimer_v3_pred_2": 3.0994415283203125e-06,
    "predict_and_compile_model_3_multimer_v3_pred_2": 41.83940291404724,
    "relax_model_3_multimer_v3_pred_2": 14.51027250289917,
    "process_features_model_3_multimer_v3_pred_3": 2.86102294921875e-06,
    "predict_and_compile_model_3_multimer_v3_pred_3": 46.87629699707031,
    "relax_model_3_multimer_v3_pred_3": 14.302596807479858,
    "process_features_model_3_multimer_v3_pred_4": 3.0994415283203125e-06,
    "predict_and_compile_model_3_multimer_v3_pred_4": 27.96953272819519,
    "relax_model_3_multimer_v3_pred_4": 14.10920763015747,
    "process_features_model_4_multimer_v3_pred_0": 2.86102294921875e-06,
    "predict_and_compile_model_4_multimer_v3_pred_0": 146.22060465812683,
    "relax_model_4_multimer_v3_pred_0": 19.569796562194824,
    "process_features_model_4_multimer_v3_pred_1": 3.337860107421875e-06,
    "predict_and_compile_model_4_multimer_v3_pred_1": 45.706188678741455,
    "relax_model_4_multimer_v3_pred_1": 14.474092245101929,
    "process_features_model_4_multimer_v3_pred_2": 3.337860107421875e-06,
    "predict_and_compile_model_4_multimer_v3_pred_2": 36.94352674484253,
    "relax_model_4_multimer_v3_pred_2": 15.097086906433105,
    "process_features_model_4_multimer_v3_pred_3": 2.86102294921875e-06,
    "predict_and_compile_model_4_multimer_v3_pred_3": 68.34813356399536,
    "relax_model_4_multimer_v3_pred_3": 19.395878791809082,
    "process_features_model_4_multimer_v3_pred_4": 3.337860107421875e-06,
    "predict_and_compile_model_4_multimer_v3_pred_4": 45.57700729370117,
    "relax_model_4_multimer_v3_pred_4": 15.20870041847229,
    "process_features_model_5_multimer_v3_pred_0": 2.86102294921875e-06,
    "predict_and_compile_model_5_multimer_v3_pred_0": 207.50017714500427,
    "relax_model_5_multimer_v3_pred_0": 14.871229887008667,
    "process_features_model_5_multimer_v3_pred_1": 3.337860107421875e-06,
    "predict_and_compile_model_5_multimer_v3_pred_1": 59.22994589805603,
    "relax_model_5_multimer_v3_pred_1": 14.933051347732544,
    "process_features_model_5_multimer_v3_pred_2": 2.86102294921875e-06,
    "predict_and_compile_model_5_multimer_v3_pred_2": 95.89083909988403,
    "relax_model_5_multimer_v3_pred_2": 13.631452798843384,
    "process_features_model_5_multimer_v3_pred_3": 4.0531158447265625e-06,
    "predict_and_compile_model_5_multimer_v3_pred_3": 95.53547215461731,
    "relax_model_5_multimer_v3_pred_3": 16.858479261398315,
    "process_features_model_5_multimer_v3_pred_4": 5.245208740234375e-06,
    "predict_and_compile_model_5_multimer_v3_pred_4": 95.52228689193726,
    "relax_model_5_multimer_v3_pred_4": 15.806997776031494
}