seed,sample,ranking_score
3,0,0.783993754999415
3,1,0.779484081633519
3,2,0.7779743920981228
3,3,0.7978322760226716
3,4,0.7855856550539839
