seed,sample,ranking_score
1,0,0.7388629349355815
1,1,0.7210019189659949
1,2,0.7430509331530659
1,3,0.7444956678585095
1,4,0.7826097523330836
