{
    "features": 0.008377313613891602,
    "process_features_model_1_multimer_v3_pred_0": 3.814697265625e-06,
    "predict_and_compile_model_1_multimer_v3_pred_0": 238.6713650226593,
    "relax_model_1_multimer_v3_pred_0": 63.0011944770813,
    "process_features_model_1_multimer_v3_pred_1": 3.0994415283203125e-06,
    "predict_and_compile_model_1_multimer_v3_pred_1": 162.9565978050232,
    "relax_model_1_multimer_v3_pred_1": 60.148234605789185,
    "process_features_model_1_multimer_v3_pred_2": 3.0994415283203125e-06,
    "predict_and_compile_model_1_multimer_v3_pred_2": 119.57860851287842,
    "relax_model_1_multimer_v3_pred_2": 58.97058916091919,
    "process_features_model_1_multimer_v3_pred_3": 2.86102294921875e-06,
    "predict_and_compile_model_1_multimer_v3_pred_3": 163.20392274856567,
    "relax_model_1_multimer_v3_pred_3": 59.640743255615234,
    "process_features_model_1_multimer_v3_pred_4": 3.337860107421875e-06,
    "predict_and_compile_model_1_multimer_v3_pred_4": 227.5720191001892,
    "relax_model_1_multimer_v3_pred_4": 63.3272922039032,
    "process_features_model_2_multimer_v3_pred_0": 2.86102294921875e-06,
    "predict_and_compile_model_2_multimer_v3_pred_0": 266.5892140865326,
    "relax_model_2_multimer_v3_pred_0": 70.24375605583191,
    "process_features_model_2_multimer_v3_pred_1": 3.0994415283203125e-06,
    "predict_and_compile_model_2_multimer_v3_pred_1": 141.11282396316528,
    "relax_model_2_multimer_v3_pred_1": 60.459059715270996,
    "process_features_model_2_multimer_v3_pred_2": 3.0994415283203125e-06,
    "predict_and_compile_model_2_multimer_v3_pred_2": 97.93084478378296,
    "relax_model_2_multimer_v3_pred_2": 63.64423155784607,
    "process_features_model_2_multimer_v3_pred_3": 3.337860107421875e-06,
    "predict_and_compile_model_2_multimer_v3_pred_3": 195.17073369026184,
    "relax_model_2_multimer_v3_pred_3": 61.56800675392151,
    "process_features_model_2_multimer_v3_pred_4": 3.0994415283203125e-06,
    "predict_and_compile_model_2_multimer_v3_pred_4": 173.4989709854126,
    "relax_model_2_multimer_v3_pred_4": 62.374051094055176,
    "process_features_model_3_multimer_v3_pred_0": 2.86102294921875e-06,
    "predict_and_compile_model_3_multimer_v3_pred_0": 322.2103807926178,
    "relax_model_3_multimer_v3_pred_0": 62.610557079315186,
    "process_features_model_3_multimer_v3_pred_1": 3.337860107421875e-06,
    "predict_and_compile_model_3_multimer_v3_pred_1": 76.41176867485046,
    "relax_model_3_multimer_v3_pred_1": 60.70626640319824,
    "process_features_model_3_multimer_v3_pred_2": 3.0994415283203125e-06,
    "predict_and_compile_model_3_multimer_v3_pred_2": 98.37541508674622,
    "relax_model_3_multimer_v3_pred_2": 63.658703088760376,
    "process_features_model_3_multimer_v3_pred_3": 3.0994415283203125e-06,
    "predict_and_compile_model_3_multimer_v3_pred_3": 130.39841651916504,
    "relax_model_3_multimer_v3_pred_3": 71.82164359092712,
    "process_features_model_3_multimer_v3_pred_4": 3.337860107421875e-06,
    "predict_and_compile_model_3_multimer_v3_pred_4": 195.12359476089478,
    "relax_model_3_multimer_v3_pred_4": 59.2792227268219,
    "process_features_model_4_multimer_v3_pred_0": 3.0994415283203125e-06,
    "predict_and_compile_model_4_multimer_v3_pred_0": 343.9449076652527,
    "relax_model_4_multimer_v3_pred_0": 46.87431359291077,
    "process_features_model_4_multimer_v3_pred_1": 4.0531158447265625e-06,
    "predict_and_compile_model_4_multimer_v3_pred_1": 223.5296666622162,
    "relax_model_4_multimer_v3_pred_1": 48.67105460166931,
    "process_features_model_4_multimer_v3_pred_2": 3.0994415283203125e-06,
    "predict_and_compile_model_4_multimer_v3_pred_2": 223.79879546165466,
    "relax_model_4_multimer_v3_pred_2": 34.02767896652222,
    "process_features_model_4_multimer_v3_pred_3": 3.337860107421875e-06,
    "predict_and_compile_model_4_multimer_v3_pred_3": 223.6125876903534,
    "relax_model_4_multimer_v3_pred_3": 34.86626744270325,
    "process_features_model_4_multimer_v3_pred_4": 3.337860107421875e-06,
    "predict_and_compile_model_4_multimer_v3_pred_4": 223.67826795578003,
    "relax_model_4_multimer_v3_pred_4": 47.26481103897095,
    "process_features_model_5_multimer_v3_pred_0": 3.0994415283203125e-06,
    "predict_and_compile_model_5_multimer_v3_pred_0": 339.49624943733215,
    "relax_model_5_multimer_v3_pred_0": 64.44034790992737,
    "process_features_model_5_multimer_v3_pred_1": 2.86102294921875e-06,
    "predict_and_compile_model_5_multimer_v3_pred_1": 223.5519163608551,
    "relax_model_5_multimer_v3_pred_1": 47.295597553253174,
    "process_features_model_5_multimer_v3_pred_2": 3.337860107421875e-06,
    "predict_and_compile_model_5_multimer_v3_pred_2": 159.78323125839233,
    "relax_model_5_multimer_v3_pred_2": 34.277637243270874,
    "process_features_model_5_multimer_v3_pred_3": 3.337860107421875e-06,
    "predict_and_compile_model_5_multimer_v3_pred_3": 223.23518252372742,
    "relax_model_5_multimer_v3_pred_3": 62.35865092277527,
    "process_features_model_5_multimer_v3_pred_4": 3.337860107421875e-06,
    "predict_and_compile_model_5_multimer_v3_pred_4": 223.25466680526733,
    "relax_model_5_multimer_v3_pred_4": 47.751806020736694
}