seed,sample,ranking_score
1,0,0.4703630456647493
1,1,0.5283143587379197
1,2,0.5117667889456637
1,3,0.5200139705984288
1,4,0.5517804219624218
