seed,sample,ranking_score
1,0,0.6147577599701527
1,1,0.5873742323854407
1,2,0.6123546493435506
1,3,0.6025717716692247
1,4,0.6146004356500261
