seed,sample,ranking_score
1,0,0.3783095729361009
1,1,0.42657858858159614
1,2,0.4354801092515091
1,3,0.4461401261886376
1,4,0.36870997993823695
