seed,sample,ranking_score
1,0,0.5392969291073864
1,1,0.5604130057872992
1,2,0.5873489292135456
1,3,0.5540204208619741
1,4,0.5008328322137477
