seed,sample,ranking_score
1,0,0.6489053267253677
1,1,0.6486878845285429
1,2,0.6827383146712922
1,3,0.645169588570476
1,4,0.6980409106049499
