seed,sample,ranking_score
1,0,0.7428628490024156
1,1,0.7426547582825664
1,2,0.7708485910947285
1,3,0.7641331293459167
1,4,0.7328639710917038
