seed,sample,ranking_score
1,0,0.8096608292512117
1,1,0.8388019423857147
1,2,0.8490547983017152
1,3,0.8202751147422939
1,4,0.811894008379221
