seed,sample,ranking_score
1,0,0.8267907208829152
1,1,0.839737009804687
1,2,0.8467923200376237
1,3,0.8236574539509411
1,4,0.8054046043697958
