{
    "features": 0.16669440269470215,
    "process_features_model_1_multimer_v3_pred_0": 5.245208740234375e-06,
    "predict_and_compile_model_1_multimer_v3_pred_0": 983.2005488872528,
    "predict_benchmark_model_1_multimer_v3_pred_0": 823.4421515464783,
    "process_features_model_2_multimer_v3_pred_0": 4.0531158447265625e-06,
    "predict_and_compile_model_2_multimer_v3_pred_0": 970.9113900661469,
    "predict_benchmark_model_2_multimer_v3_pred_0": 823.6320929527283,
    "process_features_model_3_multimer_v3_pred_0": 4.5299530029296875e-06,
    "predict_and_compile_model_3_multimer_v3_pred_0": 971.326174736023,
    "predict_benchmark_model_3_multimer_v3_pred_0": 821.8434839248657,
    "process_features_model_4_multimer_v3_pred_0": 4.76837158203125e-06,
    "predict_and_compile_model_4_multimer_v3_pred_0": 964.0130517482758,
    "predict_benchmark_model_4_multimer_v3_pred_0": 802.1611754894257,
    "process_features_model_5_multimer_v3_pred_0": 5.0067901611328125e-06,
    "predict_and_compile_model_5_multimer_v3_pred_0": 957.2848274707794,
    "predict_benchmark_model_5_multimer_v3_pred_0": 802.1215431690216
}