{
    "features": 0.007655143737792969,
    "process_features_model_1_multimer_v3_pred_0": 3.5762786865234375e-06,
    "predict_and_compile_model_1_multimer_v3_pred_0": 172.87521696090698,
    "relax_model_1_multimer_v3_pred_0": 25.61696743965149,
    "process_features_model_1_multimer_v3_pred_1": 2.86102294921875e-06,
    "predict_and_compile_model_1_multimer_v3_pred_1": 55.199509382247925,
    "relax_model_1_multimer_v3_pred_1": 23.580379247665405,
    "process_features_model_1_multimer_v3_pred_2": 2.86102294921875e-06,
    "predict_and_compile_model_1_multimer_v3_pred_2": 55.46796226501465,
    "relax_model_1_multimer_v3_pred_2": 23.175678253173828,
    "process_features_model_1_multimer_v3_pred_3": 3.0994415283203125e-06,
    "predict_and_compile_model_1_multimer_v3_pred_3": 55.152902126312256,
    "relax_model_1_multimer_v3_pred_3": 23.469573736190796,
    "process_features_model_1_multimer_v3_pred_4": 3.5762786865234375e-06,
    "predict_and_compile_model_1_multimer_v3_pred_4": 62.96761441230774,
    "relax_model_1_multimer_v3_pred_4": 23.0417058467865,
    "process_features_model_2_multimer_v3_pred_0": 3.337860107421875e-06,
    "predict_and_compile_model_2_multimer_v3_pred_0": 162.51100492477417,
    "relax_model_2_multimer_v3_pred_0": 23.745560884475708,
    "process_features_model_2_multimer_v3_pred_1": 2.86102294921875e-06,
    "predict_and_compile_model_2_multimer_v3_pred_1": 47.550267457962036,
    "relax_model_2_multimer_v3_pred_1": 22.578202486038208,
    "process_features_model_2_multimer_v3_pred_2": 3.337860107421875e-06,
    "predict_and_compile_model_2_multimer_v3_pred_2": 39.649606704711914,
    "relax_model_2_multimer_v3_pred_2": 22.052260637283325,
    "process_features_model_2_multimer_v3_pred_3": 3.0994415283203125e-06,
    "predict_and_compile_model_2_multimer_v3_pred_3": 47.586326599121094,
    "relax_model_2_multimer_v3_pred_3": 23.185153245925903,
    "process_features_model_2_multimer_v3_pred_4": 2.86102294921875e-06,
    "predict_and_compile_model_2_multimer_v3_pred_4": 47.501036167144775,
    "relax_model_2_multimer_v3_pred_4": 22.32242488861084,
    "process_features_model_3_multimer_v3_pred_0": 3.0994415283203125e-06,
    "predict_and_compile_model_3_multimer_v3_pred_0": 162.75655961036682,
    "relax_model_3_multimer_v3_pred_0": 22.523077487945557,
    "process_features_model_3_multimer_v3_pred_1": 2.86102294921875e-06,
    "predict_and_compile_model_3_multimer_v3_pred_1": 55.43750238418579,
    "relax_model_3_multimer_v3_pred_1": 22.752896308898926,
    "process_features_model_3_multimer_v3_pred_2": 2.86102294921875e-06,
    "predict_and_compile_model_3_multimer_v3_pred_2": 47.441092014312744,
    "relax_model_3_multimer_v3_pred_2": 22.805572509765625,
    "process_features_model_3_multimer_v3_pred_3": 2.86102294921875e-06,
    "predict_and_compile_model_3_multimer_v3_pred_3": 47.4117317199707,
    "relax_model_3_multimer_v3_pred_3": 23.137781381607056,
    "process_features_model_3_multimer_v3_pred_4": 3.5762786865234375e-06,
    "predict_and_compile_model_3_multimer_v3_pred_4": 47.39523720741272,
    "relax_model_3_multimer_v3_pred_4": 22.29260778427124,
    "process_features_model_4_multimer_v3_pred_0": 3.337860107421875e-06,
    "predict_and_compile_model_4_multimer_v3_pred_0": 158.97733235359192,
    "relax_model_4_multimer_v3_pred_0": 23.568745136260986,
    "process_features_model_4_multimer_v3_pred_1": 2.6226043701171875e-06,
    "predict_and_compile_model_4_multimer_v3_pred_1": 38.38641047477722,
    "relax_model_4_multimer_v3_pred_1": 23.078113555908203,
    "process_features_model_4_multimer_v3_pred_2": 2.384185791015625e-06,
    "predict_and_compile_model_4_multimer_v3_pred_2": 38.58859467506409,
    "relax_model_4_multimer_v3_pred_2": 22.7819926738739,
    "process_features_model_4_multimer_v3_pred_3": 3.0994415283203125e-06,
    "predict_and_compile_model_4_multimer_v3_pred_3": 38.39359164237976,
    "relax_model_4_multimer_v3_pred_3": 23.22704577445984,
    "process_features_model_4_multimer_v3_pred_4": 2.6226043701171875e-06,
    "predict_and_compile_model_4_multimer_v3_pred_4": 38.327062129974365,
    "relax_model_4_multimer_v3_pred_4": 23.243197202682495,
    "process_features_model_5_multimer_v3_pred_0": 2.6226043701171875e-06,
    "predict_and_compile_model_5_multimer_v3_pred_0": 170.9578719139099,
    "relax_model_5_multimer_v3_pred_0": 24.013686418533325,
    "process_features_model_5_multimer_v3_pred_1": 1.2159347534179688e-05,
    "predict_and_compile_model_5_multimer_v3_pred_1": 61.11415362358093,
    "relax_model_5_multimer_v3_pred_1": 24.21251678466797,
    "process_features_model_5_multimer_v3_pred_2": 3.337860107421875e-06,
    "predict_and_compile_model_5_multimer_v3_pred_2": 46.25402879714966,
    "relax_model_5_multimer_v3_pred_2": 23.056060314178467,
    "process_features_model_5_multimer_v3_pred_3": 3.337860107421875e-06,
    "predict_and_compile_model_5_multimer_v3_pred_3": 53.57918119430542,
    "relax_model_5_multimer_v3_pred_3": 21.926369190216064,
    "process_features_model_5_multimer_v3_pred_4": 2.6226043701171875e-06,
    "predict_and_compile_model_5_multimer_v3_pred_4": 45.876978635787964,
    "relax_model_5_multimer_v3_pred_4": 22.765300273895264
}