seed,sample,ranking_score
2,0,0.871155352508038
2,1,0.8696925465544454
2,2,0.8768891627089862
2,3,0.8595630169423267
2,4,0.8766325236106806
