seed,sample,ranking_score
4,0,0.7276022559244855
4,1,0.7332636353703961
4,2,0.7459566544713089
4,3,0.7154360427916849
4,4,0.7302738857892113
