seed,sample,ranking_score
1,0,0.5145282122589362
1,1,0.5244164650490801
1,2,0.5176106635807438
1,3,0.5163125943580605
1,4,0.5263707158401129
