{
    "iptm+ptm": {
        "model_1_multimer_v3_pred_0": 0.7807350007809727,
        "model_1_multimer_v3_pred_1": 0.7798624403243933,
        "model_1_multimer_v3_pred_2": 0.7747220927038734,
        "model_1_multimer_v3_pred_3": 0.7621108439676978,
        "model_1_multimer_v3_pred_4": 0.7657818313595697,
        "model_2_multimer_v3_pred_0": 0.7736852566040803,
        "model_2_multimer_v3_pred_1": 0.7532189300179363,
        "model_2_multimer_v3_pred_2": 0.7504956442527309,
        "model_2_multimer_v3_pred_3": 0.7792787264014402,
        "model_2_multimer_v3_pred_4": 0.7457986053011595,
        "model_3_multimer_v3_pred_0": 0.7805544632229741,
        "model_3_multimer_v3_pred_1": 0.7804691439681516,
        "model_3_multimer_v3_pred_2": 0.783167181841339,
        "model_3_multimer_v3_pred_3": 0.7715889985391727,
        "model_3_multimer_v3_pred_4": 0.7738416630998334,
        "model_4_multimer_v3_pred_0": 0.8086030042009713,
        "model_4_multimer_v3_pred_1": 0.7929028980462459,
        "model_4_multimer_v3_pred_2": 0.8032916663887991,
        "model_4_multimer_v3_pred_3": 0.8080455242568738,
        "model_4_multimer_v3_pred_4": 0.799357331671167,
        "model_5_multimer_v3_pred_0": 0.7831957804201415,
        "model_5_multimer_v3_pred_1": 0.7960409864032659,
        "model_5_multimer_v3_pred_2": 0.7814739323231438,
        "model_5_multimer_v3_pred_3": 0.8114928358378282,
        "model_5_multimer_v3_pred_4": 0.8135131958266911
    },
    "order": [
        "model_5_multimer_v3_pred_4",
        "model_5_multimer_v3_pred_3",
        "model_4_multimer_v3_pred_0",
        "model_4_multimer_v3_pred_3",
        "model_4_multimer_v3_pred_2",
        "model_4_multimer_v3_pred_4",
        "model_5_multimer_v3_pred_1",
        "model_4_multimer_v3_pred_1",
        "model_5_multimer_v3_pred_0",
        "model_3_multimer_v3_pred_2",
        "model_5_multimer_v3_pred_2",
        "model_1_multimer_v3_pred_0",
        "model_3_multimer_v3_pred_0",
        "model_3_multimer_v3_pred_1",
        "model_1_multimer_v3_pred_1",
        "model_2_multimer_v3_pred_3",
        "model_1_multimer_v3_pred_2",
        "model_3_multimer_v3_pred_4",
        "model_2_multimer_v3_pred_0",
        "model_3_multimer_v3_pred_3",
        "model_1_multimer_v3_pred_4",
        "model_1_multimer_v3_pred_3",
        "model_2_multimer_v3_pred_1",
        "model_2_multimer_v3_pred_2",
        "model_2_multimer_v3_pred_4"
    ]
}