{
    "features": 0.8406684398651123,
    "process_features_model_1_multimer_v3_pred_0": 4.291534423828125e-06,
    "predict_and_compile_model_1_multimer_v3_pred_0": 173.68119955062866,
    "predict_benchmark_model_1_multimer_v3_pred_0": 93.29158639907837,
    "process_features_model_2_multimer_v3_pred_0": 2.5272369384765625e-05,
    "predict_and_compile_model_2_multimer_v3_pred_0": 188.32325625419617,
    "predict_benchmark_model_2_multimer_v3_pred_0": 107.23717761039734,
    "process_features_model_3_multimer_v3_pred_0": 1.8596649169921875e-05,
    "predict_and_compile_model_3_multimer_v3_pred_0": 230.24423384666443,
    "predict_benchmark_model_3_multimer_v3_pred_0": 150.72127985954285,
    "process_features_model_4_multimer_v3_pred_0": 4.57763671875e-05,
    "predict_and_compile_model_4_multimer_v3_pred_0": 223.76632165908813,
    "predict_benchmark_model_4_multimer_v3_pred_0": 146.16330695152283,
    "process_features_model_5_multimer_v3_pred_0": 2.6226043701171875e-05,
    "predict_and_compile_model_5_multimer_v3_pred_0": 223.10808396339417,
    "predict_benchmark_model_5_multimer_v3_pred_0": 145.86452102661133
}