seed,sample,ranking_score
1,0,0.6882129933796765
1,1,0.6955645175562085
1,2,0.6927214406724389
1,3,0.6907554708531152
1,4,0.7043500381343896
