seed,sample,ranking_score
1,0,0.45749454644262416
1,1,0.5277886457069987
1,2,0.49901788927853996
1,3,0.5000110441919686
1,4,0.4857272097664893
