{
    "features": 0.19848322868347168,
    "process_features_model_1_multimer_v3_pred_0": 4.0531158447265625e-06,
    "predict_and_compile_model_1_multimer_v3_pred_0": 710.9179029464722,
    "predict_benchmark_model_1_multimer_v3_pred_0": 589.8521747589111,
    "process_features_model_2_multimer_v3_pred_0": 3.814697265625e-06,
    "predict_and_compile_model_2_multimer_v3_pred_0": 702.9135589599609,
    "predict_benchmark_model_2_multimer_v3_pred_0": 589.7798416614532,
    "process_features_model_3_multimer_v3_pred_0": 3.814697265625e-06,
    "predict_and_compile_model_3_multimer_v3_pred_0": 705.0161900520325,
    "predict_benchmark_model_3_multimer_v3_pred_0": 589.9505114555359,
    "process_features_model_4_multimer_v3_pred_0": 4.5299530029296875e-06,
    "predict_and_compile_model_4_multimer_v3_pred_0": 695.4389708042145,
    "predict_benchmark_model_4_multimer_v3_pred_0": 574.3553886413574,
    "process_features_model_5_multimer_v3_pred_0": 4.5299530029296875e-06,
    "predict_and_compile_model_5_multimer_v3_pred_0": 691.7987768650055,
    "predict_benchmark_model_5_multimer_v3_pred_0": 575.4117476940155
}