{
    "features": 0.005204677581787109,
    "process_features_model_1_multimer_v3_pred_0": 3.5762786865234375e-06,
    "predict_and_compile_model_1_multimer_v3_pred_0": 239.7501940727234,
    "relax_model_1_multimer_v3_pred_0": 32.34105467796326,
    "process_features_model_1_multimer_v3_pred_1": 3.0994415283203125e-06,
    "predict_and_compile_model_1_multimer_v3_pred_1": 121.24907922744751,
    "relax_model_1_multimer_v3_pred_1": 32.27855920791626,
    "process_features_model_1_multimer_v3_pred_2": 3.0994415283203125e-06,
    "predict_and_compile_model_1_multimer_v3_pred_2": 121.54707336425781,
    "relax_model_1_multimer_v3_pred_2": 29.92942786216736,
    "process_features_model_1_multimer_v3_pred_3": 2.6226043701171875e-06,
    "predict_and_compile_model_1_multimer_v3_pred_3": 121.54971265792847,
    "relax_model_1_multimer_v3_pred_3": 30.475029945373535,
    "process_features_model_1_multimer_v3_pred_4": 2.86102294921875e-06,
    "predict_and_compile_model_1_multimer_v3_pred_4": 121.24450874328613,
    "relax_model_1_multimer_v3_pred_4": 29.13875126838684,
    "process_features_model_2_multimer_v3_pred_0": 2.6226043701171875e-06,
    "predict_and_compile_model_2_multimer_v3_pred_0": 235.84389662742615,
    "relax_model_2_multimer_v3_pred_0": 32.18250870704651,
    "process_features_model_2_multimer_v3_pred_1": 2.86102294921875e-06,
    "predict_and_compile_model_2_multimer_v3_pred_1": 121.40275359153748,
    "relax_model_2_multimer_v3_pred_1": 33.469537019729614,
    "process_features_model_2_multimer_v3_pred_2": 2.86102294921875e-06,
    "predict_and_compile_model_2_multimer_v3_pred_2": 121.14666485786438,
    "relax_model_2_multimer_v3_pred_2": 31.209664344787598,
    "process_features_model_2_multimer_v3_pred_3": 3.337860107421875e-06,
    "predict_and_compile_model_2_multimer_v3_pred_3": 121.32608199119568,
    "relax_model_2_multimer_v3_pred_3": 33.4474983215332,
    "process_features_model_2_multimer_v3_pred_4": 2.6226043701171875e-06,
    "predict_and_compile_model_2_multimer_v3_pred_4": 121.70278716087341,
    "relax_model_2_multimer_v3_pred_4": 32.28295040130615,
    "process_features_model_3_multimer_v3_pred_0": 2.86102294921875e-06,
    "predict_and_compile_model_3_multimer_v3_pred_0": 239.28579020500183,
    "relax_model_3_multimer_v3_pred_0": 16.91863203048706,
    "process_features_model_3_multimer_v3_pred_1": 2.6226043701171875e-06,
    "predict_and_compile_model_3_multimer_v3_pred_1": 121.41864442825317,
    "relax_model_3_multimer_v3_pred_1": 29.807226181030273,
    "process_features_model_3_multimer_v3_pred_2": 2.86102294921875e-06,
    "predict_and_compile_model_3_multimer_v3_pred_2": 121.24821186065674,
    "relax_model_3_multimer_v3_pred_2": 41.02944350242615,
    "process_features_model_3_multimer_v3_pred_3": 2.6226043701171875e-06,
    "predict_and_compile_model_3_multimer_v3_pred_3": 121.5029604434967,
    "relax_model_3_multimer_v3_pred_3": 24.992366075515747,
    "process_features_model_3_multimer_v3_pred_4": 2.6226043701171875e-06,
    "predict_and_compile_model_3_multimer_v3_pred_4": 121.33186197280884,
    "relax_model_3_multimer_v3_pred_4": 30.588361978530884,
    "process_features_model_4_multimer_v3_pred_0": 3.337860107421875e-06,
    "predict_and_compile_model_4_multimer_v3_pred_0": 238.40819549560547,
    "relax_model_4_multimer_v3_pred_0": 32.05576848983765,
    "process_features_model_4_multimer_v3_pred_1": 3.0994415283203125e-06,
    "predict_and_compile_model_4_multimer_v3_pred_1": 119.03686952590942,
    "relax_model_4_multimer_v3_pred_1": 28.30417513847351,
    "process_features_model_4_multimer_v3_pred_2": 4.0531158447265625e-06,
    "predict_and_compile_model_4_multimer_v3_pred_2": 118.93080520629883,
    "relax_model_4_multimer_v3_pred_2": 28.074583292007446,
    "process_features_model_4_multimer_v3_pred_3": 4.291534423828125e-06,
    "predict_and_compile_model_4_multimer_v3_pred_3": 118.90726518630981,
    "relax_model_4_multimer_v3_pred_3": 17.37249493598938,
    "process_features_model_4_multimer_v3_pred_4": 2.6226043701171875e-06,
    "predict_and_compile_model_4_multimer_v3_pred_4": 119.07791662216187,
    "relax_model_4_multimer_v3_pred_4": 22.49806499481201,
    "process_features_model_5_multimer_v3_pred_0": 2.6226043701171875e-06,
    "predict_and_compile_model_5_multimer_v3_pred_0": 233.93999075889587,
    "relax_model_5_multimer_v3_pred_0": 29.130677223205566,
    "process_features_model_5_multimer_v3_pred_1": 2.6226043701171875e-06,
    "predict_and_compile_model_5_multimer_v3_pred_1": 118.97939777374268,
    "relax_model_5_multimer_v3_pred_1": 29.598767518997192,
    "process_features_model_5_multimer_v3_pred_2": 2.6226043701171875e-06,
    "predict_and_compile_model_5_multimer_v3_pred_2": 118.78183841705322,
    "relax_model_5_multimer_v3_pred_2": 23.67564034461975,
    "process_features_model_5_multimer_v3_pred_3": 3.0994415283203125e-06,
    "predict_and_compile_model_5_multimer_v3_pred_3": 119.20796298980713,
    "relax_model_5_multimer_v3_pred_3": 56.83751058578491,
    "process_features_model_5_multimer_v3_pred_4": 3.337860107421875e-06,
    "predict_and_compile_model_5_multimer_v3_pred_4": 119.1973295211792,
    "relax_model_5_multimer_v3_pred_4": 16.58540916442871
}