{
    "features": 0.020440340042114258,
    "process_features_model_1_multimer_v3_pred_0": 2.384185791015625e-06,
    "predict_and_compile_model_1_multimer_v3_pred_0": 183.77477526664734,
    "predict_benchmark_model_1_multimer_v3_pred_0": 106.54582476615906,
    "process_features_model_2_multimer_v3_pred_0": 3.0994415283203125e-05,
    "predict_and_compile_model_2_multimer_v3_pred_0": 183.42251563072205,
    "predict_benchmark_model_2_multimer_v3_pred_0": 106.36474752426147,
    "process_features_model_3_multimer_v3_pred_0": 1.9311904907226562e-05,
    "predict_and_compile_model_3_multimer_v3_pred_0": 183.1234962940216,
    "predict_benchmark_model_3_multimer_v3_pred_0": 106.31422352790833,
    "process_features_model_4_multimer_v3_pred_0": 1.6689300537109375e-05,
    "predict_and_compile_model_4_multimer_v3_pred_0": 181.9994204044342,
    "predict_benchmark_model_4_multimer_v3_pred_0": 103.12825083732605,
    "process_features_model_5_multimer_v3_pred_0": 1.4543533325195312e-05,
    "predict_and_compile_model_5_multimer_v3_pred_0": 180.2996437549591,
    "predict_benchmark_model_5_multimer_v3_pred_0": 103.14670729637146
}