seed,sample,ranking_score
1,0,0.7074130285321665
1,1,0.7178714088537606
1,2,0.7199745067910228
1,3,0.703273595717211
1,4,0.708682814828196
