seed,sample,ranking_score
1,0,0.6635034592927551
1,1,0.6627897603004352
1,2,0.6909559596938706
1,3,0.6501743229016159
1,4,0.6999739598042527
