{
    "features": 0.010752201080322266,
    "process_features_model_1_multimer_v3_pred_0": 3.5762786865234375e-06,
    "predict_and_compile_model_1_multimer_v3_pred_0": 582.9106822013855,
    "relax_model_1_multimer_v3_pred_0": 33.431546449661255,
    "process_features_model_1_multimer_v3_pred_1": 3.814697265625e-06,
    "predict_and_compile_model_1_multimer_v3_pred_1": 398.778573513031,
    "relax_model_1_multimer_v3_pred_1": 29.887983083724976,
    "process_features_model_1_multimer_v3_pred_2": 3.0994415283203125e-06,
    "predict_and_compile_model_1_multimer_v3_pred_2": 397.9038257598877,
    "relax_model_1_multimer_v3_pred_2": 30.187131643295288,
    "process_features_model_1_multimer_v3_pred_3": 3.0994415283203125e-06,
    "predict_and_compile_model_1_multimer_v3_pred_3": 398.04156732559204,
    "relax_model_1_multimer_v3_pred_3": 30.783551454544067,
    "process_features_model_1_multimer_v3_pred_4": 3.0994415283203125e-06,
    "predict_and_compile_model_1_multimer_v3_pred_4": 398.3047285079956,
    "relax_model_1_multimer_v3_pred_4": 31.50402522087097,
    "process_features_model_2_multimer_v3_pred_0": 2.0503997802734375e-05,
    "predict_and_compile_model_2_multimer_v3_pred_0": 300.3529419898987,
    "relax_model_2_multimer_v3_pred_0": 30.76691770553589,
    "process_features_model_2_multimer_v3_pred_1": 3.337860107421875e-06,
    "predict_and_compile_model_2_multimer_v3_pred_1": 208.88766527175903,
    "relax_model_2_multimer_v3_pred_1": 30.969926834106445,
    "process_features_model_2_multimer_v3_pred_2": 3.5762786865234375e-06,
    "predict_and_compile_model_2_multimer_v3_pred_2": 95.12149429321289,
    "relax_model_2_multimer_v3_pred_2": 31.72140598297119,
    "process_features_model_2_multimer_v3_pred_3": 3.0994415283203125e-06,
    "predict_and_compile_model_2_multimer_v3_pred_3": 170.7499179840088,
    "relax_model_2_multimer_v3_pred_3": 33.30721116065979,
    "process_features_model_2_multimer_v3_pred_4": 3.0994415283203125e-06,
    "predict_and_compile_model_2_multimer_v3_pred_4": 170.98407077789307,
    "relax_model_2_multimer_v3_pred_4": 31.762829303741455,
    "process_features_model_3_multimer_v3_pred_0": 3.0994415283203125e-06,
    "predict_and_compile_model_3_multimer_v3_pred_0": 476.25627851486206,
    "relax_model_3_multimer_v3_pred_0": 52.547930002212524,
    "process_features_model_3_multimer_v3_pred_1": 4.5299530029296875e-06,
    "predict_and_compile_model_3_multimer_v3_pred_1": 246.45647621154785,
    "relax_model_3_multimer_v3_pred_1": 58.2393901348114,
    "process_features_model_3_multimer_v3_pred_2": 3.814697265625e-06,
    "predict_and_compile_model_3_multimer_v3_pred_2": 95.11245846748352,
    "relax_model_3_multimer_v3_pred_2": 41.678526639938354,
    "process_features_model_3_multimer_v3_pred_3": 2.86102294921875e-06,
    "predict_and_compile_model_3_multimer_v3_pred_3": 397.5606949329376,
    "relax_model_3_multimer_v3_pred_3": 52.008222341537476,
    "process_features_model_3_multimer_v3_pred_4": 2.86102294921875e-06,
    "predict_and_compile_model_3_multimer_v3_pred_4": 171.16704440116882,
    "relax_model_3_multimer_v3_pred_4": 60.380595207214355,
    "process_features_model_4_multimer_v3_pred_0": 3.0994415283203125e-06,
    "predict_and_compile_model_4_multimer_v3_pred_0": 565.6214213371277,
    "relax_model_4_multimer_v3_pred_0": 41.23550057411194,
    "process_features_model_4_multimer_v3_pred_1": 3.5762786865234375e-06,
    "predict_and_compile_model_4_multimer_v3_pred_1": 391.8651964664459,
    "relax_model_4_multimer_v3_pred_1": 29.092169761657715,
    "process_features_model_4_multimer_v3_pred_2": 3.5762786865234375e-06,
    "predict_and_compile_model_4_multimer_v3_pred_2": 392.6311101913452,
    "relax_model_4_multimer_v3_pred_2": 30.105371952056885,
    "process_features_model_4_multimer_v3_pred_3": 4.0531158447265625e-06,
    "predict_and_compile_model_4_multimer_v3_pred_3": 392.8054988384247,
    "relax_model_4_multimer_v3_pred_3": 31.753153324127197,
    "process_features_model_4_multimer_v3_pred_4": 3.0994415283203125e-06,
    "predict_and_compile_model_4_multimer_v3_pred_4": 392.27224707603455,
    "relax_model_4_multimer_v3_pred_4": 29.940650939941406,
    "process_features_model_5_multimer_v3_pred_0": 3.337860107421875e-06,
    "predict_and_compile_model_5_multimer_v3_pred_0": 557.7845661640167,
    "relax_model_5_multimer_v3_pred_0": 31.713011980056763,
    "process_features_model_5_multimer_v3_pred_1": 2.86102294921875e-06,
    "predict_and_compile_model_5_multimer_v3_pred_1": 391.54596400260925,
    "relax_model_5_multimer_v3_pred_1": 31.891741514205933,
    "process_features_model_5_multimer_v3_pred_2": 3.0994415283203125e-06,
    "predict_and_compile_model_5_multimer_v3_pred_2": 392.05734515190125,
    "relax_model_5_multimer_v3_pred_2": 43.32830286026001,
    "process_features_model_5_multimer_v3_pred_3": 3.814697265625e-06,
    "predict_and_compile_model_5_multimer_v3_pred_3": 392.2052776813507,
    "relax_model_5_multimer_v3_pred_3": 40.77986454963684,
    "process_features_model_5_multimer_v3_pred_4": 4.0531158447265625e-06,
    "predict_and_compile_model_5_multimer_v3_pred_4": 391.7890088558197,
    "relax_model_5_multimer_v3_pred_4": 39.312153339385986
}