seed,sample,ranking_score
1,0,1.0134494394814164
1,1,1.0215562505594031
1,2,1.0281795738884725
1,3,1.0377280277966945
1,4,1.0325068072682302
