seed,sample,ranking_score
1,0,0.9271066937148696
1,1,0.9459323943911928
1,2,0.945631072924044
1,3,0.9847713475977583
1,4,0.9708524474732229
