seed,sample,ranking_score
2,0,0.9205432920650134
2,1,0.9302917382696319
2,2,0.92655370679204
2,3,0.928429776631495
2,4,0.9234714708770722
