seed,sample,ranking_score
1,0,0.40990880262958246
1,1,0.4162775001750404
1,2,0.5043406258861715
1,3,0.44794293962114295
1,4,0.468281960194134
