seed,sample,ranking_score
1,0,0.6830463448069207
1,1,0.6785607016564373
1,2,0.6929626934696794
1,3,0.6885791307552165
1,4,0.6784947377771781
