seed,sample,ranking_score
1,0,0.6966973693164377
1,1,0.7464564557877771
1,2,0.7449392399823531
1,3,0.7008525118056953
1,4,0.7621609746057025
