{
    "iptm+ptm": {
        "model_1_multimer_v3_pred_0": 0.7237456677494662,
        "model_1_multimer_v3_pred_1": 0.7335134954544775,
        "model_1_multimer_v3_pred_2": 0.723252571444522,
        "model_1_multimer_v3_pred_3": 0.726855159301629,
        "model_1_multimer_v3_pred_4": 0.7017129112292114,
        "model_2_multimer_v3_pred_0": 0.7559188228979631,
        "model_2_multimer_v3_pred_1": 0.7542567858059659,
        "model_2_multimer_v3_pred_2": 0.7404450928244604,
        "model_2_multimer_v3_pred_3": 0.7404536532759247,
        "model_2_multimer_v3_pred_4": 0.7533648843861019,
        "model_3_multimer_v3_pred_0": 0.7249738639150517,
        "model_3_multimer_v3_pred_1": 0.7194859481349091,
        "model_3_multimer_v3_pred_2": 0.7330890523957145,
        "model_3_multimer_v3_pred_3": 0.7107440747836917,
        "model_3_multimer_v3_pred_4": 0.7123762157029477,
        "model_4_multimer_v3_pred_0": 0.8954001950537755,
        "model_4_multimer_v3_pred_1": 0.8862893390515583,
        "model_4_multimer_v3_pred_2": 0.8903132268579911,
        "model_4_multimer_v3_pred_3": 0.8885190684708659,
        "model_4_multimer_v3_pred_4": 0.8963735877177594,
        "model_5_multimer_v3_pred_0": 0.7158984082610321,
        "model_5_multimer_v3_pred_1": 0.7150318374039484,
        "model_5_multimer_v3_pred_2": 0.7112394527573135,
        "model_5_multimer_v3_pred_3": 0.7308087963866977,
        "model_5_multimer_v3_pred_4": 0.7317423412848114
    },
    "order": [
        "model_4_multimer_v3_pred_4",
        "model_4_multimer_v3_pred_0",
        "model_4_multimer_v3_pred_2",
        "model_4_multimer_v3_pred_3",
        "model_4_multimer_v3_pred_1",
        "model_2_multimer_v3_pred_0",
        "model_2_multimer_v3_pred_1",
        "model_2_multimer_v3_pred_4",
        "model_2_multimer_v3_pred_3",
        "model_2_multimer_v3_pred_2",
        "model_1_multimer_v3_pred_1",
        "model_3_multimer_v3_pred_2",
        "model_5_multimer_v3_pred_4",
        "model_5_multimer_v3_pred_3",
        "model_1_multimer_v3_pred_3",
        "model_3_multimer_v3_pred_0",
        "model_1_multimer_v3_pred_0",
        "model_1_multimer_v3_pred_2",
        "model_3_multimer_v3_pred_1",
        "model_5_multimer_v3_pred_0",
        "model_5_multimer_v3_pred_1",
        "model_3_multimer_v3_pred_4",
        "model_5_multimer_v3_pred_2",
        "model_3_multimer_v3_pred_3",
        "model_1_multimer_v3_pred_4"
    ]
}