seed,sample,ranking_score
1,0,0.7275588858970002
1,1,0.6984350034607301
1,2,0.6905259133784352
1,3,0.6943944294381841
1,4,0.7069823505461431
