seed,sample,ranking_score
1,0,0.5491997468414797
1,1,0.5192552401869458
1,2,0.5288771198590965
1,3,0.54237105772604
1,4,0.5603714386903317
