seed,sample,ranking_score
1,0,0.6215824887543654
1,1,0.6181494489072195
1,2,0.6186791274139382
1,3,0.6172413532682407
1,4,0.6300159290156917
