{
    "features": 0.007210254669189453,
    "process_features_model_1_multimer_v3_pred_0": 3.5762786865234375e-06,
    "predict_and_compile_model_1_multimer_v3_pred_0": 354.00341033935547,
    "relax_model_1_multimer_v3_pred_0": 34.129891872406006,
    "process_features_model_1_multimer_v3_pred_1": 3.814697265625e-06,
    "predict_and_compile_model_1_multimer_v3_pred_1": 234.18308281898499,
    "relax_model_1_multimer_v3_pred_1": 29.44513249397278,
    "process_features_model_1_multimer_v3_pred_2": 2.6226043701171875e-06,
    "predict_and_compile_model_1_multimer_v3_pred_2": 202.47812271118164,
    "relax_model_1_multimer_v3_pred_2": 28.515952587127686,
    "process_features_model_1_multimer_v3_pred_3": 2.384185791015625e-06,
    "predict_and_compile_model_1_multimer_v3_pred_3": 233.93820548057556,
    "relax_model_1_multimer_v3_pred_3": 29.88501000404358,
    "process_features_model_1_multimer_v3_pred_4": 2.384185791015625e-06,
    "predict_and_compile_model_1_multimer_v3_pred_4": 101.1998541355133,
    "relax_model_1_multimer_v3_pred_4": 27.986829042434692,
    "process_features_model_2_multimer_v3_pred_0": 2.6226043701171875e-06,
    "predict_and_compile_model_2_multimer_v3_pred_0": 350.53471970558167,
    "relax_model_2_multimer_v3_pred_0": 29.508577823638916,
    "process_features_model_2_multimer_v3_pred_1": 2.86102294921875e-06,
    "predict_and_compile_model_2_multimer_v3_pred_1": 234.12252473831177,
    "relax_model_2_multimer_v3_pred_1": 33.25368595123291,
    "process_features_model_2_multimer_v3_pred_2": 2.384185791015625e-06,
    "predict_and_compile_model_2_multimer_v3_pred_2": 212.0822832584381,
    "relax_model_2_multimer_v3_pred_2": 29.547240495681763,
    "process_features_model_2_multimer_v3_pred_3": 2.6226043701171875e-06,
    "predict_and_compile_model_2_multimer_v3_pred_3": 222.87174916267395,
    "relax_model_2_multimer_v3_pred_3": 31.744778394699097,
    "process_features_model_2_multimer_v3_pred_4": 2.384185791015625e-06,
    "predict_and_compile_model_2_multimer_v3_pred_4": 234.15253829956055,
    "relax_model_2_multimer_v3_pred_4": 29.687801361083984,
    "process_features_model_3_multimer_v3_pred_0": 2.384185791015625e-06,
    "predict_and_compile_model_3_multimer_v3_pred_0": 241.3737337589264,
    "relax_model_3_multimer_v3_pred_0": 27.64803457260132,
    "process_features_model_3_multimer_v3_pred_1": 2.384185791015625e-06,
    "predict_and_compile_model_3_multimer_v3_pred_1": 123.03579592704773,
    "relax_model_3_multimer_v3_pred_1": 29.45563292503357,
    "process_features_model_3_multimer_v3_pred_2": 2.6226043701171875e-06,
    "predict_and_compile_model_3_multimer_v3_pred_2": 234.23528385162354,
    "relax_model_3_multimer_v3_pred_2": 51.48439121246338,
    "process_features_model_3_multimer_v3_pred_3": 2.6226043701171875e-06,
    "predict_and_compile_model_3_multimer_v3_pred_3": 123.05548405647278,
    "relax_model_3_multimer_v3_pred_3": 29.16380739212036,
    "process_features_model_3_multimer_v3_pred_4": 2.384185791015625e-06,
    "predict_and_compile_model_3_multimer_v3_pred_4": 111.7896180152893,
    "relax_model_3_multimer_v3_pred_4": 29.95237135887146,
    "process_features_model_4_multimer_v3_pred_0": 2.6226043701171875e-06,
    "predict_and_compile_model_4_multimer_v3_pred_0": 353.1780438423157,
    "relax_model_4_multimer_v3_pred_0": 31.92591905593872,
    "process_features_model_4_multimer_v3_pred_1": 2.86102294921875e-06,
    "predict_and_compile_model_4_multimer_v3_pred_1": 230.86973309516907,
    "relax_model_4_multimer_v3_pred_1": 43.842432260513306,
    "process_features_model_4_multimer_v3_pred_2": 2.384185791015625e-06,
    "predict_and_compile_model_4_multimer_v3_pred_2": 230.82627844810486,
    "relax_model_4_multimer_v3_pred_2": 61.01600360870361,
    "process_features_model_4_multimer_v3_pred_3": 2.1457672119140625e-06,
    "predict_and_compile_model_4_multimer_v3_pred_3": 230.90230631828308,
    "relax_model_4_multimer_v3_pred_3": 36.66137647628784,
    "process_features_model_4_multimer_v3_pred_4": 2.6226043701171875e-06,
    "predict_and_compile_model_4_multimer_v3_pred_4": 230.96926641464233,
    "relax_model_4_multimer_v3_pred_4": 49.81325650215149,
    "process_features_model_5_multimer_v3_pred_0": 3.0994415283203125e-06,
    "predict_and_compile_model_5_multimer_v3_pred_0": 348.7470557689667,
    "relax_model_5_multimer_v3_pred_0": 53.10686922073364,
    "process_features_model_5_multimer_v3_pred_1": 2.6226043701171875e-06,
    "predict_and_compile_model_5_multimer_v3_pred_1": 220.27898836135864,
    "relax_model_5_multimer_v3_pred_1": 30.44479537010193,
    "process_features_model_5_multimer_v3_pred_2": 2.1457672119140625e-06,
    "predict_and_compile_model_5_multimer_v3_pred_2": 231.0688717365265,
    "relax_model_5_multimer_v3_pred_2": 31.47842288017273,
    "process_features_model_5_multimer_v3_pred_3": 2.86102294921875e-06,
    "predict_and_compile_model_5_multimer_v3_pred_3": 99.29202580451965,
    "relax_model_5_multimer_v3_pred_3": 30.088610649108887,
    "process_features_model_5_multimer_v3_pred_4": 2.1457672119140625e-06,
    "predict_and_compile_model_5_multimer_v3_pred_4": 219.98973870277405,
    "relax_model_5_multimer_v3_pred_4": 32.971636056900024
}