seed,sample,ranking_score
1,0,0.676254722194404
1,1,0.6971784200957495
1,2,0.701178379201336
1,3,0.7056574403540395
1,4,0.7018074864528575
