seed,sample,ranking_score
1,0,0.750447613546173
1,1,0.6667002433276726
1,2,0.7273313880367429
1,3,0.7131444495498356
1,4,0.6553482668554703
