seed,sample,ranking_score
1,0,0.4705124221416025
1,1,0.49841360266098056
1,2,0.4891590920276372
1,3,0.4983745418161341
1,4,0.47700470312138255
