seed,sample,ranking_score
3,0,0.6412999358385507
3,1,0.6807245564547856
3,2,0.6816276791237601
3,3,0.6463171331490488
3,4,0.6720517220750859
