seed,sample,ranking_score
2,0,0.8637844916760375
2,1,0.8508575934703
2,2,0.8523742213517657
2,3,0.8524986056912565
2,4,0.8520427609268248
