seed,sample,ranking_score
1,0,0.5244782923896718
1,1,0.5204696202635704
1,2,0.5552828222414921
1,3,0.5611043294931852
1,4,0.553181176459479
