seed,sample,ranking_score
1,0,0.5909256401981725
1,1,0.4677167189278072
1,2,0.623345806823076
1,3,0.51530436104507
1,4,0.6012577735579369
