seed,sample,ranking_score
1,0,0.5149229815479577
1,1,0.5660765691270964
1,2,0.5065395222341225
1,3,0.5111414307605088
1,4,0.5024618667899869
