seed,sample,ranking_score
1,0,0.5509686353052309
1,1,0.5399887813920212
1,2,0.47119653818932083
1,3,0.554668473753434
1,4,0.50863096294036
