seed,sample,ranking_score
1,0,0.5541559362522244
1,1,0.5215617018938807
1,2,0.5391856986873069
1,3,0.5422712950249502
1,4,0.548574866499397
