seed,sample,ranking_score
1,0,0.47409945012718024
1,1,0.4752690697282562
1,2,0.4733647213017501
1,3,0.4860126354714887
1,4,0.4783549153463067
