{
    "features": 0.03322887420654297,
    "process_features_model_1_multimer_v3_pred_0": 2.384185791015625e-06,
    "predict_and_compile_model_1_multimer_v3_pred_0": 223.21862506866455,
    "predict_benchmark_model_1_multimer_v3_pred_0": 141.45008063316345,
    "process_features_model_2_multimer_v3_pred_0": 1.4066696166992188e-05,
    "predict_and_compile_model_2_multimer_v3_pred_0": 207.338947057724,
    "predict_benchmark_model_2_multimer_v3_pred_0": 127.38354921340942,
    "process_features_model_3_multimer_v3_pred_0": 1.7404556274414062e-05,
    "predict_and_compile_model_3_multimer_v3_pred_0": 223.59073567390442,
    "predict_benchmark_model_3_multimer_v3_pred_0": 141.24054956436157,
    "process_features_model_4_multimer_v3_pred_0": 5.125999450683594e-05,
    "predict_and_compile_model_4_multimer_v3_pred_0": 218.66516828536987,
    "predict_benchmark_model_4_multimer_v3_pred_0": 136.99711632728577,
    "process_features_model_5_multimer_v3_pred_0": 2.1457672119140625e-05,
    "predict_and_compile_model_5_multimer_v3_pred_0": 218.0410521030426,
    "predict_benchmark_model_5_multimer_v3_pred_0": 136.99645805358887
}