{
    "features": 0.015433311462402344,
    "process_features_model_1_multimer_v3_pred_0": 2.6226043701171875e-06,
    "predict_and_compile_model_1_multimer_v3_pred_0": 92.42787384986877,
    "predict_benchmark_model_1_multimer_v3_pred_0": 15.984543561935425,
    "process_features_model_2_multimer_v3_pred_0": 5.4836273193359375e-06,
    "predict_and_compile_model_2_multimer_v3_pred_0": 93.17906880378723,
    "predict_benchmark_model_2_multimer_v3_pred_0": 15.925475120544434,
    "process_features_model_3_multimer_v3_pred_0": 7.62939453125e-06,
    "predict_and_compile_model_3_multimer_v3_pred_0": 102.45915913581848,
    "predict_benchmark_model_3_multimer_v3_pred_0": 19.816145181655884,
    "process_features_model_4_multimer_v3_pred_0": 8.58306884765625e-06,
    "predict_and_compile_model_4_multimer_v3_pred_0": 101.71987795829773,
    "predict_benchmark_model_4_multimer_v3_pred_0": 19.52241802215576,
    "process_features_model_5_multimer_v3_pred_0": 5.4836273193359375e-06,
    "predict_and_compile_model_5_multimer_v3_pred_0": 101.51624059677124,
    "predict_benchmark_model_5_multimer_v3_pred_0": 19.523378610610962
}