seed,sample,ranking_score
1,0,0.772291125903538
1,1,0.8123822572543308
1,2,0.7883914855846927
1,3,0.7884902023948086
1,4,0.6966303222778621
