seed,sample,ranking_score
1,0,0.6131763565187069
1,1,0.6085757905288567
1,2,0.6426556768720565
1,3,0.6285272341037227
1,4,0.6154037882157575
