seed,sample,ranking_score
1,0,0.7485007712271085
1,1,0.7617471818007432
1,2,0.747624399143576
1,3,0.7519650326237828
1,4,0.756944641184023
