seed,sample,ranking_score
1,0,0.7185215857897169
1,1,0.7169715349206538
1,2,0.7202557501222309
1,3,0.7092850979591449
1,4,0.7132610427980144
