seed,sample,ranking_score
1,0,0.6686119239226903
1,1,0.6905788440363381
1,2,0.733435101408799
1,3,0.7313795707756224
1,4,0.6671986261169751
