seed,sample,ranking_score
1,0,0.5640076096714233
1,1,0.564142359716453
1,2,0.5585020745437685
1,3,0.5899710310538566
1,4,0.5679942861715317
