seed,sample,ranking_score
1,0,0.619499546969383
1,1,0.6058832364721017
1,2,0.6242008224050857
1,3,0.5968478704389524
1,4,0.6036626233061879
