seed,sample,ranking_score
1,0,0.421004002797591
1,1,0.5227010523725576
1,2,0.4457774295185746
1,3,0.5043485403720054
1,4,0.5564813610289099
