seed,sample,ranking_score
1,0,0.6568235995046404
1,1,0.6743800892732003
1,2,0.6678776875965658
1,3,0.6728029371982834
1,4,0.674270917114513
