seed,sample,ranking_score
1,0,0.4763829383712509
1,1,0.4669153970945323
1,2,0.45877462235251487
1,3,0.44028886988223004
1,4,0.47836291519451113
