seed,sample,ranking_score
1,0,0.7679461837990749
1,1,0.7625287389154866
1,2,0.7733489207921875
1,3,0.7532228457887096
1,4,0.7659353292612281
