seed,sample,ranking_score
2,0,0.49921007809316825
2,1,0.4506578132675638
2,2,0.4726996913271696
2,3,0.4694292465336232
2,4,0.4878320718757608
