{
    "features": 0.07887578010559082,
    "process_features_model_1_multimer_v3_pred_0": 5.4836273193359375e-06,
    "predict_and_compile_model_1_multimer_v3_pred_0": 314.1383204460144,
    "predict_benchmark_model_1_multimer_v3_pred_0": 232.60091304779053,
    "process_features_model_2_multimer_v3_pred_0": 1.430511474609375e-05,
    "predict_and_compile_model_2_multimer_v3_pred_0": 317.23962235450745,
    "predict_benchmark_model_2_multimer_v3_pred_0": 232.44386458396912,
    "process_features_model_3_multimer_v3_pred_0": 4.1484832763671875e-05,
    "predict_and_compile_model_3_multimer_v3_pred_0": 317.2295386791229,
    "predict_benchmark_model_3_multimer_v3_pred_0": 232.61382341384888,
    "process_features_model_4_multimer_v3_pred_0": 3.3855438232421875e-05,
    "predict_and_compile_model_4_multimer_v3_pred_0": 180.57312893867493,
    "predict_benchmark_model_4_multimer_v3_pred_0": 96.5737795829773,
    "process_features_model_5_multimer_v3_pred_0": 2.5510787963867188e-05,
    "predict_and_compile_model_5_multimer_v3_pred_0": 308.6211392879486,
    "predict_benchmark_model_5_multimer_v3_pred_0": 225.8967101573944
}