seed,sample,ranking_score
1,0,0.81123596960557
1,1,0.7487349652096487
1,2,0.7965760218978588
1,3,0.8225968853256468
1,4,0.8063553078720328
