seed,sample,ranking_score
1,0,0.6998462984205186
1,1,0.7178609538497461
1,2,0.7005510341081175
1,3,0.7054345995604584
1,4,0.7083206257873911
