seed,sample,ranking_score
1,0,0.3249571759919828
1,1,0.34201764352158076
1,2,0.250059848794465
1,3,0.31564395268432993
1,4,0.31983885682228935
