{
    "features": 0.01611018180847168,
    "process_features_model_1_multimer_v3_pred_0": 4.0531158447265625e-06,
    "predict_and_compile_model_1_multimer_v3_pred_0": 130.47229933738708,
    "predict_benchmark_model_1_multimer_v3_pred_0": 47.02949142456055,
    "process_features_model_2_multimer_v3_pred_0": 1.2874603271484375e-05,
    "predict_and_compile_model_2_multimer_v3_pred_0": 165.13038730621338,
    "predict_benchmark_model_2_multimer_v3_pred_0": 89.12596154212952,
    "process_features_model_3_multimer_v3_pred_0": 1.8835067749023438e-05,
    "predict_and_compile_model_3_multimer_v3_pred_0": 121.45055818557739,
    "predict_benchmark_model_3_multimer_v3_pred_0": 41.992390394210815,
    "process_features_model_4_multimer_v3_pred_0": 1.8596649169921875e-05,
    "predict_and_compile_model_4_multimer_v3_pred_0": 200.18211722373962,
    "predict_benchmark_model_4_multimer_v3_pred_0": 106.94174098968506,
    "process_features_model_5_multimer_v3_pred_0": 3.647804260253906e-05,
    "predict_and_compile_model_5_multimer_v3_pred_0": 160.1830449104309,
    "predict_benchmark_model_5_multimer_v3_pred_0": 60.970038414001465
}