{
    "features": 0.13469409942626953,
    "process_features_model_1_multimer_v3_pred_0": 5.0067901611328125e-06,
    "predict_and_compile_model_1_multimer_v3_pred_0": 844.5758144855499,
    "predict_benchmark_model_1_multimer_v3_pred_0": 678.137392282486,
    "process_features_model_2_multimer_v3_pred_0": 3.5762786865234375e-06,
    "predict_and_compile_model_2_multimer_v3_pred_0": 831.8036997318268,
    "predict_benchmark_model_2_multimer_v3_pred_0": 679.2081763744354,
    "process_features_model_3_multimer_v3_pred_0": 4.0531158447265625e-06,
    "predict_and_compile_model_3_multimer_v3_pred_0": 832.7873156070709,
    "predict_benchmark_model_3_multimer_v3_pred_0": 678.6923937797546,
    "process_features_model_4_multimer_v3_pred_0": 1.049041748046875e-05,
    "predict_and_compile_model_4_multimer_v3_pred_0": 820.3182344436646,
    "predict_benchmark_model_4_multimer_v3_pred_0": 661.4088470935822,
    "process_features_model_5_multimer_v3_pred_0": 3.5762786865234375e-06,
    "predict_and_compile_model_5_multimer_v3_pred_0": 820.3375556468964,
    "predict_benchmark_model_5_multimer_v3_pred_0": 662.2583947181702
}