seed,sample,ranking_score
1,0,0.5615097912691407
1,1,0.632282712687387
1,2,0.62567461327525
1,3,0.6330832775206355
1,4,0.6114776419620362
