{
    "features": 0.008366584777832031,
    "process_features_model_1_multimer_v3_pred_0": 3.814697265625e-06,
    "predict_and_compile_model_1_multimer_v3_pred_0": 240.01411962509155,
    "relax_model_1_multimer_v3_pred_0": 29.249118089675903,
    "process_features_model_1_multimer_v3_pred_1": 2.86102294921875e-06,
    "predict_and_compile_model_1_multimer_v3_pred_1": 47.99335265159607,
    "relax_model_1_multimer_v3_pred_1": 25.258800983428955,
    "process_features_model_1_multimer_v3_pred_2": 3.0994415283203125e-06,
    "predict_and_compile_model_1_multimer_v3_pred_2": 109.06138801574707,
    "relax_model_1_multimer_v3_pred_2": 25.40676498413086,
    "process_features_model_1_multimer_v3_pred_3": 2.86102294921875e-06,
    "predict_and_compile_model_1_multimer_v3_pred_3": 68.27130699157715,
    "relax_model_1_multimer_v3_pred_3": 25.83814811706543,
    "process_features_model_1_multimer_v3_pred_4": 2.384185791015625e-06,
    "predict_and_compile_model_1_multimer_v3_pred_4": 61.49196171760559,
    "relax_model_1_multimer_v3_pred_4": 35.569591760635376,
    "process_features_model_2_multimer_v3_pred_0": 2.384185791015625e-06,
    "predict_and_compile_model_2_multimer_v3_pred_0": 175.67768001556396,
    "relax_model_2_multimer_v3_pred_0": 25.555497407913208,
    "process_features_model_2_multimer_v3_pred_1": 2.6226043701171875e-06,
    "predict_and_compile_model_2_multimer_v3_pred_1": 88.7315022945404,
    "relax_model_2_multimer_v3_pred_1": 35.73306918144226,
    "process_features_model_2_multimer_v3_pred_2": 2.1457672119140625e-06,
    "predict_and_compile_model_2_multimer_v3_pred_2": 81.9463369846344,
    "relax_model_2_multimer_v3_pred_2": 38.115389823913574,
    "process_features_model_2_multimer_v3_pred_3": 2.86102294921875e-06,
    "predict_and_compile_model_2_multimer_v3_pred_3": 109.16039943695068,
    "relax_model_2_multimer_v3_pred_3": 24.800177097320557,
    "process_features_model_2_multimer_v3_pred_4": 2.384185791015625e-06,
    "predict_and_compile_model_2_multimer_v3_pred_4": 116.23277711868286,
    "relax_model_2_multimer_v3_pred_4": 25.80836534500122,
    "process_features_model_3_multimer_v3_pred_0": 2.6226043701171875e-06,
    "predict_and_compile_model_3_multimer_v3_pred_0": 164.05546164512634,
    "relax_model_3_multimer_v3_pred_0": 26.77111840248108,
    "process_features_model_3_multimer_v3_pred_1": 2.86102294921875e-06,
    "predict_and_compile_model_3_multimer_v3_pred_1": 47.93871331214905,
    "relax_model_3_multimer_v3_pred_1": 25.546807765960693,
    "process_features_model_3_multimer_v3_pred_2": 2.86102294921875e-06,
    "predict_and_compile_model_3_multimer_v3_pred_2": 68.6283118724823,
    "relax_model_3_multimer_v3_pred_2": 26.46790337562561,
    "process_features_model_3_multimer_v3_pred_3": 2.6226043701171875e-06,
    "predict_and_compile_model_3_multimer_v3_pred_3": 75.53500604629517,
    "relax_model_3_multimer_v3_pred_3": 25.711814403533936,
    "process_features_model_3_multimer_v3_pred_4": 2.86102294921875e-06,
    "predict_and_compile_model_3_multimer_v3_pred_4": 102.87248516082764,
    "relax_model_3_multimer_v3_pred_4": 24.55901074409485,
    "process_features_model_4_multimer_v3_pred_0": 2.86102294921875e-06,
    "predict_and_compile_model_4_multimer_v3_pred_0": 173.2648148536682,
    "relax_model_4_multimer_v3_pred_0": 25.123975038528442,
    "process_features_model_4_multimer_v3_pred_1": 2.6226043701171875e-06,
    "predict_and_compile_model_4_multimer_v3_pred_1": 138.53566789627075,
    "relax_model_4_multimer_v3_pred_1": 25.75972843170166,
    "process_features_model_4_multimer_v3_pred_2": 2.6226043701171875e-06,
    "predict_and_compile_model_4_multimer_v3_pred_2": 138.32815551757812,
    "relax_model_4_multimer_v3_pred_2": 26.29592251777649,
    "process_features_model_4_multimer_v3_pred_3": 2.86102294921875e-06,
    "predict_and_compile_model_4_multimer_v3_pred_3": 138.89523005485535,
    "relax_model_4_multimer_v3_pred_3": 35.67323279380798,
    "process_features_model_4_multimer_v3_pred_4": 2.384185791015625e-06,
    "predict_and_compile_model_4_multimer_v3_pred_4": 99.02858686447144,
    "relax_model_4_multimer_v3_pred_4": 24.600030422210693,
    "process_features_model_5_multimer_v3_pred_0": 2.6226043701171875e-06,
    "predict_and_compile_model_5_multimer_v3_pred_0": 254.80285668373108,
    "relax_model_5_multimer_v3_pred_0": 25.736951112747192,
    "process_features_model_5_multimer_v3_pred_1": 2.1457672119140625e-06,
    "predict_and_compile_model_5_multimer_v3_pred_1": 138.55554962158203,
    "relax_model_5_multimer_v3_pred_1": 26.05686664581299,
    "process_features_model_5_multimer_v3_pred_2": 2.6226043701171875e-06,
    "predict_and_compile_model_5_multimer_v3_pred_2": 138.5171217918396,
    "relax_model_5_multimer_v3_pred_2": 26.188570022583008,
    "process_features_model_5_multimer_v3_pred_3": 2.384185791015625e-06,
    "predict_and_compile_model_5_multimer_v3_pred_3": 138.2524390220642,
    "relax_model_5_multimer_v3_pred_3": 37.068243980407715,
    "process_features_model_5_multimer_v3_pred_4": 2.86102294921875e-06,
    "predict_and_compile_model_5_multimer_v3_pred_4": 138.4299476146698,
    "relax_model_5_multimer_v3_pred_4": 25.039984703063965
}