seed,sample,ranking_score
1,0,0.6054895961485913
1,1,0.6127350611247745
1,2,0.5893748726371816
1,3,0.5968247468550516
1,4,0.6012526515428808
