seed,sample,ranking_score
1,0,0.5230603747259407
1,1,0.5082911153989929
1,2,0.5292504456122551
1,3,0.5008281640968143
1,4,0.5182886744688854
