seed,sample,ranking_score
5,0,0.9853355758784659
5,1,0.9817443123204602
5,2,0.9905416071771537
5,3,0.9728902754391557
5,4,0.9869940638513004
