seed,sample,ranking_score
1,0,0.549795675897866
1,1,0.5721156861122532
1,2,0.532294968755172
1,3,0.5908646492889675
1,4,0.573407976963654
