seed,sample,ranking_score
1,0,0.7072080994629361
1,1,0.7156589606247765
1,2,0.6872154117991893
1,3,0.6906816690149503
1,4,0.7433227889353433
