seed,sample,ranking_score
1,0,0.6375270217153011
1,1,0.629715035760439
1,2,0.6217939545125826
1,3,0.5685433680347269
1,4,0.6143853886394762
