seed,sample,ranking_score
1,0,0.5227983726899285
1,1,0.5405527981344015
1,2,0.5080448455090719
1,3,0.5122836170029945
1,4,0.5196720839360932
