seed,sample,ranking_score
1,0,0.5837870648513296
1,1,0.535470712303735
1,2,0.5696501465933801
1,3,0.5908602923442537
1,4,0.5584546026310584
