seed,sample,ranking_score
1,0,0.5039239275204996
1,1,0.4961558883548637
1,2,0.4638978762521481
1,3,0.45337591190142695
1,4,0.5239234117335744
