seed,sample,ranking_score
3,0,0.8176437309157827
3,1,0.8096199820713973
3,2,0.8161085391849354
3,3,0.877739539450844
3,4,0.8175615714168545
