{
    "features": 0.14117217063903809,
    "process_features_model_1_multimer_v3_pred_0": 5.7220458984375e-06,
    "predict_and_compile_model_1_multimer_v3_pred_0": 216.4115571975708,
    "predict_benchmark_model_1_multimer_v3_pred_0": 135.06311345100403,
    "process_features_model_2_multimer_v3_pred_0": 2.0742416381835938e-05,
    "predict_and_compile_model_2_multimer_v3_pred_0": 211.86963605880737,
    "predict_benchmark_model_2_multimer_v3_pred_0": 134.38585567474365,
    "process_features_model_3_multimer_v3_pred_0": 1.4781951904296875e-05,
    "predict_and_compile_model_3_multimer_v3_pred_0": 215.0318717956543,
    "predict_benchmark_model_3_multimer_v3_pred_0": 134.37349224090576,
    "process_features_model_4_multimer_v3_pred_0": 2.7894973754882812e-05,
    "predict_and_compile_model_4_multimer_v3_pred_0": 207.08263111114502,
    "predict_benchmark_model_4_multimer_v3_pred_0": 132.84917783737183,
    "process_features_model_5_multimer_v3_pred_0": 1.621246337890625e-05,
    "predict_and_compile_model_5_multimer_v3_pred_0": 205.6455795764923,
    "predict_benchmark_model_5_multimer_v3_pred_0": 132.68120980262756
}