{
    "features": 0.0051271915435791016,
    "process_features_model_1_multimer_v3_pred_0": 3.5762786865234375e-06,
    "predict_and_compile_model_1_multimer_v3_pred_0": 152.67193341255188,
    "relax_model_1_multimer_v3_pred_0": 17.0458025932312,
    "process_features_model_1_multimer_v3_pred_1": 3.337860107421875e-06,
    "predict_and_compile_model_1_multimer_v3_pred_1": 23.729636669158936,
    "relax_model_1_multimer_v3_pred_1": 14.672860145568848,
    "process_features_model_1_multimer_v3_pred_2": 2.86102294921875e-06,
    "predict_and_compile_model_1_multimer_v3_pred_2": 50.89921426773071,
    "relax_model_1_multimer_v3_pred_2": 14.238308429718018,
    "process_features_model_1_multimer_v3_pred_3": 2.384185791015625e-06,
    "predict_and_compile_model_1_multimer_v3_pred_3": 37.252145767211914,
    "relax_model_1_multimer_v3_pred_3": 14.889882326126099,
    "process_features_model_1_multimer_v3_pred_4": 2.86102294921875e-06,
    "predict_and_compile_model_1_multimer_v3_pred_4": 23.341333627700806,
    "relax_model_1_multimer_v3_pred_4": 15.444895505905151,
    "process_features_model_2_multimer_v3_pred_0": 3.0994415283203125e-06,
    "predict_and_compile_model_2_multimer_v3_pred_0": 149.79981589317322,
    "relax_model_2_multimer_v3_pred_0": 14.734836101531982,
    "process_features_model_2_multimer_v3_pred_1": 3.0994415283203125e-06,
    "predict_and_compile_model_2_multimer_v3_pred_1": 23.36809539794922,
    "relax_model_2_multimer_v3_pred_1": 15.979773044586182,
    "process_features_model_2_multimer_v3_pred_2": 2.86102294921875e-06,
    "predict_and_compile_model_2_multimer_v3_pred_2": 18.77340793609619,
    "relax_model_2_multimer_v3_pred_2": 14.803674936294556,
    "process_features_model_2_multimer_v3_pred_3": 2.6226043701171875e-06,
    "predict_and_compile_model_2_multimer_v3_pred_3": 23.33214282989502,
    "relax_model_2_multimer_v3_pred_3": 14.982003688812256,
    "process_features_model_2_multimer_v3_pred_4": 2.6226043701171875e-06,
    "predict_and_compile_model_2_multimer_v3_pred_4": 23.330979824066162,
    "relax_model_2_multimer_v3_pred_4": 14.205174207687378,
    "process_features_model_3_multimer_v3_pred_0": 2.6226043701171875e-06,
    "predict_and_compile_model_3_multimer_v3_pred_0": 151.93817520141602,
    "relax_model_3_multimer_v3_pred_0": 15.504212379455566,
    "process_features_model_3_multimer_v3_pred_1": 3.337860107421875e-06,
    "predict_and_compile_model_3_multimer_v3_pred_1": 32.64601278305054,
    "relax_model_3_multimer_v3_pred_1": 15.062166452407837,
    "process_features_model_3_multimer_v3_pred_2": 2.6226043701171875e-06,
    "predict_and_compile_model_3_multimer_v3_pred_2": 23.961774349212646,
    "relax_model_3_multimer_v3_pred_2": 14.149346590042114,
    "process_features_model_3_multimer_v3_pred_3": 2.384185791015625e-06,
    "predict_and_compile_model_3_multimer_v3_pred_3": 46.30135250091553,
    "relax_model_3_multimer_v3_pred_3": 15.639094829559326,
    "process_features_model_3_multimer_v3_pred_4": 2.86102294921875e-06,
    "predict_and_compile_model_3_multimer_v3_pred_4": 50.98861885070801,
    "relax_model_3_multimer_v3_pred_4": 14.656217098236084,
    "process_features_model_4_multimer_v3_pred_0": 2.6226043701171875e-06,
    "predict_and_compile_model_4_multimer_v3_pred_0": 138.23882627487183,
    "relax_model_4_multimer_v3_pred_0": 20.51622986793518,
    "process_features_model_4_multimer_v3_pred_1": 2.86102294921875e-06,
    "predict_and_compile_model_4_multimer_v3_pred_1": 27.383249044418335,
    "relax_model_4_multimer_v3_pred_1": 14.978717803955078,
    "process_features_model_4_multimer_v3_pred_2": 2.384185791015625e-06,
    "predict_and_compile_model_4_multimer_v3_pred_2": 31.956804275512695,
    "relax_model_4_multimer_v3_pred_2": 19.786669731140137,
    "process_features_model_4_multimer_v3_pred_3": 2.384185791015625e-06,
    "predict_and_compile_model_4_multimer_v3_pred_3": 31.953466653823853,
    "relax_model_4_multimer_v3_pred_3": 15.000102758407593,
    "process_features_model_4_multimer_v3_pred_4": 2.1457672119140625e-06,
    "predict_and_compile_model_4_multimer_v3_pred_4": 27.437456607818604,
    "relax_model_4_multimer_v3_pred_4": 14.910511255264282,
    "process_features_model_5_multimer_v3_pred_0": 2.384185791015625e-06,
    "predict_and_compile_model_5_multimer_v3_pred_0": 171.13970494270325,
    "relax_model_5_multimer_v3_pred_0": 15.723538875579834,
    "process_features_model_5_multimer_v3_pred_1": 3.0994415283203125e-06,
    "predict_and_compile_model_5_multimer_v3_pred_1": 36.42314171791077,
    "relax_model_5_multimer_v3_pred_1": 15.047277927398682,
    "process_features_model_5_multimer_v3_pred_2": 2.86102294921875e-06,
    "predict_and_compile_model_5_multimer_v3_pred_2": 31.9053156375885,
    "relax_model_5_multimer_v3_pred_2": 14.362380981445312,
    "process_features_model_5_multimer_v3_pred_3": 2.6226043701171875e-06,
    "predict_and_compile_model_5_multimer_v3_pred_3": 54.470131158828735,
    "relax_model_5_multimer_v3_pred_3": 14.44744348526001,
    "process_features_model_5_multimer_v3_pred_4": 2.6226043701171875e-06,
    "predict_and_compile_model_5_multimer_v3_pred_4": 36.50455188751221,
    "relax_model_5_multimer_v3_pred_4": 15.115690231323242
}