seed,sample,ranking_score
1,0,0.7727178662930044
1,1,0.7653718915457225
1,2,0.7464860765559639
1,3,0.7739650532246674
1,4,0.7663085090433743
