seed,sample,ranking_score
1,0,0.5149389196883452
1,1,0.5078304549855501
1,2,0.5002680003070192
1,3,0.45776064582036347
1,4,0.5008658753273275
