{
    "features": 0.05276226997375488,
    "process_features_model_1_multimer_v3_pred_0": 3.337860107421875e-06,
    "predict_and_compile_model_1_multimer_v3_pred_0": 664.7229948043823,
    "predict_benchmark_model_1_multimer_v3_pred_0": 584.8890545368195,
    "process_features_model_2_multimer_v3_pred_0": 2.7418136596679688e-05,
    "predict_and_compile_model_2_multimer_v3_pred_0": 416.5406403541565,
    "predict_benchmark_model_2_multimer_v3_pred_0": 334.1191883087158,
    "process_features_model_3_multimer_v3_pred_0": 8.082389831542969e-05,
    "predict_and_compile_model_3_multimer_v3_pred_0": 671.1355440616608,
    "predict_benchmark_model_3_multimer_v3_pred_0": 585.0230720043182,
    "process_features_model_4_multimer_v3_pred_0": 2.574920654296875e-05,
    "predict_and_compile_model_4_multimer_v3_pred_0": 654.6430969238281,
    "predict_benchmark_model_4_multimer_v3_pred_0": 576.6478791236877,
    "process_features_model_5_multimer_v3_pred_0": 1.8358230590820312e-05,
    "predict_and_compile_model_5_multimer_v3_pred_0": 652.0752296447754,
    "predict_benchmark_model_5_multimer_v3_pred_0": 578.0934493541718
}