seed,sample,ranking_score
1,0,0.531627727040233
1,1,0.5300093159595298
1,2,0.5210591654448764
1,3,0.48396363025010786
1,4,0.5380677026347607
