seed,sample,ranking_score
1,0,0.688517392468704
1,1,0.6791069189354957
1,2,0.7133569495320702
1,3,0.6991760891417936
1,4,0.7096371564212234
