seed,sample,ranking_score
1,0,0.6351484447937024
1,1,0.6364242069923893
1,2,0.5855795858433225
1,3,0.6373242678099406
1,4,0.640446973621321
