seed,sample,ranking_score
1,0,0.510905386366424
1,1,0.5134470916838718
1,2,0.4950084064877243
1,3,0.5065912450170618
1,4,0.49930694234077777
