{
    "features": 0.06339836120605469,
    "process_features_model_1_multimer_v3_pred_0": 2.384185791015625e-06,
    "predict_and_compile_model_1_multimer_v3_pred_0": 131.20146894454956,
    "predict_benchmark_model_1_multimer_v3_pred_0": 49.706841230392456,
    "process_features_model_2_multimer_v3_pred_0": 1.9073486328125e-05,
    "predict_and_compile_model_2_multimer_v3_pred_0": 121.32590413093567,
    "predict_benchmark_model_2_multimer_v3_pred_0": 38.62071204185486,
    "process_features_model_3_multimer_v3_pred_0": 2.6464462280273438e-05,
    "predict_and_compile_model_3_multimer_v3_pred_0": 124.83085584640503,
    "predict_benchmark_model_3_multimer_v3_pred_0": 43.86613726615906,
    "process_features_model_4_multimer_v3_pred_0": 2.765655517578125e-05,
    "predict_and_compile_model_4_multimer_v3_pred_0": 193.289128780365,
    "predict_benchmark_model_4_multimer_v3_pred_0": 112.31836152076721,
    "process_features_model_5_multimer_v3_pred_0": 1.5735626220703125e-05,
    "predict_and_compile_model_5_multimer_v3_pred_0": 123.15780544281006,
    "predict_benchmark_model_5_multimer_v3_pred_0": 42.98389387130737
}