seed,sample,ranking_score
1,0,0.9027603147266711
1,1,0.8909126093835915
1,2,0.9019347758423302
1,3,0.8879043988933221
1,4,0.8752970957619943
