{
    "features": 0.5738439559936523,
    "process_features_model_1_multimer_v3_pred_0": 8.106231689453125e-06,
    "predict_and_compile_model_1_multimer_v3_pred_0": 113.41824245452881,
    "predict_benchmark_model_1_multimer_v3_pred_0": 24.143625497817993,
    "process_features_model_2_multimer_v3_pred_0": 4.315376281738281e-05,
    "predict_and_compile_model_2_multimer_v3_pred_0": 134.52943301200867,
    "predict_benchmark_model_2_multimer_v3_pred_0": 47.901631116867065,
    "process_features_model_3_multimer_v3_pred_0": 9.775161743164062e-06,
    "predict_and_compile_model_3_multimer_v3_pred_0": 111.05994486808777,
    "predict_benchmark_model_3_multimer_v3_pred_0": 24.05161142349243,
    "process_features_model_4_multimer_v3_pred_0": 3.4332275390625e-05,
    "predict_and_compile_model_4_multimer_v3_pred_0": 112.5972683429718,
    "predict_benchmark_model_4_multimer_v3_pred_0": 28.283281803131104,
    "process_features_model_5_multimer_v3_pred_0": 1.4543533325195312e-05,
    "predict_and_compile_model_5_multimer_v3_pred_0": 107.45662760734558,
    "predict_benchmark_model_5_multimer_v3_pred_0": 23.652833461761475
}