seed,sample,ranking_score
4,0,0.7001292688526375
4,1,0.6740630682727855
4,2,0.32439002062578776
4,3,0.6965329357776151
4,4,0.6711912836260321
