seed,sample,ranking_score
1,0,0.3090866562104855
1,1,0.3024167367255915
1,2,0.30982651721286636
1,3,0.31212540957013957
1,4,0.30130814081870905
