seed,sample,ranking_score
5,0,0.8826167518209889
5,1,0.8813313558310887
5,2,0.8764269229938951
5,3,0.871399759464893
5,4,0.8799439360501939
