seed,sample,ranking_score
1,0,0.7983051534111822
1,1,0.7414438580556577
1,2,0.7869026432192281
1,3,0.8050687227664799
1,4,0.7435481668804547
