seed,sample,ranking_score
1,0,0.7780558805237792
1,1,0.8124799193426295
1,2,0.8067291862712606
1,3,0.8826133003293515
1,4,0.8036070642974091
