seed,sample,ranking_score
1,0,0.6814785173798611
1,1,0.6940581827265335
1,2,0.7143479390277261
1,3,0.6942156457938952
1,4,0.7204108096327707
