seed,sample,ranking_score
1,0,0.6405104457423195
1,1,0.6031491255442516
1,2,0.6025093455258191
1,3,0.6245845658383338
1,4,0.6046260733273814
