seed,sample,ranking_score
1,0,0.5136875160922703
1,1,0.5115901024749258
1,2,0.5091762946073017
1,3,0.4900431587278614
1,4,0.5120113985869701
