seed,sample,ranking_score
1,0,0.6350134007796766
1,1,0.5912677386602448
1,2,0.6001563759502997
1,3,0.6012388373543829
1,4,0.608116785744311
