seed,sample,ranking_score
1,0,0.8520156408930037
1,1,0.8461229325877785
1,2,0.8528714871405118
1,3,0.8569836009308137
1,4,0.8482210664538381
