seed,sample,ranking_score
1,0,0.9264514705231075
1,1,0.9410316464360353
1,2,0.9331377509406145
1,3,0.9361236925646033
1,4,0.9384022322868933
