{
    "features": 0.0072095394134521484,
    "process_features_model_1_multimer_v3_pred_0": 3.814697265625e-06,
    "predict_and_compile_model_1_multimer_v3_pred_0": 249.36180424690247,
    "relax_model_1_multimer_v3_pred_0": 37.07780456542969,
    "process_features_model_1_multimer_v3_pred_1": 2.86102294921875e-06,
    "predict_and_compile_model_1_multimer_v3_pred_1": 139.0302243232727,
    "relax_model_1_multimer_v3_pred_1": 26.554049730300903,
    "process_features_model_1_multimer_v3_pred_2": 3.0994415283203125e-06,
    "predict_and_compile_model_1_multimer_v3_pred_2": 138.0091371536255,
    "relax_model_1_multimer_v3_pred_2": 33.70142912864685,
    "process_features_model_1_multimer_v3_pred_3": 3.5762786865234375e-06,
    "predict_and_compile_model_1_multimer_v3_pred_3": 137.72770714759827,
    "relax_model_1_multimer_v3_pred_3": 18.881762504577637,
    "process_features_model_1_multimer_v3_pred_4": 3.337860107421875e-06,
    "predict_and_compile_model_1_multimer_v3_pred_4": 140.19337606430054,
    "relax_model_1_multimer_v3_pred_4": 34.715824127197266,
    "process_features_model_2_multimer_v3_pred_0": 3.5762786865234375e-06,
    "predict_and_compile_model_2_multimer_v3_pred_0": 168.2201545238495,
    "relax_model_2_multimer_v3_pred_0": 36.07889723777771,
    "process_features_model_2_multimer_v3_pred_1": 3.337860107421875e-06,
    "predict_and_compile_model_2_multimer_v3_pred_1": 137.82775139808655,
    "relax_model_2_multimer_v3_pred_1": 36.75535488128662,
    "process_features_model_2_multimer_v3_pred_2": 3.0994415283203125e-06,
    "predict_and_compile_model_2_multimer_v3_pred_2": 131.13405871391296,
    "relax_model_2_multimer_v3_pred_2": 35.159658432006836,
    "process_features_model_2_multimer_v3_pred_3": 2.86102294921875e-06,
    "predict_and_compile_model_2_multimer_v3_pred_3": 137.89681196212769,
    "relax_model_2_multimer_v3_pred_3": 34.920655488967896,
    "process_features_model_2_multimer_v3_pred_4": 3.0994415283203125e-06,
    "predict_and_compile_model_2_multimer_v3_pred_4": 137.60035371780396,
    "relax_model_2_multimer_v3_pred_4": 36.375935792922974,
    "process_features_model_3_multimer_v3_pred_0": 3.0994415283203125e-06,
    "predict_and_compile_model_3_multimer_v3_pred_0": 150.14117908477783,
    "relax_model_3_multimer_v3_pred_0": 34.74188756942749,
    "process_features_model_3_multimer_v3_pred_1": 3.0994415283203125e-06,
    "predict_and_compile_model_3_multimer_v3_pred_1": 52.94810605049133,
    "relax_model_3_multimer_v3_pred_1": 34.12460517883301,
    "process_features_model_3_multimer_v3_pred_2": 2.6226043701171875e-06,
    "predict_and_compile_model_3_multimer_v3_pred_2": 46.36313843727112,
    "relax_model_3_multimer_v3_pred_2": 35.23384761810303,
    "process_features_model_3_multimer_v3_pred_3": 3.337860107421875e-06,
    "predict_and_compile_model_3_multimer_v3_pred_3": 98.81147861480713,
    "relax_model_3_multimer_v3_pred_3": 28.341741800308228,
    "process_features_model_3_multimer_v3_pred_4": 3.337860107421875e-06,
    "predict_and_compile_model_3_multimer_v3_pred_4": 59.62133979797363,
    "relax_model_3_multimer_v3_pred_4": 35.02364540100098,
    "process_features_model_4_multimer_v3_pred_0": 3.337860107421875e-06,
    "predict_and_compile_model_4_multimer_v3_pred_0": 218.8147370815277,
    "relax_model_4_multimer_v3_pred_0": 28.271278858184814,
    "process_features_model_4_multimer_v3_pred_1": 2.6226043701171875e-06,
    "predict_and_compile_model_4_multimer_v3_pred_1": 115.96669936180115,
    "relax_model_4_multimer_v3_pred_1": 20.517072916030884,
    "process_features_model_4_multimer_v3_pred_2": 3.814697265625e-06,
    "predict_and_compile_model_4_multimer_v3_pred_2": 135.07977604866028,
    "relax_model_4_multimer_v3_pred_2": 20.93975806236267,
    "process_features_model_4_multimer_v3_pred_3": 3.337860107421875e-06,
    "predict_and_compile_model_4_multimer_v3_pred_3": 90.96610474586487,
    "relax_model_4_multimer_v3_pred_3": 18.957544088363647,
    "process_features_model_4_multimer_v3_pred_4": 3.0994415283203125e-06,
    "predict_and_compile_model_4_multimer_v3_pred_4": 135.54986453056335,
    "relax_model_4_multimer_v3_pred_4": 33.64690065383911,
    "process_features_model_5_multimer_v3_pred_0": 3.5762786865234375e-06,
    "predict_and_compile_model_5_multimer_v3_pred_0": 245.579425573349,
    "relax_model_5_multimer_v3_pred_0": 27.412971019744873,
    "process_features_model_5_multimer_v3_pred_1": 3.0994415283203125e-06,
    "predict_and_compile_model_5_multimer_v3_pred_1": 51.7919704914093,
    "relax_model_5_multimer_v3_pred_1": 33.08980178833008,
    "process_features_model_5_multimer_v3_pred_2": 1.3828277587890625e-05,
    "predict_and_compile_model_5_multimer_v3_pred_2": 77.46842670440674,
    "relax_model_5_multimer_v3_pred_2": 33.72012209892273,
    "process_features_model_5_multimer_v3_pred_3": 2.86102294921875e-06,
    "predict_and_compile_model_5_multimer_v3_pred_3": 135.1194202899933,
    "relax_model_5_multimer_v3_pred_3": 34.0172815322876,
    "process_features_model_5_multimer_v3_pred_4": 3.5762786865234375e-06,
    "predict_and_compile_model_5_multimer_v3_pred_4": 90.14224624633789,
    "relax_model_5_multimer_v3_pred_4": 19.648104429244995
}