seed,sample,ranking_score
1,0,0.6318148066639123
1,1,0.6652703062239291
1,2,0.6556303831074027
1,3,0.66616986281166
1,4,0.651714211833669
