seed,sample,ranking_score
1,0,0.6605259399372774
1,1,0.568897313664889
1,2,0.6581402033210217
1,3,0.6570084631207705
1,4,0.6632601867171395
