{
    "features": 0.008460044860839844,
    "process_features_model_1_multimer_v3_pred_0": 4.0531158447265625e-06,
    "predict_and_compile_model_1_multimer_v3_pred_0": 247.42931818962097,
    "relax_model_1_multimer_v3_pred_0": 30.46080994606018,
    "process_features_model_1_multimer_v3_pred_1": 3.337860107421875e-06,
    "predict_and_compile_model_1_multimer_v3_pred_1": 71.37123680114746,
    "relax_model_1_multimer_v3_pred_1": 19.94530487060547,
    "process_features_model_1_multimer_v3_pred_2": 3.0994415283203125e-06,
    "predict_and_compile_model_1_multimer_v3_pred_2": 83.17117094993591,
    "relax_model_1_multimer_v3_pred_2": 20.69777011871338,
    "process_features_model_1_multimer_v3_pred_3": 2.86102294921875e-06,
    "predict_and_compile_model_1_multimer_v3_pred_3": 59.56030464172363,
    "relax_model_1_multimer_v3_pred_3": 20.95891571044922,
    "process_features_model_1_multimer_v3_pred_4": 3.337860107421875e-06,
    "predict_and_compile_model_1_multimer_v3_pred_4": 71.5693769454956,
    "relax_model_1_multimer_v3_pred_4": 20.59923005104065,
    "process_features_model_2_multimer_v3_pred_0": 2.86102294921875e-06,
    "predict_and_compile_model_2_multimer_v3_pred_0": 228.4139702320099,
    "relax_model_2_multimer_v3_pred_0": 20.601125955581665,
    "process_features_model_2_multimer_v3_pred_1": 2.6226043701171875e-06,
    "predict_and_compile_model_2_multimer_v3_pred_1": 59.42860245704651,
    "relax_model_2_multimer_v3_pred_1": 21.19478440284729,
    "process_features_model_2_multimer_v3_pred_2": 3.0994415283203125e-06,
    "predict_and_compile_model_2_multimer_v3_pred_2": 59.5291645526886,
    "relax_model_2_multimer_v3_pred_2": 20.71788263320923,
    "process_features_model_2_multimer_v3_pred_3": 3.5762786865234375e-06,
    "predict_and_compile_model_2_multimer_v3_pred_3": 47.64243960380554,
    "relax_model_2_multimer_v3_pred_3": 20.485546112060547,
    "process_features_model_2_multimer_v3_pred_4": 2.6226043701171875e-06,
    "predict_and_compile_model_2_multimer_v3_pred_4": 59.56701993942261,
    "relax_model_2_multimer_v3_pred_4": 20.25142812728882,
    "process_features_model_3_multimer_v3_pred_0": 3.5762786865234375e-06,
    "predict_and_compile_model_3_multimer_v3_pred_0": 239.546781539917,
    "relax_model_3_multimer_v3_pred_0": 20.85567331314087,
    "process_features_model_3_multimer_v3_pred_1": 2.86102294921875e-06,
    "predict_and_compile_model_3_multimer_v3_pred_1": 71.4110095500946,
    "relax_model_3_multimer_v3_pred_1": 26.03374433517456,
    "process_features_model_3_multimer_v3_pred_2": 3.0994415283203125e-06,
    "predict_and_compile_model_3_multimer_v3_pred_2": 71.42863631248474,
    "relax_model_3_multimer_v3_pred_2": 19.340620756149292,
    "process_features_model_3_multimer_v3_pred_3": 2.86102294921875e-06,
    "predict_and_compile_model_3_multimer_v3_pred_3": 83.59386777877808,
    "relax_model_3_multimer_v3_pred_3": 20.600472927093506,
    "process_features_model_3_multimer_v3_pred_4": 3.337860107421875e-06,
    "predict_and_compile_model_3_multimer_v3_pred_4": 71.3558759689331,
    "relax_model_3_multimer_v3_pred_4": 20.085636615753174,
    "process_features_model_4_multimer_v3_pred_0": 2.86102294921875e-06,
    "predict_and_compile_model_4_multimer_v3_pred_0": 281.58760237693787,
    "relax_model_4_multimer_v3_pred_0": 35.25248098373413,
    "process_features_model_4_multimer_v3_pred_1": 2.6226043701171875e-06,
    "predict_and_compile_model_4_multimer_v3_pred_1": 82.13279795646667,
    "relax_model_4_multimer_v3_pred_1": 20.93674874305725,
    "process_features_model_4_multimer_v3_pred_2": 2.86102294921875e-06,
    "predict_and_compile_model_4_multimer_v3_pred_2": 58.6893253326416,
    "relax_model_4_multimer_v3_pred_2": 38.62457275390625,
    "process_features_model_4_multimer_v3_pred_3": 2.86102294921875e-06,
    "predict_and_compile_model_4_multimer_v3_pred_3": 70.34336543083191,
    "relax_model_4_multimer_v3_pred_3": 38.7843964099884,
    "process_features_model_4_multimer_v3_pred_4": 3.0994415283203125e-06,
    "predict_and_compile_model_4_multimer_v3_pred_4": 70.44805192947388,
    "relax_model_4_multimer_v3_pred_4": 22.767072916030884,
    "process_features_model_5_multimer_v3_pred_0": 3.0994415283203125e-06,
    "predict_and_compile_model_5_multimer_v3_pred_0": 236.87125325202942,
    "relax_model_5_multimer_v3_pred_0": 20.474452018737793,
    "process_features_model_5_multimer_v3_pred_1": 3.337860107421875e-06,
    "predict_and_compile_model_5_multimer_v3_pred_1": 82.3661093711853,
    "relax_model_5_multimer_v3_pred_1": 20.494802951812744,
    "process_features_model_5_multimer_v3_pred_2": 3.337860107421875e-06,
    "predict_and_compile_model_5_multimer_v3_pred_2": 94.18542528152466,
    "relax_model_5_multimer_v3_pred_2": 19.8095805644989,
    "process_features_model_5_multimer_v3_pred_3": 2.86102294921875e-06,
    "predict_and_compile_model_5_multimer_v3_pred_3": 70.6602098941803,
    "relax_model_5_multimer_v3_pred_3": 21.14335536956787,
    "process_features_model_5_multimer_v3_pred_4": 3.0994415283203125e-06,
    "predict_and_compile_model_5_multimer_v3_pred_4": 82.40796232223511,
    "relax_model_5_multimer_v3_pred_4": 20.75303864479065
}