{
    "iptm+ptm": {
        "model_1_multimer_v3_pred_0": 0.7801208109108246,
        "model_1_multimer_v3_pred_1": 0.7266039760195868,
        "model_1_multimer_v3_pred_2": 0.7412951960033498,
        "model_1_multimer_v3_pred_3": 0.7225330501533791,
        "model_1_multimer_v3_pred_4": 0.7156487191532366,
        "model_2_multimer_v3_pred_0": 0.7510642911359657,
        "model_2_multimer_v3_pred_1": 0.7664477842240437,
        "model_2_multimer_v3_pred_2": 0.7364055024825666,
        "model_2_multimer_v3_pred_3": 0.7735170020526372,
        "model_2_multimer_v3_pred_4": 0.7129676680132796,
        "model_3_multimer_v3_pred_0": 0.8003287999730572,
        "model_3_multimer_v3_pred_1": 0.7425057833107986,
        "model_3_multimer_v3_pred_2": 0.729026276742143,
        "model_3_multimer_v3_pred_3": 0.7266849580819968,
        "model_3_multimer_v3_pred_4": 0.7413126693202846,
        "model_4_multimer_v3_pred_0": 0.7254275907594707,
        "model_4_multimer_v3_pred_1": 0.8822306489406868,
        "model_4_multimer_v3_pred_2": 0.8776817015476355,
        "model_4_multimer_v3_pred_3": 0.8831232516865689,
        "model_4_multimer_v3_pred_4": 0.888387502594209,
        "model_5_multimer_v3_pred_0": 0.725418470503615,
        "model_5_multimer_v3_pred_1": 0.7288157600947924,
        "model_5_multimer_v3_pred_2": 0.7256954157366209,
        "model_5_multimer_v3_pred_3": 0.73819324671192,
        "model_5_multimer_v3_pred_4": 0.7224372055543619
    },
    "order": [
        "model_4_multimer_v3_pred_4",
        "model_4_multimer_v3_pred_3",
        "model_4_multimer_v3_pred_1",
        "model_4_multimer_v3_pred_2",
        "model_3_multimer_v3_pred_0",
        "model_1_multimer_v3_pred_0",
        "model_2_multimer_v3_pred_3",
        "model_2_multimer_v3_pred_1",
        "model_2_multimer_v3_pred_0",
        "model_3_multimer_v3_pred_1",
        "model_3_multimer_v3_pred_4",
        "model_1_multimer_v3_pred_2",
        "model_5_multimer_v3_pred_3",
        "model_2_multimer_v3_pred_2",
        "model_3_multimer_v3_pred_2",
        "model_5_multimer_v3_pred_1",
        "model_3_multimer_v3_pred_3",
        "model_1_multimer_v3_pred_1",
        "model_5_multimer_v3_pred_2",
        "model_4_multimer_v3_pred_0",
        "model_5_multimer_v3_pred_0",
        "model_1_multimer_v3_pred_3",
        "model_5_multimer_v3_pred_4",
        "model_1_multimer_v3_pred_4",
        "model_2_multimer_v3_pred_4"
    ]
}