{
    "features": 0.040238380432128906,
    "process_features_model_1_multimer_v3_pred_0": 4.76837158203125e-06,
    "predict_and_compile_model_1_multimer_v3_pred_0": 390.65352487564087,
    "predict_benchmark_model_1_multimer_v3_pred_0": 297.37681555747986,
    "process_features_model_2_multimer_v3_pred_0": 2.0742416381835938e-05,
    "predict_and_compile_model_2_multimer_v3_pred_0": 376.3874161243439,
    "predict_benchmark_model_2_multimer_v3_pred_0": 296.7345857620239,
    "process_features_model_3_multimer_v3_pred_0": 2.9087066650390625e-05,
    "predict_and_compile_model_3_multimer_v3_pred_0": 381.22071838378906,
    "predict_benchmark_model_3_multimer_v3_pred_0": 296.77274107933044,
    "process_features_model_4_multimer_v3_pred_0": 3.361701965332031e-05,
    "predict_and_compile_model_4_multimer_v3_pred_0": 369.69299125671387,
    "predict_benchmark_model_4_multimer_v3_pred_0": 288.2716956138611,
    "process_features_model_5_multimer_v3_pred_0": 2.09808349609375e-05,
    "predict_and_compile_model_5_multimer_v3_pred_0": 371.6871180534363,
    "predict_benchmark_model_5_multimer_v3_pred_0": 288.12523555755615
}