seed,sample,ranking_score
1,0,0.3205449859432191
1,1,0.2941302995497
1,2,0.3100990203860287
1,3,0.25334327851519534
1,4,0.31345805872153454
