{
    "features": 0.01862645149230957,
    "process_features_model_1_multimer_v3_pred_0": 3.0994415283203125e-06,
    "predict_and_compile_model_1_multimer_v3_pred_0": 245.079585313797,
    "predict_benchmark_model_1_multimer_v3_pred_0": 167.7848780155182,
    "process_features_model_2_multimer_v3_pred_0": 7.62939453125e-06,
    "predict_and_compile_model_2_multimer_v3_pred_0": 230.36421275138855,
    "predict_benchmark_model_2_multimer_v3_pred_0": 151.8304307460785,
    "process_features_model_3_multimer_v3_pred_0": 7.867813110351562e-06,
    "predict_and_compile_model_3_multimer_v3_pred_0": 251.16993808746338,
    "predict_benchmark_model_3_multimer_v3_pred_0": 167.72075533866882,
    "process_features_model_4_multimer_v3_pred_0": 9.059906005859375e-06,
    "predict_and_compile_model_4_multimer_v3_pred_0": 249.0419783592224,
    "predict_benchmark_model_4_multimer_v3_pred_0": 163.35724568367004,
    "process_features_model_5_multimer_v3_pred_0": 1.621246337890625e-05,
    "predict_and_compile_model_5_multimer_v3_pred_0": 249.32437992095947,
    "predict_benchmark_model_5_multimer_v3_pred_0": 163.6220145225525
}