seed,sample,ranking_score
1,0,0.5318283245668272
1,1,0.5446379788885851
1,2,0.5495627804512331
1,3,0.5189014322519809
1,4,0.49407283145765285
