{
    "features": 0.49635744094848633,
    "process_features_model_1_multimer_v3_pred_0": 5.0067901611328125e-06,
    "predict_and_compile_model_1_multimer_v3_pred_0": 854.6540925502777,
    "predict_benchmark_model_1_multimer_v3_pred_0": 732.2293272018433,
    "process_features_model_2_multimer_v3_pred_0": 3.337860107421875e-06,
    "predict_and_compile_model_2_multimer_v3_pred_0": 845.4180138111115,
    "predict_benchmark_model_2_multimer_v3_pred_0": 732.1583380699158,
    "process_features_model_3_multimer_v3_pred_0": 3.814697265625e-06,
    "predict_and_compile_model_3_multimer_v3_pred_0": 849.0924100875854,
    "predict_benchmark_model_3_multimer_v3_pred_0": 732.2953109741211,
    "process_features_model_4_multimer_v3_pred_0": 8.821487426757812e-06,
    "predict_and_compile_model_4_multimer_v3_pred_0": 832.5937874317169,
    "predict_benchmark_model_4_multimer_v3_pred_0": 713.4650194644928,
    "process_features_model_5_multimer_v3_pred_0": 3.814697265625e-06,
    "predict_and_compile_model_5_multimer_v3_pred_0": 825.1419808864594,
    "predict_benchmark_model_5_multimer_v3_pred_0": 712.9376401901245
}