seed,sample,ranking_score
1,0,0.4148431482765096
1,1,0.40303288026906037
1,2,0.4148704388175457
1,3,0.4168879468872347
1,4,0.41602228171809363
