seed,sample,ranking_score
1,0,0.806413759683695
1,1,0.7852750506353201
1,2,0.8001245576060008
1,3,0.8056862185013847
1,4,0.8252783814123245
