seed,sample,ranking_score
1,0,0.3289838214540387
1,1,0.29422155773658487
1,2,0.2849361683555712
1,3,0.3224445719403413
1,4,0.3059266689174365
