seed,sample,ranking_score
1,0,0.6342532252117223
1,1,0.6378040489302683
1,2,0.5927926499278968
1,3,0.6427468447297883
1,4,0.6407705652303455
