seed,sample,ranking_score
1,0,0.6620060358669203
1,1,0.6492053268879394
1,2,0.6307370607948869
1,3,0.6371957880320949
1,4,0.6464896221963303
