seed,sample,ranking_score
1,0,0.8662294637545719
1,1,0.8755359059821038
1,2,0.8668381577464858
1,3,0.8726076332251518
1,4,0.8630963857524351
