{
    "features": 0.348034143447876,
    "process_features_model_1_multimer_v3_pred_0": 3.5762786865234375e-06,
    "predict_and_compile_model_1_multimer_v3_pred_0": 210.97347331047058,
    "predict_benchmark_model_1_multimer_v3_pred_0": 129.96172714233398,
    "process_features_model_2_multimer_v3_pred_0": 5.4836273193359375e-06,
    "predict_and_compile_model_2_multimer_v3_pred_0": 214.79004859924316,
    "predict_benchmark_model_2_multimer_v3_pred_0": 130.08262515068054,
    "process_features_model_3_multimer_v3_pred_0": 1.0013580322265625e-05,
    "predict_and_compile_model_3_multimer_v3_pred_0": 222.76564860343933,
    "predict_benchmark_model_3_multimer_v3_pred_0": 129.83344316482544,
    "process_features_model_4_multimer_v3_pred_0": 2.86102294921875e-05,
    "predict_and_compile_model_4_multimer_v3_pred_0": 216.57360982894897,
    "predict_benchmark_model_4_multimer_v3_pred_0": 125.26753234863281,
    "process_features_model_5_multimer_v3_pred_0": 2.002716064453125e-05,
    "predict_and_compile_model_5_multimer_v3_pred_0": 214.57299041748047,
    "predict_benchmark_model_5_multimer_v3_pred_0": 125.72628593444824
}