seed,sample,ranking_score
1,0,0.2845594313710673
1,1,0.2885730715976673
1,2,0.28206965539038037
1,3,0.28675563235499535
1,4,0.27767364880660833
