seed,sample,ranking_score
1,0,0.590509526060901
1,1,0.5963920447345499
1,2,0.6064737531208468
1,3,0.6068164588018226
1,4,0.6186094757002324
