{
    "features": 0.19928288459777832,
    "process_features_model_1_multimer_v3_pred_0": 3.0994415283203125e-06,
    "predict_and_compile_model_1_multimer_v3_pred_0": 138.31381464004517,
    "predict_benchmark_model_1_multimer_v3_pred_0": 49.08734726905823,
    "process_features_model_2_multimer_v3_pred_0": 8.821487426757812e-06,
    "predict_and_compile_model_2_multimer_v3_pred_0": 126.33732771873474,
    "predict_benchmark_model_2_multimer_v3_pred_0": 38.254915952682495,
    "process_features_model_3_multimer_v3_pred_0": 1.430511474609375e-05,
    "predict_and_compile_model_3_multimer_v3_pred_0": 136.64566802978516,
    "predict_benchmark_model_3_multimer_v3_pred_0": 49.33800220489502,
    "process_features_model_4_multimer_v3_pred_0": 3.123283386230469e-05,
    "predict_and_compile_model_4_multimer_v3_pred_0": 148.80738139152527,
    "predict_benchmark_model_4_multimer_v3_pred_0": 59.00225281715393,
    "process_features_model_5_multimer_v3_pred_0": 1.9550323486328125e-05,
    "predict_and_compile_model_5_multimer_v3_pred_0": 176.0569269657135,
    "predict_benchmark_model_5_multimer_v3_pred_0": 85.59840536117554
}