seed,sample,ranking_score
1,0,0.5367276214224792
1,1,0.5086207930237858
1,2,0.5487803091426559
1,3,0.48997655860808265
1,4,0.5350425544444732
