{
    "features": 0.014796018600463867,
    "process_features_model_1_multimer_v3_pred_0": 4.76837158203125e-06,
    "predict_and_compile_model_1_multimer_v3_pred_0": 112.75108242034912,
    "predict_benchmark_model_1_multimer_v3_pred_0": 31.34639859199524,
    "process_features_model_2_multimer_v3_pred_0": 1.8358230590820312e-05,
    "predict_and_compile_model_2_multimer_v3_pred_0": 130.87020659446716,
    "predict_benchmark_model_2_multimer_v3_pred_0": 46.82619047164917,
    "process_features_model_3_multimer_v3_pred_0": 3.3855438232421875e-05,
    "predict_and_compile_model_3_multimer_v3_pred_0": 158.87242531776428,
    "predict_benchmark_model_3_multimer_v3_pred_0": 73.16144800186157,
    "process_features_model_4_multimer_v3_pred_0": 2.2411346435546875e-05,
    "predict_and_compile_model_4_multimer_v3_pred_0": 194.67164611816406,
    "predict_benchmark_model_4_multimer_v3_pred_0": 107.23801255226135,
    "process_features_model_5_multimer_v3_pred_0": 1.7642974853515625e-05,
    "predict_and_compile_model_5_multimer_v3_pred_0": 143.21404457092285,
    "predict_benchmark_model_5_multimer_v3_pred_0": 56.29699659347534
}