seed,sample,ranking_score
1,0,0.6212626152234326
1,1,0.5676205418313104
1,2,0.4564156296645452
1,3,0.6079196484224703
1,4,0.6044462400807572
