seed,sample,ranking_score
1,0,0.550419367503157
1,1,0.5486569559266377
1,2,0.5566285589785943
1,3,0.5478910585190184
1,4,0.5590296599953692
