seed,sample,ranking_score
4,0,0.73043332176117
4,1,0.7444615384649935
4,2,0.7503325391024293
4,3,0.7490075429266093
4,4,0.7395775503652595
