seed,sample,ranking_score
1,0,0.8862667816887937
1,1,0.8665728418097465
1,2,0.8756243905070822
1,3,0.8821235885743113
1,4,0.8632226404940274
