seed,sample,ranking_score
4,0,0.7805558854437339
4,1,0.7798402743809808
4,2,0.7789336186756791
4,3,0.7763742770031682
4,4,0.7713373188408944
