seed,sample,ranking_score
1,0,0.528224859248134
1,1,0.5460528663747053
1,2,0.5600929474180364
1,3,0.5504919511356223
1,4,0.5614606890953016
