seed,sample,ranking_score
1,0,0.6275848733557098
1,1,0.6165394731957595
1,2,0.6351517302630295
1,3,0.6424079242109553
1,4,0.6425217611195768
