seed,sample,ranking_score
1,0,0.4206639240186
1,1,0.41162584267565033
1,2,0.4386574683471881
1,3,0.40105638216339906
1,4,0.43889291744284525
