{
    "iptm+ptm": {
        "model_1_multimer_v3_pred_0": 0.7918389840399263,
        "model_1_multimer_v3_pred_1": 0.7924763348144697,
        "model_1_multimer_v3_pred_2": 0.8144893118222047,
        "model_1_multimer_v3_pred_3": 0.8189688744787554,
        "model_1_multimer_v3_pred_4": 0.8287497281817494,
        "model_2_multimer_v3_pred_0": 0.8262381439956442,
        "model_2_multimer_v3_pred_1": 0.8231550104443799,
        "model_2_multimer_v3_pred_2": 0.8458178489788472,
        "model_2_multimer_v3_pred_3": 0.8249645770899345,
        "model_2_multimer_v3_pred_4": 0.8175247668068806,
        "model_3_multimer_v3_pred_0": 0.7941874732881151,
        "model_3_multimer_v3_pred_1": 0.8054703055471404,
        "model_3_multimer_v3_pred_2": 0.801560959632471,
        "model_3_multimer_v3_pred_3": 0.8089063955975198,
        "model_3_multimer_v3_pred_4": 0.8065821699449602,
        "model_4_multimer_v3_pred_0": 0.8124670226055937,
        "model_4_multimer_v3_pred_1": 0.8057518016963734,
        "model_4_multimer_v3_pred_2": 0.8139925281385414,
        "model_4_multimer_v3_pred_3": 0.7935301896427581,
        "model_4_multimer_v3_pred_4": 0.8178839285064545,
        "model_5_multimer_v3_pred_0": 0.8321127985314513,
        "model_5_multimer_v3_pred_1": 0.8424335964143266,
        "model_5_multimer_v3_pred_2": 0.8379764880460742,
        "model_5_multimer_v3_pred_3": 0.8337034939237611,
        "model_5_multimer_v3_pred_4": 0.8384707385845763
    },
    "order": [
        "model_2_multimer_v3_pred_2",
        "model_5_multimer_v3_pred_1",
        "model_5_multimer_v3_pred_4",
        "model_5_multimer_v3_pred_2",
        "model_5_multimer_v3_pred_3",
        "model_5_multimer_v3_pred_0",
        "model_1_multimer_v3_pred_4",
        "model_2_multimer_v3_pred_0",
        "model_2_multimer_v3_pred_3",
        "model_2_multimer_v3_pred_1",
        "model_1_multimer_v3_pred_3",
        "model_4_multimer_v3_pred_4",
        "model_2_multimer_v3_pred_4",
        "model_1_multimer_v3_pred_2",
        "model_4_multimer_v3_pred_2",
        "model_4_multimer_v3_pred_0",
        "model_3_multimer_v3_pred_3",
        "model_3_multimer_v3_pred_4",
        "model_4_multimer_v3_pred_1",
        "model_3_multimer_v3_pred_1",
        "model_3_multimer_v3_pred_2",
        "model_3_multimer_v3_pred_0",
        "model_4_multimer_v3_pred_3",
        "model_1_multimer_v3_pred_1",
        "model_1_multimer_v3_pred_0"
    ]
}