seed,sample,ranking_score
1,0,0.47582172357409713
1,1,0.4655445075790813
1,2,0.4749399136660871
1,3,0.4544070222605965
1,4,0.47626289395730503
