seed,sample,ranking_score
1,0,0.7486434671616742
1,1,0.6998293552932606
1,2,0.739859324089219
1,3,0.7247986097265996
1,4,0.7349442508722557
