seed,sample,ranking_score
1,0,0.9173616168230794
1,1,0.9203387113575923
1,2,0.9179888781217416
1,3,0.9134460036105918
1,4,0.9261080055281004
