seed,sample,ranking_score
1,0,0.3139456618164598
1,1,0.2896649032156608
1,2,0.31599625408096743
1,3,0.3218492124693084
1,4,0.2931681589375113
