{
    "features": 1.603257417678833,
    "process_features_model_1_multimer_v3_pred_0": 6.198883056640625e-06,
    "predict_and_compile_model_1_multimer_v3_pred_0": 114.13829135894775,
    "predict_benchmark_model_1_multimer_v3_pred_0": 29.91787028312683,
    "process_features_model_2_multimer_v3_pred_0": 2.7179718017578125e-05,
    "predict_and_compile_model_2_multimer_v3_pred_0": 116.89232993125916,
    "predict_benchmark_model_2_multimer_v3_pred_0": 29.86373496055603,
    "process_features_model_3_multimer_v3_pred_0": 1.049041748046875e-05,
    "predict_and_compile_model_3_multimer_v3_pred_0": 154.341735124588,
    "predict_benchmark_model_3_multimer_v3_pred_0": 69.91104793548584,
    "process_features_model_4_multimer_v3_pred_0": 2.2172927856445312e-05,
    "predict_and_compile_model_4_multimer_v3_pred_0": 190.08992218971252,
    "predict_benchmark_model_4_multimer_v3_pred_0": 102.8533980846405,
    "process_features_model_5_multimer_v3_pred_0": 1.621246337890625e-05,
    "predict_and_compile_model_5_multimer_v3_pred_0": 131.6420772075653,
    "predict_benchmark_model_5_multimer_v3_pred_0": 39.10599446296692
}