seed,sample,ranking_score
1,0,0.6809175184841294
1,1,0.6098228626997734
1,2,0.6560714701293738
1,3,0.6238883810271809
1,4,0.6334769998267819
