seed,sample,ranking_score
1,0,0.5147274439867123
1,1,0.46282362308952585
1,2,0.4602050001552741
1,3,0.36618108695002755
1,4,0.4100473591784415
