seed,sample,ranking_score
1,0,0.8572863022074092
1,1,0.8827193537359512
1,2,0.8435079848718602
1,3,0.8836971019339406
1,4,0.8933239619981724
