seed,sample,ranking_score
1,0,0.8555093290230911
1,1,0.8567875156101918
1,2,0.8662598263332737
1,3,0.8629632756917307
1,4,0.8607133012501023
