seed,sample,ranking_score
4,0,0.6414126973592901
4,1,0.6525755029173737
4,2,0.6579300626359633
4,3,0.6415998669189311
4,4,0.6555290020755137
