{
    "features": 0.02003645896911621,
    "process_features_model_1_multimer_v3_pred_0": 2.1457672119140625e-06,
    "predict_and_compile_model_1_multimer_v3_pred_0": 99.75468611717224,
    "predict_benchmark_model_1_multimer_v3_pred_0": 24.617063283920288,
    "process_features_model_2_multimer_v3_pred_0": 1.0967254638671875e-05,
    "predict_and_compile_model_2_multimer_v3_pred_0": 99.2029824256897,
    "predict_benchmark_model_2_multimer_v3_pred_0": 28.66139245033264,
    "process_features_model_3_multimer_v3_pred_0": 7.867813110351562e-06,
    "predict_and_compile_model_3_multimer_v3_pred_0": 99.1360034942627,
    "predict_benchmark_model_3_multimer_v3_pred_0": 24.59635019302368,
    "process_features_model_4_multimer_v3_pred_0": 1.2636184692382812e-05,
    "predict_and_compile_model_4_multimer_v3_pred_0": 97.89897990226746,
    "predict_benchmark_model_4_multimer_v3_pred_0": 24.157917022705078,
    "process_features_model_5_multimer_v3_pred_0": 5.9604644775390625e-06,
    "predict_and_compile_model_5_multimer_v3_pred_0": 96.59100127220154,
    "predict_benchmark_model_5_multimer_v3_pred_0": 24.196585655212402
}