seed,sample,ranking_score
1,0,0.9520521260654548
1,1,0.9557274117447704
1,2,0.9671310843877415
1,3,0.9319237893978342
1,4,0.9206510267537583
