seed,sample,ranking_score
1,0,0.5253592367704619
1,1,0.5293905669928427
1,2,0.5266961728439501
1,3,0.5362580634756717
1,4,0.5181967205693659
