seed,sample,ranking_score
1,0,0.6557389699864792
1,1,0.6374780425830552
1,2,0.6441491210692166
1,3,0.6579229779263581
1,4,0.6408161197518537
