seed,sample,ranking_score
1,0,0.29152370196739674
1,1,0.3583729599424339
1,2,0.3428480707070703
1,3,0.36250763061440977
1,4,0.3510772034080101
