seed,sample,ranking_score
1,0,0.6240292111054881
1,1,0.6036989051403765
1,2,0.609431738610533
1,3,0.6325459789228037
1,4,0.6161887359568714
