seed,sample,ranking_score
1,0,0.6279363976854165
1,1,0.6918290607232948
1,2,0.6886793019312744
1,3,0.6810528334948268
1,4,0.6945493490305931
