seed,sample,ranking_score
3,0,0.5881430744987386
3,1,0.5922079696892214
3,2,0.5967021610453153
3,3,0.5896434142955558
3,4,0.5687113339351517
