seed,sample,ranking_score
1,0,0.5070845832647227
1,1,0.35163462163288883
1,2,0.5082310421751729
1,3,0.5297454172170037
1,4,0.5075328101384193
