seed,sample,ranking_score
3,0,0.9052115075739497
3,1,0.9288496400914628
3,2,0.9271032783203365
3,3,0.9190484616790515
3,4,0.9221520172734248
