seed,sample,ranking_score
1,0,0.5213599059079557
1,1,0.514163464635947
1,2,0.5117269206292836
1,3,0.5221159866903509
1,4,0.513490929281362
