seed,sample,ranking_score
1,0,0.5759266265042782
1,1,0.5982481132392259
1,2,0.5650612040210831
1,3,0.6047977742533184
1,4,0.6019731997124941
