seed,sample,ranking_score
1,0,0.5149460840453928
1,1,0.5486423419492457
1,2,0.477370073323788
1,3,0.5161486935089675
1,4,0.5170999361320661
