seed,sample,ranking_score
4,0,0.7265105347249521
4,1,0.7195124268256954
4,2,0.7364712679728171
4,3,0.7061030968207562
4,4,0.7173435127059706
