seed,sample,ranking_score
1,0,0.943253586904659
1,1,0.9510432300903867
1,2,0.9456613154114346
1,3,0.9484304112158584
1,4,0.9513112590849794
