seed,sample,ranking_score
1,0,0.7147245542573899
1,1,0.6973201967422571
1,2,0.712432006961202
1,3,0.7225719305226146
1,4,0.7091015666799836
