seed,sample,ranking_score
1,0,0.40830026621075316
1,1,0.4585227096463556
1,2,0.42817174643142797
1,3,0.44668372431740233
1,4,0.43159262391780207
