seed,sample,ranking_score
1,0,0.9020627865540939
1,1,0.9065592819251711
1,2,0.8941350826304066
1,3,0.898290354330785
1,4,0.904005331857965
