{
    "features": 0.01899433135986328,
    "process_features_model_1_multimer_v3_pred_0": 3.5762786865234375e-06,
    "predict_and_compile_model_1_multimer_v3_pred_0": 110.40612363815308,
    "predict_benchmark_model_1_multimer_v3_pred_0": 27.076833963394165,
    "process_features_model_2_multimer_v3_pred_0": 1.9550323486328125e-05,
    "predict_and_compile_model_2_multimer_v3_pred_0": 105.70601034164429,
    "predict_benchmark_model_2_multimer_v3_pred_0": 22.484423875808716,
    "process_features_model_3_multimer_v3_pred_0": 3.123283386230469e-05,
    "predict_and_compile_model_3_multimer_v3_pred_0": 136.9103982448578,
    "predict_benchmark_model_3_multimer_v3_pred_0": 49.28362798690796,
    "process_features_model_4_multimer_v3_pred_0": 2.09808349609375e-05,
    "predict_and_compile_model_4_multimer_v3_pred_0": 177.61458158493042,
    "predict_benchmark_model_4_multimer_v3_pred_0": 91.22995042800903,
    "process_features_model_5_multimer_v3_pred_0": 2.1696090698242188e-05,
    "predict_and_compile_model_5_multimer_v3_pred_0": 134.59329462051392,
    "predict_benchmark_model_5_multimer_v3_pred_0": 47.79014611244202
}