seed,sample,ranking_score
1,0,0.8182125767313844
1,1,0.826210589916913
1,2,0.8231006221727879
1,3,0.8424873074101453
1,4,0.8319706473537433
