seed,sample,ranking_score
1,0,0.45206549476706903
1,1,0.4838089467089101
1,2,0.48373532081392606
1,3,0.4626658872914971
1,4,0.4396281689610822
