seed,sample,ranking_score
5,0,0.9318576519812768
5,1,0.9308439282787616
5,2,0.9336002311718542
5,3,0.9305523793323454
5,4,0.933575093814312
