seed,sample,ranking_score
5,0,0.9914967439994675
5,1,0.9784435214122772
5,2,0.9923623133708138
5,3,0.9935752478366338
5,4,0.9938234964847208
