seed,sample,ranking_score
1,0,0.6353799494627016
1,1,0.6140791709930321
1,2,0.61830562048474
1,3,0.6273091946727076
1,4,0.6353065991888995
