{
    "features": 0.08452081680297852,
    "process_features_model_1_multimer_v3_pred_0": 5.4836273193359375e-06,
    "predict_and_compile_model_1_multimer_v3_pred_0": 218.14432501792908,
    "predict_benchmark_model_1_multimer_v3_pred_0": 127.48099064826965,
    "process_features_model_2_multimer_v3_pred_0": 3.2901763916015625e-05,
    "predict_and_compile_model_2_multimer_v3_pred_0": 214.86536478996277,
    "predict_benchmark_model_2_multimer_v3_pred_0": 133.93532752990723,
    "process_features_model_3_multimer_v3_pred_0": 2.8133392333984375e-05,
    "predict_and_compile_model_3_multimer_v3_pred_0": 212.80333471298218,
    "predict_benchmark_model_3_multimer_v3_pred_0": 134.03159713745117,
    "process_features_model_4_multimer_v3_pred_0": 4.1961669921875e-05,
    "predict_and_compile_model_4_multimer_v3_pred_0": 211.9998013973236,
    "predict_benchmark_model_4_multimer_v3_pred_0": 132.25702667236328,
    "process_features_model_5_multimer_v3_pred_0": 2.47955322265625e-05,
    "predict_and_compile_model_5_multimer_v3_pred_0": 213.9275984764099,
    "predict_benchmark_model_5_multimer_v3_pred_0": 132.70048427581787
}