{
    "features": 0.019372224807739258,
    "process_features_model_1_multimer_v3_pred_0": 2.86102294921875e-06,
    "predict_and_compile_model_1_multimer_v3_pred_0": 291.6395494937897,
    "predict_benchmark_model_1_multimer_v3_pred_0": 207.23437762260437,
    "process_features_model_2_multimer_v3_pred_0": 1.4781951904296875e-05,
    "predict_and_compile_model_2_multimer_v3_pred_0": 290.9935131072998,
    "predict_benchmark_model_2_multimer_v3_pred_0": 206.9566102027893,
    "process_features_model_3_multimer_v3_pred_0": 2.765655517578125e-05,
    "predict_and_compile_model_3_multimer_v3_pred_0": 294.3374824523926,
    "predict_benchmark_model_3_multimer_v3_pred_0": 206.87721014022827,
    "process_features_model_4_multimer_v3_pred_0": 4.410743713378906e-05,
    "predict_and_compile_model_4_multimer_v3_pred_0": 289.80302000045776,
    "predict_benchmark_model_4_multimer_v3_pred_0": 203.13023924827576,
    "process_features_model_5_multimer_v3_pred_0": 2.5510787963867188e-05,
    "predict_and_compile_model_5_multimer_v3_pred_0": 293.30208802223206,
    "predict_benchmark_model_5_multimer_v3_pred_0": 203.48101019859314
}