seed,sample,ranking_score
1,0,0.3320970464931013
1,1,0.33814833710534786
1,2,0.33493279446337987
1,3,0.33420355563274873
1,4,0.3523449865276216
