seed,sample,ranking_score
1,0,0.4450425415501318
1,1,0.45394819858301294
1,2,0.4258739518245981
1,3,0.4266069076488417
1,4,0.4219498642771866
