seed,sample,ranking_score
1,0,0.9821981555325245
1,1,0.9816204112104251
1,2,0.9817713392852863
1,3,0.9793847778658776
1,4,0.9797882616256017
