seed,sample,ranking_score
1,0,0.43482268652527656
1,1,0.4467446351808214
1,2,0.4304854583845221
1,3,0.4464737876783197
1,4,0.4527150036320785
