seed,sample,ranking_score
3,0,0.9672547150503323
3,1,0.9769454386950464
3,2,0.9729401573634153
3,3,0.973713278162322
3,4,0.9680177009242534
