seed,sample,ranking_score
1,0,0.5609361503481345
1,1,0.5561625707531717
1,2,0.5522208113235751
1,3,0.5475138325749626
1,4,0.5272082830118723
