seed,sample,ranking_score
3,0,0.9101781338526265
3,1,0.8941906202093057
3,2,0.9091755441972112
3,3,0.9118760973014566
3,4,0.8957252587059304
