seed,sample,ranking_score
1,0,0.5964424439751724
1,1,0.5497389469548373
1,2,0.6027928820346606
1,3,0.6137651732176997
1,4,0.5724890431889047
