seed,sample,ranking_score
5,0,0.8832210605395171
5,1,0.8814804566033395
5,2,0.879560871363468
5,3,0.8813600069848081
5,4,0.8745151129818876
