seed,sample,ranking_score
1,0,0.9935895253009739
1,1,0.9970635379190584
1,2,0.9932615287294249
1,3,0.9981512957854957
1,4,0.9967677674067231
