seed,sample,ranking_score
1,0,0.5260957916079902
1,1,0.5362523642191787
1,2,0.516587150195638
1,3,0.5206892221240793
1,4,0.5166359479996443
