seed,sample,ranking_score
1,0,0.4874992425020378
1,1,0.4629804805066565
1,2,0.49827704624213603
1,3,0.4850484907027476
1,4,0.43365223710988576
