seed,sample,ranking_score
1,0,0.6090333426076054
1,1,0.5864230862905041
1,2,0.5990548136131696
1,3,0.5773487580766794
1,4,0.5921773146599381
