{
    "features": 0.0230865478515625,
    "process_features_model_1_multimer_v3_pred_0": 3.337860107421875e-06,
    "predict_and_compile_model_1_multimer_v3_pred_0": 355.3300144672394,
    "predict_benchmark_model_1_multimer_v3_pred_0": 272.0728511810303,
    "process_features_model_2_multimer_v3_pred_0": 4.5299530029296875e-06,
    "predict_and_compile_model_2_multimer_v3_pred_0": 355.45225262641907,
    "predict_benchmark_model_2_multimer_v3_pred_0": 272.03428053855896,
    "process_features_model_3_multimer_v3_pred_0": 7.152557373046875e-06,
    "predict_and_compile_model_3_multimer_v3_pred_0": 289.74894666671753,
    "predict_benchmark_model_3_multimer_v3_pred_0": 207.86191534996033,
    "process_features_model_4_multimer_v3_pred_0": 1.0013580322265625e-05,
    "predict_and_compile_model_4_multimer_v3_pred_0": 345.508780002594,
    "predict_benchmark_model_4_multimer_v3_pred_0": 263.68808245658875,
    "process_features_model_5_multimer_v3_pred_0": 5.9604644775390625e-06,
    "predict_and_compile_model_5_multimer_v3_pred_0": 344.46979451179504,
    "predict_benchmark_model_5_multimer_v3_pred_0": 263.9198246002197
}