seed,sample,ranking_score
1,0,0.5914786105039245
1,1,0.6609578340277332
1,2,0.6725466202113988
1,3,0.6736347741755316
1,4,0.6733989745892522
