seed,sample,ranking_score
3,0,0.8830526379325055
3,1,0.882599747526285
3,2,0.8848585842234968
3,3,0.8626356444081709
3,4,0.8797487820477928
