{
    "features": 0.021965503692626953,
    "process_features_model_1_multimer_v3_pred_0": 2.86102294921875e-06,
    "predict_and_compile_model_1_multimer_v3_pred_0": 239.74429059028625,
    "predict_benchmark_model_1_multimer_v3_pred_0": 160.98592138290405,
    "process_features_model_2_multimer_v3_pred_0": 1.5735626220703125e-05,
    "predict_and_compile_model_2_multimer_v3_pred_0": 212.5297269821167,
    "predict_benchmark_model_2_multimer_v3_pred_0": 130.28626894950867,
    "process_features_model_3_multimer_v3_pred_0": 2.1219253540039062e-05,
    "predict_and_compile_model_3_multimer_v3_pred_0": 245.77529907226562,
    "predict_benchmark_model_3_multimer_v3_pred_0": 161.38479685783386,
    "process_features_model_4_multimer_v3_pred_0": 9.298324584960938e-06,
    "predict_and_compile_model_4_multimer_v3_pred_0": 240.70438241958618,
    "predict_benchmark_model_4_multimer_v3_pred_0": 155.83030676841736,
    "process_features_model_5_multimer_v3_pred_0": 1.7881393432617188e-05,
    "predict_and_compile_model_5_multimer_v3_pred_0": 240.85377550125122,
    "predict_benchmark_model_5_multimer_v3_pred_0": 155.50772333145142
}