seed,sample,ranking_score
1,0,0.7284652218021613
1,1,0.6263976389285066
1,2,0.6286401921633864
1,3,0.7274494942745734
1,4,0.6504597489640904
