{
    "features": 0.3860006332397461,
    "process_features_model_1_multimer_v3_pred_0": 4.76837158203125e-06,
    "predict_and_compile_model_1_multimer_v3_pred_0": 599.7742874622345,
    "predict_benchmark_model_1_multimer_v3_pred_0": 484.3711881637573,
    "process_features_model_2_multimer_v3_pred_0": 3.814697265625e-06,
    "predict_and_compile_model_2_multimer_v3_pred_0": 590.2584321498871,
    "predict_benchmark_model_2_multimer_v3_pred_0": 484.4568705558777,
    "process_features_model_3_multimer_v3_pred_0": 3.814697265625e-06,
    "predict_and_compile_model_3_multimer_v3_pred_0": 591.3103325366974,
    "predict_benchmark_model_3_multimer_v3_pred_0": 483.94078540802,
    "process_features_model_4_multimer_v3_pred_0": 4.5299530029296875e-06,
    "predict_and_compile_model_4_multimer_v3_pred_0": 578.4692275524139,
    "predict_benchmark_model_4_multimer_v3_pred_0": 473.4999704360962,
    "process_features_model_5_multimer_v3_pred_0": 4.291534423828125e-06,
    "predict_and_compile_model_5_multimer_v3_pred_0": 574.6361820697784,
    "predict_benchmark_model_5_multimer_v3_pred_0": 473.51809000968933
}