seed,sample,ranking_score
1,0,0.27236927159638735
1,1,0.2686130340727875
1,2,0.2635284220056694
1,3,0.2712881447031631
1,4,0.26430832418662703
