seed,sample,ranking_score
1,0,0.6820422783631016
1,1,0.7199253348394729
1,2,0.6271977613834602
1,3,0.6987128188290423
1,4,0.7219601554916903
