{
    "features": 0.3660585880279541,
    "process_features_model_1_multimer_v3_pred_0": 3.5762786865234375e-06,
    "predict_and_compile_model_1_multimer_v3_pred_0": 124.8413188457489,
    "predict_benchmark_model_1_multimer_v3_pred_0": 41.73504877090454,
    "process_features_model_2_multimer_v3_pred_0": 2.0503997802734375e-05,
    "predict_and_compile_model_2_multimer_v3_pred_0": 124.93854856491089,
    "predict_benchmark_model_2_multimer_v3_pred_0": 41.48193311691284,
    "process_features_model_3_multimer_v3_pred_0": 3.409385681152344e-05,
    "predict_and_compile_model_3_multimer_v3_pred_0": 161.90261483192444,
    "predict_benchmark_model_3_multimer_v3_pred_0": 72.54004406929016,
    "process_features_model_4_multimer_v3_pred_0": 2.8133392333984375e-05,
    "predict_and_compile_model_4_multimer_v3_pred_0": 126.89514255523682,
    "predict_benchmark_model_4_multimer_v3_pred_0": 40.83781814575195,
    "process_features_model_5_multimer_v3_pred_0": 2.6464462280273438e-05,
    "predict_and_compile_model_5_multimer_v3_pred_0": 135.99299836158752,
    "predict_benchmark_model_5_multimer_v3_pred_0": 50.96864986419678
}