seed,sample,ranking_score
1,0,0.656939054046318
1,1,0.6639974794788411
1,2,0.6509617959012707
1,3,0.6562177504319382
1,4,0.6611005698912843
