{
    "features": 0.05053281784057617,
    "process_features_model_1_multimer_v3_pred_0": 3.5762786865234375e-06,
    "predict_and_compile_model_1_multimer_v3_pred_0": 221.67350387573242,
    "predict_benchmark_model_1_multimer_v3_pred_0": 134.37624287605286,
    "process_features_model_2_multimer_v3_pred_0": 4.7206878662109375e-05,
    "predict_and_compile_model_2_multimer_v3_pred_0": 239.3468906879425,
    "predict_benchmark_model_2_multimer_v3_pred_0": 157.01586031913757,
    "process_features_model_3_multimer_v3_pred_0": 3.719329833984375e-05,
    "predict_and_compile_model_3_multimer_v3_pred_0": 240.68440341949463,
    "predict_benchmark_model_3_multimer_v3_pred_0": 156.57291197776794,
    "process_features_model_4_multimer_v3_pred_0": 2.6702880859375e-05,
    "predict_and_compile_model_4_multimer_v3_pred_0": 238.17560863494873,
    "predict_benchmark_model_4_multimer_v3_pred_0": 151.46012568473816,
    "process_features_model_5_multimer_v3_pred_0": 2.2649765014648438e-05,
    "predict_and_compile_model_5_multimer_v3_pred_0": 236.96967554092407,
    "predict_benchmark_model_5_multimer_v3_pred_0": 151.5348663330078
}