seed,sample,ranking_score
1,0,0.5101308422148413
1,1,0.5064765661866018
1,2,0.3991856114938779
1,3,0.48320234943286994
1,4,0.4213478411131224
