seed,sample,ranking_score
1,0,0.8549255074944675
1,1,0.8766280015704765
1,2,0.8641108891315107
1,3,0.8647034628850756
1,4,0.8741455856840766
