seed,sample,ranking_score
5,0,0.6468566812396739
5,1,0.6254073694604433
5,2,0.6328611248377549
5,3,0.6123887078632684
5,4,0.6372562018767258
