{
    "iptm+ptm": {
        "model_1_multimer_v3_pred_0": 0.7392113823544458,
        "model_1_multimer_v3_pred_1": 0.7752070807699414,
        "model_1_multimer_v3_pred_2": 0.7335644667453315,
        "model_1_multimer_v3_pred_3": 0.7785770006564137,
        "model_1_multimer_v3_pred_4": 0.6966596840015433,
        "model_2_multimer_v3_pred_0": 0.7801688326228386,
        "model_2_multimer_v3_pred_1": 0.7844655216795996,
        "model_2_multimer_v3_pred_2": 0.7887215045335971,
        "model_2_multimer_v3_pred_3": 0.7816717789549921,
        "model_2_multimer_v3_pred_4": 0.7778425985223769,
        "model_3_multimer_v3_pred_0": 0.8326577357756054,
        "model_3_multimer_v3_pred_1": 0.7290998499940278,
        "model_3_multimer_v3_pred_2": 0.8368507477543375,
        "model_3_multimer_v3_pred_3": 0.8223539074587484,
        "model_3_multimer_v3_pred_4": 0.824668747499865,
        "model_4_multimer_v3_pred_0": 0.8088589169475415,
        "model_4_multimer_v3_pred_1": 0.8259783091212958,
        "model_4_multimer_v3_pred_2": 0.6817004390563994,
        "model_4_multimer_v3_pred_3": 0.8060167692715383,
        "model_4_multimer_v3_pred_4": 0.7222184059458523,
        "model_5_multimer_v3_pred_0": 0.6956445050953147,
        "model_5_multimer_v3_pred_1": 0.7031614775666387,
        "model_5_multimer_v3_pred_2": 0.7098749500145648,
        "model_5_multimer_v3_pred_3": 0.7093239706027448,
        "model_5_multimer_v3_pred_4": 0.8175247290627891
    },
    "order": [
        "model_3_multimer_v3_pred_2",
        "model_3_multimer_v3_pred_0",
        "model_4_multimer_v3_pred_1",
        "model_3_multimer_v3_pred_4",
        "model_3_multimer_v3_pred_3",
        "model_5_multimer_v3_pred_4",
        "model_4_multimer_v3_pred_0",
        "model_4_multimer_v3_pred_3",
        "model_2_multimer_v3_pred_2",
        "model_2_multimer_v3_pred_1",
        "model_2_multimer_v3_pred_3",
        "model_2_multimer_v3_pred_0",
        "model_1_multimer_v3_pred_3",
        "model_2_multimer_v3_pred_4",
        "model_1_multimer_v3_pred_1",
        "model_1_multimer_v3_pred_0",
        "model_1_multimer_v3_pred_2",
        "model_3_multimer_v3_pred_1",
        "model_4_multimer_v3_pred_4",
        "model_5_multimer_v3_pred_2",
        "model_5_multimer_v3_pred_3",
        "model_5_multimer_v3_pred_1",
        "model_1_multimer_v3_pred_4",
        "model_5_multimer_v3_pred_0",
        "model_4_multimer_v3_pred_2"
    ]
}