seed,sample,ranking_score
1,0,0.46986053376403136
1,1,0.474757325125909
1,2,0.4392479009536393
1,3,0.4314112266899537
1,4,0.44054734494653514
