seed,sample,ranking_score
2,0,1.0482306337004017
2,1,1.0375521294615175
2,2,1.0488137387128516
2,3,1.0238218272596535
2,4,1.0435559457524488
