seed,sample,ranking_score
1,0,0.8568735815127226
1,1,0.8747317972904849
1,2,0.8563065574469706
1,3,0.8907980024621194
1,4,0.8942454712957943
