seed,sample,ranking_score
1,0,0.8804750929094777
1,1,0.8903204143007237
1,2,0.8862691067691535
1,3,0.8777748619475735
1,4,0.8860796161407004
