{
    "features": 0.042083740234375,
    "process_features_model_1_multimer_v3_pred_0": 4.76837158203125e-06,
    "predict_and_compile_model_1_multimer_v3_pred_0": 100.49787306785583,
    "predict_benchmark_model_1_multimer_v3_pred_0": 18.752963304519653,
    "process_features_model_2_multimer_v3_pred_0": 2.0742416381835938e-05,
    "predict_and_compile_model_2_multimer_v3_pred_0": 108.53448033332825,
    "predict_benchmark_model_2_multimer_v3_pred_0": 23.32987093925476,
    "process_features_model_3_multimer_v3_pred_0": 1.811981201171875e-05,
    "predict_and_compile_model_3_multimer_v3_pred_0": 115.87186908721924,
    "predict_benchmark_model_3_multimer_v3_pred_0": 28.009995698928833,
    "process_features_model_4_multimer_v3_pred_0": 2.6702880859375e-05,
    "predict_and_compile_model_4_multimer_v3_pred_0": 113.2824592590332,
    "predict_benchmark_model_4_multimer_v3_pred_0": 27.48586869239807,
    "process_features_model_5_multimer_v3_pred_0": 1.811981201171875e-05,
    "predict_and_compile_model_5_multimer_v3_pred_0": 110.12824296951294,
    "predict_benchmark_model_5_multimer_v3_pred_0": 22.90366268157959
}