{
    "features": 0.007707357406616211,
    "process_features_model_1_multimer_v3_pred_0": 4.291534423828125e-06,
    "predict_and_compile_model_1_multimer_v3_pred_0": 223.8362512588501,
    "relax_model_1_multimer_v3_pred_0": 23.79636311531067,
    "process_features_model_1_multimer_v3_pred_1": 4.291534423828125e-06,
    "predict_and_compile_model_1_multimer_v3_pred_1": 49.251431703567505,
    "relax_model_1_multimer_v3_pred_1": 37.14182639122009,
    "process_features_model_1_multimer_v3_pred_2": 4.5299530029296875e-06,
    "predict_and_compile_model_1_multimer_v3_pred_2": 61.52005982398987,
    "relax_model_1_multimer_v3_pred_2": 21.3234384059906,
    "process_features_model_1_multimer_v3_pred_3": 4.76837158203125e-06,
    "predict_and_compile_model_1_multimer_v3_pred_3": 49.32165551185608,
    "relax_model_1_multimer_v3_pred_3": 39.86279249191284,
    "process_features_model_1_multimer_v3_pred_4": 3.814697265625e-06,
    "predict_and_compile_model_1_multimer_v3_pred_4": 49.326783657073975,
    "relax_model_1_multimer_v3_pred_4": 37.6262788772583,
    "process_features_model_2_multimer_v3_pred_0": 4.0531158447265625e-06,
    "predict_and_compile_model_2_multimer_v3_pred_0": 234.64120149612427,
    "relax_model_2_multimer_v3_pred_0": 22.078636407852173,
    "process_features_model_2_multimer_v3_pred_1": 4.0531158447265625e-06,
    "predict_and_compile_model_2_multimer_v3_pred_1": 73.78349995613098,
    "relax_model_2_multimer_v3_pred_1": 21.76113796234131,
    "process_features_model_2_multimer_v3_pred_2": 5.245208740234375e-06,
    "predict_and_compile_model_2_multimer_v3_pred_2": 73.63325357437134,
    "relax_model_2_multimer_v3_pred_2": 21.754658460617065,
    "process_features_model_2_multimer_v3_pred_3": 4.0531158447265625e-06,
    "predict_and_compile_model_2_multimer_v3_pred_3": 61.47417998313904,
    "relax_model_2_multimer_v3_pred_3": 21.74140453338623,
    "process_features_model_2_multimer_v3_pred_4": 4.0531158447265625e-06,
    "predict_and_compile_model_2_multimer_v3_pred_4": 49.280269145965576,
    "relax_model_2_multimer_v3_pred_4": 21.726234197616577,
    "process_features_model_3_multimer_v3_pred_0": 4.5299530029296875e-06,
    "predict_and_compile_model_3_multimer_v3_pred_0": 218.9601423740387,
    "relax_model_3_multimer_v3_pred_0": 21.38035535812378,
    "process_features_model_3_multimer_v3_pred_1": 2.86102294921875e-06,
    "predict_and_compile_model_3_multimer_v3_pred_1": 61.66570496559143,
    "relax_model_3_multimer_v3_pred_1": 21.088223218917847,
    "process_features_model_3_multimer_v3_pred_2": 4.76837158203125e-06,
    "predict_and_compile_model_3_multimer_v3_pred_2": 73.82927107810974,
    "relax_model_3_multimer_v3_pred_2": 21.393623113632202,
    "process_features_model_3_multimer_v3_pred_3": 2.0265579223632812e-05,
    "predict_and_compile_model_3_multimer_v3_pred_3": 49.37842535972595,
    "relax_model_3_multimer_v3_pred_3": 21.877430200576782,
    "process_features_model_3_multimer_v3_pred_4": 3.5762786865234375e-06,
    "predict_and_compile_model_3_multimer_v3_pred_4": 49.294472455978394,
    "relax_model_3_multimer_v3_pred_4": 23.435579538345337,
    "process_features_model_4_multimer_v3_pred_0": 4.291534423828125e-06,
    "predict_and_compile_model_4_multimer_v3_pred_0": 232.63631987571716,
    "relax_model_4_multimer_v3_pred_0": 20.887892961502075,
    "process_features_model_4_multimer_v3_pred_1": 4.0531158447265625e-06,
    "predict_and_compile_model_4_multimer_v3_pred_1": 48.866290807724,
    "relax_model_4_multimer_v3_pred_1": 23.16147780418396,
    "process_features_model_4_multimer_v3_pred_2": 3.814697265625e-06,
    "predict_and_compile_model_4_multimer_v3_pred_2": 48.413527727127075,
    "relax_model_4_multimer_v3_pred_2": 20.056926012039185,
    "process_features_model_4_multimer_v3_pred_3": 3.814697265625e-06,
    "predict_and_compile_model_4_multimer_v3_pred_3": 60.463934898376465,
    "relax_model_4_multimer_v3_pred_3": 22.315788745880127,
    "process_features_model_4_multimer_v3_pred_4": 4.0531158447265625e-06,
    "predict_and_compile_model_4_multimer_v3_pred_4": 48.460455656051636,
    "relax_model_4_multimer_v3_pred_4": 20.370575666427612,
    "process_features_model_5_multimer_v3_pred_0": 4.5299530029296875e-06,
    "predict_and_compile_model_5_multimer_v3_pred_0": 212.67089176177979,
    "relax_model_5_multimer_v3_pred_0": 20.996914863586426,
    "process_features_model_5_multimer_v3_pred_1": 3.814697265625e-06,
    "predict_and_compile_model_5_multimer_v3_pred_1": 60.56792950630188,
    "relax_model_5_multimer_v3_pred_1": 21.098817110061646,
    "process_features_model_5_multimer_v3_pred_2": 3.5762786865234375e-06,
    "predict_and_compile_model_5_multimer_v3_pred_2": 60.64477515220642,
    "relax_model_5_multimer_v3_pred_2": 20.357247591018677,
    "process_features_model_5_multimer_v3_pred_3": 3.814697265625e-06,
    "predict_and_compile_model_5_multimer_v3_pred_3": 48.530832052230835,
    "relax_model_5_multimer_v3_pred_3": 21.602946758270264,
    "process_features_model_5_multimer_v3_pred_4": 5.0067901611328125e-06,
    "predict_and_compile_model_5_multimer_v3_pred_4": 48.643818616867065,
    "relax_model_5_multimer_v3_pred_4": 22.578345775604248
}