seed,sample,ranking_score
1,0,0.33165848730188763
1,1,0.33665366742400615
1,2,0.3230262240532613
1,3,0.32566031305846543
1,4,0.31948146391493226
