seed,sample,ranking_score
1,0,0.35295166721357296
1,1,0.44991982409657505
1,2,0.43424424223671776
1,3,0.41172512650157234
1,4,0.4211977945694407
