seed,sample,ranking_score
1,0,0.6891827808509127
1,1,0.694758892662029
1,2,0.6935552912687114
1,3,0.698422369571532
1,4,0.681503407359137
