seed,sample,ranking_score
1,0,0.5276343799468253
1,1,0.5471339716124648
1,2,0.50986983743022
1,3,0.5251502596468511
1,4,0.4851274354071984
