seed,sample,ranking_score
1,0,0.9486958591636634
1,1,0.9466245295833569
1,2,0.9331660407133373
1,3,0.942577116670045
1,4,0.9371164054096508
