seed,sample,ranking_score
1,0,0.8054169827488444
1,1,0.7941860497661948
1,2,0.8164594068038065
1,3,0.821362375962774
1,4,0.8208932857620203
