{
    "features": 0.49350762367248535,
    "process_features_model_1_multimer_v3_pred_0": 2.3126602172851562e-05,
    "predict_and_compile_model_1_multimer_v3_pred_0": 1945.7326228618622,
    "predict_benchmark_model_1_multimer_v3_pred_0": 1814.1568088531494,
    "process_features_model_2_multimer_v3_pred_0": 4.291534423828125e-06,
    "predict_and_compile_model_2_multimer_v3_pred_0": 1928.4985864162445,
    "predict_benchmark_model_2_multimer_v3_pred_0": 1813.6394500732422,
    "process_features_model_3_multimer_v3_pred_0": 1.0728836059570312e-05,
    "predict_and_compile_model_3_multimer_v3_pred_0": 1926.979853630066,
    "predict_benchmark_model_3_multimer_v3_pred_0": 1804.919710636139,
    "process_features_model_4_multimer_v3_pred_0": 3.814697265625e-06,
    "predict_and_compile_model_4_multimer_v3_pred_0": 1888.200597524643,
    "predict_benchmark_model_4_multimer_v3_pred_0": 1774.261090517044,
    "process_features_model_5_multimer_v3_pred_0": 2.5510787963867188e-05,
    "predict_and_compile_model_5_multimer_v3_pred_0": 1877.8602185249329,
    "predict_benchmark_model_5_multimer_v3_pred_0": 1766.3334963321686
}