seed,sample,ranking_score
1,0,0.7141854987068471
1,1,0.7176184538216634
1,2,0.7291286961461375
1,3,0.7247269137410126
1,4,0.7055321391629072
