seed,sample,ranking_score
1,0,0.45479928336842457
1,1,0.44220524961813157
1,2,0.4613235716822328
1,3,0.4266761205150712
1,4,0.3874326552599445
