seed,sample,ranking_score
1,0,0.3214985882772637
1,1,0.33591125146679907
1,2,0.31176919523226077
1,3,0.3045257666668355
1,4,0.30516098256508933
