seed,sample,ranking_score
3,0,0.7992744751569372
3,1,0.7982262787493531
3,2,0.8014901617410815
3,3,0.7996001030817139
3,4,0.7981074512598497
