seed,sample,ranking_score
1,0,0.5294701693546507
1,1,0.529920527483964
1,2,0.52550277222555
1,3,0.5350643342554495
1,4,0.5479305617690048
