seed,sample,ranking_score
1,0,0.5695006286468589
1,1,0.5244957324461877
1,2,0.5584706761749781
1,3,0.5538878820397598
1,4,0.5666502195491292
