{
    "features": 0.04125642776489258,
    "process_features_model_1_multimer_v3_pred_0": 2.86102294921875e-06,
    "predict_and_compile_model_1_multimer_v3_pred_0": 134.8223912715912,
    "predict_benchmark_model_1_multimer_v3_pred_0": 48.716546297073364,
    "process_features_model_2_multimer_v3_pred_0": 3.0279159545898438e-05,
    "predict_and_compile_model_2_multimer_v3_pred_0": 179.2095763683319,
    "predict_benchmark_model_2_multimer_v3_pred_0": 92.95002961158752,
    "process_features_model_3_multimer_v3_pred_0": 1.5497207641601562e-05,
    "predict_and_compile_model_3_multimer_v3_pred_0": 176.1650092601776,
    "predict_benchmark_model_3_multimer_v3_pred_0": 93.24605464935303,
    "process_features_model_4_multimer_v3_pred_0": 1.2636184692382812e-05,
    "predict_and_compile_model_4_multimer_v3_pred_0": 125.39949107170105,
    "predict_benchmark_model_4_multimer_v3_pred_0": 39.04301071166992,
    "process_features_model_5_multimer_v3_pred_0": 3.266334533691406e-05,
    "predict_and_compile_model_5_multimer_v3_pred_0": 124.32470107078552,
    "predict_benchmark_model_5_multimer_v3_pred_0": 39.07731747627258
}