seed,sample,ranking_score
1,0,0.5055429425150421
1,1,0.4668953971069748
1,2,0.4523518894147135
1,3,0.4991027039350523
1,4,0.43139686322258813
