seed,sample,ranking_score
1,0,0.44782314978871884
1,1,0.4400604434635013
1,2,0.49243993397704655
1,3,0.481258212404036
1,4,0.39273765818373496
