{
    "features": 0.04828643798828125,
    "process_features_model_1_multimer_v3_pred_0": 3.5762786865234375e-06,
    "predict_and_compile_model_1_multimer_v3_pred_0": 98.46747469902039,
    "predict_benchmark_model_1_multimer_v3_pred_0": 20.893917322158813,
    "process_features_model_2_multimer_v3_pred_0": 1.7404556274414062e-05,
    "predict_and_compile_model_2_multimer_v3_pred_0": 96.20466732978821,
    "predict_benchmark_model_2_multimer_v3_pred_0": 16.71897578239441,
    "process_features_model_3_multimer_v3_pred_0": 6.9141387939453125e-06,
    "predict_and_compile_model_3_multimer_v3_pred_0": 101.16260242462158,
    "predict_benchmark_model_3_multimer_v3_pred_0": 20.954602479934692,
    "process_features_model_4_multimer_v3_pred_0": 2.5272369384765625e-05,
    "predict_and_compile_model_4_multimer_v3_pred_0": 96.05296540260315,
    "predict_benchmark_model_4_multimer_v3_pred_0": 16.270225048065186,
    "process_features_model_5_multimer_v3_pred_0": 1.8596649169921875e-05,
    "predict_and_compile_model_5_multimer_v3_pred_0": 100.78176975250244,
    "predict_benchmark_model_5_multimer_v3_pred_0": 20.231652975082397
}