seed,sample,ranking_score
1,0,0.8905352790232702
1,1,0.9009217156347706
1,2,0.8981599284327226
1,3,0.9006141863300858
1,4,0.8909205824848746
