seed,sample,ranking_score
1,0,0.480723068130513
1,1,0.45150687167598824
1,2,0.430472475299643
1,3,0.47945767944791085
1,4,0.4518832921116361
