seed,sample,ranking_score
1,0,0.48162651594055594
1,1,0.4872948112188984
1,2,0.4871882874943686
1,3,0.49738480157289244
1,4,0.48410706006690685
