seed,sample,ranking_score
5,0,1.005961721385511
5,1,1.0042940004516594
5,2,1.006390124016285
5,3,1.0105311477293304
5,4,1.0047287517855505
