seed,sample,ranking_score
1,0,0.6060466264292966
1,1,0.5892119264204346
1,2,0.5901635239415932
1,3,0.5796807235227489
1,4,0.588534060941746
