seed,sample,ranking_score
1,0,0.6942357087039979
1,1,0.6798621791540268
1,2,0.5860997974199198
1,3,0.582093017524948
1,4,0.6654484762039217
