seed,sample,ranking_score
1,0,1.020550175983312
1,1,1.006837133071225
1,2,1.007876728377733
1,3,1.0130741573701345
1,4,1.0219469512587664
