{
    "features": 0.02043914794921875,
    "process_features_model_1_multimer_v3_pred_0": 2.6226043701171875e-06,
    "predict_and_compile_model_1_multimer_v3_pred_0": 210.55533170700073,
    "predict_benchmark_model_1_multimer_v3_pred_0": 134.2149374485016,
    "process_features_model_2_multimer_v3_pred_0": 2.002716064453125e-05,
    "predict_and_compile_model_2_multimer_v3_pred_0": 209.663715839386,
    "predict_benchmark_model_2_multimer_v3_pred_0": 133.98458671569824,
    "process_features_model_3_multimer_v3_pred_0": 6.9141387939453125e-06,
    "predict_and_compile_model_3_multimer_v3_pred_0": 129.45132327079773,
    "predict_benchmark_model_3_multimer_v3_pred_0": 51.115100622177124,
    "process_features_model_4_multimer_v3_pred_0": 2.0265579223632812e-05,
    "predict_and_compile_model_4_multimer_v3_pred_0": 122.43589425086975,
    "predict_benchmark_model_4_multimer_v3_pred_0": 43.9124858379364,
    "process_features_model_5_multimer_v3_pred_0": 1.2159347534179688e-05,
    "predict_and_compile_model_5_multimer_v3_pred_0": 208.64134120941162,
    "predict_benchmark_model_5_multimer_v3_pred_0": 131.27257180213928
}