seed,sample,ranking_score
1,0,0.4190818409572689
1,1,0.4136978011504234
1,2,0.4028777273200766
1,3,0.4034036252543831
1,4,0.3767756643795958
