{
    "features": 0.03614640235900879,
    "process_features_model_1_multimer_v3_pred_0": 3.337860107421875e-06,
    "predict_and_compile_model_1_multimer_v3_pred_0": 120.78998565673828,
    "predict_benchmark_model_1_multimer_v3_pred_0": 44.230586767196655,
    "process_features_model_2_multimer_v3_pred_0": 1.71661376953125e-05,
    "predict_and_compile_model_2_multimer_v3_pred_0": 109.08039045333862,
    "predict_benchmark_model_2_multimer_v3_pred_0": 31.54614520072937,
    "process_features_model_3_multimer_v3_pred_0": 3.314018249511719e-05,
    "predict_and_compile_model_3_multimer_v3_pred_0": 111.16031289100647,
    "predict_benchmark_model_3_multimer_v3_pred_0": 31.6192364692688,
    "process_features_model_4_multimer_v3_pred_0": 1.0728836059570312e-05,
    "predict_and_compile_model_4_multimer_v3_pred_0": 136.23284101486206,
    "predict_benchmark_model_4_multimer_v3_pred_0": 61.04643797874451,
    "process_features_model_5_multimer_v3_pred_0": 1.430511474609375e-05,
    "predict_and_compile_model_5_multimer_v3_pred_0": 109.68552494049072,
    "predict_benchmark_model_5_multimer_v3_pred_0": 30.475261449813843
}