{
    "features": 3.5543453693389893,
    "process_features_model_1_multimer_v3_pred_0": 5.4836273193359375e-06,
    "predict_and_compile_model_1_multimer_v3_pred_0": 166.32178711891174,
    "predict_benchmark_model_1_multimer_v3_pred_0": 86.49707007408142,
    "process_features_model_2_multimer_v3_pred_0": 2.7179718017578125e-05,
    "predict_and_compile_model_2_multimer_v3_pred_0": 164.99999809265137,
    "predict_benchmark_model_2_multimer_v3_pred_0": 86.61633372306824,
    "process_features_model_3_multimer_v3_pred_0": 9.5367431640625e-06,
    "predict_and_compile_model_3_multimer_v3_pred_0": 165.90109491348267,
    "predict_benchmark_model_3_multimer_v3_pred_0": 86.54935264587402,
    "process_features_model_4_multimer_v3_pred_0": 2.47955322265625e-05,
    "predict_and_compile_model_4_multimer_v3_pred_0": 164.52352499961853,
    "predict_benchmark_model_4_multimer_v3_pred_0": 84.35399293899536,
    "process_features_model_5_multimer_v3_pred_0": 6.9141387939453125e-06,
    "predict_and_compile_model_5_multimer_v3_pred_0": 161.89396619796753,
    "predict_benchmark_model_5_multimer_v3_pred_0": 84.3208396434784
}