seed,sample,ranking_score
3,0,1.008420604066194
3,1,1.0050688727985968
3,2,1.008339098349572
3,3,1.012496872410665
3,4,1.0074659393819188
