seed,sample,ranking_score
1,0,0.3688753510200701
1,1,0.40458487497976947
1,2,0.36101867980898417
1,3,0.3936077945458668
1,4,0.40466983387539
