seed,sample,ranking_score
1,0,0.39623557193846476
1,1,0.3716798967474005
1,2,0.37570702864596317
1,3,0.3686345982435504
1,4,0.35491697170299996
