seed,sample,ranking_score
1,0,0.39696807392660793
1,1,0.41565759603812613
1,2,0.3916803351986734
1,3,0.3928188992273347
1,4,0.41505127708761713
