seed,sample,ranking_score
1,0,0.6432946584325717
1,1,0.6259282342672764
1,2,0.5653341586076241
1,3,0.5701693583190683
1,4,0.5457023786874866
