seed,sample,ranking_score
1,0,0.41104367083320226
1,1,0.40176385183341623
1,2,0.39531689430926353
1,3,0.3902960403899549
1,4,0.3979320708611611
