seed,sample,ranking_score
1,0,0.8381052265976159
1,1,0.8310994040076811
1,2,0.829847061199777
1,3,0.8367398395870467
1,4,0.8317805539864115
