seed,sample,ranking_score
4,0,0.98307554829925
4,1,0.9926608124075857
4,2,0.9813955397728427
4,3,0.9765323232287333
4,4,0.9837739295610037
