seed,sample,ranking_score
4,0,0.7621073553897967
4,1,0.8010060097716754
4,2,0.8020026191837422
4,3,0.7815060822423892
4,4,0.783440803569864
