seed,sample,ranking_score
1,0,0.5715626130694691
1,1,0.5065646687355108
1,2,0.5119731272935055
1,3,0.49303536937940445
1,4,0.4964321228698069
