{
    "features": 0.04118466377258301,
    "process_features_model_1_multimer_v3_pred_0": 2.86102294921875e-06,
    "predict_and_compile_model_1_multimer_v3_pred_0": 121.3398060798645,
    "predict_benchmark_model_1_multimer_v3_pred_0": 38.785202503204346,
    "process_features_model_2_multimer_v3_pred_0": 7.152557373046875e-06,
    "predict_and_compile_model_2_multimer_v3_pred_0": 116.84930515289307,
    "predict_benchmark_model_2_multimer_v3_pred_0": 32.234957218170166,
    "process_features_model_3_multimer_v3_pred_0": 1.1682510375976562e-05,
    "predict_and_compile_model_3_multimer_v3_pred_0": 117.79931306838989,
    "predict_benchmark_model_3_multimer_v3_pred_0": 32.28425097465515,
    "process_features_model_4_multimer_v3_pred_0": 1.6689300537109375e-05,
    "predict_and_compile_model_4_multimer_v3_pred_0": 119.83454370498657,
    "predict_benchmark_model_4_multimer_v3_pred_0": 37.4379780292511,
    "process_features_model_5_multimer_v3_pred_0": 1.0967254638671875e-05,
    "predict_and_compile_model_5_multimer_v3_pred_0": 144.935045003891,
    "predict_benchmark_model_5_multimer_v3_pred_0": 56.101582527160645
}