seed,sample,ranking_score
1,0,0.5767062206617609
1,1,0.570827224277277
1,2,0.5968572614457424
1,3,0.5919747612493212
1,4,0.6497328461289564
