{
    "features": 0.0865476131439209,
    "process_features_model_1_multimer_v3_pred_0": 3.5762786865234375e-06,
    "predict_and_compile_model_1_multimer_v3_pred_0": 170.31244826316833,
    "predict_benchmark_model_1_multimer_v3_pred_0": 93.99486994743347,
    "process_features_model_2_multimer_v3_pred_0": 2.193450927734375e-05,
    "predict_and_compile_model_2_multimer_v3_pred_0": 120.15430045127869,
    "predict_benchmark_model_2_multimer_v3_pred_0": 41.258368730545044,
    "process_features_model_3_multimer_v3_pred_0": 2.5987625122070312e-05,
    "predict_and_compile_model_3_multimer_v3_pred_0": 114.47846984863281,
    "predict_benchmark_model_3_multimer_v3_pred_0": 35.4968101978302,
    "process_features_model_4_multimer_v3_pred_0": 6.4373016357421875e-06,
    "predict_and_compile_model_4_multimer_v3_pred_0": 199.86153101921082,
    "predict_benchmark_model_4_multimer_v3_pred_0": 119.30501937866211,
    "process_features_model_5_multimer_v3_pred_0": 2.6702880859375e-05,
    "predict_and_compile_model_5_multimer_v3_pred_0": 203.31635332107544,
    "predict_benchmark_model_5_multimer_v3_pred_0": 119.31412410736084
}