seed,sample,ranking_score
1,0,0.769703354872221
1,1,0.7234525235964825
1,2,0.7466541242558258
1,3,0.7577363800164595
1,4,0.7269696273897669
