seed,sample,ranking_score
1,0,0.6477006262324134
1,1,0.6453929013190354
1,2,0.6389235878412887
1,3,0.6440247301999982
1,4,0.6117275927188925
