seed,sample,ranking_score
1,0,0.5603496428925793
1,1,0.5789714643443817
1,2,0.5868030350201775
1,3,0.6043925054605037
1,4,0.5920585634127831
