seed,sample,ranking_score
1,0,0.4173916461471031
1,1,0.4389274005453235
1,2,0.468430772177394
1,3,0.5246030984190135
1,4,0.5365882965630565
