seed,sample,ranking_score
1,0,0.7881025658639351
1,1,0.773606076602488
1,2,0.7697235929913255
1,3,0.8027309247023272
1,4,0.7687113804181445
