seed,sample,ranking_score
1,0,0.9194388585207526
1,1,0.9222614178749413
1,2,0.9255615307598748
1,3,0.920636255489757
1,4,0.9374827734782459
