seed,sample,ranking_score
1,0,0.4962444992147962
1,1,0.48398116676311487
1,2,0.5215369005702553
1,3,0.48961667403575077
1,4,0.5250014984938705
