seed,sample,ranking_score
1,0,0.5332090783143667
1,1,0.5333353191490534
1,2,0.5500866902021135
1,3,0.5644708942027805
1,4,0.5278460551510291
