seed,sample,ranking_score
4,0,0.8113148951055271
4,1,0.8709074785014478
4,2,0.8159001662891532
4,3,0.8711168610989753
4,4,0.8264763745893302
