seed,sample,ranking_score
1,0,0.5086439275808853
1,1,0.5104375493334721
1,2,0.4971642141524973
1,3,0.49993256514173656
1,4,0.5012918615328281
