seed,sample,ranking_score
1,0,0.5609935783655422
1,1,0.4779661520507856
1,2,0.4845563951685789
1,3,0.4754257992283815
1,4,0.5215154354470402
