{
    "features": 0.021281003952026367,
    "process_features_model_1_multimer_v3_pred_0": 3.5762786865234375e-06,
    "predict_and_compile_model_1_multimer_v3_pred_0": 141.95712447166443,
    "predict_benchmark_model_1_multimer_v3_pred_0": 54.57698202133179,
    "process_features_model_2_multimer_v3_pred_0": 6.4373016357421875e-06,
    "predict_and_compile_model_2_multimer_v3_pred_0": 229.95352602005005,
    "predict_benchmark_model_2_multimer_v3_pred_0": 143.38790369033813,
    "process_features_model_3_multimer_v3_pred_0": 1.1444091796875e-05,
    "predict_and_compile_model_3_multimer_v3_pred_0": 229.73949098587036,
    "predict_benchmark_model_3_multimer_v3_pred_0": 143.44401288032532,
    "process_features_model_4_multimer_v3_pred_0": 1.5735626220703125e-05,
    "predict_and_compile_model_4_multimer_v3_pred_0": 222.3584897518158,
    "predict_benchmark_model_4_multimer_v3_pred_0": 138.79920029640198,
    "process_features_model_5_multimer_v3_pred_0": 1.2636184692382812e-05,
    "predict_and_compile_model_5_multimer_v3_pred_0": 230.78481101989746,
    "predict_benchmark_model_5_multimer_v3_pred_0": 138.73242044448853
}