seed,sample,ranking_score
2,0,0.8061003220773888
2,1,0.8110962831041444
2,2,0.8297110691065617
2,3,0.8114954564936002
2,4,0.8027658830137836
