seed,sample,ranking_score
1,0,0.48358075338810713
1,1,0.4990360147207671
1,2,0.5074742217017398
1,3,0.4864668968107712
1,4,0.5024893180431411
