seed,sample,ranking_score
1,0,0.5665871613557384
1,1,0.5483132846796182
1,2,0.5569639116493998
1,3,0.5280631073433122
1,4,0.5224747296190908
