seed,sample,ranking_score
1,0,0.7906445251139085
1,1,0.7899426725564975
1,2,0.7846195530968183
1,3,0.7759222385269419
1,4,0.8008416462916625
