seed,sample,ranking_score
1,0,0.9595241692179344
1,1,0.9729240226465867
1,2,0.9694151609301346
1,3,0.9703060767193128
1,4,0.9685771418241511
