seed,sample,ranking_score
1,0,0.43724036690438206
1,1,0.38255031535922707
1,2,0.39737746564788445
1,3,0.3925928388179152
1,4,0.43705422131865246
