seed,sample,ranking_score
3,0,0.5323590314540729
3,1,0.531116148779378
3,2,0.5503182165189292
3,3,0.5368389903351095
3,4,0.5335191789019156
