seed,sample,ranking_score
1,0,0.42917820400857737
1,1,0.4007805785307815
1,2,0.41722270251429405
1,3,0.42213207094201766
1,4,0.4066080528467855
