seed,sample,ranking_score
1,0,0.8537658557341365
1,1,0.8690694939219319
1,2,0.8569199826717553
1,3,0.8624537487656562
1,4,0.8636471722347449
