seed,sample,ranking_score
1,0,0.5272153274909311
1,1,0.5311974326406603
1,2,0.5397676505201876
1,3,0.5312573578980336
1,4,0.5398601037508391
