seed,sample,ranking_score
4,0,0.9172153808283283
4,1,0.9261648847233048
4,2,0.9020870317856335
4,3,0.890832083110078
4,4,0.895033514366796
