seed,sample,ranking_score
1,0,0.9689431918374098
1,1,0.9703729442538028
1,2,0.9661801475174142
1,3,0.9681329197369788
1,4,0.968281634251342
