seed,sample,ranking_score
1,0,0.6018168330308376
1,1,0.6127994844081109
1,2,0.6087022211401365
1,3,0.6074486787376214
1,4,0.609489432323782
