seed,sample,ranking_score
1,0,0.6268883446700494
1,1,0.6262676002755033
1,2,0.6280215457588268
1,3,0.6295830121315418
1,4,0.6177397355327412
