seed,sample,ranking_score
1,0,0.6261782624866024
1,1,0.6386151096889665
1,2,0.6691378770499796
1,3,0.6150851800689018
1,4,0.6440914445684223
