{
    "features": 0.00614476203918457,
    "process_features_model_1_multimer_v3_pred_0": 3.814697265625e-06,
    "predict_and_compile_model_1_multimer_v3_pred_0": 304.37914657592773,
    "relax_model_1_multimer_v3_pred_0": 32.313721895217896,
    "process_features_model_1_multimer_v3_pred_1": 2.6226043701171875e-06,
    "predict_and_compile_model_1_multimer_v3_pred_1": 186.42012548446655,
    "relax_model_1_multimer_v3_pred_1": 28.98181915283203,
    "process_features_model_1_multimer_v3_pred_2": 2.86102294921875e-06,
    "predict_and_compile_model_1_multimer_v3_pred_2": 186.39166808128357,
    "relax_model_1_multimer_v3_pred_2": 30.03644061088562,
    "process_features_model_1_multimer_v3_pred_3": 3.337860107421875e-06,
    "predict_and_compile_model_1_multimer_v3_pred_3": 186.27477478981018,
    "relax_model_1_multimer_v3_pred_3": 30.197103023529053,
    "process_features_model_1_multimer_v3_pred_4": 2.86102294921875e-06,
    "predict_and_compile_model_1_multimer_v3_pred_4": 186.17979526519775,
    "relax_model_1_multimer_v3_pred_4": 41.46475291252136,
    "process_features_model_2_multimer_v3_pred_0": 4.5299530029296875e-06,
    "predict_and_compile_model_2_multimer_v3_pred_0": 302.1266372203827,
    "relax_model_2_multimer_v3_pred_0": 34.39281487464905,
    "process_features_model_2_multimer_v3_pred_1": 3.0994415283203125e-06,
    "predict_and_compile_model_2_multimer_v3_pred_1": 186.23146653175354,
    "relax_model_2_multimer_v3_pred_1": 28.895385265350342,
    "process_features_model_2_multimer_v3_pred_2": 3.0994415283203125e-06,
    "predict_and_compile_model_2_multimer_v3_pred_2": 186.19662284851074,
    "relax_model_2_multimer_v3_pred_2": 41.90203261375427,
    "process_features_model_2_multimer_v3_pred_3": 2.86102294921875e-06,
    "predict_and_compile_model_2_multimer_v3_pred_3": 62.62897539138794,
    "relax_model_2_multimer_v3_pred_3": 29.078725337982178,
    "process_features_model_2_multimer_v3_pred_4": 4.291534423828125e-06,
    "predict_and_compile_model_2_multimer_v3_pred_4": 151.2805438041687,
    "relax_model_2_multimer_v3_pred_4": 53.4844286441803,
    "process_features_model_3_multimer_v3_pred_0": 3.0994415283203125e-06,
    "predict_and_compile_model_3_multimer_v3_pred_0": 303.33164405822754,
    "relax_model_3_multimer_v3_pred_0": 41.38675880432129,
    "process_features_model_3_multimer_v3_pred_1": 3.337860107421875e-06,
    "predict_and_compile_model_3_multimer_v3_pred_1": 124.53433990478516,
    "relax_model_3_multimer_v3_pred_1": 30.278895378112793,
    "process_features_model_3_multimer_v3_pred_2": 2.86102294921875e-06,
    "predict_and_compile_model_3_multimer_v3_pred_2": 186.29432797431946,
    "relax_model_3_multimer_v3_pred_2": 31.253370761871338,
    "process_features_model_3_multimer_v3_pred_3": 3.0994415283203125e-06,
    "predict_and_compile_model_3_multimer_v3_pred_3": 186.36993885040283,
    "relax_model_3_multimer_v3_pred_3": 29.486733436584473,
    "process_features_model_3_multimer_v3_pred_4": 3.337860107421875e-06,
    "predict_and_compile_model_3_multimer_v3_pred_4": 186.32560658454895,
    "relax_model_3_multimer_v3_pred_4": 55.29681968688965,
    "process_features_model_4_multimer_v3_pred_0": 3.337860107421875e-06,
    "predict_and_compile_model_4_multimer_v3_pred_0": 304.19445061683655,
    "relax_model_4_multimer_v3_pred_0": 30.47978162765503,
    "process_features_model_4_multimer_v3_pred_1": 4.0531158447265625e-06,
    "predict_and_compile_model_4_multimer_v3_pred_1": 182.01729488372803,
    "relax_model_4_multimer_v3_pred_1": 43.154656171798706,
    "process_features_model_4_multimer_v3_pred_2": 4.291534423828125e-06,
    "predict_and_compile_model_4_multimer_v3_pred_2": 181.93836450576782,
    "relax_model_4_multimer_v3_pred_2": 30.254614114761353,
    "process_features_model_4_multimer_v3_pred_3": 2.86102294921875e-06,
    "predict_and_compile_model_4_multimer_v3_pred_3": 181.8670084476471,
    "relax_model_4_multimer_v3_pred_3": 42.38210725784302,
    "process_features_model_4_multimer_v3_pred_4": 3.0994415283203125e-06,
    "predict_and_compile_model_4_multimer_v3_pred_4": 181.74980878829956,
    "relax_model_4_multimer_v3_pred_4": 53.75827097892761,
    "process_features_model_5_multimer_v3_pred_0": 2.86102294921875e-06,
    "predict_and_compile_model_5_multimer_v3_pred_0": 303.93939566612244,
    "relax_model_5_multimer_v3_pred_0": 40.989583253860474,
    "process_features_model_5_multimer_v3_pred_1": 2.384185791015625e-06,
    "predict_and_compile_model_5_multimer_v3_pred_1": 182.06972861289978,
    "relax_model_5_multimer_v3_pred_1": 54.501487255096436,
    "process_features_model_5_multimer_v3_pred_2": 3.0994415283203125e-06,
    "predict_and_compile_model_5_multimer_v3_pred_2": 182.20407819747925,
    "relax_model_5_multimer_v3_pred_2": 32.96574330329895,
    "process_features_model_5_multimer_v3_pred_3": 3.0994415283203125e-06,
    "predict_and_compile_model_5_multimer_v3_pred_3": 181.8426444530487,
    "relax_model_5_multimer_v3_pred_3": 43.28923225402832,
    "process_features_model_5_multimer_v3_pred_4": 2.6226043701171875e-06,
    "predict_and_compile_model_5_multimer_v3_pred_4": 156.47989463806152,
    "relax_model_5_multimer_v3_pred_4": 54.10341930389404
}