seed,sample,ranking_score
1,0,0.6674282152180363
1,1,0.6937775095643022
1,2,0.7082189237536005
1,3,0.7320653473285071
1,4,0.688743946765059
