{
    "features": 0.016989469528198242,
    "process_features_model_1_multimer_v3_pred_0": 3.337860107421875e-06,
    "predict_and_compile_model_1_multimer_v3_pred_0": 210.0100076198578,
    "predict_benchmark_model_1_multimer_v3_pred_0": 128.8804590702057,
    "process_features_model_2_multimer_v3_pred_0": 2.0503997802734375e-05,
    "predict_and_compile_model_2_multimer_v3_pred_0": 212.8376042842865,
    "predict_benchmark_model_2_multimer_v3_pred_0": 128.92594528198242,
    "process_features_model_3_multimer_v3_pred_0": 0.00011539459228515625,
    "predict_and_compile_model_3_multimer_v3_pred_0": 214.3556845188141,
    "predict_benchmark_model_3_multimer_v3_pred_0": 128.51723170280457,
    "process_features_model_4_multimer_v3_pred_0": 2.86102294921875e-05,
    "predict_and_compile_model_4_multimer_v3_pred_0": 209.159601688385,
    "predict_benchmark_model_4_multimer_v3_pred_0": 126.60237717628479,
    "process_features_model_5_multimer_v3_pred_0": 3.1948089599609375e-05,
    "predict_and_compile_model_5_multimer_v3_pred_0": 207.13691973686218,
    "predict_benchmark_model_5_multimer_v3_pred_0": 126.57992386817932
}