{
    "features": 0.3396432399749756,
    "process_features_model_1_multimer_v3_pred_0": 5.0067901611328125e-06,
    "predict_and_compile_model_1_multimer_v3_pred_0": 108.31952285766602,
    "predict_benchmark_model_1_multimer_v3_pred_0": 23.57752799987793,
    "process_features_model_2_multimer_v3_pred_0": 2.7418136596679688e-05,
    "predict_and_compile_model_2_multimer_v3_pred_0": 126.233473777771,
    "predict_benchmark_model_2_multimer_v3_pred_0": 46.920013666152954,
    "process_features_model_3_multimer_v3_pred_0": 1.5735626220703125e-05,
    "predict_and_compile_model_3_multimer_v3_pred_0": 138.52648782730103,
    "predict_benchmark_model_3_multimer_v3_pred_0": 60.93198776245117,
    "process_features_model_4_multimer_v3_pred_0": 1.52587890625e-05,
    "predict_and_compile_model_4_multimer_v3_pred_0": 175.1603376865387,
    "predict_benchmark_model_4_multimer_v3_pred_0": 96.76724529266357,
    "process_features_model_5_multimer_v3_pred_0": 2.384185791015625e-05,
    "predict_and_compile_model_5_multimer_v3_pred_0": 133.40124368667603,
    "predict_benchmark_model_5_multimer_v3_pred_0": 55.12020182609558
}