seed,sample,ranking_score
1,0,0.5870421673833396
1,1,0.5672104241621763
1,2,0.5313783949415457
1,3,0.5466413796747541
1,4,0.5530730117065854
