seed,sample,ranking_score
1,0,0.6751989236315332
1,1,0.6660595631607937
1,2,0.6730638685071137
1,3,0.7013669861580202
1,4,0.7195182377899689
