seed,sample,ranking_score
1,0,0.8499140433598251
1,1,0.8443802487775428
1,2,0.8387603537256734
1,3,0.8462440075838453
1,4,0.8479357858698571
