{
    "features": 0.005023479461669922,
    "process_features_model_1_multimer_v3_pred_0": 3.0994415283203125e-06,
    "predict_and_compile_model_1_multimer_v3_pred_0": 165.9481041431427,
    "relax_model_1_multimer_v3_pred_0": 17.702765464782715,
    "process_features_model_1_multimer_v3_pred_1": 2.86102294921875e-06,
    "predict_and_compile_model_1_multimer_v3_pred_1": 37.594531536102295,
    "relax_model_1_multimer_v3_pred_1": 15.350785255432129,
    "process_features_model_1_multimer_v3_pred_2": 3.0994415283203125e-06,
    "predict_and_compile_model_1_multimer_v3_pred_2": 101.18320775032043,
    "relax_model_1_multimer_v3_pred_2": 15.444960594177246,
    "process_features_model_1_multimer_v3_pred_3": 2.86102294921875e-06,
    "predict_and_compile_model_1_multimer_v3_pred_3": 69.48346042633057,
    "relax_model_1_multimer_v3_pred_3": 15.699460744857788,
    "process_features_model_1_multimer_v3_pred_4": 2.86102294921875e-06,
    "predict_and_compile_model_1_multimer_v3_pred_4": 112.04898834228516,
    "relax_model_1_multimer_v3_pred_4": 21.522629976272583,
    "process_features_model_2_multimer_v3_pred_0": 2.86102294921875e-06,
    "predict_and_compile_model_2_multimer_v3_pred_0": 152.14746379852295,
    "relax_model_2_multimer_v3_pred_0": 29.03287696838379,
    "process_features_model_2_multimer_v3_pred_1": 2.384185791015625e-06,
    "predict_and_compile_model_2_multimer_v3_pred_1": 69.39688205718994,
    "relax_model_2_multimer_v3_pred_1": 27.079418182373047,
    "process_features_model_2_multimer_v3_pred_2": 3.0994415283203125e-06,
    "predict_and_compile_model_2_multimer_v3_pred_2": 53.412620306015015,
    "relax_model_2_multimer_v3_pred_2": 26.83063554763794,
    "process_features_model_2_multimer_v3_pred_3": 2.6226043701171875e-06,
    "predict_and_compile_model_2_multimer_v3_pred_3": 48.150951623916626,
    "relax_model_2_multimer_v3_pred_3": 27.691375732421875,
    "process_features_model_2_multimer_v3_pred_4": 3.337860107421875e-06,
    "predict_and_compile_model_2_multimer_v3_pred_4": 42.806350231170654,
    "relax_model_2_multimer_v3_pred_4": 16.896366357803345,
    "process_features_model_3_multimer_v3_pred_0": 2.86102294921875e-06,
    "predict_and_compile_model_3_multimer_v3_pred_0": 228.65070605278015,
    "relax_model_3_multimer_v3_pred_0": 27.160194396972656,
    "process_features_model_3_multimer_v3_pred_1": 3.0994415283203125e-06,
    "predict_and_compile_model_3_multimer_v3_pred_1": 111.7416124343872,
    "relax_model_3_multimer_v3_pred_1": 28.297794580459595,
    "process_features_model_3_multimer_v3_pred_2": 3.337860107421875e-06,
    "predict_and_compile_model_3_multimer_v3_pred_2": 111.81740546226501,
    "relax_model_3_multimer_v3_pred_2": 27.843290328979492,
    "process_features_model_3_multimer_v3_pred_3": 2.86102294921875e-06,
    "predict_and_compile_model_3_multimer_v3_pred_3": 111.88472533226013,
    "relax_model_3_multimer_v3_pred_3": 15.995945692062378,
    "process_features_model_3_multimer_v3_pred_4": 2.6226043701171875e-06,
    "predict_and_compile_model_3_multimer_v3_pred_4": 111.75705623626709,
    "relax_model_3_multimer_v3_pred_4": 15.991673469543457,
    "process_features_model_4_multimer_v3_pred_0": 3.0994415283203125e-06,
    "predict_and_compile_model_4_multimer_v3_pred_0": 229.5841782093048,
    "relax_model_4_multimer_v3_pred_0": 20.224771738052368,
    "process_features_model_4_multimer_v3_pred_1": 3.337860107421875e-06,
    "predict_and_compile_model_4_multimer_v3_pred_1": 52.35724425315857,
    "relax_model_4_multimer_v3_pred_1": 17.04685878753662,
    "process_features_model_4_multimer_v3_pred_2": 3.0994415283203125e-06,
    "predict_and_compile_model_4_multimer_v3_pred_2": 109.72740864753723,
    "relax_model_4_multimer_v3_pred_2": 15.848903179168701,
    "process_features_model_4_multimer_v3_pred_3": 2.6226043701171875e-06,
    "predict_and_compile_model_4_multimer_v3_pred_3": 109.58541178703308,
    "relax_model_4_multimer_v3_pred_3": 15.162027597427368,
    "process_features_model_4_multimer_v3_pred_4": 3.5762786865234375e-06,
    "predict_and_compile_model_4_multimer_v3_pred_4": 109.66447925567627,
    "relax_model_4_multimer_v3_pred_4": 15.788087844848633,
    "process_features_model_5_multimer_v3_pred_0": 2.86102294921875e-06,
    "predict_and_compile_model_5_multimer_v3_pred_0": 226.75814056396484,
    "relax_model_5_multimer_v3_pred_0": 16.027361631393433,
    "process_features_model_5_multimer_v3_pred_1": 2.86102294921875e-06,
    "predict_and_compile_model_5_multimer_v3_pred_1": 109.61042475700378,
    "relax_model_5_multimer_v3_pred_1": 16.10507845878601,
    "process_features_model_5_multimer_v3_pred_2": 2.6226043701171875e-06,
    "predict_and_compile_model_5_multimer_v3_pred_2": 109.7280900478363,
    "relax_model_5_multimer_v3_pred_2": 15.969185590744019,
    "process_features_model_5_multimer_v3_pred_3": 3.5762786865234375e-06,
    "predict_and_compile_model_5_multimer_v3_pred_3": 109.61242938041687,
    "relax_model_5_multimer_v3_pred_3": 15.658607959747314,
    "process_features_model_5_multimer_v3_pred_4": 3.337860107421875e-06,
    "predict_and_compile_model_5_multimer_v3_pred_4": 109.66389989852905,
    "relax_model_5_multimer_v3_pred_4": 16.64080834388733
}