seed,sample,ranking_score
1,0,0.6183467707436221
1,1,0.5977662923614301
1,2,0.6292591179381629
1,3,0.622689906370604
1,4,0.62214121721521
