seed,sample,ranking_score
1,0,0.3865669141737524
1,1,0.4622775645042743
1,2,0.4619026293126116
1,3,0.41432795953998725
1,4,0.35707960187929283
