{
    "features": 0.04501795768737793,
    "process_features_model_1_multimer_v3_pred_0": 2.384185791015625e-06,
    "predict_and_compile_model_1_multimer_v3_pred_0": 113.4064781665802,
    "predict_benchmark_model_1_multimer_v3_pred_0": 40.65480327606201,
    "process_features_model_2_multimer_v3_pred_0": 1.4066696166992188e-05,
    "predict_and_compile_model_2_multimer_v3_pred_0": 106.54960131645203,
    "predict_benchmark_model_2_multimer_v3_pred_0": 36.15276122093201,
    "process_features_model_3_multimer_v3_pred_0": 2.3365020751953125e-05,
    "predict_and_compile_model_3_multimer_v3_pred_0": 117.6198513507843,
    "predict_benchmark_model_3_multimer_v3_pred_0": 45.140944480895996,
    "process_features_model_4_multimer_v3_pred_0": 9.775161743164062e-06,
    "predict_and_compile_model_4_multimer_v3_pred_0": 118.48093366622925,
    "predict_benchmark_model_4_multimer_v3_pred_0": 44.239720821380615,
    "process_features_model_5_multimer_v3_pred_0": 1.0251998901367188e-05,
    "predict_and_compile_model_5_multimer_v3_pred_0": 143.3413212299347,
    "predict_benchmark_model_5_multimer_v3_pred_0": 70.8874716758728
}