seed,sample,ranking_score
1,0,0.4509790152862949
1,1,0.41298155256914515
1,2,0.41822811699842355
1,3,0.4278042558224607
1,4,0.45271054268641153
