seed,sample,ranking_score
1,0,0.6259761911427119
1,1,0.6568172303604283
1,2,0.6238630646163275
1,3,0.6457222084304328
1,4,0.6405343451237984
