seed,sample,ranking_score
1,0,0.7388279500514767
1,1,0.7368562243079296
1,2,0.7708607928335176
1,3,0.6983427005482894
1,4,0.7556474383170733
