seed,sample,ranking_score
5,0,0.5806721503781256
5,1,0.565567285532184
5,2,0.5594433505500225
5,3,0.5599352494972423
5,4,0.5532908952430963
