{
    "iptm+ptm": {
        "model_1_multimer_v3_pred_0": 0.6020652287348829,
        "model_1_multimer_v3_pred_1": 0.6724240336774349,
        "model_1_multimer_v3_pred_2": 0.6643931254489556,
        "model_1_multimer_v3_pred_3": 0.5513550195154946,
        "model_1_multimer_v3_pred_4": 0.6240587168313394,
        "model_2_multimer_v3_pred_0": 0.4292550516082315,
        "model_2_multimer_v3_pred_1": 0.3418254452741325,
        "model_2_multimer_v3_pred_2": 0.6351500453446446,
        "model_2_multimer_v3_pred_3": 0.388247487041961,
        "model_2_multimer_v3_pred_4": 0.379150140052154,
        "model_3_multimer_v3_pred_0": 0.5514449589595458,
        "model_3_multimer_v3_pred_1": 0.48333931260963514,
        "model_3_multimer_v3_pred_2": 0.5033143471441162,
        "model_3_multimer_v3_pred_3": 0.5623483726110562,
        "model_3_multimer_v3_pred_4": 0.4967108196736477,
        "model_4_multimer_v3_pred_0": 0.4724511074297057,
        "model_4_multimer_v3_pred_1": 0.47378581153320753,
        "model_4_multimer_v3_pred_2": 0.4997472556529428,
        "model_4_multimer_v3_pred_3": 0.5170950387544525,
        "model_4_multimer_v3_pred_4": 0.5430052064190715,
        "model_5_multimer_v3_pred_0": 0.6543444697078611,
        "model_5_multimer_v3_pred_1": 0.5003773805365037,
        "model_5_multimer_v3_pred_2": 0.5353924745077334,
        "model_5_multimer_v3_pred_3": 0.6632685224855254,
        "model_5_multimer_v3_pred_4": 0.5232408980938004
    },
    "order": [
        "model_1_multimer_v3_pred_1",
        "model_1_multimer_v3_pred_2",
        "model_5_multimer_v3_pred_3",
        "model_5_multimer_v3_pred_0",
        "model_2_multimer_v3_pred_2",
        "model_1_multimer_v3_pred_4",
        "model_1_multimer_v3_pred_0",
        "model_3_multimer_v3_pred_3",
        "model_3_multimer_v3_pred_0",
        "model_1_multimer_v3_pred_3",
        "model_4_multimer_v3_pred_4",
        "model_5_multimer_v3_pred_2",
        "model_5_multimer_v3_pred_4",
        "model_4_multimer_v3_pred_3",
        "model_3_multimer_v3_pred_2",
        "model_5_multimer_v3_pred_1",
        "model_4_multimer_v3_pred_2",
        "model_3_multimer_v3_pred_4",
        "model_3_multimer_v3_pred_1",
        "model_4_multimer_v3_pred_1",
        "model_4_multimer_v3_pred_0",
        "model_2_multimer_v3_pred_0",
        "model_2_multimer_v3_pred_3",
        "model_2_multimer_v3_pred_4",
        "model_2_multimer_v3_pred_1"
    ]
}