seed,sample,ranking_score
1,0,0.47560861192105847
1,1,0.4528052476406207
1,2,0.41587845528055034
1,3,0.4693463555816657
1,4,0.45870144799588186
