seed,sample,ranking_score
1,0,1.0030158109459082
1,1,1.0040139813440783
1,2,1.0062006569449102
1,3,1.0081147381709514
1,4,1.0045095532888573
