seed,sample,ranking_score
1,0,0.5907692812321537
1,1,0.586368638900445
1,2,0.5047249548154793
1,3,0.6089761319025018
1,4,0.5577821574982086
