{
    "features": 0.05437755584716797,
    "process_features_model_1_multimer_v3_pred_0": 2.6226043701171875e-06,
    "predict_and_compile_model_1_multimer_v3_pred_0": 203.26785802841187,
    "predict_benchmark_model_1_multimer_v3_pred_0": 123.55840921401978,
    "process_features_model_2_multimer_v3_pred_0": 1.621246337890625e-05,
    "predict_and_compile_model_2_multimer_v3_pred_0": 163.40337586402893,
    "predict_benchmark_model_2_multimer_v3_pred_0": 82.53590178489685,
    "process_features_model_3_multimer_v3_pred_0": 2.5510787963867188e-05,
    "predict_and_compile_model_3_multimer_v3_pred_0": 255.93010544776917,
    "predict_benchmark_model_3_multimer_v3_pred_0": 172.82885909080505,
    "process_features_model_4_multimer_v3_pred_0": 2.6702880859375e-05,
    "predict_and_compile_model_4_multimer_v3_pred_0": 168.15562748908997,
    "predict_benchmark_model_4_multimer_v3_pred_0": 87.93071913719177,
    "process_features_model_5_multimer_v3_pred_0": 1.5974044799804688e-05,
    "predict_and_compile_model_5_multimer_v3_pred_0": 246.76556658744812,
    "predict_benchmark_model_5_multimer_v3_pred_0": 167.28849411010742
}