seed,sample,ranking_score
2,0,0.6208816101953287
2,1,0.585276956422407
2,2,0.6207646698543626
2,3,0.59242918575882
2,4,0.583093768496194
