seed,sample,ranking_score
1,0,0.45769232505768676
1,1,0.42188546316066805
1,2,0.4546093231312732
1,3,0.43300115907383374
1,4,0.4442010729396517
