{
    "features": 0.021196365356445312,
    "process_features_model_1_multimer_v3_pred_0": 2.86102294921875e-06,
    "predict_and_compile_model_1_multimer_v3_pred_0": 108.84445285797119,
    "predict_benchmark_model_1_multimer_v3_pred_0": 31.624293088912964,
    "process_features_model_2_multimer_v3_pred_0": 7.152557373046875e-06,
    "predict_and_compile_model_2_multimer_v3_pred_0": 121.41790676116943,
    "predict_benchmark_model_2_multimer_v3_pred_0": 36.809391021728516,
    "process_features_model_3_multimer_v3_pred_0": 2.002716064453125e-05,
    "predict_and_compile_model_3_multimer_v3_pred_0": 139.8071711063385,
    "predict_benchmark_model_3_multimer_v3_pred_0": 52.45424175262451,
    "process_features_model_4_multimer_v3_pred_0": 1.0967254638671875e-05,
    "predict_and_compile_model_4_multimer_v3_pred_0": 191.70604491233826,
    "predict_benchmark_model_4_multimer_v3_pred_0": 107.78890609741211,
    "process_features_model_5_multimer_v3_pred_0": 6.9141387939453125e-06,
    "predict_and_compile_model_5_multimer_v3_pred_0": 188.17280769348145,
    "predict_benchmark_model_5_multimer_v3_pred_0": 108.12100434303284
}