generic_residue_number_a,count,percentage
7x34,50,90.9090909090909
7x38,40,72.72727272727273
3x32,38,69.0909090909091
3x33,38,69.0909090909091
45x52,36,65.45454545454545
45x51,35,63.63636363636363
2x60,34,61.81818181818181
6x55,30,54.54545454545454
3x36,29,52.72727272727272
6x58,27,49.09090909090909
6x51,26,47.27272727272727
45x50,25,45.45454545454545
7x31,25,45.45454545454545
3x29,25,45.45454545454545
7x35,20,36.36363636363637
7x30,20,36.36363636363637
5x43,20,36.36363636363637
2x64,19,34.54545454545455
4x61,19,34.54545454545455
2x63,17,30.909090909090907
5x40,17,30.909090909090907
1x32,15,27.27272727272727
1x28,15,27.27272727272727
7x27,15,27.27272727272727
7x42,15,27.27272727272727
7x37,15,27.27272727272727
5x36,14,25.454545454545453
1x39,13,23.636363636363637
1x35,11,20.0
6x54,11,20.0
5x41,10,18.181818181818183
7x33,10,18.181818181818183
5x39,10,18.181818181818183
4x65,10,18.181818181818183
2x53,9,16.363636363636363
5x44,9,16.363636363636363
1x29,8,14.545454545454545
5x47,8,14.545454545454545
6x48,8,14.545454545454545
1x43,8,14.545454545454545
2x57,8,14.545454545454545
7x24,7,12.727272727272727
5x32,7,12.727272727272727
6x61,7,12.727272727272727
2x65,7,12.727272727272727
1x36,7,12.727272727272727
2x56,7,12.727272727272727
23x50,7,12.727272727272727
3x40,7,12.727272727272727
1x25,6,10.909090909090908
7x41,6,10.909090909090908
2x67,6,10.909090909090908
3x28,6,10.909090909090908
6x59,5,9.090909090909092
5x33,5,9.090909090909092
6x62,5,9.090909090909092
7x39,4,7.2727272727272725
5x48,4,7.2727272727272725
2x61,4,7.2727272727272725
23x49,4,7.2727272727272725
1x31,4,7.2727272727272725
7x23,3,5.454545454545454
2x68,3,5.454545454545454
4x64,3,5.454545454545454
3x25,3,5.454545454545454
6x52,3,5.454545454545454
3x37,3,5.454545454545454
1x24,2,3.6363636363636362
4x60,2,3.6363636363636362
1x33,2,3.6363636363636362
2x66,2,3.6363636363636362
5x46,2,3.6363636363636362
7x28,2,3.6363636363636362
3x21,2,3.6363636363636362
5x42,2,3.6363636363636362
6x56,1,1.8181818181818181
5x37,1,1.8181818181818181
5x35,1,1.8181818181818181
1x21,1,1.8181818181818181
6x60,1,1.8181818181818181
3x26,1,1.8181818181818181
3x30,1,1.8181818181818181
3x22,1,1.8181818181818181
5x28,1,1.8181818181818181
1x27,1,1.8181818181818181
3x24,1,1.8181818181818181
7x32,1,1.8181818181818181
6x63,1,1.8181818181818181
6x64,1,1.8181818181818181
1x26,1,1.8181818181818181