seed,sample,ranking_score
1,0,0.6674467748086201
1,1,0.6540469613539626
1,2,0.6754546342794867
1,3,0.6633112043060575
1,4,0.6578496564224315
