seed,sample,ranking_score
1,0,0.8545781726966474
1,1,0.8552126812713925
1,2,0.8585573373855669
1,3,0.8682849601485956
1,4,0.857175314954368
