seed,sample,ranking_score
1,0,0.781262121571623
1,1,0.7837710260846733
1,2,0.793390775838422
1,3,0.7916924748751663
1,4,0.7858536197436645
