seed,sample,ranking_score
1,0,0.5114256502513561
1,1,0.5012463653182618
1,2,0.5100770928653537
1,3,0.4922217847721534
1,4,0.5110252066231641
