seed,sample,ranking_score
1,0,0.8999810253763515
1,1,0.9092377131458959
1,2,0.9104277853378202
1,3,0.9114290919170472
1,4,0.9123155433026429
