{
    "iptm+ptm": {
        "model_1_multimer_v3_pred_0": 0.609007543777462,
        "model_1_multimer_v3_pred_1": 0.6053036116288067,
        "model_1_multimer_v3_pred_2": 0.6151334702947937,
        "model_1_multimer_v3_pred_3": 0.6092579668244791,
        "model_1_multimer_v3_pred_4": 0.6186799275946961,
        "model_2_multimer_v3_pred_0": 0.6582844436474109,
        "model_2_multimer_v3_pred_1": 0.6775991367250349,
        "model_2_multimer_v3_pred_2": 0.6390286124949942,
        "model_2_multimer_v3_pred_3": 0.5578339247025808,
        "model_2_multimer_v3_pred_4": 0.6609617410899896,
        "model_3_multimer_v3_pred_0": 0.5834249315150719,
        "model_3_multimer_v3_pred_1": 0.5851489157388335,
        "model_3_multimer_v3_pred_2": 0.5817849090560331,
        "model_3_multimer_v3_pred_3": 0.5872407656631293,
        "model_3_multimer_v3_pred_4": 0.5795932728721992,
        "model_4_multimer_v3_pred_0": 0.7294165589628644,
        "model_4_multimer_v3_pred_1": 0.6912486076143594,
        "model_4_multimer_v3_pred_2": 0.5885723911069098,
        "model_4_multimer_v3_pred_3": 0.5836302670935059,
        "model_4_multimer_v3_pred_4": 0.5941884320534577,
        "model_5_multimer_v3_pred_0": 0.6301979077619159,
        "model_5_multimer_v3_pred_1": 0.6166105457771398,
        "model_5_multimer_v3_pred_2": 0.6196747592309881,
        "model_5_multimer_v3_pred_3": 0.630993544756927,
        "model_5_multimer_v3_pred_4": 0.6241871835439239
    },
    "order": [
        "model_4_multimer_v3_pred_0",
        "model_4_multimer_v3_pred_1",
        "model_2_multimer_v3_pred_1",
        "model_2_multimer_v3_pred_4",
        "model_2_multimer_v3_pred_0",
        "model_2_multimer_v3_pred_2",
        "model_5_multimer_v3_pred_3",
        "model_5_multimer_v3_pred_0",
        "model_5_multimer_v3_pred_4",
        "model_5_multimer_v3_pred_2",
        "model_1_multimer_v3_pred_4",
        "model_5_multimer_v3_pred_1",
        "model_1_multimer_v3_pred_2",
        "model_1_multimer_v3_pred_3",
        "model_1_multimer_v3_pred_0",
        "model_1_multimer_v3_pred_1",
        "model_4_multimer_v3_pred_4",
        "model_4_multimer_v3_pred_2",
        "model_3_multimer_v3_pred_3",
        "model_3_multimer_v3_pred_1",
        "model_4_multimer_v3_pred_3",
        "model_3_multimer_v3_pred_0",
        "model_3_multimer_v3_pred_2",
        "model_3_multimer_v3_pred_4",
        "model_2_multimer_v3_pred_3"
    ]
}