seed,sample,ranking_score
1,0,0.5759368432934397
1,1,0.5757236152087666
1,2,0.5892666236079667
1,3,0.585921894291358
1,4,0.5779823444706416
