seed,sample,ranking_score
1,0,0.304920755753908
1,1,0.29192698626146824
1,2,0.31544647770991596
1,3,0.28363987275645175
1,4,0.2819094717711722
