seed,sample,ranking_score
1,0,0.34765582199471085
1,1,0.4138351089813394
1,2,0.29388056519488326
1,3,0.31069038442941904
1,4,0.3058841313699215
