seed,sample,ranking_score
1,0,0.47221608703096946
1,1,0.5186531742593433
1,2,0.40642973092134016
1,3,0.4303605224703043
1,4,0.4793348968299951
