seed,sample,ranking_score
1,0,0.873983887583642
1,1,0.8667006524704597
1,2,0.8714240198963379
1,3,0.8571174195318098
1,4,0.8536567022250591
