{
    "features": 0.007868289947509766,
    "process_features_model_1_multimer_v3_pred_0": 3.814697265625e-06,
    "predict_and_compile_model_1_multimer_v3_pred_0": 234.38039875030518,
    "relax_model_1_multimer_v3_pred_0": 37.60397219657898,
    "process_features_model_1_multimer_v3_pred_1": 3.0994415283203125e-06,
    "predict_and_compile_model_1_multimer_v3_pred_1": 170.04306077957153,
    "relax_model_1_multimer_v3_pred_1": 37.52525186538696,
    "process_features_model_1_multimer_v3_pred_2": 2.6226043701171875e-06,
    "predict_and_compile_model_1_multimer_v3_pred_2": 237.59384417533875,
    "relax_model_1_multimer_v3_pred_2": 34.35721969604492,
    "process_features_model_1_multimer_v3_pred_3": 1.430511474609375e-05,
    "predict_and_compile_model_1_multimer_v3_pred_3": 226.57256031036377,
    "relax_model_1_multimer_v3_pred_3": 48.15616536140442,
    "process_features_model_1_multimer_v3_pred_4": 2.86102294921875e-06,
    "predict_and_compile_model_1_multimer_v3_pred_4": 90.88382363319397,
    "relax_model_1_multimer_v3_pred_4": 37.089741230010986,
    "process_features_model_2_multimer_v3_pred_0": 2.384185791015625e-06,
    "predict_and_compile_model_2_multimer_v3_pred_0": 352.6575834751129,
    "relax_model_2_multimer_v3_pred_0": 33.84133577346802,
    "process_features_model_2_multimer_v3_pred_1": 2.6226043701171875e-06,
    "predict_and_compile_model_2_multimer_v3_pred_1": 237.9259614944458,
    "relax_model_2_multimer_v3_pred_1": 35.111387968063354,
    "process_features_model_2_multimer_v3_pred_2": 2.86102294921875e-06,
    "predict_and_compile_model_2_multimer_v3_pred_2": 113.50782585144043,
    "relax_model_2_multimer_v3_pred_2": 47.7958083152771,
    "process_features_model_2_multimer_v3_pred_3": 2.384185791015625e-06,
    "predict_and_compile_model_2_multimer_v3_pred_3": 124.85814332962036,
    "relax_model_2_multimer_v3_pred_3": 50.83952260017395,
    "process_features_model_2_multimer_v3_pred_4": 2.384185791015625e-06,
    "predict_and_compile_model_2_multimer_v3_pred_4": 102.21645975112915,
    "relax_model_2_multimer_v3_pred_4": 35.8176634311676,
    "process_features_model_3_multimer_v3_pred_0": 2.6226043701171875e-06,
    "predict_and_compile_model_3_multimer_v3_pred_0": 353.69020414352417,
    "relax_model_3_multimer_v3_pred_0": 272.5411424636841,
    "process_features_model_3_multimer_v3_pred_1": 2.6226043701171875e-06,
    "predict_and_compile_model_3_multimer_v3_pred_1": 136.19817996025085,
    "relax_model_3_multimer_v3_pred_1": 71.41522479057312,
    "process_features_model_3_multimer_v3_pred_2": 2.6226043701171875e-06,
    "predict_and_compile_model_3_multimer_v3_pred_2": 192.5951533317566,
    "relax_model_3_multimer_v3_pred_2": 74.93522024154663,
    "process_features_model_3_multimer_v3_pred_3": 2.6226043701171875e-06,
    "predict_and_compile_model_3_multimer_v3_pred_3": 237.76247024536133,
    "relax_model_3_multimer_v3_pred_3": 58.28266215324402,
    "process_features_model_3_multimer_v3_pred_4": 2.384185791015625e-06,
    "predict_and_compile_model_3_multimer_v3_pred_4": 215.47956109046936,
    "relax_model_3_multimer_v3_pred_4": 66.63921570777893,
    "process_features_model_4_multimer_v3_pred_0": 2.86102294921875e-06,
    "predict_and_compile_model_4_multimer_v3_pred_0": 345.4508697986603,
    "relax_model_4_multimer_v3_pred_0": 58.60349655151367,
    "process_features_model_4_multimer_v3_pred_1": 2.86102294921875e-06,
    "predict_and_compile_model_4_multimer_v3_pred_1": 233.85267281532288,
    "relax_model_4_multimer_v3_pred_1": 58.58524751663208,
    "process_features_model_4_multimer_v3_pred_2": 3.0994415283203125e-06,
    "predict_and_compile_model_4_multimer_v3_pred_2": 233.48872709274292,
    "relax_model_4_multimer_v3_pred_2": 61.61915946006775,
    "process_features_model_4_multimer_v3_pred_3": 2.384185791015625e-06,
    "predict_and_compile_model_4_multimer_v3_pred_3": 233.22062230110168,
    "relax_model_4_multimer_v3_pred_3": 60.25013208389282,
    "process_features_model_4_multimer_v3_pred_4": 3.337860107421875e-06,
    "predict_and_compile_model_4_multimer_v3_pred_4": 233.08841729164124,
    "relax_model_4_multimer_v3_pred_4": 37.32672095298767,
    "process_features_model_5_multimer_v3_pred_0": 2.384185791015625e-06,
    "predict_and_compile_model_5_multimer_v3_pred_0": 198.6334629058838,
    "relax_model_5_multimer_v3_pred_0": 49.81762433052063,
    "process_features_model_5_multimer_v3_pred_1": 2.6226043701171875e-06,
    "predict_and_compile_model_5_multimer_v3_pred_1": 233.02411723136902,
    "relax_model_5_multimer_v3_pred_1": 38.73320508003235,
    "process_features_model_5_multimer_v3_pred_2": 2.86102294921875e-06,
    "predict_and_compile_model_5_multimer_v3_pred_2": 233.12544465065002,
    "relax_model_5_multimer_v3_pred_2": 65.42628455162048,
    "process_features_model_5_multimer_v3_pred_3": 2.384185791015625e-06,
    "predict_and_compile_model_5_multimer_v3_pred_3": 233.07473802566528,
    "relax_model_5_multimer_v3_pred_3": 36.683603048324585,
    "process_features_model_5_multimer_v3_pred_4": 2.86102294921875e-06,
    "predict_and_compile_model_5_multimer_v3_pred_4": 233.1335690021515,
    "relax_model_5_multimer_v3_pred_4": 59.86068296432495
}