seed,sample,ranking_score
1,0,0.4462124318373231
1,1,0.4525317558592731
1,2,0.4533004214873848
1,3,0.41356994319857265
1,4,0.4263329635886062
