seed,sample,ranking_score
1,0,0.594485566483371
1,1,0.5932198255335486
1,2,0.5876840704016759
1,3,0.5842107855599911
1,4,0.6015684341265221
