seed,sample,ranking_score
1,0,0.3815157340461583
1,1,0.3768013172510587
1,2,0.3739490791794494
1,3,0.38884992124869217
1,4,0.391401019111593
