{
    "iptm+ptm": {
        "model_1_multimer_v3_pred_0": 0.5956296070941565,
        "model_1_multimer_v3_pred_1": 0.57972445758494,
        "model_1_multimer_v3_pred_2": 0.5970863706778011,
        "model_1_multimer_v3_pred_3": 0.5952240771862053,
        "model_1_multimer_v3_pred_4": 0.5880423003017283,
        "model_2_multimer_v3_pred_0": 0.6049272883897399,
        "model_2_multimer_v3_pred_1": 0.6110248731380559,
        "model_2_multimer_v3_pred_2": 0.6074076220412343,
        "model_2_multimer_v3_pred_3": 0.6001909760689671,
        "model_2_multimer_v3_pred_4": 0.6072886567913659,
        "model_3_multimer_v3_pred_0": 0.6263779321831108,
        "model_3_multimer_v3_pred_1": 0.6414338531235366,
        "model_3_multimer_v3_pred_2": 0.6423550540571009,
        "model_3_multimer_v3_pred_3": 0.6193321956408935,
        "model_3_multimer_v3_pred_4": 0.6425386126654831,
        "model_4_multimer_v3_pred_0": 0.6434251042598738,
        "model_4_multimer_v3_pred_1": 0.6329885427649035,
        "model_4_multimer_v3_pred_2": 0.6432110182491333,
        "model_4_multimer_v3_pred_3": 0.6223171573072919,
        "model_4_multimer_v3_pred_4": 0.6450452450115727,
        "model_5_multimer_v3_pred_0": 0.6211428796511015,
        "model_5_multimer_v3_pred_1": 0.619243058556364,
        "model_5_multimer_v3_pred_2": 0.621462697916013,
        "model_5_multimer_v3_pred_3": 0.6253462511206714,
        "model_5_multimer_v3_pred_4": 0.6244118088221771
    },
    "order": [
        "model_4_multimer_v3_pred_4",
        "model_4_multimer_v3_pred_0",
        "model_4_multimer_v3_pred_2",
        "model_3_multimer_v3_pred_4",
        "model_3_multimer_v3_pred_2",
        "model_3_multimer_v3_pred_1",
        "model_4_multimer_v3_pred_1",
        "model_3_multimer_v3_pred_0",
        "model_5_multimer_v3_pred_3",
        "model_5_multimer_v3_pred_4",
        "model_4_multimer_v3_pred_3",
        "model_5_multimer_v3_pred_2",
        "model_5_multimer_v3_pred_0",
        "model_3_multimer_v3_pred_3",
        "model_5_multimer_v3_pred_1",
        "model_2_multimer_v3_pred_1",
        "model_2_multimer_v3_pred_2",
        "model_2_multimer_v3_pred_4",
        "model_2_multimer_v3_pred_0",
        "model_2_multimer_v3_pred_3",
        "model_1_multimer_v3_pred_2",
        "model_1_multimer_v3_pred_0",
        "model_1_multimer_v3_pred_3",
        "model_1_multimer_v3_pred_4",
        "model_1_multimer_v3_pred_1"
    ]
}