{
    "features": 0.007174968719482422,
    "process_features_model_1_multimer_v3_pred_0": 3.337860107421875e-06,
    "predict_and_compile_model_1_multimer_v3_pred_0": 255.43109369277954,
    "relax_model_1_multimer_v3_pred_0": 70.16184830665588,
    "process_features_model_1_multimer_v3_pred_1": 4.0531158447265625e-06,
    "predict_and_compile_model_1_multimer_v3_pred_1": 99.40095400810242,
    "relax_model_1_multimer_v3_pred_1": 43.11620593070984,
    "process_features_model_1_multimer_v3_pred_2": 3.5762786865234375e-06,
    "predict_and_compile_model_1_multimer_v3_pred_2": 83.9214608669281,
    "relax_model_1_multimer_v3_pred_2": 55.35245871543884,
    "process_features_model_1_multimer_v3_pred_3": 5.0067901611328125e-06,
    "predict_and_compile_model_1_multimer_v3_pred_3": 83.85244488716125,
    "relax_model_1_multimer_v3_pred_3": 62.663087368011475,
    "process_features_model_1_multimer_v3_pred_4": 1.9788742065429688e-05,
    "predict_and_compile_model_1_multimer_v3_pred_4": 83.62065482139587,
    "relax_model_1_multimer_v3_pred_4": 62.2921028137207,
    "process_features_model_2_multimer_v3_pred_0": 5.9604644775390625e-06,
    "predict_and_compile_model_2_multimer_v3_pred_0": 303.8158302307129,
    "relax_model_2_multimer_v3_pred_0": 49.8398163318634,
    "process_features_model_2_multimer_v3_pred_1": 3.814697265625e-06,
    "predict_and_compile_model_2_multimer_v3_pred_1": 111.59158134460449,
    "relax_model_2_multimer_v3_pred_1": 25.783686637878418,
    "process_features_model_2_multimer_v3_pred_2": 4.0531158447265625e-06,
    "predict_and_compile_model_2_multimer_v3_pred_2": 139.46326875686646,
    "relax_model_2_multimer_v3_pred_2": 32.25878858566284,
    "process_features_model_2_multimer_v3_pred_3": 4.0531158447265625e-06,
    "predict_and_compile_model_2_multimer_v3_pred_3": 97.75254988670349,
    "relax_model_2_multimer_v3_pred_3": 26.193439483642578,
    "process_features_model_2_multimer_v3_pred_4": 3.5762786865234375e-06,
    "predict_and_compile_model_2_multimer_v3_pred_4": 139.35247659683228,
    "relax_model_2_multimer_v3_pred_4": 26.412702798843384,
    "process_features_model_3_multimer_v3_pred_0": 3.814697265625e-06,
    "predict_and_compile_model_3_multimer_v3_pred_0": 285.314590215683,
    "relax_model_3_multimer_v3_pred_0": 32.82556390762329,
    "process_features_model_3_multimer_v3_pred_1": 4.0531158447265625e-06,
    "predict_and_compile_model_3_multimer_v3_pred_1": 125.56362128257751,
    "relax_model_3_multimer_v3_pred_1": 30.80289602279663,
    "process_features_model_3_multimer_v3_pred_2": 3.5762786865234375e-06,
    "predict_and_compile_model_3_multimer_v3_pred_2": 100.37388586997986,
    "relax_model_3_multimer_v3_pred_2": 60.15001463890076,
    "process_features_model_3_multimer_v3_pred_3": 4.0531158447265625e-06,
    "predict_and_compile_model_3_multimer_v3_pred_3": 118.05436038970947,
    "relax_model_3_multimer_v3_pred_3": 25.80103826522827,
    "process_features_model_3_multimer_v3_pred_4": 4.291534423828125e-06,
    "predict_and_compile_model_3_multimer_v3_pred_4": 125.49731540679932,
    "relax_model_3_multimer_v3_pred_4": 58.55700755119324,
    "process_features_model_4_multimer_v3_pred_0": 4.0531158447265625e-06,
    "predict_and_compile_model_4_multimer_v3_pred_0": 464.06720519065857,
    "relax_model_4_multimer_v3_pred_0": 26.365586280822754,
    "process_features_model_4_multimer_v3_pred_1": 3.337860107421875e-06,
    "predict_and_compile_model_4_multimer_v3_pred_1": 233.41949319839478,
    "relax_model_4_multimer_v3_pred_1": 40.362281799316406,
    "process_features_model_4_multimer_v3_pred_2": 4.0531158447265625e-06,
    "predict_and_compile_model_4_multimer_v3_pred_2": 110.13120770454407,
    "relax_model_4_multimer_v3_pred_2": 28.197953462600708,
    "process_features_model_4_multimer_v3_pred_3": 3.814697265625e-06,
    "predict_and_compile_model_4_multimer_v3_pred_3": 129.67355227470398,
    "relax_model_4_multimer_v3_pred_3": 29.229373931884766,
    "process_features_model_4_multimer_v3_pred_4": 4.0531158447265625e-06,
    "predict_and_compile_model_4_multimer_v3_pred_4": 289.45762944221497,
    "relax_model_4_multimer_v3_pred_4": 40.44628310203552,
    "process_features_model_5_multimer_v3_pred_0": 6.4373016357421875e-06,
    "predict_and_compile_model_5_multimer_v3_pred_0": 364.96885895729065,
    "relax_model_5_multimer_v3_pred_0": 41.291853189468384,
    "process_features_model_5_multimer_v3_pred_1": 4.0531158447265625e-06,
    "predict_and_compile_model_5_multimer_v3_pred_1": 143.64716339111328,
    "relax_model_5_multimer_v3_pred_1": 36.45610284805298,
    "process_features_model_5_multimer_v3_pred_2": 6.9141387939453125e-06,
    "predict_and_compile_model_5_multimer_v3_pred_2": 247.174654006958,
    "relax_model_5_multimer_v3_pred_2": 48.44021487236023,
    "process_features_model_5_multimer_v3_pred_3": 3.337860107421875e-06,
    "predict_and_compile_model_5_multimer_v3_pred_3": 289.2826900482178,
    "relax_model_5_multimer_v3_pred_3": 44.52365326881409,
    "process_features_model_5_multimer_v3_pred_4": 4.0531158447265625e-06,
    "predict_and_compile_model_5_multimer_v3_pred_4": 248.3428180217743,
    "relax_model_5_multimer_v3_pred_4": 48.040233850479126
}