{
    "features": 0.07526135444641113,
    "process_features_model_1_multimer_v3_pred_0": 3.0994415283203125e-06,
    "predict_and_compile_model_1_multimer_v3_pred_0": 143.52612400054932,
    "predict_benchmark_model_1_multimer_v3_pred_0": 66.00357580184937,
    "process_features_model_2_multimer_v3_pred_0": 2.6226043701171875e-05,
    "predict_and_compile_model_2_multimer_v3_pred_0": 168.75669622421265,
    "predict_benchmark_model_2_multimer_v3_pred_0": 89.75554180145264,
    "process_features_model_3_multimer_v3_pred_0": 2.5510787963867188e-05,
    "predict_and_compile_model_3_multimer_v3_pred_0": 206.28131079673767,
    "predict_benchmark_model_3_multimer_v3_pred_0": 125.83582615852356,
    "process_features_model_4_multimer_v3_pred_0": 1.0251998901367188e-05,
    "predict_and_compile_model_4_multimer_v3_pred_0": 201.14885902404785,
    "predict_benchmark_model_4_multimer_v3_pred_0": 123.3539400100708,
    "process_features_model_5_multimer_v3_pred_0": 6.4373016357421875e-06,
    "predict_and_compile_model_5_multimer_v3_pred_0": 200.89815640449524,
    "predict_benchmark_model_5_multimer_v3_pred_0": 123.0635998249054
}