seed,sample,ranking_score
1,0,0.8126037636878067
1,1,0.7997864091908226
1,2,0.8108981708138718
1,3,0.766478240947992
1,4,0.7508267218830431
