seed,sample,ranking_score
1,0,0.9339560414697249
1,1,0.931793118637018
1,2,0.9280127359549544
1,3,0.9337195939843147
1,4,0.9245706025836478
