seed,sample,ranking_score
1,0,0.5570236723605918
1,1,0.5786535636272319
1,2,0.5530248322687082
1,3,0.5373964263644228
1,4,0.5374043362555528
