seed,sample,ranking_score
1,0,0.589822165267695
1,1,0.5649797122402701
1,2,0.588223920884319
1,3,0.5812724472599472
1,4,0.5646924863511861
