seed,sample,ranking_score
5,0,0.8893082829737592
5,1,0.896895571252691
5,2,0.8967647143195261
5,3,0.8867637261279057
5,4,0.8820609336821894
