seed,sample,ranking_score
1,0,0.7828939838623011
1,1,0.7810564697590263
1,2,0.7908131738019999
1,3,0.7909429349931889
1,4,0.7992065965263249
