seed,sample,ranking_score
1,0,0.456268522893628
1,1,0.4808435918233853
1,2,0.47758340254170206
1,3,0.48968426926524505
1,4,0.48687089350588486
