{
    "features": 0.015956401824951172,
    "process_features_model_1_multimer_v3_pred_0": 3.5762786865234375e-06,
    "predict_and_compile_model_1_multimer_v3_pred_0": 917.3648858070374,
    "relax_model_1_multimer_v3_pred_0": 80.3108766078949,
    "process_features_model_1_multimer_v3_pred_1": 4.291534423828125e-06,
    "predict_and_compile_model_1_multimer_v3_pred_1": 737.8749251365662,
    "relax_model_1_multimer_v3_pred_1": 87.3400981426239,
    "process_features_model_1_multimer_v3_pred_2": 3.337860107421875e-06,
    "predict_and_compile_model_1_multimer_v3_pred_2": 736.9926850795746,
    "relax_model_1_multimer_v3_pred_2": 86.32505226135254,
    "process_features_model_1_multimer_v3_pred_3": 3.337860107421875e-06,
    "predict_and_compile_model_1_multimer_v3_pred_3": 740.1629474163055,
    "relax_model_1_multimer_v3_pred_3": 80.98179268836975,
    "process_features_model_1_multimer_v3_pred_4": 3.0994415283203125e-06,
    "predict_and_compile_model_1_multimer_v3_pred_4": 737.8307647705078,
    "relax_model_1_multimer_v3_pred_4": 80.27046132087708,
    "process_features_model_2_multimer_v3_pred_0": 3.337860107421875e-06,
    "predict_and_compile_model_2_multimer_v3_pred_0": 901.8514821529388,
    "relax_model_2_multimer_v3_pred_0": 82.70210909843445,
    "process_features_model_2_multimer_v3_pred_1": 2.6226043701171875e-06,
    "predict_and_compile_model_2_multimer_v3_pred_1": 740.3072850704193,
    "relax_model_2_multimer_v3_pred_1": 84.4071888923645,
    "process_features_model_2_multimer_v3_pred_2": 3.337860107421875e-06,
    "predict_and_compile_model_2_multimer_v3_pred_2": 741.137392282486,
    "relax_model_2_multimer_v3_pred_2": 82.05884075164795,
    "process_features_model_2_multimer_v3_pred_3": 3.0994415283203125e-06,
    "predict_and_compile_model_2_multimer_v3_pred_3": 742.1046772003174,
    "relax_model_2_multimer_v3_pred_3": 79.28287506103516,
    "process_features_model_2_multimer_v3_pred_4": 2.86102294921875e-06,
    "predict_and_compile_model_2_multimer_v3_pred_4": 740.043707370758,
    "relax_model_2_multimer_v3_pred_4": 77.1337502002716,
    "process_features_model_3_multimer_v3_pred_0": 5.4836273193359375e-06,
    "predict_and_compile_model_3_multimer_v3_pred_0": 909.0759494304657,
    "relax_model_3_multimer_v3_pred_0": 79.58627676963806,
    "process_features_model_3_multimer_v3_pred_1": 2.86102294921875e-06,
    "predict_and_compile_model_3_multimer_v3_pred_1": 737.1458616256714,
    "relax_model_3_multimer_v3_pred_1": 80.41945147514343,
    "process_features_model_3_multimer_v3_pred_2": 2.86102294921875e-06,
    "predict_and_compile_model_3_multimer_v3_pred_2": 737.2998328208923,
    "relax_model_3_multimer_v3_pred_2": 79.32856369018555,
    "process_features_model_3_multimer_v3_pred_3": 3.5762786865234375e-06,
    "predict_and_compile_model_3_multimer_v3_pred_3": 737.5151567459106,
    "relax_model_3_multimer_v3_pred_3": 81.41135096549988,
    "process_features_model_3_multimer_v3_pred_4": 1.811981201171875e-05,
    "predict_and_compile_model_3_multimer_v3_pred_4": 737.3994832038879,
    "relax_model_3_multimer_v3_pred_4": 80.32023119926453,
    "process_features_model_4_multimer_v3_pred_0": 3.337860107421875e-06,
    "predict_and_compile_model_4_multimer_v3_pred_0": 898.252336025238,
    "relax_model_4_multimer_v3_pred_0": 77.780517578125,
    "process_features_model_4_multimer_v3_pred_1": 3.0994415283203125e-06,
    "predict_and_compile_model_4_multimer_v3_pred_1": 729.3223505020142,
    "relax_model_4_multimer_v3_pred_1": 81.1044328212738,
    "process_features_model_4_multimer_v3_pred_2": 3.814697265625e-06,
    "predict_and_compile_model_4_multimer_v3_pred_2": 725.9340600967407,
    "relax_model_4_multimer_v3_pred_2": 50.09490346908569,
    "process_features_model_4_multimer_v3_pred_3": 3.5762786865234375e-06,
    "predict_and_compile_model_4_multimer_v3_pred_3": 726.6536753177643,
    "relax_model_4_multimer_v3_pred_3": 401.0157437324524,
    "process_features_model_4_multimer_v3_pred_4": 4.0531158447265625e-06,
    "predict_and_compile_model_4_multimer_v3_pred_4": 728.7758927345276,
    "relax_model_4_multimer_v3_pred_4": 99.31129550933838,
    "process_features_model_5_multimer_v3_pred_0": 3.337860107421875e-06,
    "predict_and_compile_model_5_multimer_v3_pred_0": 893.3793516159058,
    "relax_model_5_multimer_v3_pred_0": 74.97820854187012,
    "process_features_model_5_multimer_v3_pred_1": 2.6226043701171875e-06,
    "predict_and_compile_model_5_multimer_v3_pred_1": 725.496001958847,
    "relax_model_5_multimer_v3_pred_1": 90.93916368484497,
    "process_features_model_5_multimer_v3_pred_2": 2.86102294921875e-06,
    "predict_and_compile_model_5_multimer_v3_pred_2": 726.7226819992065,
    "relax_model_5_multimer_v3_pred_2": 85.95519018173218,
    "process_features_model_5_multimer_v3_pred_3": 3.0994415283203125e-06,
    "predict_and_compile_model_5_multimer_v3_pred_3": 727.9992189407349,
    "relax_model_5_multimer_v3_pred_3": 71.78617477416992,
    "process_features_model_5_multimer_v3_pred_4": 3.0994415283203125e-06,
    "predict_and_compile_model_5_multimer_v3_pred_4": 726.4667503833771,
    "relax_model_5_multimer_v3_pred_4": 79.69802117347717
}