seed,sample,ranking_score
1,0,0.5233192539075905
1,1,0.5204690427047911
1,2,0.527682056120782
1,3,0.5248322112575031
1,4,0.5294112490780846
