seed,sample,ranking_score
1,0,0.801742582906967
1,1,0.7821425071397885
1,2,0.7734811676540934
1,3,0.7621975481158294
1,4,0.7815870928119937
