{
    "features": 0.006417989730834961,
    "process_features_model_1_multimer_v3_pred_0": 3.814697265625e-06,
    "predict_and_compile_model_1_multimer_v3_pred_0": 171.5882270336151,
    "relax_model_1_multimer_v3_pred_0": 20.794284343719482,
    "process_features_model_1_multimer_v3_pred_1": 3.0994415283203125e-06,
    "predict_and_compile_model_1_multimer_v3_pred_1": 126.49269151687622,
    "relax_model_1_multimer_v3_pred_1": 18.47838521003723,
    "process_features_model_1_multimer_v3_pred_2": 2.86102294921875e-06,
    "predict_and_compile_model_1_multimer_v3_pred_2": 65.00153803825378,
    "relax_model_1_multimer_v3_pred_2": 18.408074378967285,
    "process_features_model_1_multimer_v3_pred_3": 3.0994415283203125e-06,
    "predict_and_compile_model_1_multimer_v3_pred_3": 53.20602011680603,
    "relax_model_1_multimer_v3_pred_3": 18.219518899917603,
    "process_features_model_1_multimer_v3_pred_4": 3.337860107421875e-06,
    "predict_and_compile_model_1_multimer_v3_pred_4": 79.03491973876953,
    "relax_model_1_multimer_v3_pred_4": 18.326313495635986,
    "process_features_model_2_multimer_v3_pred_0": 3.337860107421875e-06,
    "predict_and_compile_model_2_multimer_v3_pred_0": 181.21820306777954,
    "relax_model_2_multimer_v3_pred_0": 18.18467903137207,
    "process_features_model_2_multimer_v3_pred_1": 3.5762786865234375e-06,
    "predict_and_compile_model_2_multimer_v3_pred_1": 64.99907875061035,
    "relax_model_2_multimer_v3_pred_1": 18.441946029663086,
    "process_features_model_2_multimer_v3_pred_2": 3.5762786865234375e-06,
    "predict_and_compile_model_2_multimer_v3_pred_2": 47.349953174591064,
    "relax_model_2_multimer_v3_pred_2": 32.256930351257324,
    "process_features_model_2_multimer_v3_pred_3": 3.0994415283203125e-06,
    "predict_and_compile_model_2_multimer_v3_pred_3": 62.65615367889404,
    "relax_model_2_multimer_v3_pred_3": 19.305994987487793,
    "process_features_model_2_multimer_v3_pred_4": 3.337860107421875e-06,
    "predict_and_compile_model_2_multimer_v3_pred_4": 117.67792510986328,
    "relax_model_2_multimer_v3_pred_4": 18.401918411254883,
    "process_features_model_3_multimer_v3_pred_0": 3.5762786865234375e-06,
    "predict_and_compile_model_3_multimer_v3_pred_0": 152.98430371284485,
    "relax_model_3_multimer_v3_pred_0": 25.589770793914795,
    "process_features_model_3_multimer_v3_pred_1": 3.5762786865234375e-06,
    "predict_and_compile_model_3_multimer_v3_pred_1": 47.330156326293945,
    "relax_model_3_multimer_v3_pred_1": 26.582147121429443,
    "process_features_model_3_multimer_v3_pred_2": 3.5762786865234375e-06,
    "predict_and_compile_model_3_multimer_v3_pred_2": 45.20875000953674,
    "relax_model_3_multimer_v3_pred_2": 18.41482400894165,
    "process_features_model_3_multimer_v3_pred_3": 4.291534423828125e-06,
    "predict_and_compile_model_3_multimer_v3_pred_3": 59.07231950759888,
    "relax_model_3_multimer_v3_pred_3": 18.27990174293518,
    "process_features_model_3_multimer_v3_pred_4": 2.6226043701171875e-06,
    "predict_and_compile_model_3_multimer_v3_pred_4": 29.726383686065674,
    "relax_model_3_multimer_v3_pred_4": 18.69722819328308,
    "process_features_model_4_multimer_v3_pred_0": 3.5762786865234375e-06,
    "predict_and_compile_model_4_multimer_v3_pred_0": 207.73714590072632,
    "relax_model_4_multimer_v3_pred_0": 18.61650061607361,
    "process_features_model_4_multimer_v3_pred_1": 3.337860107421875e-06,
    "predict_and_compile_model_4_multimer_v3_pred_1": 117.30336785316467,
    "relax_model_4_multimer_v3_pred_1": 19.248790740966797,
    "process_features_model_4_multimer_v3_pred_2": 3.337860107421875e-06,
    "predict_and_compile_model_4_multimer_v3_pred_2": 72.38064765930176,
    "relax_model_4_multimer_v3_pred_2": 20.495943784713745,
    "process_features_model_4_multimer_v3_pred_3": 3.0994415283203125e-06,
    "predict_and_compile_model_4_multimer_v3_pred_3": 84.61476731300354,
    "relax_model_4_multimer_v3_pred_3": 19.598705768585205,
    "process_features_model_4_multimer_v3_pred_4": 3.0994415283203125e-06,
    "predict_and_compile_model_4_multimer_v3_pred_4": 51.892977714538574,
    "relax_model_4_multimer_v3_pred_4": 18.216460466384888,
    "process_features_model_5_multimer_v3_pred_0": 3.0994415283203125e-06,
    "predict_and_compile_model_5_multimer_v3_pred_0": 203.7190544605255,
    "relax_model_5_multimer_v3_pred_0": 18.62720036506653,
    "process_features_model_5_multimer_v3_pred_1": 4.0531158447265625e-06,
    "predict_and_compile_model_5_multimer_v3_pred_1": 120.53211784362793,
    "relax_model_5_multimer_v3_pred_1": 18.365283012390137,
    "process_features_model_5_multimer_v3_pred_2": 3.5762786865234375e-06,
    "predict_and_compile_model_5_multimer_v3_pred_2": 123.70638489723206,
    "relax_model_5_multimer_v3_pred_2": 18.720600128173828,
    "process_features_model_5_multimer_v3_pred_3": 3.0994415283203125e-06,
    "predict_and_compile_model_5_multimer_v3_pred_3": 120.56278371810913,
    "relax_model_5_multimer_v3_pred_3": 18.80253839492798,
    "process_features_model_5_multimer_v3_pred_4": 3.337860107421875e-06,
    "predict_and_compile_model_5_multimer_v3_pred_4": 40.41268253326416,
    "relax_model_5_multimer_v3_pred_4": 25.557466745376587
}