seed,sample,ranking_score
1,0,0.5401035180020739
1,1,0.5543133746060365
1,2,0.6351590331963441
1,3,0.5725989972933225
1,4,0.6324347843726534
