seed,sample,ranking_score
1,0,0.621617213878469
1,1,0.6095442653094562
1,2,0.5979245975314925
1,3,0.6159201497519473
1,4,0.6487327759309525
