seed,sample,ranking_score
1,0,0.7181995086887861
1,1,0.6899993154266152
1,2,0.6725480999105231
1,3,0.6813180693215846
1,4,0.6963234690760691
