seed,sample,ranking_score
1,0,0.48403653185748846
1,1,0.46329387433788294
1,2,0.4798632970602338
1,3,0.4499732124092121
1,4,0.4609559372961448
