{
    "features": 0.21678662300109863,
    "process_features_model_1_multimer_v3_pred_0": 3.5762786865234375e-06,
    "predict_and_compile_model_1_multimer_v3_pred_0": 122.95559763908386,
    "predict_benchmark_model_1_multimer_v3_pred_0": 41.23018932342529,
    "process_features_model_2_multimer_v3_pred_0": 1.7642974853515625e-05,
    "predict_and_compile_model_2_multimer_v3_pred_0": 119.8771619796753,
    "predict_benchmark_model_2_multimer_v3_pred_0": 41.05360794067383,
    "process_features_model_3_multimer_v3_pred_0": 1.7404556274414062e-05,
    "predict_and_compile_model_3_multimer_v3_pred_0": 190.13315200805664,
    "predict_benchmark_model_3_multimer_v3_pred_0": 107.59066939353943,
    "process_features_model_4_multimer_v3_pred_0": 2.7179718017578125e-05,
    "predict_and_compile_model_4_multimer_v3_pred_0": 110.92197942733765,
    "predict_benchmark_model_4_multimer_v3_pred_0": 29.720776081085205,
    "process_features_model_5_multimer_v3_pred_0": 2.765655517578125e-05,
    "predict_and_compile_model_5_multimer_v3_pred_0": 122.14806270599365,
    "predict_benchmark_model_5_multimer_v3_pred_0": 39.7048556804657
}