{
    "features": 0.22478055953979492,
    "process_features_model_1_multimer_v3_pred_0": 5.9604644775390625e-06,
    "predict_and_compile_model_1_multimer_v3_pred_0": 230.48713970184326,
    "predict_benchmark_model_1_multimer_v3_pred_0": 147.2694456577301,
    "process_features_model_2_multimer_v3_pred_0": 1.9788742065429688e-05,
    "predict_and_compile_model_2_multimer_v3_pred_0": 230.96520519256592,
    "predict_benchmark_model_2_multimer_v3_pred_0": 147.21612334251404,
    "process_features_model_3_multimer_v3_pred_0": 2.1457672119140625e-05,
    "predict_and_compile_model_3_multimer_v3_pred_0": 231.53811168670654,
    "predict_benchmark_model_3_multimer_v3_pred_0": 147.5011477470398,
    "process_features_model_4_multimer_v3_pred_0": 2.2649765014648438e-05,
    "predict_and_compile_model_4_multimer_v3_pred_0": 229.5061719417572,
    "predict_benchmark_model_4_multimer_v3_pred_0": 142.45669674873352,
    "process_features_model_5_multimer_v3_pred_0": 2.2172927856445312e-05,
    "predict_and_compile_model_5_multimer_v3_pred_0": 230.63297629356384,
    "predict_benchmark_model_5_multimer_v3_pred_0": 142.47831177711487
}