seed,sample,ranking_score
1,0,0.57032681326466
1,1,0.5340783498396413
1,2,0.5736931994870927
1,3,0.555574843891077
1,4,0.586491314614799
