seed,sample,ranking_score
5,0,0.803671586274067
5,1,0.8002998002550372
5,2,0.810696992931033
5,3,0.803280154314868
5,4,0.8029158551793234
