{
    "features": 0.014367818832397461,
    "process_features_model_1_multimer_v3_pred_0": 3.5762786865234375e-06,
    "predict_and_compile_model_1_multimer_v3_pred_0": 116.1459538936615,
    "predict_benchmark_model_1_multimer_v3_pred_0": 30.486000299453735,
    "process_features_model_2_multimer_v3_pred_0": 1.9550323486328125e-05,
    "predict_and_compile_model_2_multimer_v3_pred_0": 189.97089385986328,
    "predict_benchmark_model_2_multimer_v3_pred_0": 106.88240194320679,
    "process_features_model_3_multimer_v3_pred_0": 2.3126602172851562e-05,
    "predict_and_compile_model_3_multimer_v3_pred_0": 178.38975763320923,
    "predict_benchmark_model_3_multimer_v3_pred_0": 91.55285835266113,
    "process_features_model_4_multimer_v3_pred_0": 2.2172927856445312e-05,
    "predict_and_compile_model_4_multimer_v3_pred_0": 194.7872211933136,
    "predict_benchmark_model_4_multimer_v3_pred_0": 103.64002728462219,
    "process_features_model_5_multimer_v3_pred_0": 2.765655517578125e-05,
    "predict_and_compile_model_5_multimer_v3_pred_0": 192.9715006351471,
    "predict_benchmark_model_5_multimer_v3_pred_0": 103.39056873321533
}