seed,sample,ranking_score
1,0,0.7560600440064598
1,1,0.7657515471465974
1,2,0.7598496123323898
1,3,0.7598197154731863
1,4,0.7615484240437613
