seed,sample,ranking_score
1,0,0.42912465934745414
1,1,0.3961617474305217
1,2,0.4684186947537083
1,3,0.4453293001960827
1,4,0.46189856695170656
