seed,sample,ranking_score
5,0,0.5464397897825647
5,1,0.5581254482864
5,2,0.5399869585598752
5,3,0.5488656094764506
5,4,0.5695881428101448
