{
    "iptm+ptm": {
        "model_1_multimer_v3_pred_0": 0.5870918137556994,
        "model_1_multimer_v3_pred_1": 0.590523267164611,
        "model_1_multimer_v3_pred_2": 0.5913093297179803,
        "model_1_multimer_v3_pred_3": 0.5802451239885851,
        "model_1_multimer_v3_pred_4": 0.5913122142694727,
        "model_2_multimer_v3_pred_0": 0.5410133785200554,
        "model_2_multimer_v3_pred_1": 0.5759050974848738,
        "model_2_multimer_v3_pred_2": 0.5575629560795466,
        "model_2_multimer_v3_pred_3": 0.5662422926048718,
        "model_2_multimer_v3_pred_4": 0.5479760828907327,
        "model_3_multimer_v3_pred_0": 0.5680817582723386,
        "model_3_multimer_v3_pred_1": 0.5640252023911189,
        "model_3_multimer_v3_pred_2": 0.5659532904121128,
        "model_3_multimer_v3_pred_3": 0.5705908177399357,
        "model_3_multimer_v3_pred_4": 0.5651306640699967,
        "model_4_multimer_v3_pred_0": 0.5845208609792988,
        "model_4_multimer_v3_pred_1": 0.57378726923667,
        "model_4_multimer_v3_pred_2": 0.5828656388785369,
        "model_4_multimer_v3_pred_3": 0.6174677541263986,
        "model_4_multimer_v3_pred_4": 0.5775156845904563,
        "model_5_multimer_v3_pred_0": 0.550045981703958,
        "model_5_multimer_v3_pred_1": 0.5520545032458384,
        "model_5_multimer_v3_pred_2": 0.5528435381611179,
        "model_5_multimer_v3_pred_3": 0.5461281525752725,
        "model_5_multimer_v3_pred_4": 0.5445734248290733
    },
    "order": [
        "model_4_multimer_v3_pred_3",
        "model_1_multimer_v3_pred_4",
        "model_1_multimer_v3_pred_2",
        "model_1_multimer_v3_pred_1",
        "model_1_multimer_v3_pred_0",
        "model_4_multimer_v3_pred_0",
        "model_4_multimer_v3_pred_2",
        "model_1_multimer_v3_pred_3",
        "model_4_multimer_v3_pred_4",
        "model_2_multimer_v3_pred_1",
        "model_4_multimer_v3_pred_1",
        "model_3_multimer_v3_pred_3",
        "model_3_multimer_v3_pred_0",
        "model_2_multimer_v3_pred_3",
        "model_3_multimer_v3_pred_2",
        "model_3_multimer_v3_pred_4",
        "model_3_multimer_v3_pred_1",
        "model_2_multimer_v3_pred_2",
        "model_5_multimer_v3_pred_2",
        "model_5_multimer_v3_pred_1",
        "model_5_multimer_v3_pred_0",
        "model_2_multimer_v3_pred_4",
        "model_5_multimer_v3_pred_3",
        "model_5_multimer_v3_pred_4",
        "model_2_multimer_v3_pred_0"
    ]
}