seed,sample,ranking_score
1,0,0.59466789488604
1,1,0.6011144583085848
1,2,0.5992465343648712
1,3,0.6036401585047758
1,4,0.6044816007961099
