seed,sample,ranking_score
1,0,0.8326366939543347
1,1,0.8353009430992296
1,2,0.8040112806846645
1,3,0.8361565316740122
1,4,0.8188890353864324
