{
    "features": 0.47451019287109375,
    "process_features_model_1_multimer_v3_pred_0": 4.291534423828125e-06,
    "predict_and_compile_model_1_multimer_v3_pred_0": 208.04151439666748,
    "predict_benchmark_model_1_multimer_v3_pred_0": 114.92910504341125,
    "process_features_model_2_multimer_v3_pred_0": 1.9788742065429688e-05,
    "predict_and_compile_model_2_multimer_v3_pred_0": 179.8769495487213,
    "predict_benchmark_model_2_multimer_v3_pred_0": 82.29332256317139,
    "process_features_model_3_multimer_v3_pred_0": 5.412101745605469e-05,
    "predict_and_compile_model_3_multimer_v3_pred_0": 221.76302671432495,
    "predict_benchmark_model_3_multimer_v3_pred_0": 115.23497796058655,
    "process_features_model_4_multimer_v3_pred_0": 2.8371810913085938e-05,
    "predict_and_compile_model_4_multimer_v3_pred_0": 210.50552606582642,
    "predict_benchmark_model_4_multimer_v3_pred_0": 111.64084482192993,
    "process_features_model_5_multimer_v3_pred_0": 2.09808349609375e-05,
    "predict_and_compile_model_5_multimer_v3_pred_0": 204.5492401123047,
    "predict_benchmark_model_5_multimer_v3_pred_0": 111.62439250946045
}