{
    "features": 0.8122389316558838,
    "process_features_model_1_multimer_v3_pred_0": 7.867813110351562e-06,
    "predict_and_compile_model_1_multimer_v3_pred_0": 193.34088444709778,
    "predict_benchmark_model_1_multimer_v3_pred_0": 105.3417375087738,
    "process_features_model_2_multimer_v3_pred_0": 4.9591064453125e-05,
    "predict_and_compile_model_2_multimer_v3_pred_0": 126.6939263343811,
    "predict_benchmark_model_2_multimer_v3_pred_0": 42.05438232421875,
    "process_features_model_3_multimer_v3_pred_0": 1.811981201171875e-05,
    "predict_and_compile_model_3_multimer_v3_pred_0": 232.96051907539368,
    "predict_benchmark_model_3_multimer_v3_pred_0": 148.07251143455505,
    "process_features_model_4_multimer_v3_pred_0": 2.3365020751953125e-05,
    "predict_and_compile_model_4_multimer_v3_pred_0": 148.34657382965088,
    "predict_benchmark_model_4_multimer_v3_pred_0": 61.297303676605225,
    "process_features_model_5_multimer_v3_pred_0": 2.0742416381835938e-05,
    "predict_and_compile_model_5_multimer_v3_pred_0": 229.44078087806702,
    "predict_benchmark_model_5_multimer_v3_pred_0": 142.4033179283142
}