{
    "features": 0.02494192123413086,
    "process_features_model_1_multimer_v3_pred_0": 4.291534423828125e-06,
    "predict_and_compile_model_1_multimer_v3_pred_0": 786.044023513794,
    "predict_benchmark_model_1_multimer_v3_pred_0": 698.0217316150665,
    "process_features_model_2_multimer_v3_pred_0": 2.7418136596679688e-05,
    "predict_and_compile_model_2_multimer_v3_pred_0": 779.6220560073853,
    "predict_benchmark_model_2_multimer_v3_pred_0": 697.4607675075531,
    "process_features_model_3_multimer_v3_pred_0": 2.574920654296875e-05,
    "predict_and_compile_model_3_multimer_v3_pred_0": 777.0294909477234,
    "predict_benchmark_model_3_multimer_v3_pred_0": 697.8471846580505,
    "process_features_model_4_multimer_v3_pred_0": 1.8835067749023438e-05,
    "predict_and_compile_model_4_multimer_v3_pred_0": 765.8950698375702,
    "predict_benchmark_model_4_multimer_v3_pred_0": 687.8926484584808,
    "process_features_model_5_multimer_v3_pred_0": 1.5497207641601562e-05,
    "predict_and_compile_model_5_multimer_v3_pred_0": 766.6871972084045,
    "predict_benchmark_model_5_multimer_v3_pred_0": 687.8327987194061
}