seed,sample,ranking_score
1,0,0.329793493433135
1,1,0.32858443763940076
1,2,0.36764701833741653
1,3,0.3538645622111614
1,4,0.35222431579942476
