{
    "features": 0.006014823913574219,
    "process_features_model_1_multimer_v3_pred_0": 3.0994415283203125e-06,
    "predict_and_compile_model_1_multimer_v3_pred_0": 213.47463083267212,
    "relax_model_1_multimer_v3_pred_0": 20.5164315700531,
    "process_features_model_1_multimer_v3_pred_1": 2.6226043701171875e-06,
    "predict_and_compile_model_1_multimer_v3_pred_1": 71.72800135612488,
    "relax_model_1_multimer_v3_pred_1": 17.89491105079651,
    "process_features_model_1_multimer_v3_pred_2": 2.6226043701171875e-06,
    "predict_and_compile_model_1_multimer_v3_pred_2": 125.4489426612854,
    "relax_model_1_multimer_v3_pred_2": 18.594127893447876,
    "process_features_model_1_multimer_v3_pred_3": 2.86102294921875e-06,
    "predict_and_compile_model_1_multimer_v3_pred_3": 77.83173060417175,
    "relax_model_1_multimer_v3_pred_3": 18.61142659187317,
    "process_features_model_1_multimer_v3_pred_4": 2.86102294921875e-06,
    "predict_and_compile_model_1_multimer_v3_pred_4": 84.28205490112305,
    "relax_model_1_multimer_v3_pred_4": 18.48892593383789,
    "process_features_model_2_multimer_v3_pred_0": 3.337860107421875e-06,
    "predict_and_compile_model_2_multimer_v3_pred_0": 241.04659485816956,
    "relax_model_2_multimer_v3_pred_0": 18.35252618789673,
    "process_features_model_2_multimer_v3_pred_1": 2.384185791015625e-06,
    "predict_and_compile_model_2_multimer_v3_pred_1": 48.08218836784363,
    "relax_model_2_multimer_v3_pred_1": 25.295304775238037,
    "process_features_model_2_multimer_v3_pred_2": 2.6226043701171875e-06,
    "predict_and_compile_model_2_multimer_v3_pred_2": 42.04501271247864,
    "relax_model_2_multimer_v3_pred_2": 25.306955814361572,
    "process_features_model_2_multimer_v3_pred_3": 2.384185791015625e-06,
    "predict_and_compile_model_2_multimer_v3_pred_3": 54.01870083808899,
    "relax_model_2_multimer_v3_pred_3": 25.643200635910034,
    "process_features_model_2_multimer_v3_pred_4": 2.384185791015625e-06,
    "predict_and_compile_model_2_multimer_v3_pred_4": 41.99453926086426,
    "relax_model_2_multimer_v3_pred_4": 18.52844214439392,
    "process_features_model_3_multimer_v3_pred_0": 2.384185791015625e-06,
    "predict_and_compile_model_3_multimer_v3_pred_0": 164.868017911911,
    "relax_model_3_multimer_v3_pred_0": 18.82494807243347,
    "process_features_model_3_multimer_v3_pred_1": 2.384185791015625e-06,
    "predict_and_compile_model_3_multimer_v3_pred_1": 47.97399878501892,
    "relax_model_3_multimer_v3_pred_1": 18.720414638519287,
    "process_features_model_3_multimer_v3_pred_2": 2.86102294921875e-06,
    "predict_and_compile_model_3_multimer_v3_pred_2": 42.07001852989197,
    "relax_model_3_multimer_v3_pred_2": 19.26880431175232,
    "process_features_model_3_multimer_v3_pred_3": 3.337860107421875e-06,
    "predict_and_compile_model_3_multimer_v3_pred_3": 47.94969844818115,
    "relax_model_3_multimer_v3_pred_3": 18.362862825393677,
    "process_features_model_3_multimer_v3_pred_4": 2.384185791015625e-06,
    "predict_and_compile_model_3_multimer_v3_pred_4": 59.94316077232361,
    "relax_model_3_multimer_v3_pred_4": 18.19636058807373,
    "process_features_model_4_multimer_v3_pred_0": 2.6226043701171875e-06,
    "predict_and_compile_model_4_multimer_v3_pred_0": 208.045743227005,
    "relax_model_4_multimer_v3_pred_0": 18.363429069519043,
    "process_features_model_4_multimer_v3_pred_1": 2.86102294921875e-06,
    "predict_and_compile_model_4_multimer_v3_pred_1": 64.16843104362488,
    "relax_model_4_multimer_v3_pred_1": 19.498512983322144,
    "process_features_model_4_multimer_v3_pred_2": 2.384185791015625e-06,
    "predict_and_compile_model_4_multimer_v3_pred_2": 75.71338701248169,
    "relax_model_4_multimer_v3_pred_2": 18.624954223632812,
    "process_features_model_4_multimer_v3_pred_3": 2.6226043701171875e-06,
    "predict_and_compile_model_4_multimer_v3_pred_3": 64.76283860206604,
    "relax_model_4_multimer_v3_pred_3": 18.829343795776367,
    "process_features_model_4_multimer_v3_pred_4": 2.6226043701171875e-06,
    "predict_and_compile_model_4_multimer_v3_pred_4": 104.85825324058533,
    "relax_model_4_multimer_v3_pred_4": 19.26520848274231,
    "process_features_model_5_multimer_v3_pred_0": 2.6226043701171875e-06,
    "predict_and_compile_model_5_multimer_v3_pred_0": 227.7070140838623,
    "relax_model_5_multimer_v3_pred_0": 19.106308221817017,
    "process_features_model_5_multimer_v3_pred_1": 2.1457672119140625e-06,
    "predict_and_compile_model_5_multimer_v3_pred_1": 69.93552160263062,
    "relax_model_5_multimer_v3_pred_1": 18.203737258911133,
    "process_features_model_5_multimer_v3_pred_2": 2.384185791015625e-06,
    "predict_and_compile_model_5_multimer_v3_pred_2": 122.03113555908203,
    "relax_model_5_multimer_v3_pred_2": 19.06024932861328,
    "process_features_model_5_multimer_v3_pred_3": 2.86102294921875e-06,
    "predict_and_compile_model_5_multimer_v3_pred_3": 122.0674045085907,
    "relax_model_5_multimer_v3_pred_3": 19.384582996368408,
    "process_features_model_5_multimer_v3_pred_4": 2.6226043701171875e-06,
    "predict_and_compile_model_5_multimer_v3_pred_4": 98.91993927955627,
    "relax_model_5_multimer_v3_pred_4": 22.093341588974
}