seed,sample,ranking_score
1,0,0.5253613853798379
1,1,0.6211822850125301
1,2,0.5126876941280085
1,3,0.6346678847483262
1,4,0.6282425517516899
