seed,sample,ranking_score
1,0,0.5083089230259401
1,1,0.5737696916279666
1,2,0.5383306274560407
1,3,0.5443685508715669
1,4,0.574244452613866
