{
    "features": 0.04156756401062012,
    "process_features_model_1_multimer_v3_pred_0": 2.384185791015625e-06,
    "predict_and_compile_model_1_multimer_v3_pred_0": 122.4117271900177,
    "predict_benchmark_model_1_multimer_v3_pred_0": 40.559821128845215,
    "process_features_model_2_multimer_v3_pred_0": 2.6226043701171875e-05,
    "predict_and_compile_model_2_multimer_v3_pred_0": 152.44870281219482,
    "predict_benchmark_model_2_multimer_v3_pred_0": 70.78486394882202,
    "process_features_model_3_multimer_v3_pred_0": 2.4080276489257812e-05,
    "predict_and_compile_model_3_multimer_v3_pred_0": 114.30565905570984,
    "predict_benchmark_model_3_multimer_v3_pred_0": 30.479799509048462,
    "process_features_model_4_multimer_v3_pred_0": 2.6941299438476562e-05,
    "predict_and_compile_model_4_multimer_v3_pred_0": 191.27264952659607,
    "predict_benchmark_model_4_multimer_v3_pred_0": 102.4918384552002,
    "process_features_model_5_multimer_v3_pred_0": 2.4557113647460938e-05,
    "predict_and_compile_model_5_multimer_v3_pred_0": 125.6322569847107,
    "predict_benchmark_model_5_multimer_v3_pred_0": 39.13429403305054
}