seed,sample,ranking_score
1,0,0.5444415031700139
1,1,0.5568094046797912
1,2,0.5646689935599093
1,3,0.5378393774540797
1,4,0.5418041497263795
