seed,sample,ranking_score
1,0,0.5697978486386589
1,1,0.6338147552423119
1,2,0.5769519131650351
1,3,0.6103948213729422
1,4,0.6343962782872636
