seed,sample,ranking_score
1,0,0.7922343199708486
1,1,0.7900302941288648
1,2,0.7742501762168589
1,3,0.7896401048386856
1,4,0.7967692088875773
