seed,sample,ranking_score
1,0,0.5388807966091977
1,1,0.5354678608465321
1,2,0.5387670566393615
1,3,0.540609282632579
1,4,0.5142586251604353
