seed,sample,ranking_score
1,0,0.6328204331076559
1,1,0.6063857341191249
1,2,0.6219098734796416
1,3,0.6549404643291044
1,4,0.6032283788540572
