seed,sample,ranking_score
1,0,0.30790160280657425
1,1,0.31309322193558964
1,2,0.3182904724884617
1,3,0.3063653460022143
1,4,0.29969340944244327
