seed,sample,ranking_score
1,0,0.7713653157238218
1,1,0.7659558501573437
1,2,0.7557573958587447
1,3,0.7668572859557631
1,4,0.7780637892273957
