seed,sample,ranking_score
1,0,0.41770567665424985
1,1,0.4185517153675872
1,2,0.4202434529778293
1,3,0.4725324282223745
1,4,0.39754812895414854
