{
    "features": 0.273176908493042,
    "process_features_model_1_multimer_v3_pred_0": 4.5299530029296875e-06,
    "predict_and_compile_model_1_multimer_v3_pred_0": 686.215577840805,
    "predict_benchmark_model_1_multimer_v3_pred_0": 570.9359900951385,
    "process_features_model_2_multimer_v3_pred_0": 3.337860107421875e-06,
    "predict_and_compile_model_2_multimer_v3_pred_0": 678.3302531242371,
    "predict_benchmark_model_2_multimer_v3_pred_0": 570.9486474990845,
    "process_features_model_3_multimer_v3_pred_0": 4.0531158447265625e-06,
    "predict_and_compile_model_3_multimer_v3_pred_0": 679.1126551628113,
    "predict_benchmark_model_3_multimer_v3_pred_0": 570.1143555641174,
    "process_features_model_4_multimer_v3_pred_0": 3.814697265625e-06,
    "predict_and_compile_model_4_multimer_v3_pred_0": 671.5158948898315,
    "predict_benchmark_model_4_multimer_v3_pred_0": 558.112832069397,
    "process_features_model_5_multimer_v3_pred_0": 5.4836273193359375e-06,
    "predict_and_compile_model_5_multimer_v3_pred_0": 669.2294647693634,
    "predict_benchmark_model_5_multimer_v3_pred_0": 557.4754526615143
}