seed,sample,ranking_score
1,0,0.47784092028552144
1,1,0.47960394384714305
1,2,0.47852862703158794
1,3,0.4642179469852701
1,4,0.4897787018525956
