seed,sample,ranking_score
1,0,0.7223401140228027
1,1,0.7496882771691707
1,2,0.7415712483706077
1,3,0.73814739755109
1,4,0.7424831733149674
