{
    "features": 0.1959514617919922,
    "process_features_model_1_multimer_v3_pred_0": 3.0994415283203125e-06,
    "predict_and_compile_model_1_multimer_v3_pred_0": 116.73903036117554,
    "predict_benchmark_model_1_multimer_v3_pred_0": 35.726295471191406,
    "process_features_model_2_multimer_v3_pred_0": 1.1920928955078125e-05,
    "predict_and_compile_model_2_multimer_v3_pred_0": 115.01535487174988,
    "predict_benchmark_model_2_multimer_v3_pred_0": 31.284233570098877,
    "process_features_model_3_multimer_v3_pred_0": 1.239776611328125e-05,
    "predict_and_compile_model_3_multimer_v3_pred_0": 177.65731287002563,
    "predict_benchmark_model_3_multimer_v3_pred_0": 93.277348279953,
    "process_features_model_4_multimer_v3_pred_0": 9.059906005859375e-06,
    "predict_and_compile_model_4_multimer_v3_pred_0": 174.33005237579346,
    "predict_benchmark_model_4_multimer_v3_pred_0": 91.05694317817688,
    "process_features_model_5_multimer_v3_pred_0": 4.76837158203125e-06,
    "predict_and_compile_model_5_multimer_v3_pred_0": 176.77228045463562,
    "predict_benchmark_model_5_multimer_v3_pred_0": 90.9519031047821
}