seed,sample,ranking_score
1,0,0.775892426425073
1,1,0.7447716068078646
1,2,0.7531497219282376
1,3,0.7517140530080806
1,4,0.7546602234981178
