seed,sample,ranking_score
1,0,0.897302605199292
1,1,0.8888806332350409
1,2,0.886984126239254
1,3,0.8849859235201529
1,4,0.893458022688723
