seed,sample,ranking_score
1,0,0.5344581482020165
1,1,0.5155338167077175
1,2,0.5223996545489711
1,3,0.54773582005384
1,4,0.5211819775730631
