seed,sample,ranking_score
1,0,0.7779162331017725
1,1,0.7909517554632213
1,2,0.8099325131348973
1,3,0.7879078665498589
1,4,0.7735007079201631
