seed,sample,ranking_score
1,0,0.7291192236377063
1,1,0.7219407319192279
1,2,0.7311247222426429
1,3,0.7072610677846132
1,4,0.7370892726102879
