{
    "features": 0.05612063407897949,
    "process_features_model_1_multimer_v3_pred_0": 3.337860107421875e-06,
    "predict_and_compile_model_1_multimer_v3_pred_0": 107.50221347808838,
    "predict_benchmark_model_1_multimer_v3_pred_0": 25.351629972457886,
    "process_features_model_2_multimer_v3_pred_0": 1.52587890625e-05,
    "predict_and_compile_model_2_multimer_v3_pred_0": 102.03514266014099,
    "predict_benchmark_model_2_multimer_v3_pred_0": 21.147246837615967,
    "process_features_model_3_multimer_v3_pred_0": 2.5272369384765625e-05,
    "predict_and_compile_model_3_multimer_v3_pred_0": 105.7104880809784,
    "predict_benchmark_model_3_multimer_v3_pred_0": 21.091716527938843,
    "process_features_model_4_multimer_v3_pred_0": 2.4318695068359375e-05,
    "predict_and_compile_model_4_multimer_v3_pred_0": 109.92503595352173,
    "predict_benchmark_model_4_multimer_v3_pred_0": 24.78467607498169,
    "process_features_model_5_multimer_v3_pred_0": 1.5735626220703125e-05,
    "predict_and_compile_model_5_multimer_v3_pred_0": 116.19768261909485,
    "predict_benchmark_model_5_multimer_v3_pred_0": 32.99614930152893
}