seed,sample,ranking_score
5,0,0.8710029794756466
5,1,0.8676822738449732
5,2,0.867123109821524
5,3,0.8783371303015814
5,4,0.8730388712835353
