{
    "iptm+ptm": {
        "model_1_multimer_v3_pred_0": 0.7879436344417077,
        "model_1_multimer_v3_pred_1": 0.7860056899683731,
        "model_1_multimer_v3_pred_2": 0.8017951695097074,
        "model_1_multimer_v3_pred_3": 0.7912950155733638,
        "model_1_multimer_v3_pred_4": 0.7821633454813343,
        "model_2_multimer_v3_pred_0": 0.7710466769835636,
        "model_2_multimer_v3_pred_1": 0.8189263054412182,
        "model_2_multimer_v3_pred_2": 0.7934593343692146,
        "model_2_multimer_v3_pred_3": 0.802575168989438,
        "model_2_multimer_v3_pred_4": 0.8158919785357778,
        "model_3_multimer_v3_pred_0": 0.7915878935573375,
        "model_3_multimer_v3_pred_1": 0.7988366655184473,
        "model_3_multimer_v3_pred_2": 0.8038052239912841,
        "model_3_multimer_v3_pred_3": 0.7926798810972625,
        "model_3_multimer_v3_pred_4": 0.8099115840484908,
        "model_4_multimer_v3_pred_0": 0.7784545735444293,
        "model_4_multimer_v3_pred_1": 0.7895197401053298,
        "model_4_multimer_v3_pred_2": 0.7810099767673164,
        "model_4_multimer_v3_pred_3": 0.7774079245532951,
        "model_4_multimer_v3_pred_4": 0.7781760097234961,
        "model_5_multimer_v3_pred_0": 0.80321175675459,
        "model_5_multimer_v3_pred_1": 0.795519449047541,
        "model_5_multimer_v3_pred_2": 0.7934349392753788,
        "model_5_multimer_v3_pred_3": 0.7887613712333684,
        "model_5_multimer_v3_pred_4": 0.7996981805782317
    },
    "order": [
        "model_2_multimer_v3_pred_1",
        "model_2_multimer_v3_pred_4",
        "model_3_multimer_v3_pred_4",
        "model_3_multimer_v3_pred_2",
        "model_5_multimer_v3_pred_0",
        "model_2_multimer_v3_pred_3",
        "model_1_multimer_v3_pred_2",
        "model_5_multimer_v3_pred_4",
        "model_3_multimer_v3_pred_1",
        "model_5_multimer_v3_pred_1",
        "model_2_multimer_v3_pred_2",
        "model_5_multimer_v3_pred_2",
        "model_3_multimer_v3_pred_3",
        "model_3_multimer_v3_pred_0",
        "model_1_multimer_v3_pred_3",
        "model_4_multimer_v3_pred_1",
        "model_5_multimer_v3_pred_3",
        "model_1_multimer_v3_pred_0",
        "model_1_multimer_v3_pred_1",
        "model_1_multimer_v3_pred_4",
        "model_4_multimer_v3_pred_2",
        "model_4_multimer_v3_pred_0",
        "model_4_multimer_v3_pred_4",
        "model_4_multimer_v3_pred_3",
        "model_2_multimer_v3_pred_0"
    ]
}