seed,sample,ranking_score
1,0,0.8302673950527075
1,1,0.8392183034167435
1,2,0.853671594893612
1,3,0.8388152249378493
1,4,0.8433049852171108
