seed,sample,ranking_score
1,0,0.5310740058767888
1,1,0.5327324671031097
1,2,0.52411642821904
1,3,0.4340741104060649
1,4,0.5398567971022505
