seed,sample,ranking_score
1,0,0.5873384857593037
1,1,0.5924450819061455
1,2,0.562944200334724
1,3,0.5632477658463709
1,4,0.5552907135050327
