{
    "features": 0.008036375045776367,
    "process_features_model_1_multimer_v3_pred_0": 3.5762786865234375e-06,
    "predict_and_compile_model_1_multimer_v3_pred_0": 244.63686680793762,
    "relax_model_1_multimer_v3_pred_0": 23.281843662261963,
    "process_features_model_1_multimer_v3_pred_1": 2.6226043701171875e-06,
    "predict_and_compile_model_1_multimer_v3_pred_1": 67.44007158279419,
    "relax_model_1_multimer_v3_pred_1": 18.73976993560791,
    "process_features_model_1_multimer_v3_pred_2": 2.86102294921875e-06,
    "predict_and_compile_model_1_multimer_v3_pred_2": 79.90538573265076,
    "relax_model_1_multimer_v3_pred_2": 19.297537326812744,
    "process_features_model_1_multimer_v3_pred_3": 1.3113021850585938e-05,
    "predict_and_compile_model_1_multimer_v3_pred_3": 128.18267560005188,
    "relax_model_1_multimer_v3_pred_3": 19.33499526977539,
    "process_features_model_1_multimer_v3_pred_4": 2.6226043701171875e-06,
    "predict_and_compile_model_1_multimer_v3_pred_4": 127.94613218307495,
    "relax_model_1_multimer_v3_pred_4": 21.058499097824097,
    "process_features_model_2_multimer_v3_pred_0": 3.0994415283203125e-06,
    "predict_and_compile_model_2_multimer_v3_pred_0": 150.72185707092285,
    "relax_model_2_multimer_v3_pred_0": 19.714271783828735,
    "process_features_model_2_multimer_v3_pred_1": 3.337860107421875e-06,
    "predict_and_compile_model_2_multimer_v3_pred_1": 24.717775106430054,
    "relax_model_2_multimer_v3_pred_1": 18.628807306289673,
    "process_features_model_2_multimer_v3_pred_2": 3.0994415283203125e-06,
    "predict_and_compile_model_2_multimer_v3_pred_2": 31.183314323425293,
    "relax_model_2_multimer_v3_pred_2": 21.19556736946106,
    "process_features_model_2_multimer_v3_pred_3": 2.86102294921875e-06,
    "predict_and_compile_model_2_multimer_v3_pred_3": 61.21210694313049,
    "relax_model_2_multimer_v3_pred_3": 19.28093409538269,
    "process_features_model_2_multimer_v3_pred_4": 3.814697265625e-06,
    "predict_and_compile_model_2_multimer_v3_pred_4": 30.818304538726807,
    "relax_model_2_multimer_v3_pred_4": 19.933979749679565,
    "process_features_model_3_multimer_v3_pred_0": 3.5762786865234375e-06,
    "predict_and_compile_model_3_multimer_v3_pred_0": 152.61040949821472,
    "relax_model_3_multimer_v3_pred_0": 18.329574584960938,
    "process_features_model_3_multimer_v3_pred_1": 3.337860107421875e-06,
    "predict_and_compile_model_3_multimer_v3_pred_1": 43.77770256996155,
    "relax_model_3_multimer_v3_pred_1": 20.283586978912354,
    "process_features_model_3_multimer_v3_pred_2": 3.0994415283203125e-06,
    "predict_and_compile_model_3_multimer_v3_pred_2": 36.9516875743866,
    "relax_model_3_multimer_v3_pred_2": 18.196019887924194,
    "process_features_model_3_multimer_v3_pred_3": 2.86102294921875e-06,
    "predict_and_compile_model_3_multimer_v3_pred_3": 30.828123807907104,
    "relax_model_3_multimer_v3_pred_3": 19.252690076828003,
    "process_features_model_3_multimer_v3_pred_4": 2.86102294921875e-06,
    "predict_and_compile_model_3_multimer_v3_pred_4": 43.022234201431274,
    "relax_model_3_multimer_v3_pred_4": 34.120534896850586,
    "process_features_model_4_multimer_v3_pred_0": 3.337860107421875e-06,
    "predict_and_compile_model_4_multimer_v3_pred_0": 144.9716362953186,
    "relax_model_4_multimer_v3_pred_0": 18.370699882507324,
    "process_features_model_4_multimer_v3_pred_1": 3.0994415283203125e-06,
    "predict_and_compile_model_4_multimer_v3_pred_1": 29.821741342544556,
    "relax_model_4_multimer_v3_pred_1": 18.2812340259552,
    "process_features_model_4_multimer_v3_pred_2": 2.86102294921875e-06,
    "predict_and_compile_model_4_multimer_v3_pred_2": 23.930084466934204,
    "relax_model_4_multimer_v3_pred_2": 20.075690507888794,
    "process_features_model_4_multimer_v3_pred_3": 3.0994415283203125e-06,
    "predict_and_compile_model_4_multimer_v3_pred_3": 29.775640726089478,
    "relax_model_4_multimer_v3_pred_3": 19.122536182403564,
    "process_features_model_4_multimer_v3_pred_4": 4.291534423828125e-06,
    "predict_and_compile_model_4_multimer_v3_pred_4": 30.29430055618286,
    "relax_model_4_multimer_v3_pred_4": 18.63003921508789,
    "process_features_model_5_multimer_v3_pred_0": 2.6226043701171875e-06,
    "predict_and_compile_model_5_multimer_v3_pred_0": 145.96588587760925,
    "relax_model_5_multimer_v3_pred_0": 19.479356050491333,
    "process_features_model_5_multimer_v3_pred_1": 3.337860107421875e-06,
    "predict_and_compile_model_5_multimer_v3_pred_1": 29.806278228759766,
    "relax_model_5_multimer_v3_pred_1": 19.06415057182312,
    "process_features_model_5_multimer_v3_pred_2": 2.86102294921875e-06,
    "predict_and_compile_model_5_multimer_v3_pred_2": 23.90253520011902,
    "relax_model_5_multimer_v3_pred_2": 18.094840049743652,
    "process_features_model_5_multimer_v3_pred_3": 3.0994415283203125e-06,
    "predict_and_compile_model_5_multimer_v3_pred_3": 35.605470180511475,
    "relax_model_5_multimer_v3_pred_3": 19.11643099784851,
    "process_features_model_5_multimer_v3_pred_4": 3.0994415283203125e-06,
    "predict_and_compile_model_5_multimer_v3_pred_4": 29.825507402420044,
    "relax_model_5_multimer_v3_pred_4": 18.306398153305054
}