{
    "features": 0.017639636993408203,
    "process_features_model_1_multimer_v3_pred_0": 3.337860107421875e-06,
    "predict_and_compile_model_1_multimer_v3_pred_0": 189.18273091316223,
    "predict_benchmark_model_1_multimer_v3_pred_0": 104.17570424079895,
    "process_features_model_2_multimer_v3_pred_0": 4.124641418457031e-05,
    "predict_and_compile_model_2_multimer_v3_pred_0": 119.92985773086548,
    "predict_benchmark_model_2_multimer_v3_pred_0": 34.92098116874695,
    "process_features_model_3_multimer_v3_pred_0": 1.2636184692382812e-05,
    "predict_and_compile_model_3_multimer_v3_pred_0": 109.00072026252747,
    "predict_benchmark_model_3_multimer_v3_pred_0": 24.97193169593811,
    "process_features_model_4_multimer_v3_pred_0": 9.5367431640625e-06,
    "predict_and_compile_model_4_multimer_v3_pred_0": 126.91164040565491,
    "predict_benchmark_model_4_multimer_v3_pred_0": 39.0026581287384,
    "process_features_model_5_multimer_v3_pred_0": 2.0742416381835938e-05,
    "predict_and_compile_model_5_multimer_v3_pred_0": 151.01678705215454,
    "predict_benchmark_model_5_multimer_v3_pred_0": 63.45905685424805
}