seed,sample,ranking_score
3,0,0.9227300394580695
3,1,0.9490686621296393
3,2,0.9578359110024853
3,3,0.9424553326462074
3,4,0.9077427027094104
