seed,sample,ranking_score
1,0,0.918598091905409
1,1,0.9169827187605408
1,2,0.916871790475436
1,3,0.9220481768138669
1,4,0.9183536358072106
