{
    "features": 0.01603245735168457,
    "process_features_model_1_multimer_v3_pred_0": 2.384185791015625e-06,
    "predict_and_compile_model_1_multimer_v3_pred_0": 180.47213983535767,
    "predict_benchmark_model_1_multimer_v3_pred_0": 96.3318817615509,
    "process_features_model_2_multimer_v3_pred_0": 4.887580871582031e-05,
    "predict_and_compile_model_2_multimer_v3_pred_0": 175.69807744026184,
    "predict_benchmark_model_2_multimer_v3_pred_0": 96.27309775352478,
    "process_features_model_3_multimer_v3_pred_0": 1.430511474609375e-05,
    "predict_and_compile_model_3_multimer_v3_pred_0": 177.33790969848633,
    "predict_benchmark_model_3_multimer_v3_pred_0": 96.42232370376587,
    "process_features_model_4_multimer_v3_pred_0": 2.86102294921875e-05,
    "predict_and_compile_model_4_multimer_v3_pred_0": 176.5225532054901,
    "predict_benchmark_model_4_multimer_v3_pred_0": 94.75699734687805,
    "process_features_model_5_multimer_v3_pred_0": 2.6226043701171875e-05,
    "predict_and_compile_model_5_multimer_v3_pred_0": 174.37533354759216,
    "predict_benchmark_model_5_multimer_v3_pred_0": 94.79536151885986
}