seed,sample,ranking_score
1,0,0.33312326677184284
1,1,0.2776395726861607
1,2,0.3400025474185355
1,3,0.33507343748423973
1,4,0.2716597291938906
