seed,sample,ranking_score
1,0,0.6931400504079949
1,1,0.6938720408911813
1,2,0.704289568587962
1,3,0.6919244817919544
1,4,0.7126454812558379
