seed,sample,ranking_score
4,0,0.6916254775952653
4,1,0.7003125988886603
4,2,0.6604657156514038
4,3,0.7128826470972502
4,4,0.6621344065984498
