seed,sample,ranking_score
1,0,0.7033214930306856
1,1,0.7214476894582514
1,2,0.6749528462916748
1,3,0.6871763491697197
1,4,0.6974589862298372
