seed,sample,ranking_score
1,0,0.9260085385385118
1,1,0.9428188394616152
1,2,0.9346737838954527
1,3,0.9458915045980051
1,4,0.9501161857377596
