seed,sample,ranking_score
1,0,0.2977366875329664
1,1,0.362647379813604
1,2,0.36629934913987344
1,3,0.3049853785420385
1,4,0.36489415318638585
