{
    "features": 0.01612567901611328,
    "process_features_model_1_multimer_v3_pred_0": 3.0994415283203125e-06,
    "predict_and_compile_model_1_multimer_v3_pred_0": 107.9808280467987,
    "predict_benchmark_model_1_multimer_v3_pred_0": 25.74237585067749,
    "process_features_model_2_multimer_v3_pred_0": 2.1457672119140625e-05,
    "predict_and_compile_model_2_multimer_v3_pred_0": 100.90864491462708,
    "predict_benchmark_model_2_multimer_v3_pred_0": 17.226459503173828,
    "process_features_model_3_multimer_v3_pred_0": 1.33514404296875e-05,
    "predict_and_compile_model_3_multimer_v3_pred_0": 107.93820023536682,
    "predict_benchmark_model_3_multimer_v3_pred_0": 21.458691358566284,
    "process_features_model_4_multimer_v3_pred_0": 2.6464462280273438e-05,
    "predict_and_compile_model_4_multimer_v3_pred_0": 113.34217405319214,
    "predict_benchmark_model_4_multimer_v3_pred_0": 25.270195960998535,
    "process_features_model_5_multimer_v3_pred_0": 1.2636184692382812e-05,
    "predict_and_compile_model_5_multimer_v3_pred_0": 109.7588119506836,
    "predict_benchmark_model_5_multimer_v3_pred_0": 21.107758045196533
}