seed,sample,ranking_score
1,0,0.524384565231762
1,1,0.5195220855256462
1,2,0.5328844416769108
1,3,0.5134910178820827
1,4,0.5163310627811823
