seed,sample,ranking_score
2,0,0.786380859801012
2,1,0.7880025975643776
2,2,0.7740612405003928
2,3,0.7942857478041883
2,4,0.798528441750727
