seed,sample,ranking_score
1,0,0.3922865876172716
1,1,0.4219813390060905
1,2,0.4069004954220194
1,3,0.3836236993340886
1,4,0.4354718927441159
