seed,sample,ranking_score
1,0,0.26934232077958187
1,1,0.26308497087516713
1,2,0.26462133174482944
1,3,0.28987149083228236
1,4,0.25669999495772267
