seed,sample,ranking_score
1,0,0.785703323266472
1,1,0.7787760091038347
1,2,0.7847617346935246
1,3,0.7862288234930352
1,4,0.7834490998681214
