{
    "features": 0.007500410079956055,
    "process_features_model_1_multimer_v3_pred_0": 4.0531158447265625e-06,
    "predict_and_compile_model_1_multimer_v3_pred_0": 153.89939069747925,
    "relax_model_1_multimer_v3_pred_0": 21.995808124542236,
    "process_features_model_1_multimer_v3_pred_1": 3.0994415283203125e-06,
    "predict_and_compile_model_1_multimer_v3_pred_1": 42.86588430404663,
    "relax_model_1_multimer_v3_pred_1": 18.73877739906311,
    "process_features_model_1_multimer_v3_pred_2": 3.0994415283203125e-06,
    "predict_and_compile_model_1_multimer_v3_pred_2": 66.94423079490662,
    "relax_model_1_multimer_v3_pred_2": 19.01940083503723,
    "process_features_model_1_multimer_v3_pred_3": 2.86102294921875e-06,
    "predict_and_compile_model_1_multimer_v3_pred_3": 48.83094835281372,
    "relax_model_1_multimer_v3_pred_3": 19.337061882019043,
    "process_features_model_1_multimer_v3_pred_4": 2.6226043701171875e-06,
    "predict_and_compile_model_1_multimer_v3_pred_4": 48.78449869155884,
    "relax_model_1_multimer_v3_pred_4": 19.399461030960083,
    "process_features_model_2_multimer_v3_pred_0": 3.0994415283203125e-06,
    "predict_and_compile_model_2_multimer_v3_pred_0": 144.5789771080017,
    "relax_model_2_multimer_v3_pred_0": 19.20596957206726,
    "process_features_model_2_multimer_v3_pred_1": 2.86102294921875e-06,
    "predict_and_compile_model_2_multimer_v3_pred_1": 24.59904646873474,
    "relax_model_2_multimer_v3_pred_1": 18.429012775421143,
    "process_features_model_2_multimer_v3_pred_2": 3.0994415283203125e-06,
    "predict_and_compile_model_2_multimer_v3_pred_2": 36.665756940841675,
    "relax_model_2_multimer_v3_pred_2": 19.52495574951172,
    "process_features_model_2_multimer_v3_pred_3": 2.86102294921875e-06,
    "predict_and_compile_model_2_multimer_v3_pred_3": 30.671671390533447,
    "relax_model_2_multimer_v3_pred_3": 19.676033973693848,
    "process_features_model_2_multimer_v3_pred_4": 3.0994415283203125e-06,
    "predict_and_compile_model_2_multimer_v3_pred_4": 30.64531636238098,
    "relax_model_2_multimer_v3_pred_4": 19.02959179878235,
    "process_features_model_3_multimer_v3_pred_0": 3.337860107421875e-06,
    "predict_and_compile_model_3_multimer_v3_pred_0": 152.74437761306763,
    "relax_model_3_multimer_v3_pred_0": 18.82400369644165,
    "process_features_model_3_multimer_v3_pred_1": 3.0994415283203125e-06,
    "predict_and_compile_model_3_multimer_v3_pred_1": 36.69122338294983,
    "relax_model_3_multimer_v3_pred_1": 18.961755752563477,
    "process_features_model_3_multimer_v3_pred_2": 2.86102294921875e-06,
    "predict_and_compile_model_3_multimer_v3_pred_2": 42.81174635887146,
    "relax_model_3_multimer_v3_pred_2": 18.77104377746582,
    "process_features_model_3_multimer_v3_pred_3": 3.5762786865234375e-06,
    "predict_and_compile_model_3_multimer_v3_pred_3": 36.72945857048035,
    "relax_model_3_multimer_v3_pred_3": 18.974464893341064,
    "process_features_model_3_multimer_v3_pred_4": 2.86102294921875e-06,
    "predict_and_compile_model_3_multimer_v3_pred_4": 30.67169427871704,
    "relax_model_3_multimer_v3_pred_4": 18.469842195510864,
    "process_features_model_4_multimer_v3_pred_0": 2.6226043701171875e-06,
    "predict_and_compile_model_4_multimer_v3_pred_0": 156.07430768013,
    "relax_model_4_multimer_v3_pred_0": 18.852185249328613,
    "process_features_model_4_multimer_v3_pred_1": 3.5762786865234375e-06,
    "predict_and_compile_model_4_multimer_v3_pred_1": 41.412012338638306,
    "relax_model_4_multimer_v3_pred_1": 18.988317251205444,
    "process_features_model_4_multimer_v3_pred_2": 3.0994415283203125e-06,
    "predict_and_compile_model_4_multimer_v3_pred_2": 41.37042546272278,
    "relax_model_4_multimer_v3_pred_2": 18.676703929901123,
    "process_features_model_4_multimer_v3_pred_3": 2.86102294921875e-06,
    "predict_and_compile_model_4_multimer_v3_pred_3": 41.33364701271057,
    "relax_model_4_multimer_v3_pred_3": 18.949217557907104,
    "process_features_model_4_multimer_v3_pred_4": 3.0994415283203125e-06,
    "predict_and_compile_model_4_multimer_v3_pred_4": 35.4510383605957,
    "relax_model_4_multimer_v3_pred_4": 18.61945652961731,
    "process_features_model_5_multimer_v3_pred_0": 2.6226043701171875e-06,
    "predict_and_compile_model_5_multimer_v3_pred_0": 146.43830370903015,
    "relax_model_5_multimer_v3_pred_0": 19.058424711227417,
    "process_features_model_5_multimer_v3_pred_1": 2.6226043701171875e-06,
    "predict_and_compile_model_5_multimer_v3_pred_1": 23.790030241012573,
    "relax_model_5_multimer_v3_pred_1": 18.927358865737915,
    "process_features_model_5_multimer_v3_pred_2": 3.5762786865234375e-06,
    "predict_and_compile_model_5_multimer_v3_pred_2": 29.668551683425903,
    "relax_model_5_multimer_v3_pred_2": 18.552107095718384,
    "process_features_model_5_multimer_v3_pred_3": 3.5762786865234375e-06,
    "predict_and_compile_model_5_multimer_v3_pred_3": 23.748130083084106,
    "relax_model_5_multimer_v3_pred_3": 18.700058221817017,
    "process_features_model_5_multimer_v3_pred_4": 3.0994415283203125e-06,
    "predict_and_compile_model_5_multimer_v3_pred_4": 23.82399892807007,
    "relax_model_5_multimer_v3_pred_4": 18.610000371932983
}