{
    "features": 0.012635231018066406,
    "process_features_model_1_multimer_v3_pred_0": 3.5762786865234375e-06,
    "predict_and_compile_model_1_multimer_v3_pred_0": 632.8101499080658,
    "relax_model_1_multimer_v3_pred_0": 56.00079870223999,
    "process_features_model_1_multimer_v3_pred_1": 3.0994415283203125e-06,
    "predict_and_compile_model_1_multimer_v3_pred_1": 292.6839692592621,
    "relax_model_1_multimer_v3_pred_1": 53.205214977264404,
    "process_features_model_1_multimer_v3_pred_2": 2.384185791015625e-06,
    "predict_and_compile_model_1_multimer_v3_pred_2": 509.22177839279175,
    "relax_model_1_multimer_v3_pred_2": 51.87908697128296,
    "process_features_model_1_multimer_v3_pred_3": 2.86102294921875e-06,
    "predict_and_compile_model_1_multimer_v3_pred_3": 510.3497848510742,
    "relax_model_1_multimer_v3_pred_3": 54.43958878517151,
    "process_features_model_1_multimer_v3_pred_4": 2.384185791015625e-06,
    "predict_and_compile_model_1_multimer_v3_pred_4": 509.14848279953003,
    "relax_model_1_multimer_v3_pred_4": 52.95244598388672,
    "process_features_model_2_multimer_v3_pred_0": 2.384185791015625e-06,
    "predict_and_compile_model_2_multimer_v3_pred_0": 479.3231909275055,
    "relax_model_2_multimer_v3_pred_0": 78.8891088962555,
    "process_features_model_2_multimer_v3_pred_1": 3.5762786865234375e-06,
    "predict_and_compile_model_2_multimer_v3_pred_1": 412.9382104873657,
    "relax_model_2_multimer_v3_pred_1": 58.95019841194153,
    "process_features_model_2_multimer_v3_pred_2": 2.6226043701171875e-06,
    "predict_and_compile_model_2_multimer_v3_pred_2": 509.63412714004517,
    "relax_model_2_multimer_v3_pred_2": 54.711568117141724,
    "process_features_model_2_multimer_v3_pred_3": 2.86102294921875e-06,
    "predict_and_compile_model_2_multimer_v3_pred_3": 509.5147514343262,
    "relax_model_2_multimer_v3_pred_3": 74.74900364875793,
    "process_features_model_2_multimer_v3_pred_4": 2.384185791015625e-06,
    "predict_and_compile_model_2_multimer_v3_pred_4": 510.4495873451233,
    "relax_model_2_multimer_v3_pred_4": 53.79891490936279,
    "process_features_model_3_multimer_v3_pred_0": 2.86102294921875e-06,
    "predict_and_compile_model_3_multimer_v3_pred_0": 455.9050452709198,
    "relax_model_3_multimer_v3_pred_0": 54.14702081680298,
    "process_features_model_3_multimer_v3_pred_1": 2.384185791015625e-06,
    "predict_and_compile_model_3_multimer_v3_pred_1": 340.3797450065613,
    "relax_model_3_multimer_v3_pred_1": 55.55476713180542,
    "process_features_model_3_multimer_v3_pred_2": 2.1457672119140625e-06,
    "predict_and_compile_model_3_multimer_v3_pred_2": 413.3747127056122,
    "relax_model_3_multimer_v3_pred_2": 56.41207981109619,
    "process_features_model_3_multimer_v3_pred_3": 3.337860107421875e-06,
    "predict_and_compile_model_3_multimer_v3_pred_3": 316.0770981311798,
    "relax_model_3_multimer_v3_pred_3": 53.36781120300293,
    "process_features_model_3_multimer_v3_pred_4": 2.6226043701171875e-06,
    "predict_and_compile_model_3_multimer_v3_pred_4": 195.16712474822998,
    "relax_model_3_multimer_v3_pred_4": 53.37823677062988,
    "process_features_model_4_multimer_v3_pred_0": 2.6226043701171875e-06,
    "predict_and_compile_model_4_multimer_v3_pred_0": 615.4430692195892,
    "relax_model_4_multimer_v3_pred_0": 53.53897762298584,
    "process_features_model_4_multimer_v3_pred_1": 2.6226043701171875e-06,
    "predict_and_compile_model_4_multimer_v3_pred_1": 503.31442070007324,
    "relax_model_4_multimer_v3_pred_1": 56.422860622406006,
    "process_features_model_4_multimer_v3_pred_2": 2.86102294921875e-06,
    "predict_and_compile_model_4_multimer_v3_pred_2": 503.03259015083313,
    "relax_model_4_multimer_v3_pred_2": 57.869452238082886,
    "process_features_model_4_multimer_v3_pred_3": 2.6226043701171875e-06,
    "predict_and_compile_model_4_multimer_v3_pred_3": 503.3775384426117,
    "relax_model_4_multimer_v3_pred_3": 57.41125416755676,
    "process_features_model_4_multimer_v3_pred_4": 2.384185791015625e-06,
    "predict_and_compile_model_4_multimer_v3_pred_4": 502.6391062736511,
    "relax_model_4_multimer_v3_pred_4": 55.06362771987915,
    "process_features_model_5_multimer_v3_pred_0": 2.384185791015625e-06,
    "predict_and_compile_model_5_multimer_v3_pred_0": 446.5364496707916,
    "relax_model_5_multimer_v3_pred_0": 54.46102833747864,
    "process_features_model_5_multimer_v3_pred_1": 2.6226043701171875e-06,
    "predict_and_compile_model_5_multimer_v3_pred_1": 288.39599871635437,
    "relax_model_5_multimer_v3_pred_1": 54.40751910209656,
    "process_features_model_5_multimer_v3_pred_2": 2.6226043701171875e-06,
    "predict_and_compile_model_5_multimer_v3_pred_2": 312.2939476966858,
    "relax_model_5_multimer_v3_pred_2": 53.58116888999939,
    "process_features_model_5_multimer_v3_pred_3": 2.6226043701171875e-06,
    "predict_and_compile_model_5_multimer_v3_pred_3": 264.62637662887573,
    "relax_model_5_multimer_v3_pred_3": 54.834557056427,
    "process_features_model_5_multimer_v3_pred_4": 2.86102294921875e-06,
    "predict_and_compile_model_5_multimer_v3_pred_4": 359.95741748809814,
    "relax_model_5_multimer_v3_pred_4": 51.12803840637207
}