seed,sample,ranking_score
3,0,0.794942197655019
3,1,0.8005160554653941
3,2,0.8038918416283773
3,3,0.7926181736739623
3,4,0.7925935285988217
