seed,sample,ranking_score
1,0,0.6714224518338244
1,1,0.6861351391570665
1,2,0.6528413780044536
1,3,0.6793990495144484
1,4,0.6981658011739574
