seed,sample,ranking_score
1,0,0.5210673283377054
1,1,0.5132476456471656
1,2,0.5034059959321288
1,3,0.47360966080835293
1,4,0.5346558107045577
