seed,sample,ranking_score
1,0,0.8453596501584835
1,1,0.8775117666440418
1,2,0.8741993574262589
1,3,0.8956865862094272
1,4,0.8718101714049772
