seed,sample,ranking_score
1,0,0.572971001104664
1,1,0.5901678224026835
1,2,0.5928353114702516
1,3,0.603274869439038
1,4,0.5975462557667297
