seed,sample,ranking_score
1,0,0.6990091847901068
1,1,0.6983794848006171
1,2,0.7048226066122958
1,3,0.7083558501491614
1,4,0.7263779269540627
