{
    "features": 0.028263092041015625,
    "process_features_model_1_multimer_v3_pred_0": 3.5762786865234375e-06,
    "predict_and_compile_model_1_multimer_v3_pred_0": 189.27202248573303,
    "predict_benchmark_model_1_multimer_v3_pred_0": 112.04902935028076,
    "process_features_model_2_multimer_v3_pred_0": 1.4781951904296875e-05,
    "predict_and_compile_model_2_multimer_v3_pred_0": 187.73895478248596,
    "predict_benchmark_model_2_multimer_v3_pred_0": 111.90721917152405,
    "process_features_model_3_multimer_v3_pred_0": 1.7881393432617188e-05,
    "predict_and_compile_model_3_multimer_v3_pred_0": 149.30322813987732,
    "predict_benchmark_model_3_multimer_v3_pred_0": 74.59575772285461,
    "process_features_model_4_multimer_v3_pred_0": 2.0503997802734375e-05,
    "predict_and_compile_model_4_multimer_v3_pred_0": 183.68362832069397,
    "predict_benchmark_model_4_multimer_v3_pred_0": 109.67799282073975,
    "process_features_model_5_multimer_v3_pred_0": 2.6941299438476562e-05,
    "predict_and_compile_model_5_multimer_v3_pred_0": 183.6556112766266,
    "predict_benchmark_model_5_multimer_v3_pred_0": 110.12486743927002
}