seed,sample,ranking_score
1,0,0.47806515080943746
1,1,0.5049344471587546
1,2,0.3254181911987286
1,3,0.5084916705061956
1,4,0.47463153731083596
