seed,sample,ranking_score
4,0,0.8817617754174361
4,1,0.9035253481971637
4,2,0.8657384888153303
4,3,0.871173373840137
4,4,0.8581211079361053
