seed,sample,ranking_score
1,0,0.890879563905769
1,1,0.8890803977194015
1,2,0.8912421280622743
1,3,0.8997123288075181
1,4,0.8872734289989861
