seed,sample,ranking_score
1,0,0.5525476900965018
1,1,0.5251388680184622
1,2,0.5386039154978806
1,3,0.5605909632981246
1,4,0.5377496728621509
