seed,sample,ranking_score
1,0,0.7833129980563196
1,1,0.7859362903315763
1,2,0.7802756079316797
1,3,0.7846028347903672
1,4,0.7825682639027232
