seed,sample,ranking_score
1,0,0.9016448915712237
1,1,0.9006814461929551
1,2,0.9094177580371178
1,3,0.9044099688011481
1,4,0.9006637160893265
