seed,sample,ranking_score
1,0,0.6774634038650801
1,1,0.6457153334149797
1,2,0.6984925490823153
1,3,0.6578977411173498
1,4,0.6674350623788682
