{
    "iptm+ptm": {
        "model_1_multimer_v3_pred_0": 0.8819366186515478,
        "model_1_multimer_v3_pred_1": 0.884416610598673,
        "model_1_multimer_v3_pred_2": 0.8821058941718282,
        "model_1_multimer_v3_pred_3": 0.882842167598398,
        "model_1_multimer_v3_pred_4": 0.8807903383912158,
        "model_2_multimer_v3_pred_0": 0.8868478566413743,
        "model_2_multimer_v3_pred_1": 0.8861074473106207,
        "model_2_multimer_v3_pred_2": 0.8855176763953646,
        "model_2_multimer_v3_pred_3": 0.8850517030225897,
        "model_2_multimer_v3_pred_4": 0.8846265306953999,
        "model_3_multimer_v3_pred_0": 0.8815726258063363,
        "model_3_multimer_v3_pred_1": 0.8840431529020313,
        "model_3_multimer_v3_pred_2": 0.8829884839147044,
        "model_3_multimer_v3_pred_3": 0.8832800419627341,
        "model_3_multimer_v3_pred_4": 0.8800103517431719,
        "model_4_multimer_v3_pred_0": 0.8901711879149807,
        "model_4_multimer_v3_pred_1": 0.8890785102947817,
        "model_4_multimer_v3_pred_2": 0.889406244067963,
        "model_4_multimer_v3_pred_3": 0.8879125939725134,
        "model_4_multimer_v3_pred_4": 0.8888438464514189,
        "model_5_multimer_v3_pred_0": 0.8875127832617803,
        "model_5_multimer_v3_pred_1": 0.8871768080526331,
        "model_5_multimer_v3_pred_2": 0.8879957784812766,
        "model_5_multimer_v3_pred_3": 0.8882430522202626,
        "model_5_multimer_v3_pred_4": 0.8877333519391809
    },
    "order": [
        "model_4_multimer_v3_pred_0",
        "model_4_multimer_v3_pred_2",
        "model_4_multimer_v3_pred_1",
        "model_4_multimer_v3_pred_4",
        "model_5_multimer_v3_pred_3",
        "model_5_multimer_v3_pred_2",
        "model_4_multimer_v3_pred_3",
        "model_5_multimer_v3_pred_4",
        "model_5_multimer_v3_pred_0",
        "model_5_multimer_v3_pred_1",
        "model_2_multimer_v3_pred_0",
        "model_2_multimer_v3_pred_1",
        "model_2_multimer_v3_pred_2",
        "model_2_multimer_v3_pred_3",
        "model_2_multimer_v3_pred_4",
        "model_1_multimer_v3_pred_1",
        "model_3_multimer_v3_pred_1",
        "model_3_multimer_v3_pred_3",
        "model_3_multimer_v3_pred_2",
        "model_1_multimer_v3_pred_3",
        "model_1_multimer_v3_pred_2",
        "model_1_multimer_v3_pred_0",
        "model_3_multimer_v3_pred_0",
        "model_1_multimer_v3_pred_4",
        "model_3_multimer_v3_pred_4"
    ]
}