seed,sample,ranking_score
1,0,0.3416370942735467
1,1,0.32766181529275107
1,2,0.35505862878796995
1,3,0.32010050125278366
1,4,0.31681008977808
