seed,sample,ranking_score
1,0,0.6417801904173667
1,1,0.571285733967206
1,2,0.6564823695514529
1,3,0.6167782591257611
1,4,0.622423728560109
