seed,sample,ranking_score
1,0,0.8887477943876998
1,1,0.8894991383602922
1,2,0.882768418337879
1,3,0.886370904225647
1,4,0.8912578378369451
