seed,sample,ranking_score
4,0,0.7905663143091417
4,1,0.7443023311086946
4,2,0.7742189806303995
4,3,0.7647166013033825
4,4,0.7831390283009997
