seed,sample,ranking_score
1,0,0.5843773230333266
1,1,0.6259534962730242
1,2,0.6076568463009818
1,3,0.5934325414938308
1,4,0.5843197632071441
