seed,sample,ranking_score
5,0,0.9456529299641045
5,1,0.938427939743442
5,2,0.9344956221585541
5,3,0.9337812693159533
5,4,0.9371503722928721
