seed,sample,ranking_score
1,0,0.7460512439394797
1,1,0.7658370109163488
1,2,0.6961518748909076
1,3,0.771547262379139
1,4,0.7048705096129192
