seed,sample,ranking_score
1,0,0.588838949494653
1,1,0.6056034267273986
1,2,0.6023968972293914
1,3,0.5975154584147709
1,4,0.5946877852024636
