seed,sample,ranking_score
5,0,0.8500584312171983
5,1,0.8282968731781453
5,2,0.8460063035448074
5,3,0.8353545526939349
5,4,0.8472422724408416
