seed,sample,ranking_score
1,0,0.5587965239941879
1,1,0.5674783762451193
1,2,0.5658680937231391
1,3,0.5707883940501747
1,4,0.5801574303992132
