seed,sample,ranking_score
5,0,0.9541427034013632
5,1,0.9468906982711298
5,2,0.9493357495738942
5,3,0.9442946774743965
5,4,0.9583160179014445
