seed,sample,ranking_score
1,0,0.6047348019520841
1,1,0.35281963281839757
1,2,0.59524781650359
1,3,0.5870695297430062
1,4,0.41431287228727526
