{
    "features": 0.011262655258178711,
    "process_features_model_1_multimer_v3_pred_0": 3.337860107421875e-06,
    "predict_and_compile_model_1_multimer_v3_pred_0": 494.1307752132416,
    "relax_model_1_multimer_v3_pred_0": 95.18127655982971,
    "process_features_model_1_multimer_v3_pred_1": 2.86102294921875e-06,
    "predict_and_compile_model_1_multimer_v3_pred_1": 374.8889830112457,
    "relax_model_1_multimer_v3_pred_1": 71.00331521034241,
    "process_features_model_1_multimer_v3_pred_2": 1.9073486328125e-06,
    "predict_and_compile_model_1_multimer_v3_pred_2": 374.77689957618713,
    "relax_model_1_multimer_v3_pred_2": 58.89507341384888,
    "process_features_model_1_multimer_v3_pred_3": 2.1457672119140625e-06,
    "predict_and_compile_model_1_multimer_v3_pred_3": 374.7181963920593,
    "relax_model_1_multimer_v3_pred_3": 45.530967712402344,
    "process_features_model_1_multimer_v3_pred_4": 2.384185791015625e-06,
    "predict_and_compile_model_1_multimer_v3_pred_4": 374.6480836868286,
    "relax_model_1_multimer_v3_pred_4": 46.36713767051697,
    "process_features_model_2_multimer_v3_pred_0": 4.291534423828125e-06,
    "predict_and_compile_model_2_multimer_v3_pred_0": 489.1849298477173,
    "relax_model_2_multimer_v3_pred_0": 84.36230182647705,
    "process_features_model_2_multimer_v3_pred_1": 2.6226043701171875e-06,
    "predict_and_compile_model_2_multimer_v3_pred_1": 375.038006067276,
    "relax_model_2_multimer_v3_pred_1": 100.36275219917297,
    "process_features_model_2_multimer_v3_pred_2": 2.384185791015625e-06,
    "predict_and_compile_model_2_multimer_v3_pred_2": 374.9687571525574,
    "relax_model_2_multimer_v3_pred_2": 85.83712792396545,
    "process_features_model_2_multimer_v3_pred_3": 2.384185791015625e-06,
    "predict_and_compile_model_2_multimer_v3_pred_3": 375.31753611564636,
    "relax_model_2_multimer_v3_pred_3": 84.08947467803955,
    "process_features_model_2_multimer_v3_pred_4": 2.6226043701171875e-06,
    "predict_and_compile_model_2_multimer_v3_pred_4": 375.0797462463379,
    "relax_model_2_multimer_v3_pred_4": 99.71240854263306,
    "process_features_model_3_multimer_v3_pred_0": 2.6226043701171875e-06,
    "predict_and_compile_model_3_multimer_v3_pred_0": 492.96060729026794,
    "relax_model_3_multimer_v3_pred_0": 86.78102779388428,
    "process_features_model_3_multimer_v3_pred_1": 3.0994415283203125e-06,
    "predict_and_compile_model_3_multimer_v3_pred_1": 375.520619392395,
    "relax_model_3_multimer_v3_pred_1": 85.78102707862854,
    "process_features_model_3_multimer_v3_pred_2": 2.384185791015625e-06,
    "predict_and_compile_model_3_multimer_v3_pred_2": 375.21711802482605,
    "relax_model_3_multimer_v3_pred_2": 85.59376525878906,
    "process_features_model_3_multimer_v3_pred_3": 2.6226043701171875e-06,
    "predict_and_compile_model_3_multimer_v3_pred_3": 375.5039029121399,
    "relax_model_3_multimer_v3_pred_3": 85.96619272232056,
    "process_features_model_3_multimer_v3_pred_4": 2.384185791015625e-06,
    "predict_and_compile_model_3_multimer_v3_pred_4": 375.3359136581421,
    "relax_model_3_multimer_v3_pred_4": 85.17293071746826,
    "process_features_model_4_multimer_v3_pred_0": 2.384185791015625e-06,
    "predict_and_compile_model_4_multimer_v3_pred_0": 490.4119448661804,
    "relax_model_4_multimer_v3_pred_0": 89.43012928962708,
    "process_features_model_4_multimer_v3_pred_1": 4.0531158447265625e-06,
    "predict_and_compile_model_4_multimer_v3_pred_1": 369.15663743019104,
    "relax_model_4_multimer_v3_pred_1": 85.81646776199341,
    "process_features_model_4_multimer_v3_pred_2": 2.86102294921875e-06,
    "predict_and_compile_model_4_multimer_v3_pred_2": 368.9322609901428,
    "relax_model_4_multimer_v3_pred_2": 88.41478276252747,
    "process_features_model_4_multimer_v3_pred_3": 3.0994415283203125e-06,
    "predict_and_compile_model_4_multimer_v3_pred_3": 369.37276792526245,
    "relax_model_4_multimer_v3_pred_3": 86.14419841766357,
    "process_features_model_4_multimer_v3_pred_4": 2.86102294921875e-06,
    "predict_and_compile_model_4_multimer_v3_pred_4": 368.8111720085144,
    "relax_model_4_multimer_v3_pred_4": 70.22107791900635,
    "process_features_model_5_multimer_v3_pred_0": 2.6226043701171875e-06,
    "predict_and_compile_model_5_multimer_v3_pred_0": 485.69173288345337,
    "relax_model_5_multimer_v3_pred_0": 89.07110643386841,
    "process_features_model_5_multimer_v3_pred_1": 3.337860107421875e-06,
    "predict_and_compile_model_5_multimer_v3_pred_1": 369.3820159435272,
    "relax_model_5_multimer_v3_pred_1": 88.32205629348755,
    "process_features_model_5_multimer_v3_pred_2": 2.384185791015625e-06,
    "predict_and_compile_model_5_multimer_v3_pred_2": 369.16359281539917,
    "relax_model_5_multimer_v3_pred_2": 64.37075662612915,
    "process_features_model_5_multimer_v3_pred_3": 2.6226043701171875e-06,
    "predict_and_compile_model_5_multimer_v3_pred_3": 369.2383544445038,
    "relax_model_5_multimer_v3_pred_3": 83.52972030639648,
    "process_features_model_5_multimer_v3_pred_4": 2.86102294921875e-06,
    "predict_and_compile_model_5_multimer_v3_pred_4": 369.276246547699,
    "relax_model_5_multimer_v3_pred_4": 84.6466932296753
}