seed,sample,ranking_score
2,0,0.9310455086447279
2,1,0.9215188153589082
2,2,0.9306420572506438
2,3,0.93704088197502
2,4,0.915153641965035
