seed,sample,ranking_score
1,0,0.626795836189359
1,1,0.6397429568323154
1,2,0.7159015812823831
1,3,0.6527091929474125
1,4,0.6405898999817995
