seed,sample,ranking_score
1,0,0.6579287376450373
1,1,0.69194965829887
1,2,0.7154152517381405
1,3,0.6639549363639841
1,4,0.6939049421595069
