seed,sample,ranking_score
1,0,0.7913724538027805
1,1,0.7766141892557458
1,2,0.7176687637263425
1,3,0.7383092670643867
1,4,0.7511391340311233
