seed,sample,ranking_score
2,0,0.7648580500952388
2,1,0.7477086225511348
2,2,0.7361790905585783
2,3,0.7598357361553895
2,4,0.7367637271560166
