{
    "features": 0.6924560070037842,
    "process_features_model_1_multimer_v3_pred_0": 5.7220458984375e-06,
    "predict_and_compile_model_1_multimer_v3_pred_0": 269.7844409942627,
    "predict_benchmark_model_1_multimer_v3_pred_0": 193.4642083644867,
    "process_features_model_2_multimer_v3_pred_0": 7.152557373046875e-06,
    "predict_and_compile_model_2_multimer_v3_pred_0": 267.8250479698181,
    "predict_benchmark_model_2_multimer_v3_pred_0": 193.749840259552,
    "process_features_model_3_multimer_v3_pred_0": 2.2411346435546875e-05,
    "predict_and_compile_model_3_multimer_v3_pred_0": 266.73957204818726,
    "predict_benchmark_model_3_multimer_v3_pred_0": 193.68051075935364,
    "process_features_model_4_multimer_v3_pred_0": 1.4066696166992188e-05,
    "predict_and_compile_model_4_multimer_v3_pred_0": 261.67729449272156,
    "predict_benchmark_model_4_multimer_v3_pred_0": 188.63989877700806,
    "process_features_model_5_multimer_v3_pred_0": 9.775161743164062e-06,
    "predict_and_compile_model_5_multimer_v3_pred_0": 258.4303071498871,
    "predict_benchmark_model_5_multimer_v3_pred_0": 188.91758704185486
}