seed,sample,ranking_score
4,0,0.9311792849644223
4,1,0.8550181438917596
4,2,0.905545457805044
4,3,0.855045402835743
4,4,0.9084672515397931
