seed,sample,ranking_score
1,0,0.7973408626807289
1,1,0.7967412352631471
1,2,0.7957871082506286
1,3,0.7968426047095507
1,4,0.8023656030685692
