seed,sample,ranking_score
1,0,0.4620382840117401
1,1,0.4524952908605164
1,2,0.4575190390140983
1,3,0.4633186314180965
1,4,0.4548282156650427
