{
    "features": 0.1753525733947754,
    "process_features_model_1_multimer_v3_pred_0": 5.4836273193359375e-06,
    "predict_and_compile_model_1_multimer_v3_pred_0": 1326.2575376033783,
    "predict_benchmark_model_1_multimer_v3_pred_0": 1166.3468794822693,
    "process_features_model_2_multimer_v3_pred_0": 5.245208740234375e-06,
    "predict_and_compile_model_2_multimer_v3_pred_0": 1307.7445378303528,
    "predict_benchmark_model_2_multimer_v3_pred_0": 1166.7463705539703,
    "process_features_model_3_multimer_v3_pred_0": 3.743171691894531e-05,
    "predict_and_compile_model_3_multimer_v3_pred_0": 1315.9406502246857,
    "predict_benchmark_model_3_multimer_v3_pred_0": 1165.1451485157013,
    "process_features_model_4_multimer_v3_pred_0": 4.76837158203125e-06,
    "predict_and_compile_model_4_multimer_v3_pred_0": 1280.2079946994781,
    "predict_benchmark_model_4_multimer_v3_pred_0": 1141.306806087494,
    "process_features_model_5_multimer_v3_pred_0": 1.0728836059570312e-05,
    "predict_and_compile_model_5_multimer_v3_pred_0": 1275.4476866722107,
    "predict_benchmark_model_5_multimer_v3_pred_0": 1141.190526008606
}