seed,sample,ranking_score
4,0,0.8183288030937359
4,1,0.803756439646667
4,2,0.8287317387307394
4,3,0.8188158285579046
4,4,0.7793912448056837
