seed,sample,ranking_score
1,0,0.6633051870346696
1,1,0.6616447752801947
1,2,0.6748253422316001
1,3,0.6768508238327215
1,4,0.6483569201065155
