seed,sample,ranking_score
1,0,0.2723586288951765
1,1,0.2704693775430935
1,2,0.3030509030053099
1,3,0.281530420889497
1,4,0.27052930318612595
