seed,sample,ranking_score
1,0,0.442899983764365
1,1,0.4482242411165414
1,2,0.42003235515439197
1,3,0.44423857325155536
1,4,0.4069539270812519
