seed,sample,ranking_score
1,0,0.7394270792569038
1,1,0.740213816422379
1,2,0.7516017247671336
1,3,0.7776672743839712
1,4,0.7547744898620664
