{
    "features": 0.036356210708618164,
    "process_features_model_1_multimer_v3_pred_0": 1.6450881958007812e-05,
    "predict_and_compile_model_1_multimer_v3_pred_0": 201.17226386070251,
    "predict_benchmark_model_1_multimer_v3_pred_0": 112.75650000572205,
    "process_features_model_2_multimer_v3_pred_0": 2.7418136596679688e-05,
    "predict_and_compile_model_2_multimer_v3_pred_0": 163.16414165496826,
    "predict_benchmark_model_2_multimer_v3_pred_0": 73.2757215499878,
    "process_features_model_3_multimer_v3_pred_0": 2.09808349609375e-05,
    "predict_and_compile_model_3_multimer_v3_pred_0": 212.62579560279846,
    "predict_benchmark_model_3_multimer_v3_pred_0": 126.44607353210449,
    "process_features_model_4_multimer_v3_pred_0": 2.86102294921875e-05,
    "predict_and_compile_model_4_multimer_v3_pred_0": 167.17065286636353,
    "predict_benchmark_model_4_multimer_v3_pred_0": 71.58993077278137,
    "process_features_model_5_multimer_v3_pred_0": 1.9788742065429688e-05,
    "predict_and_compile_model_5_multimer_v3_pred_0": 232.33216428756714,
    "predict_benchmark_model_5_multimer_v3_pred_0": 136.99388098716736
}