{
    "features": 0.007018566131591797,
    "process_features_model_1_multimer_v3_pred_0": 3.814697265625e-06,
    "predict_and_compile_model_1_multimer_v3_pred_0": 206.06047201156616,
    "relax_model_1_multimer_v3_pred_0": 30.3471839427948,
    "process_features_model_1_multimer_v3_pred_1": 2.86102294921875e-06,
    "predict_and_compile_model_1_multimer_v3_pred_1": 89.0187361240387,
    "relax_model_1_multimer_v3_pred_1": 28.826229333877563,
    "process_features_model_1_multimer_v3_pred_2": 2.86102294921875e-06,
    "predict_and_compile_model_1_multimer_v3_pred_2": 97.75447988510132,
    "relax_model_1_multimer_v3_pred_2": 27.923479318618774,
    "process_features_model_1_multimer_v3_pred_3": 2.86102294921875e-06,
    "predict_and_compile_model_1_multimer_v3_pred_3": 62.48401141166687,
    "relax_model_1_multimer_v3_pred_3": 28.255900859832764,
    "process_features_model_1_multimer_v3_pred_4": 3.0994415283203125e-06,
    "predict_and_compile_model_1_multimer_v3_pred_4": 142.0453724861145,
    "relax_model_1_multimer_v3_pred_4": 39.75189805030823,
    "process_features_model_2_multimer_v3_pred_0": 3.0994415283203125e-06,
    "predict_and_compile_model_2_multimer_v3_pred_0": 185.4086208343506,
    "relax_model_2_multimer_v3_pred_0": 29.637099266052246,
    "process_features_model_2_multimer_v3_pred_1": 3.337860107421875e-06,
    "predict_and_compile_model_2_multimer_v3_pred_1": 80.03920125961304,
    "relax_model_2_multimer_v3_pred_1": 54.46175003051758,
    "process_features_model_2_multimer_v3_pred_2": 2.384185791015625e-06,
    "predict_and_compile_model_2_multimer_v3_pred_2": 62.39365243911743,
    "relax_model_2_multimer_v3_pred_2": 28.385730028152466,
    "process_features_model_2_multimer_v3_pred_3": 2.6226043701171875e-06,
    "predict_and_compile_model_2_multimer_v3_pred_3": 89.02832984924316,
    "relax_model_2_multimer_v3_pred_3": 40.61992406845093,
    "process_features_model_2_multimer_v3_pred_4": 3.337860107421875e-06,
    "predict_and_compile_model_2_multimer_v3_pred_4": 80.14058542251587,
    "relax_model_2_multimer_v3_pred_4": 28.559755086898804,
    "process_features_model_3_multimer_v3_pred_0": 2.384185791015625e-06,
    "predict_and_compile_model_3_multimer_v3_pred_0": 186.74808287620544,
    "relax_model_3_multimer_v3_pred_0": 53.83917737007141,
    "process_features_model_3_multimer_v3_pred_1": 2.86102294921875e-06,
    "predict_and_compile_model_3_multimer_v3_pred_1": 168.5886516571045,
    "relax_model_3_multimer_v3_pred_1": 40.95373320579529,
    "process_features_model_3_multimer_v3_pred_2": 3.0994415283203125e-06,
    "predict_and_compile_model_3_multimer_v3_pred_2": 71.27058219909668,
    "relax_model_3_multimer_v3_pred_2": 30.025272130966187,
    "process_features_model_3_multimer_v3_pred_3": 2.6226043701171875e-06,
    "predict_and_compile_model_3_multimer_v3_pred_3": 186.08508014678955,
    "relax_model_3_multimer_v3_pred_3": 41.130030393600464,
    "process_features_model_3_multimer_v3_pred_4": 3.5762786865234375e-06,
    "predict_and_compile_model_3_multimer_v3_pred_4": 186.00553917884827,
    "relax_model_3_multimer_v3_pred_4": 41.12957739830017,
    "process_features_model_4_multimer_v3_pred_0": 3.0994415283203125e-06,
    "predict_and_compile_model_4_multimer_v3_pred_0": 303.0295295715332,
    "relax_model_4_multimer_v3_pred_0": 40.381348609924316,
    "process_features_model_4_multimer_v3_pred_1": 3.0994415283203125e-06,
    "predict_and_compile_model_4_multimer_v3_pred_1": 69.5989134311676,
    "relax_model_4_multimer_v3_pred_1": 42.973382234573364,
    "process_features_model_4_multimer_v3_pred_2": 2.86102294921875e-06,
    "predict_and_compile_model_4_multimer_v3_pred_2": 181.7093687057495,
    "relax_model_4_multimer_v3_pred_2": 39.41844153404236,
    "process_features_model_4_multimer_v3_pred_3": 2.6226043701171875e-06,
    "predict_and_compile_model_4_multimer_v3_pred_3": 181.77215766906738,
    "relax_model_4_multimer_v3_pred_3": 40.00439810752869,
    "process_features_model_4_multimer_v3_pred_4": 2.6226043701171875e-06,
    "predict_and_compile_model_4_multimer_v3_pred_4": 181.77487230300903,
    "relax_model_4_multimer_v3_pred_4": 40.47128987312317,
    "process_features_model_5_multimer_v3_pred_0": 2.6226043701171875e-06,
    "predict_and_compile_model_5_multimer_v3_pred_0": 293.8702266216278,
    "relax_model_5_multimer_v3_pred_0": 29.417195081710815,
    "process_features_model_5_multimer_v3_pred_1": 2.86102294921875e-06,
    "predict_and_compile_model_5_multimer_v3_pred_1": 181.97948479652405,
    "relax_model_5_multimer_v3_pred_1": 27.972541093826294,
    "process_features_model_5_multimer_v3_pred_2": 3.5762786865234375e-06,
    "predict_and_compile_model_5_multimer_v3_pred_2": 181.7055687904358,
    "relax_model_5_multimer_v3_pred_2": 28.38770580291748,
    "process_features_model_5_multimer_v3_pred_3": 2.86102294921875e-06,
    "predict_and_compile_model_5_multimer_v3_pred_3": 181.5387442111969,
    "relax_model_5_multimer_v3_pred_3": 30.608086109161377,
    "process_features_model_5_multimer_v3_pred_4": 2.6226043701171875e-06,
    "predict_and_compile_model_5_multimer_v3_pred_4": 181.96030116081238,
    "relax_model_5_multimer_v3_pred_4": 41.166751861572266
}