seed,sample,ranking_score
2,0,0.39796057598926365
2,1,0.3144077271536929
2,2,0.3685732068351857
2,3,0.3172408316377159
2,4,0.35375064715767884
