{
    "features": 0.3855750560760498,
    "process_features_model_1_multimer_v3_pred_0": 4.5299530029296875e-06,
    "predict_and_compile_model_1_multimer_v3_pred_0": 467.383198261261,
    "predict_benchmark_model_1_multimer_v3_pred_0": 347.84057664871216,
    "process_features_model_2_multimer_v3_pred_0": 4.0531158447265625e-06,
    "predict_and_compile_model_2_multimer_v3_pred_0": 461.2807471752167,
    "predict_benchmark_model_2_multimer_v3_pred_0": 348.12837076187134,
    "process_features_model_3_multimer_v3_pred_0": 3.814697265625e-06,
    "predict_and_compile_model_3_multimer_v3_pred_0": 462.9135661125183,
    "predict_benchmark_model_3_multimer_v3_pred_0": 348.20103788375854,
    "process_features_model_4_multimer_v3_pred_0": 4.0531158447265625e-06,
    "predict_and_compile_model_4_multimer_v3_pred_0": 459.56151604652405,
    "predict_benchmark_model_4_multimer_v3_pred_0": 339.38019585609436,
    "process_features_model_5_multimer_v3_pred_0": 4.5299530029296875e-06,
    "predict_and_compile_model_5_multimer_v3_pred_0": 455.6066520214081,
    "predict_benchmark_model_5_multimer_v3_pred_0": 339.38742995262146
}