seed,sample,ranking_score
3,0,0.5958591065785802
3,1,0.5346452909549398
3,2,0.5892116695044171
3,3,0.6112477550828098
3,4,0.5366396106542779
