seed,sample,ranking_score
1,0,0.26878236992765425
1,1,0.29324018847114186
1,2,0.26600071151046956
1,3,0.28667130554901743
1,4,0.2987457832122161
