seed,sample,ranking_score
1,0,0.7164600555923466
1,1,0.7577332149096847
1,2,0.7132868009543782
1,3,0.7756637062593494
1,4,0.7063765033367373
