seed,sample,ranking_score
1,0,0.768323163348805
1,1,0.7804664935211081
1,2,0.7829190161731583
1,3,0.7845625505179955
1,4,0.7974869985163486
