{
    "features": 1.380922555923462,
    "process_features_model_1_multimer_v3_pred_0": 6.4373016357421875e-06,
    "predict_and_compile_model_1_multimer_v3_pred_0": 346.9044544696808,
    "predict_benchmark_model_1_multimer_v3_pred_0": 224.29092025756836,
    "process_features_model_2_multimer_v3_pred_0": 2.0265579223632812e-05,
    "predict_and_compile_model_2_multimer_v3_pred_0": 349.950275182724,
    "predict_benchmark_model_2_multimer_v3_pred_0": 224.48110795021057,
    "process_features_model_3_multimer_v3_pred_0": 2.6464462280273438e-05,
    "predict_and_compile_model_3_multimer_v3_pred_0": 351.94722533226013,
    "predict_benchmark_model_3_multimer_v3_pred_0": 224.4121208190918,
    "process_features_model_4_multimer_v3_pred_0": 2.7894973754882812e-05,
    "predict_and_compile_model_4_multimer_v3_pred_0": 345.0743989944458,
    "predict_benchmark_model_4_multimer_v3_pred_0": 217.6015214920044,
    "process_features_model_5_multimer_v3_pred_0": 2.7179718017578125e-05,
    "predict_and_compile_model_5_multimer_v3_pred_0": 353.11863112449646,
    "predict_benchmark_model_5_multimer_v3_pred_0": 217.79173874855042
}