seed,sample,ranking_score
5,0,0.8894153760596478
5,1,0.8868915447192712
5,2,0.884247811707937
5,3,0.8805460630094842
5,4,0.8841270441602059
