seed,sample,ranking_score
3,0,0.8838097689295136
3,1,0.8832898067041018
3,2,0.8861516442560576
3,3,0.8748611917147692
3,4,0.8874298175660662
