seed,sample,ranking_score
1,0,0.5782883632223131
1,1,0.5624537744331866
1,2,0.5293461972327601
1,3,0.5722837561433879
1,4,0.5685281318076851
