seed,sample,ranking_score
1,0,0.7013548931717483
1,1,0.7176308832681314
1,2,0.7309224262803306
1,3,0.717657448722114
1,4,0.7230305750949683
