seed,sample,ranking_score
1,0,0.8795531740826366
1,1,0.8661659000498815
1,2,0.8794562854168592
1,3,0.8774783644723295
1,4,0.8666010008300675
