seed,sample,ranking_score
1,0,0.4066226469560387
1,1,0.34474145044510657
1,2,0.40797616073878296
1,3,0.4045429967180991
1,4,0.4045721233381924
