{
    "features": 0.19513726234436035,
    "process_features_model_1_multimer_v3_pred_0": 4.5299530029296875e-06,
    "predict_and_compile_model_1_multimer_v3_pred_0": 505.20616483688354,
    "predict_benchmark_model_1_multimer_v3_pred_0": 387.968576669693,
    "process_features_model_2_multimer_v3_pred_0": 4.0531158447265625e-06,
    "predict_and_compile_model_2_multimer_v3_pred_0": 497.86645913124084,
    "predict_benchmark_model_2_multimer_v3_pred_0": 388.74920749664307,
    "process_features_model_3_multimer_v3_pred_0": 4.0531158447265625e-06,
    "predict_and_compile_model_3_multimer_v3_pred_0": 498.79058861732483,
    "predict_benchmark_model_3_multimer_v3_pred_0": 389.10477662086487,
    "process_features_model_4_multimer_v3_pred_0": 4.0531158447265625e-06,
    "predict_and_compile_model_4_multimer_v3_pred_0": 494.2901864051819,
    "predict_benchmark_model_4_multimer_v3_pred_0": 378.1729927062988,
    "process_features_model_5_multimer_v3_pred_0": 4.0531158447265625e-06,
    "predict_and_compile_model_5_multimer_v3_pred_0": 491.9151976108551,
    "predict_benchmark_model_5_multimer_v3_pred_0": 377.92771339416504
}