seed,sample,ranking_score
1,0,0.6702346225114467
1,1,0.6718238713328358
1,2,0.6308117633827731
1,3,0.6366502450900987
1,4,0.6757232850185294
