seed,sample,ranking_score
1,0,0.5800619399186329
1,1,0.574826111696059
1,2,0.5674984133399074
1,3,0.543861734220684
1,4,0.5600898184648134
