seed,sample,ranking_score
1,0,0.5744373688676535
1,1,0.5833404665966472
1,2,0.5588330573987895
1,3,0.5722136575490456
1,4,0.5635816169170358
