seed,sample,ranking_score
4,0,0.8902057440931281
4,1,0.8985844364436781
4,2,0.8925795442707478
4,3,0.8954321022356987
4,4,0.8958507822170676
