seed,sample,ranking_score
2,0,0.6890566722039246
2,1,0.6675807620227623
2,2,0.6950367910419211
2,3,0.7026223334082793
2,4,0.7021914022602093
