seed,sample,ranking_score
2,0,0.6091743151147399
2,1,0.6138189975506161
2,2,0.6171903333262485
2,3,0.6014821389823155
2,4,0.6157778101254049
