{
    "features": 7.610139846801758,
    "process_features_model_1_multimer_v3_pred_0": 9.5367431640625e-06,
    "predict_and_compile_model_1_multimer_v3_pred_0": 212.44490790367126,
    "predict_benchmark_model_1_multimer_v3_pred_0": 128.86619400978088,
    "process_features_model_2_multimer_v3_pred_0": 2.2172927856445312e-05,
    "predict_and_compile_model_2_multimer_v3_pred_0": 212.59496665000916,
    "predict_benchmark_model_2_multimer_v3_pred_0": 128.8346405029297,
    "process_features_model_3_multimer_v3_pred_0": 1.5974044799804688e-05,
    "predict_and_compile_model_3_multimer_v3_pred_0": 212.91992020606995,
    "predict_benchmark_model_3_multimer_v3_pred_0": 128.71670603752136,
    "process_features_model_4_multimer_v3_pred_0": 1.6927719116210938e-05,
    "predict_and_compile_model_4_multimer_v3_pred_0": 209.11062693595886,
    "predict_benchmark_model_4_multimer_v3_pred_0": 126.56336379051208,
    "process_features_model_5_multimer_v3_pred_0": 1.8596649169921875e-05,
    "predict_and_compile_model_5_multimer_v3_pred_0": 210.47210049629211,
    "predict_benchmark_model_5_multimer_v3_pred_0": 126.74442458152771
}