seed,sample,ranking_score
1,0,0.550836465709605
1,1,0.5465248744734894
1,2,0.5582422458677165
1,3,0.589367154247531
1,4,0.629995380214643
