seed,sample,ranking_score
4,0,0.7093182406463237
4,1,0.7026258615765627
4,2,0.7068979662340047
4,3,0.7009132732882476
4,4,0.7158376893726939
