seed,sample,ranking_score
2,0,0.8104562757422153
2,1,0.8062013483626727
2,2,0.8160907357084072
2,3,0.8196705353563307
2,4,0.8295436826099145
