seed,sample,ranking_score
1,0,0.8809024756469241
1,1,0.8825007995662222
1,2,0.9046913792120403
1,3,0.9281429704529099
1,4,0.9103328007513545
