seed,sample,ranking_score
1,0,0.8081805070259194
1,1,0.8212508936165628
1,2,0.8163443432789963
1,3,0.827210762026866
1,4,0.8246417994521107
