seed,sample,ranking_score
1,0,0.5573746218663858
1,1,0.5235843181859509
1,2,0.5459849196773225
1,3,0.5281153162557776
1,4,0.5372220040270939
