{
    "features": 9.959729194641113,
    "process_features_model_1_multimer_v3_pred_0": 9.298324584960938e-06,
    "predict_and_compile_model_1_multimer_v3_pred_0": 132.34742164611816,
    "predict_benchmark_model_1_multimer_v3_pred_0": 41.67287826538086,
    "process_features_model_2_multimer_v3_pred_0": 6.29425048828125e-05,
    "predict_and_compile_model_2_multimer_v3_pred_0": 108.89145112037659,
    "predict_benchmark_model_2_multimer_v3_pred_0": 25.05461573600769,
    "process_features_model_3_multimer_v3_pred_0": 2.09808349609375e-05,
    "predict_and_compile_model_3_multimer_v3_pred_0": 145.0446445941925,
    "predict_benchmark_model_3_multimer_v3_pred_0": 58.1589937210083,
    "process_features_model_4_multimer_v3_pred_0": 1.5020370483398438e-05,
    "predict_and_compile_model_4_multimer_v3_pred_0": 140.40537238121033,
    "predict_benchmark_model_4_multimer_v3_pred_0": 52.927217960357666,
    "process_features_model_5_multimer_v3_pred_0": 6.9141387939453125e-06,
    "predict_and_compile_model_5_multimer_v3_pred_0": 172.66136646270752,
    "predict_benchmark_model_5_multimer_v3_pred_0": 85.64207363128662
}