seed,sample,ranking_score
2,0,0.6975071226400217
2,1,0.7142095071148471
2,2,0.7138134372140563
2,3,0.6953516236767653
2,4,0.7221794962090211
