seed,sample,ranking_score
1,0,0.5824964641281701
1,1,0.6159367795914743
1,2,0.5409319255704927
1,3,0.5949428112185312
1,4,0.5900653007346719
