seed,sample,ranking_score
3,0,0.5180222538733934
3,1,0.5189830567297679
3,2,0.5615501517970546
3,3,0.5257442574153177
3,4,0.49953207074391504
