seed,sample,ranking_score
1,0,0.34047519657175335
1,1,0.3066001038990789
1,2,0.3886363625136872
1,3,0.37039645262247206
1,4,0.32731570186290526
