seed,sample,ranking_score
1,0,0.7935484530474315
1,1,0.8017736730382621
1,2,0.80040841786679
1,3,0.8004396008207005
1,4,0.8037513135399639
