seed,sample,ranking_score
1,0,0.4963371875716288
1,1,0.4516154470239923
1,2,0.5361985922281771
1,3,0.5036780469147074
1,4,0.4929670064081942
