seed,sample,ranking_score
1,0,0.782941676762883
1,1,0.7923137831238959
1,2,0.7943305408004634
1,3,0.7552829697469471
1,4,0.8021471315888946
