seed,sample,ranking_score
1,0,0.6645218353571928
1,1,0.6764474050945708
1,2,0.6834963074789642
1,3,0.6773306694347063
1,4,0.6725984336294074
