seed,sample,ranking_score
1,0,0.6331555919416408
1,1,0.6551094951261501
1,2,0.6653072499076875
1,3,0.6537698295892903
1,4,0.639632917070089
