seed,sample,ranking_score
1,0,0.5071537605299046
1,1,0.5199208879621012
1,2,0.5164103806571227
1,3,0.5449420723972216
1,4,0.5286119163550681
