seed,sample,ranking_score
1,0,0.8756386713796267
1,1,0.8717184801469443
1,2,0.8841876235790693
1,3,0.8812030926982461
1,4,0.850273338890131
