seed,sample,ranking_score
1,0,0.7620786169852926
1,1,0.762385442023443
1,2,0.7458127838253535
1,3,0.6812817306361629
1,4,0.747227853879066
