seed,sample,ranking_score
1,0,0.9124547993773402
1,1,0.914520776132696
1,2,0.9105216910398704
1,3,0.9085904803946606
1,4,0.9073477613837225
