seed,sample,ranking_score
1,0,0.6821726364726463
1,1,0.6987602992079445
1,2,0.6831335530169543
1,3,0.6496196736093393
1,4,0.6570191092941042
