seed,sample,ranking_score
1,0,0.3093436722791941
1,1,0.30670943381912774
1,2,0.3091535202222751
1,3,0.3343051233549059
1,4,0.33211247864415744
