seed,sample,ranking_score
1,0,0.8453435729412698
1,1,0.862160406299669
1,2,0.8483623430096853
1,3,0.8583991454983452
1,4,0.8601349917632852
