seed,sample,ranking_score
1,0,0.5902810338651379
1,1,0.6424140873116869
1,2,0.6143026487581531
1,3,0.6405663247942752
1,4,0.6636308589013163
