seed,sample,ranking_score
1,0,0.4704298260242449
1,1,0.4799243863639442
1,2,0.4707582465395681
1,3,0.44194410702289144
1,4,0.4696541589414461
