seed,sample,ranking_score
1,0,0.540716519462445
1,1,0.5373285721923973
1,2,0.562208612009697
1,3,0.5382909177548935
1,4,0.5482620211273121
