seed,sample,ranking_score
1,0,0.6849485688842821
1,1,0.697091068724954
1,2,0.6965631571209594
1,3,0.7140440430724145
1,4,0.7044598646398302
