seed,sample,ranking_score
3,0,0.6114728125078929
3,1,0.5947782158900475
3,2,0.5189256610569422
3,3,0.5874313178154075
3,4,0.5993304162046587
