{
    "features": 0.00602269172668457,
    "process_features_model_1_multimer_v3_pred_0": 3.337860107421875e-06,
    "predict_and_compile_model_1_multimer_v3_pred_0": 188.9990828037262,
    "relax_model_1_multimer_v3_pred_0": 22.154428482055664,
    "process_features_model_1_multimer_v3_pred_1": 2.384185791015625e-06,
    "predict_and_compile_model_1_multimer_v3_pred_1": 94.75980925559998,
    "relax_model_1_multimer_v3_pred_1": 20.510709762573242,
    "process_features_model_1_multimer_v3_pred_2": 2.384185791015625e-06,
    "predict_and_compile_model_1_multimer_v3_pred_2": 74.73519897460938,
    "relax_model_1_multimer_v3_pred_2": 27.40962243080139,
    "process_features_model_1_multimer_v3_pred_3": 2.1457672119140625e-06,
    "predict_and_compile_model_1_multimer_v3_pred_3": 104.47873520851135,
    "relax_model_1_multimer_v3_pred_3": 20.045741319656372,
    "process_features_model_1_multimer_v3_pred_4": 2.1457672119140625e-06,
    "predict_and_compile_model_1_multimer_v3_pred_4": 40.42816495895386,
    "relax_model_1_multimer_v3_pred_4": 26.993069410324097,
    "process_features_model_2_multimer_v3_pred_0": 1.9073486328125e-06,
    "predict_and_compile_model_2_multimer_v3_pred_0": 212.0367968082428,
    "relax_model_2_multimer_v3_pred_0": 19.93017840385437,
    "process_features_model_2_multimer_v3_pred_1": 2.1457672119140625e-06,
    "predict_and_compile_model_2_multimer_v3_pred_1": 59.867146730422974,
    "relax_model_2_multimer_v3_pred_1": 20.413583278656006,
    "process_features_model_2_multimer_v3_pred_2": 2.6226043701171875e-06,
    "predict_and_compile_model_2_multimer_v3_pred_2": 64.84941864013672,
    "relax_model_2_multimer_v3_pred_2": 19.52467107772827,
    "process_features_model_2_multimer_v3_pred_3": 2.384185791015625e-06,
    "predict_and_compile_model_2_multimer_v3_pred_3": 104.51328921318054,
    "relax_model_2_multimer_v3_pred_3": 19.625154733657837,
    "process_features_model_2_multimer_v3_pred_4": 2.384185791015625e-06,
    "predict_and_compile_model_2_multimer_v3_pred_4": 104.7034044265747,
    "relax_model_2_multimer_v3_pred_4": 19.544850826263428,
    "process_features_model_3_multimer_v3_pred_0": 2.1457672119140625e-06,
    "predict_and_compile_model_3_multimer_v3_pred_0": 212.19724774360657,
    "relax_model_3_multimer_v3_pred_0": 20.21577548980713,
    "process_features_model_3_multimer_v3_pred_1": 2.384185791015625e-06,
    "predict_and_compile_model_3_multimer_v3_pred_1": 30.153450965881348,
    "relax_model_3_multimer_v3_pred_1": 19.70305371284485,
    "process_features_model_3_multimer_v3_pred_2": 2.1457672119140625e-06,
    "predict_and_compile_model_3_multimer_v3_pred_2": 40.070120096206665,
    "relax_model_3_multimer_v3_pred_2": 21.304041624069214,
    "process_features_model_3_multimer_v3_pred_3": 2.6226043701171875e-06,
    "predict_and_compile_model_3_multimer_v3_pred_3": 54.841888666152954,
    "relax_model_3_multimer_v3_pred_3": 19.581519842147827,
    "process_features_model_3_multimer_v3_pred_4": 2.6226043701171875e-06,
    "predict_and_compile_model_3_multimer_v3_pred_4": 94.4355058670044,
    "relax_model_3_multimer_v3_pred_4": 19.316256046295166,
    "process_features_model_4_multimer_v3_pred_0": 2.384185791015625e-06,
    "predict_and_compile_model_4_multimer_v3_pred_0": 143.87388730049133,
    "relax_model_4_multimer_v3_pred_0": 20.52945852279663,
    "process_features_model_4_multimer_v3_pred_1": 2.6226043701171875e-06,
    "predict_and_compile_model_4_multimer_v3_pred_1": 97.24241137504578,
    "relax_model_4_multimer_v3_pred_1": 20.912029266357422,
    "process_features_model_4_multimer_v3_pred_2": 3.0994415283203125e-06,
    "predict_and_compile_model_4_multimer_v3_pred_2": 101.99115538597107,
    "relax_model_4_multimer_v3_pred_2": 20.436038732528687,
    "process_features_model_4_multimer_v3_pred_3": 2.384185791015625e-06,
    "predict_and_compile_model_4_multimer_v3_pred_3": 63.40116620063782,
    "relax_model_4_multimer_v3_pred_3": 19.92226004600525,
    "process_features_model_4_multimer_v3_pred_4": 2.6226043701171875e-06,
    "predict_and_compile_model_4_multimer_v3_pred_4": 102.57290029525757,
    "relax_model_4_multimer_v3_pred_4": 20.295949459075928,
    "process_features_model_5_multimer_v3_pred_0": 2.384185791015625e-06,
    "predict_and_compile_model_5_multimer_v3_pred_0": 140.43617749214172,
    "relax_model_5_multimer_v3_pred_0": 21.242483615875244,
    "process_features_model_5_multimer_v3_pred_1": 2.384185791015625e-06,
    "predict_and_compile_model_5_multimer_v3_pred_1": 83.2008695602417,
    "relax_model_5_multimer_v3_pred_1": 21.295205116271973,
    "process_features_model_5_multimer_v3_pred_2": 2.6226043701171875e-06,
    "predict_and_compile_model_5_multimer_v3_pred_2": 39.51394605636597,
    "relax_model_5_multimer_v3_pred_2": 21.87603783607483,
    "process_features_model_5_multimer_v3_pred_3": 2.86102294921875e-06,
    "predict_and_compile_model_5_multimer_v3_pred_3": 34.75300073623657,
    "relax_model_5_multimer_v3_pred_3": 19.51052975654602,
    "process_features_model_5_multimer_v3_pred_4": 2.6226043701171875e-06,
    "predict_and_compile_model_5_multimer_v3_pred_4": 53.79093956947327,
    "relax_model_5_multimer_v3_pred_4": 20.101054191589355
}