seed,sample,ranking_score
5,0,0.9896289958945748
5,1,0.9887907103639457
5,2,0.9938534554432165
5,3,0.9883359971624698
5,4,0.9923928546308314
