seed,sample,ranking_score
1,0,0.8105184732472583
1,1,0.7950880921827347
1,2,0.7598938544529925
1,3,0.7783836622784014
1,4,0.7888729396773223
