seed,sample,ranking_score
1,0,0.8615492503683668
1,1,0.8677994173412258
1,2,0.8502684081410772
1,3,0.8597970327167253
1,4,0.8599800800688528
