seed,sample,ranking_score
1,0,0.6649799856598043
1,1,0.6675055099833627
1,2,0.6662446242070799
1,3,0.6778990760488578
1,4,0.6788097541435643
