seed,sample,ranking_score
1,0,0.623616449518382
1,1,0.6249838391458291
1,2,0.6258098639854187
1,3,0.6157489500338316
1,4,0.6260444262044562
