seed,sample,ranking_score
1,0,0.7149474660195482
1,1,0.6304967382914775
1,2,0.73366630154031
1,3,0.7322342219935383
1,4,0.7642797798369538
