seed,sample,ranking_score
1,0,0.5249387324011124
1,1,0.5455435535288677
1,2,0.48616395372631893
1,3,0.5139974101122472
1,4,0.530531174833666
