seed,sample,ranking_score
1,0,0.5130710318558184
1,1,0.5375366399673298
1,2,0.5294769940852411
1,3,0.5226276483180384
1,4,0.5232546015268965
