seed,sample,ranking_score
1,0,1.0300869881749957
1,1,1.0270976866833317
1,2,1.0239444779609461
1,3,1.027062269208414
1,4,1.0264597874945038
