seed,sample,ranking_score
2,0,0.9543824333370791
2,1,0.9602447829724889
2,2,0.9555225714039316
2,3,0.9560659958449066
2,4,0.9631120890309373
