{
    "features": 0.006531238555908203,
    "process_features_model_1_multimer_v3_pred_0": 3.5762786865234375e-06,
    "predict_and_compile_model_1_multimer_v3_pred_0": 143.24977564811707,
    "relax_model_1_multimer_v3_pred_0": 22.221237182617188,
    "process_features_model_1_multimer_v3_pred_1": 3.0994415283203125e-06,
    "predict_and_compile_model_1_multimer_v3_pred_1": 24.895285606384277,
    "relax_model_1_multimer_v3_pred_1": 20.19131088256836,
    "process_features_model_1_multimer_v3_pred_2": 2.384185791015625e-06,
    "predict_and_compile_model_1_multimer_v3_pred_2": 44.46863007545471,
    "relax_model_1_multimer_v3_pred_2": 35.02307200431824,
    "process_features_model_1_multimer_v3_pred_3": 3.0994415283203125e-06,
    "predict_and_compile_model_1_multimer_v3_pred_3": 53.47725176811218,
    "relax_model_1_multimer_v3_pred_3": 19.437907218933105,
    "process_features_model_1_multimer_v3_pred_4": 2.86102294921875e-06,
    "predict_and_compile_model_1_multimer_v3_pred_4": 39.58841514587402,
    "relax_model_1_multimer_v3_pred_4": 23.67192792892456,
    "process_features_model_2_multimer_v3_pred_0": 2.86102294921875e-06,
    "predict_and_compile_model_2_multimer_v3_pred_0": 136.68293404579163,
    "relax_model_2_multimer_v3_pred_0": 28.21949529647827,
    "process_features_model_2_multimer_v3_pred_1": 2.86102294921875e-06,
    "predict_and_compile_model_2_multimer_v3_pred_1": 29.785934448242188,
    "relax_model_2_multimer_v3_pred_1": 38.79356122016907,
    "process_features_model_2_multimer_v3_pred_2": 2.86102294921875e-06,
    "predict_and_compile_model_2_multimer_v3_pred_2": 68.9943265914917,
    "relax_model_2_multimer_v3_pred_2": 28.048317909240723,
    "process_features_model_2_multimer_v3_pred_3": 3.5762786865234375e-06,
    "predict_and_compile_model_2_multimer_v3_pred_3": 64.02824592590332,
    "relax_model_2_multimer_v3_pred_3": 35.578925371170044,
    "process_features_model_2_multimer_v3_pred_4": 2.86102294921875e-06,
    "predict_and_compile_model_2_multimer_v3_pred_4": 68.94260931015015,
    "relax_model_2_multimer_v3_pred_4": 36.364134550094604,
    "process_features_model_3_multimer_v3_pred_0": 3.337860107421875e-06,
    "predict_and_compile_model_3_multimer_v3_pred_0": 211.90542030334473,
    "relax_model_3_multimer_v3_pred_0": 20.385473012924194,
    "process_features_model_3_multimer_v3_pred_1": 2.6226043701171875e-06,
    "predict_and_compile_model_3_multimer_v3_pred_1": 24.937761306762695,
    "relax_model_3_multimer_v3_pred_1": 36.474106550216675,
    "process_features_model_3_multimer_v3_pred_2": 3.0994415283203125e-06,
    "predict_and_compile_model_3_multimer_v3_pred_2": 103.11891841888428,
    "relax_model_3_multimer_v3_pred_2": 20.047882795333862,
    "process_features_model_3_multimer_v3_pred_3": 2.86102294921875e-06,
    "predict_and_compile_model_3_multimer_v3_pred_3": 49.319512128829956,
    "relax_model_3_multimer_v3_pred_3": 28.679149389266968,
    "process_features_model_3_multimer_v3_pred_4": 2.86102294921875e-06,
    "predict_and_compile_model_3_multimer_v3_pred_4": 24.92684292793274,
    "relax_model_3_multimer_v3_pred_4": 39.4079475402832,
    "process_features_model_4_multimer_v3_pred_0": 3.0994415283203125e-06,
    "predict_and_compile_model_4_multimer_v3_pred_0": 150.79544949531555,
    "relax_model_4_multimer_v3_pred_0": 19.949002981185913,
    "process_features_model_4_multimer_v3_pred_1": 2.6226043701171875e-06,
    "predict_and_compile_model_4_multimer_v3_pred_1": 100.72272276878357,
    "relax_model_4_multimer_v3_pred_1": 19.998981952667236,
    "process_features_model_4_multimer_v3_pred_2": 2.86102294921875e-06,
    "predict_and_compile_model_4_multimer_v3_pred_2": 101.1097342967987,
    "relax_model_4_multimer_v3_pred_2": 33.56106162071228,
    "process_features_model_4_multimer_v3_pred_3": 3.5762786865234375e-06,
    "predict_and_compile_model_4_multimer_v3_pred_3": 77.45741295814514,
    "relax_model_4_multimer_v3_pred_3": 20.134387016296387,
    "process_features_model_4_multimer_v3_pred_4": 2.6226043701171875e-06,
    "predict_and_compile_model_4_multimer_v3_pred_4": 81.76424551010132,
    "relax_model_4_multimer_v3_pred_4": 19.580565452575684,
    "process_features_model_5_multimer_v3_pred_0": 2.86102294921875e-06,
    "predict_and_compile_model_5_multimer_v3_pred_0": 153.8770935535431,
    "relax_model_5_multimer_v3_pred_0": 28.299054861068726,
    "process_features_model_5_multimer_v3_pred_1": 2.86102294921875e-06,
    "predict_and_compile_model_5_multimer_v3_pred_1": 91.21451616287231,
    "relax_model_5_multimer_v3_pred_1": 19.91032886505127,
    "process_features_model_5_multimer_v3_pred_2": 3.0994415283203125e-06,
    "predict_and_compile_model_5_multimer_v3_pred_2": 44.307931423187256,
    "relax_model_5_multimer_v3_pred_2": 20.36421775817871,
    "process_features_model_5_multimer_v3_pred_3": 2.86102294921875e-06,
    "predict_and_compile_model_5_multimer_v3_pred_3": 43.48868751525879,
    "relax_model_5_multimer_v3_pred_3": 21.024373054504395,
    "process_features_model_5_multimer_v3_pred_4": 2.384185791015625e-06,
    "predict_and_compile_model_5_multimer_v3_pred_4": 43.57086420059204,
    "relax_model_5_multimer_v3_pred_4": 23.00766158103943
}