seed,sample,ranking_score
1,0,0.72180643854522
1,1,0.7350562384376221
1,2,0.7269195539122012
1,3,0.7164144902551486
1,4,0.7288752726331168
