seed,sample,ranking_score
1,0,0.6058158576628461
1,1,0.6039435858019762
1,2,0.6251749280213859
1,3,0.5843605196272765
1,4,0.6296647891029635
