seed,sample,ranking_score
1,0,0.5361748948826436
1,1,0.5651542338198197
1,2,0.5547101618879723
1,3,0.5538543922526107
1,4,0.5586600154040595
