seed,sample,ranking_score
5,0,0.4757127482049206
5,1,0.49171335684887196
5,2,0.4790358607812365
5,3,0.4660450590021335
5,4,0.4213158647061611
