seed,sample,ranking_score
1,0,0.6531573040605606
1,1,0.670788671506247
1,2,0.6698914260011759
1,3,0.670120992033068
1,4,0.6672549751629075
