seed,sample,ranking_score
1,0,0.8621044343690765
1,1,0.8724463457043412
1,2,0.8845800380906355
1,3,0.8692135645442957
1,4,0.8567330921009554
