seed,sample,ranking_score
2,0,0.7854257419560671
2,1,0.7940610349856458
2,2,0.7850496599884289
2,3,0.788114625514906
2,4,0.7886716568045874
