seed,sample,ranking_score
1,0,0.8818225042875036
1,1,0.8640448780571334
1,2,0.8739511889320706
1,3,0.8523658072489673
1,4,0.862516870772609
