seed,sample,ranking_score
1,0,0.6066751107839654
1,1,0.6242192494026431
1,2,0.5991124562842649
1,3,0.6142149860895364
1,4,0.6377546804036498
