seed,sample,ranking_score
1,0,0.32094342879392457
1,1,0.3914875125475119
1,2,0.3944392991681831
1,3,0.386773007857717
1,4,0.39830019995392396
