seed,sample,ranking_score
4,0,0.5848801610391949
4,1,0.576666101321486
4,2,0.5684388329766106
4,3,0.5874019786920608
4,4,0.57488691935015
