{
    "features": 2.554520606994629,
    "process_features_model_1_multimer_v3_pred_0": 7.152557373046875e-06,
    "predict_and_compile_model_1_multimer_v3_pred_0": 166.22225499153137,
    "predict_benchmark_model_1_multimer_v3_pred_0": 83.61560249328613,
    "process_features_model_2_multimer_v3_pred_0": 1.8358230590820312e-05,
    "predict_and_compile_model_2_multimer_v3_pred_0": 125.76880693435669,
    "predict_benchmark_model_2_multimer_v3_pred_0": 39.09616661071777,
    "process_features_model_3_multimer_v3_pred_0": 2.0503997802734375e-05,
    "predict_and_compile_model_3_multimer_v3_pred_0": 168.47458338737488,
    "predict_benchmark_model_3_multimer_v3_pred_0": 83.47807550430298,
    "process_features_model_4_multimer_v3_pred_0": 2.2172927856445312e-05,
    "predict_and_compile_model_4_multimer_v3_pred_0": 154.5106439590454,
    "predict_benchmark_model_4_multimer_v3_pred_0": 65.0350193977356,
    "process_features_model_5_multimer_v3_pred_0": 8.344650268554688e-06,
    "predict_and_compile_model_5_multimer_v3_pred_0": 134.4397110939026,
    "predict_benchmark_model_5_multimer_v3_pred_0": 48.583101749420166
}