seed,sample,ranking_score
4,0,0.6332541415447148
4,1,0.620038386616753
4,2,0.6215112928933674
4,3,0.622766754763469
4,4,0.6596458548186435
