{
    "features": 0.39723682403564453,
    "process_features_model_1_multimer_v3_pred_0": 4.5299530029296875e-06,
    "predict_and_compile_model_1_multimer_v3_pred_0": 322.02062726020813,
    "predict_benchmark_model_1_multimer_v3_pred_0": 204.04534816741943,
    "process_features_model_2_multimer_v3_pred_0": 3.814697265625e-06,
    "predict_and_compile_model_2_multimer_v3_pred_0": 317.3491632938385,
    "predict_benchmark_model_2_multimer_v3_pred_0": 204.18238234519958,
    "process_features_model_3_multimer_v3_pred_0": 3.5762786865234375e-06,
    "predict_and_compile_model_3_multimer_v3_pred_0": 320.0405786037445,
    "predict_benchmark_model_3_multimer_v3_pred_0": 203.87291741371155,
    "process_features_model_4_multimer_v3_pred_0": 3.5762786865234375e-06,
    "predict_and_compile_model_4_multimer_v3_pred_0": 319.1273171901703,
    "predict_benchmark_model_4_multimer_v3_pred_0": 197.97672390937805,
    "process_features_model_5_multimer_v3_pred_0": 5.245208740234375e-06,
    "predict_and_compile_model_5_multimer_v3_pred_0": 320.8843548297882,
    "predict_benchmark_model_5_multimer_v3_pred_0": 197.94796633720398
}