seed,sample,ranking_score
1,0,0.8147123527424148
1,1,0.808104481815096
1,2,0.8251786289012393
1,3,0.8113156347590673
1,4,0.8159296272261272
