seed,sample,ranking_score
1,0,0.42209568714748774
1,1,0.4047423422024272
1,2,0.40675224772393204
1,3,0.31290958152880155
1,4,0.3965623225876067
