seed,sample,ranking_score
1,0,0.6509645143698488
1,1,0.6212803838948463
1,2,0.6112205484487958
1,3,0.5906354014456485
1,4,0.6115917458402833
