seed,sample,ranking_score
1,0,0.6344509995139732
1,1,0.6200296037514907
1,2,0.633373119716524
1,3,0.6427410242752333
1,4,0.6452654913871051
