seed,sample,ranking_score
1,0,0.3348399138856975
1,1,0.3565559272057003
1,2,0.36569881010583083
1,3,0.3273094395810479
1,4,0.4011685095011063
