seed,sample,ranking_score
1,0,0.7733069095178229
1,1,0.7584738575821777
1,2,0.758864561877372
1,3,0.7624671791972445
1,4,0.7545017652046253
