seed,sample,ranking_score
4,0,0.7296461024955353
4,1,0.7292821320372068
4,2,0.742462668614435
4,3,0.7269035877901847
4,4,0.7031295505270223
