seed,sample,ranking_score
1,0,0.8252248809058831
1,1,0.8156483804055596
1,2,0.8207286924244164
1,3,0.8248554572255747
1,4,0.8379806882476414
