seed,sample,ranking_score
1,0,0.7249110475126193
1,1,0.6717269980483931
1,2,0.7247128272351044
1,3,0.731659554613729
1,4,0.7418786553012666
