seed,sample,ranking_score
1,0,0.5613874975032567
1,1,0.5621185249468578
1,2,0.5595724358772941
1,3,0.5523289608233758
1,4,0.5626900494938546
