{
    "features": 0.12750029563903809,
    "process_features_model_1_multimer_v3_pred_0": 4.291534423828125e-06,
    "predict_and_compile_model_1_multimer_v3_pred_0": 111.98004150390625,
    "predict_benchmark_model_1_multimer_v3_pred_0": 32.75597953796387,
    "process_features_model_2_multimer_v3_pred_0": 1.33514404296875e-05,
    "predict_and_compile_model_2_multimer_v3_pred_0": 112.13724946975708,
    "predict_benchmark_model_2_multimer_v3_pred_0": 32.7443904876709,
    "process_features_model_3_multimer_v3_pred_0": 1.5735626220703125e-05,
    "predict_and_compile_model_3_multimer_v3_pred_0": 124.81915879249573,
    "predict_benchmark_model_3_multimer_v3_pred_0": 42.127201795578,
    "process_features_model_4_multimer_v3_pred_0": 2.1457672119140625e-05,
    "predict_and_compile_model_4_multimer_v3_pred_0": 129.71980142593384,
    "predict_benchmark_model_4_multimer_v3_pred_0": 40.66015982627869,
    "process_features_model_5_multimer_v3_pred_0": 4.076957702636719e-05,
    "predict_and_compile_model_5_multimer_v3_pred_0": 184.2942407131195,
    "predict_benchmark_model_5_multimer_v3_pred_0": 94.65493535995483
}