seed,sample,ranking_score
1,0,0.4981221777745392
1,1,0.50525378855977
1,2,0.49163335136382935
1,3,0.4909871969211981
1,4,0.48189405377311595
