seed,sample,ranking_score
1,0,0.6938200433922346
1,1,0.7008245496154739
1,2,0.7328672703749554
1,3,0.6890409363661067
1,4,0.7144728345400133
