seed,sample,ranking_score
1,0,0.32120194486783116
1,1,0.35004306896184845
1,2,0.35178792090166844
1,3,0.34834188985589143
1,4,0.3441828983990654
