seed,sample,ranking_score
1,0,0.48538462553643114
1,1,0.4908436230532257
1,2,0.47552294845474674
1,3,0.5003668146548084
1,4,0.5009718260024554
