seed,sample,ranking_score
1,0,0.6353207209573233
1,1,0.631194130642115
1,2,0.6234491100088474
1,3,0.6377545006848426
1,4,0.6291483032997371
