seed,sample,ranking_score
1,0,1.0321283127839467
1,1,1.02438414004428
1,2,1.0255628203921294
1,3,1.027835275363232
1,4,1.0229610398238271
