seed,sample,ranking_score
1,0,0.9115200190107262
1,1,0.9105660606694166
1,2,0.9098029846968954
1,3,0.9106146567267646
1,4,0.9076192126693545
