seed,sample,ranking_score
1,0,0.7885509516839065
1,1,0.7008020749819225
1,2,0.7573823726384842
1,3,0.6431109983611151
1,4,0.7771804008694445
