{
    "features": 0.0045185089111328125,
    "process_features_model_1_multimer_v3_pred_0": 3.814697265625e-06,
    "predict_and_compile_model_1_multimer_v3_pred_0": 155.38281917572021,
    "relax_model_1_multimer_v3_pred_0": 19.677956581115723,
    "process_features_model_1_multimer_v3_pred_1": 3.337860107421875e-06,
    "predict_and_compile_model_1_multimer_v3_pred_1": 55.614444971084595,
    "relax_model_1_multimer_v3_pred_1": 26.140872955322266,
    "process_features_model_1_multimer_v3_pred_2": 2.384185791015625e-06,
    "predict_and_compile_model_1_multimer_v3_pred_2": 29.14630889892578,
    "relax_model_1_multimer_v3_pred_2": 17.32140350341797,
    "process_features_model_1_multimer_v3_pred_3": 2.86102294921875e-06,
    "predict_and_compile_model_1_multimer_v3_pred_3": 34.02309560775757,
    "relax_model_1_multimer_v3_pred_3": 45.269280433654785,
    "process_features_model_1_multimer_v3_pred_4": 2.86102294921875e-06,
    "predict_and_compile_model_1_multimer_v3_pred_4": 41.315197467803955,
    "relax_model_1_multimer_v3_pred_4": 17.502516508102417,
    "process_features_model_2_multimer_v3_pred_0": 2.384185791015625e-06,
    "predict_and_compile_model_2_multimer_v3_pred_0": 181.6457450389862,
    "relax_model_2_multimer_v3_pred_0": 22.41971516609192,
    "process_features_model_2_multimer_v3_pred_1": 3.0994415283203125e-06,
    "predict_and_compile_model_2_multimer_v3_pred_1": 35.243680238723755,
    "relax_model_2_multimer_v3_pred_1": 49.68594789505005,
    "process_features_model_2_multimer_v3_pred_2": 2.86102294921875e-06,
    "predict_and_compile_model_2_multimer_v3_pred_2": 53.1482253074646,
    "relax_model_2_multimer_v3_pred_2": 35.14091515541077,
    "process_features_model_2_multimer_v3_pred_3": 3.337860107421875e-06,
    "predict_and_compile_model_2_multimer_v3_pred_3": 58.09814739227295,
    "relax_model_2_multimer_v3_pred_3": 17.92189383506775,
    "process_features_model_2_multimer_v3_pred_4": 2.6226043701171875e-06,
    "predict_and_compile_model_2_multimer_v3_pred_4": 33.9515438079834,
    "relax_model_2_multimer_v3_pred_4": 18.42209005355835,
    "process_features_model_3_multimer_v3_pred_0": 3.337860107421875e-06,
    "predict_and_compile_model_3_multimer_v3_pred_0": 158.27437281608582,
    "relax_model_3_multimer_v3_pred_0": 24.102776765823364,
    "process_features_model_3_multimer_v3_pred_1": 2.86102294921875e-06,
    "predict_and_compile_model_3_multimer_v3_pred_1": 53.09867000579834,
    "relax_model_3_multimer_v3_pred_1": 32.31422257423401,
    "process_features_model_3_multimer_v3_pred_2": 2.384185791015625e-06,
    "predict_and_compile_model_3_multimer_v3_pred_2": 33.99685001373291,
    "relax_model_3_multimer_v3_pred_2": 18.804654359817505,
    "process_features_model_3_multimer_v3_pred_3": 2.6226043701171875e-06,
    "predict_and_compile_model_3_multimer_v3_pred_3": 44.41655087471008,
    "relax_model_3_multimer_v3_pred_3": 24.380448579788208,
    "process_features_model_3_multimer_v3_pred_4": 2.384185791015625e-06,
    "predict_and_compile_model_3_multimer_v3_pred_4": 29.12894630432129,
    "relax_model_3_multimer_v3_pred_4": 17.6068856716156,
    "process_features_model_4_multimer_v3_pred_0": 2.86102294921875e-06,
    "predict_and_compile_model_4_multimer_v3_pred_0": 160.05461072921753,
    "relax_model_4_multimer_v3_pred_0": 50.671987533569336,
    "process_features_model_4_multimer_v3_pred_1": 3.5762786865234375e-06,
    "predict_and_compile_model_4_multimer_v3_pred_1": 66.35598349571228,
    "relax_model_4_multimer_v3_pred_1": 18.473005056381226,
    "process_features_model_4_multimer_v3_pred_2": 2.86102294921875e-06,
    "predict_and_compile_model_4_multimer_v3_pred_2": 33.43172740936279,
    "relax_model_4_multimer_v3_pred_2": 18.359051942825317,
    "process_features_model_4_multimer_v3_pred_3": 2.86102294921875e-06,
    "predict_and_compile_model_4_multimer_v3_pred_3": 38.17950415611267,
    "relax_model_4_multimer_v3_pred_3": 61.9864866733551,
    "process_features_model_4_multimer_v3_pred_4": 2.384185791015625e-06,
    "predict_and_compile_model_4_multimer_v3_pred_4": 60.974772453308105,
    "relax_model_4_multimer_v3_pred_4": 17.951264142990112,
    "process_features_model_5_multimer_v3_pred_0": 2.6226043701171875e-06,
    "predict_and_compile_model_5_multimer_v3_pred_0": 168.9456126689911,
    "relax_model_5_multimer_v3_pred_0": 19.12651538848877,
    "process_features_model_5_multimer_v3_pred_1": 3.337860107421875e-06,
    "predict_and_compile_model_5_multimer_v3_pred_1": 47.66488766670227,
    "relax_model_5_multimer_v3_pred_1": 17.446643114089966,
    "process_features_model_5_multimer_v3_pred_2": 2.1457672119140625e-06,
    "predict_and_compile_model_5_multimer_v3_pred_2": 67.12628173828125,
    "relax_model_5_multimer_v3_pred_2": 41.77876925468445,
    "process_features_model_5_multimer_v3_pred_3": 2.6226043701171875e-06,
    "predict_and_compile_model_5_multimer_v3_pred_3": 52.48154807090759,
    "relax_model_5_multimer_v3_pred_3": 18.62833333015442,
    "process_features_model_5_multimer_v3_pred_4": 2.86102294921875e-06,
    "predict_and_compile_model_5_multimer_v3_pred_4": 47.56818199157715,
    "relax_model_5_multimer_v3_pred_4": 17.24406599998474
}