seed,sample,ranking_score
1,0,0.6099146974444032
1,1,0.5871554777916079
1,2,0.5478931887496967
1,3,0.5553370061883812
1,4,0.5857391049915786
