seed,sample,ranking_score
1,0,0.7891424154324511
1,1,0.7904995706950961
1,2,0.7949205284816019
1,3,0.7952637701612233
1,4,0.7980962413893452
