{
    "iptm+ptm": {
        "model_1_multimer_v3_pred_0": 0.8031616819505754,
        "model_1_multimer_v3_pred_1": 0.8044568421148532,
        "model_1_multimer_v3_pred_2": 0.8046230151338006,
        "model_1_multimer_v3_pred_3": 0.7988152636086457,
        "model_1_multimer_v3_pred_4": 0.7973981617305426,
        "model_2_multimer_v3_pred_0": 0.7976494276781567,
        "model_2_multimer_v3_pred_1": 0.792529854727145,
        "model_2_multimer_v3_pred_2": 0.8048535025864947,
        "model_2_multimer_v3_pred_3": 0.7945137441687785,
        "model_2_multimer_v3_pred_4": 0.8010555561621066,
        "model_3_multimer_v3_pred_0": 0.7085278495651709,
        "model_3_multimer_v3_pred_1": 0.7488736960748864,
        "model_3_multimer_v3_pred_2": 0.7598473566008633,
        "model_3_multimer_v3_pred_3": 0.729681950522666,
        "model_3_multimer_v3_pred_4": 0.7628087760820836,
        "model_4_multimer_v3_pred_0": 0.8139130340386113,
        "model_4_multimer_v3_pred_1": 0.804301489383037,
        "model_4_multimer_v3_pred_2": 0.622794064641816,
        "model_4_multimer_v3_pred_3": 0.6741397199028006,
        "model_4_multimer_v3_pred_4": 0.8063324847687088,
        "model_5_multimer_v3_pred_0": 0.6429813870937198,
        "model_5_multimer_v3_pred_1": 0.821837857894861,
        "model_5_multimer_v3_pred_2": 0.7346318451364399,
        "model_5_multimer_v3_pred_3": 0.8176813565529368,
        "model_5_multimer_v3_pred_4": 0.8185292002688546
    },
    "order": [
        "model_5_multimer_v3_pred_1",
        "model_5_multimer_v3_pred_4",
        "model_5_multimer_v3_pred_3",
        "model_4_multimer_v3_pred_0",
        "model_4_multimer_v3_pred_4",
        "model_2_multimer_v3_pred_2",
        "model_1_multimer_v3_pred_2",
        "model_1_multimer_v3_pred_1",
        "model_4_multimer_v3_pred_1",
        "model_1_multimer_v3_pred_0",
        "model_2_multimer_v3_pred_4",
        "model_1_multimer_v3_pred_3",
        "model_2_multimer_v3_pred_0",
        "model_1_multimer_v3_pred_4",
        "model_2_multimer_v3_pred_3",
        "model_2_multimer_v3_pred_1",
        "model_3_multimer_v3_pred_4",
        "model_3_multimer_v3_pred_2",
        "model_3_multimer_v3_pred_1",
        "model_5_multimer_v3_pred_2",
        "model_3_multimer_v3_pred_3",
        "model_3_multimer_v3_pred_0",
        "model_4_multimer_v3_pred_3",
        "model_5_multimer_v3_pred_0",
        "model_4_multimer_v3_pred_2"
    ]
}