{
    "features": 0.031641244888305664,
    "process_features_model_1_multimer_v3_pred_0": 4.76837158203125e-06,
    "predict_and_compile_model_1_multimer_v3_pred_0": 266.2352659702301,
    "predict_benchmark_model_1_multimer_v3_pred_0": 185.8273410797119,
    "process_features_model_2_multimer_v3_pred_0": 5.7220458984375e-06,
    "predict_and_compile_model_2_multimer_v3_pred_0": 267.3455054759979,
    "predict_benchmark_model_2_multimer_v3_pred_0": 185.89024424552917,
    "process_features_model_3_multimer_v3_pred_0": 2.193450927734375e-05,
    "predict_and_compile_model_3_multimer_v3_pred_0": 269.5850450992584,
    "predict_benchmark_model_3_multimer_v3_pred_0": 185.77760100364685,
    "process_features_model_4_multimer_v3_pred_0": 1.5735626220703125e-05,
    "predict_and_compile_model_4_multimer_v3_pred_0": 263.86708784103394,
    "predict_benchmark_model_4_multimer_v3_pred_0": 180.17196321487427,
    "process_features_model_5_multimer_v3_pred_0": 2.47955322265625e-05,
    "predict_and_compile_model_5_multimer_v3_pred_0": 264.260769367218,
    "predict_benchmark_model_5_multimer_v3_pred_0": 180.10742735862732
}