{
    "features": 0.007923126220703125,
    "process_features_model_1_multimer_v3_pred_0": 2.86102294921875e-06,
    "predict_and_compile_model_1_multimer_v3_pred_0": 227.68026542663574,
    "relax_model_1_multimer_v3_pred_0": 36.12004590034485,
    "process_features_model_1_multimer_v3_pred_1": 5.0067901611328125e-06,
    "predict_and_compile_model_1_multimer_v3_pred_1": 49.295417070388794,
    "relax_model_1_multimer_v3_pred_1": 36.11645030975342,
    "process_features_model_1_multimer_v3_pred_2": 5.4836273193359375e-06,
    "predict_and_compile_model_1_multimer_v3_pred_2": 61.59862971305847,
    "relax_model_1_multimer_v3_pred_2": 21.737685203552246,
    "process_features_model_1_multimer_v3_pred_3": 4.0531158447265625e-06,
    "predict_and_compile_model_1_multimer_v3_pred_3": 49.29210329055786,
    "relax_model_1_multimer_v3_pred_3": 40.009392976760864,
    "process_features_model_1_multimer_v3_pred_4": 3.814697265625e-06,
    "predict_and_compile_model_1_multimer_v3_pred_4": 49.31140851974487,
    "relax_model_1_multimer_v3_pred_4": 38.05278778076172,
    "process_features_model_2_multimer_v3_pred_0": 4.0531158447265625e-06,
    "predict_and_compile_model_2_multimer_v3_pred_0": 239.24744701385498,
    "relax_model_2_multimer_v3_pred_0": 21.134276390075684,
    "process_features_model_2_multimer_v3_pred_1": 4.291534423828125e-06,
    "predict_and_compile_model_2_multimer_v3_pred_1": 73.70415306091309,
    "relax_model_2_multimer_v3_pred_1": 22.337836503982544,
    "process_features_model_2_multimer_v3_pred_2": 2.86102294921875e-06,
    "predict_and_compile_model_2_multimer_v3_pred_2": 73.96543979644775,
    "relax_model_2_multimer_v3_pred_2": 24.467252731323242,
    "process_features_model_2_multimer_v3_pred_3": 2.86102294921875e-06,
    "predict_and_compile_model_2_multimer_v3_pred_3": 61.470839500427246,
    "relax_model_2_multimer_v3_pred_3": 21.504464149475098,
    "process_features_model_2_multimer_v3_pred_4": 3.337860107421875e-06,
    "predict_and_compile_model_2_multimer_v3_pred_4": 49.249043464660645,
    "relax_model_2_multimer_v3_pred_4": 21.22474217414856,
    "process_features_model_3_multimer_v3_pred_0": 3.0994415283203125e-06,
    "predict_and_compile_model_3_multimer_v3_pred_0": 214.64375734329224,
    "relax_model_3_multimer_v3_pred_0": 22.363973379135132,
    "process_features_model_3_multimer_v3_pred_1": 3.337860107421875e-06,
    "predict_and_compile_model_3_multimer_v3_pred_1": 61.630635261535645,
    "relax_model_3_multimer_v3_pred_1": 22.098358631134033,
    "process_features_model_3_multimer_v3_pred_2": 3.337860107421875e-06,
    "predict_and_compile_model_3_multimer_v3_pred_2": 73.7679660320282,
    "relax_model_3_multimer_v3_pred_2": 21.724595308303833,
    "process_features_model_3_multimer_v3_pred_3": 3.0994415283203125e-06,
    "predict_and_compile_model_3_multimer_v3_pred_3": 49.64788484573364,
    "relax_model_3_multimer_v3_pred_3": 25.292031049728394,
    "process_features_model_3_multimer_v3_pred_4": 2.86102294921875e-06,
    "predict_and_compile_model_3_multimer_v3_pred_4": 49.28014397621155,
    "relax_model_3_multimer_v3_pred_4": 22.92417049407959,
    "process_features_model_4_multimer_v3_pred_0": 2.86102294921875e-06,
    "predict_and_compile_model_4_multimer_v3_pred_0": 230.023188829422,
    "relax_model_4_multimer_v3_pred_0": 21.47781276702881,
    "process_features_model_4_multimer_v3_pred_1": 3.0994415283203125e-06,
    "predict_and_compile_model_4_multimer_v3_pred_1": 48.54659152030945,
    "relax_model_4_multimer_v3_pred_1": 22.493993997573853,
    "process_features_model_4_multimer_v3_pred_2": 1.9073486328125e-05,
    "predict_and_compile_model_4_multimer_v3_pred_2": 48.44254112243652,
    "relax_model_4_multimer_v3_pred_2": 21.52585458755493,
    "process_features_model_4_multimer_v3_pred_3": 3.5762786865234375e-06,
    "predict_and_compile_model_4_multimer_v3_pred_3": 60.49576425552368,
    "relax_model_4_multimer_v3_pred_3": 23.972756147384644,
    "process_features_model_4_multimer_v3_pred_4": 3.337860107421875e-06,
    "predict_and_compile_model_4_multimer_v3_pred_4": 48.4245982170105,
    "relax_model_4_multimer_v3_pred_4": 21.380678176879883,
    "process_features_model_5_multimer_v3_pred_0": 3.5762786865234375e-06,
    "predict_and_compile_model_5_multimer_v3_pred_0": 213.71926975250244,
    "relax_model_5_multimer_v3_pred_0": 21.13446354866028,
    "process_features_model_5_multimer_v3_pred_1": 3.337860107421875e-06,
    "predict_and_compile_model_5_multimer_v3_pred_1": 60.532052993774414,
    "relax_model_5_multimer_v3_pred_1": 20.318791151046753,
    "process_features_model_5_multimer_v3_pred_2": 4.0531158447265625e-06,
    "predict_and_compile_model_5_multimer_v3_pred_2": 60.552369117736816,
    "relax_model_5_multimer_v3_pred_2": 20.29460835456848,
    "process_features_model_5_multimer_v3_pred_3": 3.0994415283203125e-06,
    "predict_and_compile_model_5_multimer_v3_pred_3": 48.495615005493164,
    "relax_model_5_multimer_v3_pred_3": 21.27868413925171,
    "process_features_model_5_multimer_v3_pred_4": 3.337860107421875e-06,
    "predict_and_compile_model_5_multimer_v3_pred_4": 48.59712886810303,
    "relax_model_5_multimer_v3_pred_4": 22.488107681274414
}