seed,sample,ranking_score
1,0,0.6879730118545369
1,1,0.7035286545047086
1,2,0.6915222947797169
1,3,0.6963823883096125
1,4,0.6836093515784067
