seed,sample,ranking_score
5,0,0.6717064906821962
5,1,0.6793124113585748
5,2,0.7052854570673611
5,3,0.6581247894953625
5,4,0.6536741834318602
