seed,sample,ranking_score
4,0,0.9499457022043114
4,1,0.9471570461364602
4,2,0.9445466945272738
4,3,0.9257283222887973
4,4,0.9370969722878796
