seed,sample,ranking_score
1,0,0.2877576739196711
1,1,0.24862316143860508
1,2,0.3187210457156303
1,3,0.2785193742883927
1,4,0.27695265452002993
