seed,sample,ranking_score
1,0,0.8685563107794572
1,1,0.8677268150754419
1,2,0.8630592835151633
1,3,0.8865380486613745
1,4,0.8452725014430957
