{
    "features": 0.13856792449951172,
    "process_features_model_1_multimer_v3_pred_0": 4.5299530029296875e-06,
    "predict_and_compile_model_1_multimer_v3_pred_0": 460.1339840888977,
    "predict_benchmark_model_1_multimer_v3_pred_0": 340.41390228271484,
    "process_features_model_2_multimer_v3_pred_0": 3.337860107421875e-06,
    "predict_and_compile_model_2_multimer_v3_pred_0": 454.2783148288727,
    "predict_benchmark_model_2_multimer_v3_pred_0": 340.37184739112854,
    "process_features_model_3_multimer_v3_pred_0": 3.5762786865234375e-06,
    "predict_and_compile_model_3_multimer_v3_pred_0": 456.2469666004181,
    "predict_benchmark_model_3_multimer_v3_pred_0": 340.2221612930298,
    "process_features_model_4_multimer_v3_pred_0": 3.5762786865234375e-06,
    "predict_and_compile_model_4_multimer_v3_pred_0": 453.02865958213806,
    "predict_benchmark_model_4_multimer_v3_pred_0": 331.5965039730072,
    "process_features_model_5_multimer_v3_pred_0": 3.5762786865234375e-06,
    "predict_and_compile_model_5_multimer_v3_pred_0": 447.68550848960876,
    "predict_benchmark_model_5_multimer_v3_pred_0": 331.2658221721649
}