seed,sample,ranking_score
1,0,0.7409732223594325
1,1,0.747279335182544
1,2,0.7408832962532379
1,3,0.7178209352509575
1,4,0.7294473452811608
