seed,sample,ranking_score
1,0,0.43879004654714926
1,1,0.4060202489451009
1,2,0.46032474807404905
1,3,0.4472396815385824
1,4,0.44507139437646703
