seed,sample,ranking_score
5,0,0.9851270686897895
5,1,0.9920150311687826
5,2,0.9794450088781225
5,3,0.9972881361099822
5,4,0.9871234049620774
