seed,sample,ranking_score
2,0,0.7954537995008218
2,1,0.7789749793652432
2,2,0.7871443321109384
2,3,0.7739402749051849
2,4,0.7711887721205626
