seed,sample,ranking_score
1,0,0.6221076721017303
1,1,0.6603713514716791
1,2,0.6181210929455466
1,3,0.6381342018792352
1,4,0.6356540313325865
