seed,sample,ranking_score
1,0,0.7098164360369565
1,1,0.4898125616448912
1,2,0.7185490989099781
1,3,0.7090267081158549
1,4,0.7327415579844399
