seed,sample,ranking_score
1,0,0.774667862923066
1,1,0.7440963936209658
1,2,0.7588401660424459
1,3,0.7814014700672675
1,4,0.7346505297996262
