seed,sample,ranking_score
1,0,0.6458251422306034
1,1,0.6530920433129231
1,2,0.6456747027765126
1,3,0.6574860942455358
1,4,0.6567249386275428
