seed,sample,ranking_score
1,0,0.2874694851500111
1,1,0.2966787592187413
1,2,0.2749237169576764
1,3,0.2943914182972221
1,4,0.3034190163888356
