seed,sample,ranking_score
1,0,0.39564816220041
1,1,0.3801004376210992
1,2,0.3839392692085677
1,3,0.3833219652963544
1,4,0.3925468732682492
