seed,sample,ranking_score
1,0,0.6667311336142336
1,1,0.6662054065323829
1,2,0.6562822647881088
1,3,0.648965022237558
1,4,0.674628432394224
