seed,sample,ranking_score
1,0,0.5427892817477535
1,1,0.5788442460163502
1,2,0.5700119429904899
1,3,0.5403554342087441
1,4,0.5717239567136352
