seed,sample,ranking_score
4,0,0.9601437152572934
4,1,0.9625262578806202
4,2,0.9573523194041546
4,3,0.973062239704428
4,4,0.9568473640660723
