seed,sample,ranking_score
1,0,0.5072737469906572
1,1,0.5347201965195579
1,2,0.5442897007373231
1,3,0.4908936857304472
1,4,0.5410481653186752
