seed,sample,ranking_score
1,0,0.5982833112215347
1,1,0.6015233557149955
1,2,0.5714992381311301
1,3,0.6163573529522455
1,4,0.5877274796574586
