seed,sample,ranking_score
1,0,0.6738457340110997
1,1,0.6655192420728276
1,2,0.6835525724870006
1,3,0.6828509375501439
1,4,0.7499178795219308
