{
    "features": 0.02125096321105957,
    "process_features_model_1_multimer_v3_pred_0": 4.5299530029296875e-06,
    "predict_and_compile_model_1_multimer_v3_pred_0": 300.4711649417877,
    "predict_benchmark_model_1_multimer_v3_pred_0": 219.18899130821228,
    "process_features_model_2_multimer_v3_pred_0": 2.0742416381835938e-05,
    "predict_and_compile_model_2_multimer_v3_pred_0": 300.0263135433197,
    "predict_benchmark_model_2_multimer_v3_pred_0": 218.96869683265686,
    "process_features_model_3_multimer_v3_pred_0": 2.47955322265625e-05,
    "predict_and_compile_model_3_multimer_v3_pred_0": 304.8148124217987,
    "predict_benchmark_model_3_multimer_v3_pred_0": 219.12646174430847,
    "process_features_model_4_multimer_v3_pred_0": 2.1696090698242188e-05,
    "predict_and_compile_model_4_multimer_v3_pred_0": 298.7401387691498,
    "predict_benchmark_model_4_multimer_v3_pred_0": 212.26814198493958,
    "process_features_model_5_multimer_v3_pred_0": 2.0265579223632812e-05,
    "predict_and_compile_model_5_multimer_v3_pred_0": 297.8161475658417,
    "predict_benchmark_model_5_multimer_v3_pred_0": 212.27734923362732
}