seed,sample,ranking_score
1,0,0.664285434348199
1,1,0.6619576599735107
1,2,0.6635047247517141
1,3,0.677545671770087
1,4,0.6618209603583716
