seed,sample,ranking_score
1,0,0.5687424891733006
1,1,0.5641160118515707
1,2,0.5903517585358282
1,3,0.5772349504318071
1,4,0.5587728845552
