seed,sample,ranking_score
1,0,0.9752137356878001
1,1,0.9791220596995337
1,2,0.9874188354798563
1,3,0.9646512289827678
1,4,0.9268784591740352
