seed,sample,ranking_score
1,0,0.6025458267782701
1,1,0.6433924365990701
1,2,0.651298756277594
1,3,0.7559191263101998
1,4,0.7389151178264224
