seed,sample,ranking_score
1,0,0.45635410823843536
1,1,0.45651761049952994
1,2,0.45275609567218406
1,3,0.4474432444898067
1,4,0.44904716039989917
