seed,sample,ranking_score
1,0,0.7035641924300758
1,1,0.47169874652508004
1,2,0.6918731718436596
1,3,0.5129057274537396
1,4,0.5421543996372928
