seed,sample,ranking_score
2,0,0.786266650386235
2,1,0.7817492614585578
2,2,0.7509278592306493
2,3,0.7625471251896317
2,4,0.6547280647042412
