seed,sample,ranking_score
4,0,0.7917534782433505
4,1,0.790907217343805
4,2,0.7854552003469077
4,3,0.7741192783921506
4,4,0.7921322161904365
