{
    "features": 0.008423089981079102,
    "process_features_model_1_multimer_v3_pred_0": 3.337860107421875e-06,
    "predict_and_compile_model_1_multimer_v3_pred_0": 303.4639205932617,
    "relax_model_1_multimer_v3_pred_0": 31.602998733520508,
    "process_features_model_1_multimer_v3_pred_1": 3.0994415283203125e-06,
    "predict_and_compile_model_1_multimer_v3_pred_1": 185.70045065879822,
    "relax_model_1_multimer_v3_pred_1": 28.538994312286377,
    "process_features_model_1_multimer_v3_pred_2": 2.6226043701171875e-06,
    "predict_and_compile_model_1_multimer_v3_pred_2": 185.61904644966125,
    "relax_model_1_multimer_v3_pred_2": 29.954309463500977,
    "process_features_model_1_multimer_v3_pred_3": 2.384185791015625e-06,
    "predict_and_compile_model_1_multimer_v3_pred_3": 185.79377055168152,
    "relax_model_1_multimer_v3_pred_3": 29.831881761550903,
    "process_features_model_1_multimer_v3_pred_4": 3.0994415283203125e-06,
    "predict_and_compile_model_1_multimer_v3_pred_4": 185.76982593536377,
    "relax_model_1_multimer_v3_pred_4": 28.913020610809326,
    "process_features_model_2_multimer_v3_pred_0": 2.86102294921875e-06,
    "predict_and_compile_model_2_multimer_v3_pred_0": 299.9030737876892,
    "relax_model_2_multimer_v3_pred_0": 30.855228185653687,
    "process_features_model_2_multimer_v3_pred_1": 2.86102294921875e-06,
    "predict_and_compile_model_2_multimer_v3_pred_1": 185.7669448852539,
    "relax_model_2_multimer_v3_pred_1": 41.28869557380676,
    "process_features_model_2_multimer_v3_pred_2": 2.86102294921875e-06,
    "predict_and_compile_model_2_multimer_v3_pred_2": 185.65895009040833,
    "relax_model_2_multimer_v3_pred_2": 40.05372738838196,
    "process_features_model_2_multimer_v3_pred_3": 2.86102294921875e-06,
    "predict_and_compile_model_2_multimer_v3_pred_3": 62.34768557548523,
    "relax_model_2_multimer_v3_pred_3": 29.370604515075684,
    "process_features_model_2_multimer_v3_pred_4": 2.86102294921875e-06,
    "predict_and_compile_model_2_multimer_v3_pred_4": 150.56911039352417,
    "relax_model_2_multimer_v3_pred_4": 53.336740255355835,
    "process_features_model_3_multimer_v3_pred_0": 3.337860107421875e-06,
    "predict_and_compile_model_3_multimer_v3_pred_0": 302.10134744644165,
    "relax_model_3_multimer_v3_pred_0": 28.228432416915894,
    "process_features_model_3_multimer_v3_pred_1": 4.0531158447265625e-06,
    "predict_and_compile_model_3_multimer_v3_pred_1": 124.11952948570251,
    "relax_model_3_multimer_v3_pred_1": 28.247915267944336,
    "process_features_model_3_multimer_v3_pred_2": 2.384185791015625e-06,
    "predict_and_compile_model_3_multimer_v3_pred_2": 185.966566324234,
    "relax_model_3_multimer_v3_pred_2": 33.418297290802,
    "process_features_model_3_multimer_v3_pred_3": 2.86102294921875e-06,
    "predict_and_compile_model_3_multimer_v3_pred_3": 185.70046639442444,
    "relax_model_3_multimer_v3_pred_3": 29.397863388061523,
    "process_features_model_3_multimer_v3_pred_4": 2.6226043701171875e-06,
    "predict_and_compile_model_3_multimer_v3_pred_4": 185.6533579826355,
    "relax_model_3_multimer_v3_pred_4": 53.14939594268799,
    "process_features_model_4_multimer_v3_pred_0": 2.6226043701171875e-06,
    "predict_and_compile_model_4_multimer_v3_pred_0": 303.22465538978577,
    "relax_model_4_multimer_v3_pred_0": 30.470542907714844,
    "process_features_model_4_multimer_v3_pred_1": 3.0994415283203125e-06,
    "predict_and_compile_model_4_multimer_v3_pred_1": 181.36468696594238,
    "relax_model_4_multimer_v3_pred_1": 55.525240898132324,
    "process_features_model_4_multimer_v3_pred_2": 3.0994415283203125e-06,
    "predict_and_compile_model_4_multimer_v3_pred_2": 181.70764207839966,
    "relax_model_4_multimer_v3_pred_2": 29.278309106826782,
    "process_features_model_4_multimer_v3_pred_3": 9.775161743164062e-06,
    "predict_and_compile_model_4_multimer_v3_pred_3": 181.52533674240112,
    "relax_model_4_multimer_v3_pred_3": 40.20342516899109,
    "process_features_model_4_multimer_v3_pred_4": 2.6226043701171875e-06,
    "predict_and_compile_model_4_multimer_v3_pred_4": 181.48494791984558,
    "relax_model_4_multimer_v3_pred_4": 51.58046364784241,
    "process_features_model_5_multimer_v3_pred_0": 2.86102294921875e-06,
    "predict_and_compile_model_5_multimer_v3_pred_0": 290.7908627986908,
    "relax_model_5_multimer_v3_pred_0": 40.26422572135925,
    "process_features_model_5_multimer_v3_pred_1": 3.0994415283203125e-06,
    "predict_and_compile_model_5_multimer_v3_pred_1": 181.64119291305542,
    "relax_model_5_multimer_v3_pred_1": 54.879794120788574,
    "process_features_model_5_multimer_v3_pred_2": 2.6226043701171875e-06,
    "predict_and_compile_model_5_multimer_v3_pred_2": 181.27237629890442,
    "relax_model_5_multimer_v3_pred_2": 53.958441495895386,
    "process_features_model_5_multimer_v3_pred_3": 3.0994415283203125e-06,
    "predict_and_compile_model_5_multimer_v3_pred_3": 181.38211822509766,
    "relax_model_5_multimer_v3_pred_3": 42.337870836257935,
    "process_features_model_5_multimer_v3_pred_4": 2.6226043701171875e-06,
    "predict_and_compile_model_5_multimer_v3_pred_4": 155.611102104187,
    "relax_model_5_multimer_v3_pred_4": 51.793949127197266
}