seed,sample,ranking_score
1,0,0.5892112461843978
1,1,0.5862228304782866
1,2,0.45064296222280553
1,3,0.5524834683706819
1,4,0.5260098845455529
