{
    "iptm+ptm": {
        "model_1_multimer_v3_pred_0": 0.7145554656497866,
        "model_1_multimer_v3_pred_1": 0.6947295990100785,
        "model_1_multimer_v3_pred_2": 0.6963267430028859,
        "model_1_multimer_v3_pred_3": 0.6805155654438678,
        "model_1_multimer_v3_pred_4": 0.7120530990997405,
        "model_2_multimer_v3_pred_0": 0.6790984697218283,
        "model_2_multimer_v3_pred_1": 0.6020590970025768,
        "model_2_multimer_v3_pred_2": 0.5981211825712951,
        "model_2_multimer_v3_pred_3": 0.6443581244090606,
        "model_2_multimer_v3_pred_4": 0.672376974403379,
        "model_3_multimer_v3_pred_0": 0.6253279262286274,
        "model_3_multimer_v3_pred_1": 0.6166601414727921,
        "model_3_multimer_v3_pred_2": 0.5866348666052402,
        "model_3_multimer_v3_pred_3": 0.7701462923474848,
        "model_3_multimer_v3_pred_4": 0.5999095926609226,
        "model_4_multimer_v3_pred_0": 0.6041616542891955,
        "model_4_multimer_v3_pred_1": 0.613741059406989,
        "model_4_multimer_v3_pred_2": 0.6458170167309492,
        "model_4_multimer_v3_pred_3": 0.5832265005669267,
        "model_4_multimer_v3_pred_4": 0.5962362388856559,
        "model_5_multimer_v3_pred_0": 0.7971846841240982,
        "model_5_multimer_v3_pred_1": 0.8148953588288397,
        "model_5_multimer_v3_pred_2": 0.6189758435726924,
        "model_5_multimer_v3_pred_3": 0.6019446584277743,
        "model_5_multimer_v3_pred_4": 0.7851496906205742
    },
    "order": [
        "model_5_multimer_v3_pred_1",
        "model_5_multimer_v3_pred_0",
        "model_5_multimer_v3_pred_4",
        "model_3_multimer_v3_pred_3",
        "model_1_multimer_v3_pred_0",
        "model_1_multimer_v3_pred_4",
        "model_1_multimer_v3_pred_2",
        "model_1_multimer_v3_pred_1",
        "model_1_multimer_v3_pred_3",
        "model_2_multimer_v3_pred_0",
        "model_2_multimer_v3_pred_4",
        "model_4_multimer_v3_pred_2",
        "model_2_multimer_v3_pred_3",
        "model_3_multimer_v3_pred_0",
        "model_5_multimer_v3_pred_2",
        "model_3_multimer_v3_pred_1",
        "model_4_multimer_v3_pred_1",
        "model_4_multimer_v3_pred_0",
        "model_2_multimer_v3_pred_1",
        "model_5_multimer_v3_pred_3",
        "model_3_multimer_v3_pred_4",
        "model_2_multimer_v3_pred_2",
        "model_4_multimer_v3_pred_4",
        "model_3_multimer_v3_pred_2",
        "model_4_multimer_v3_pred_3"
    ]
}