seed,sample,ranking_score
1,0,0.5436689010444644
1,1,0.5098864108191635
1,2,0.5141433242251535
1,3,0.5459236820176668
1,4,0.5482080367485375
