seed,sample,ranking_score
1,0,0.9446806048179338
1,1,0.9380932980057476
1,2,0.9577974780490609
1,3,0.9536800304686297
1,4,0.9547665913096252
