seed,sample,ranking_score
2,0,0.9193099637120749
2,1,0.8974177222313244
2,2,0.92405215479883
2,3,0.92855769534342
2,4,0.9271449846223744
