{
    "iptm+ptm": {
        "model_1_multimer_v3_pred_0": 0.7677164697802878,
        "model_1_multimer_v3_pred_1": 0.744966884556321,
        "model_1_multimer_v3_pred_2": 0.7496884816705569,
        "model_1_multimer_v3_pred_3": 0.7763554477829606,
        "model_1_multimer_v3_pred_4": 0.75457669252226,
        "model_2_multimer_v3_pred_0": 0.7067751037056954,
        "model_2_multimer_v3_pred_1": 0.7447109735763491,
        "model_2_multimer_v3_pred_2": 0.6876233972594674,
        "model_2_multimer_v3_pred_3": 0.7438027539509584,
        "model_2_multimer_v3_pred_4": 0.7233576558621709,
        "model_3_multimer_v3_pred_0": 0.7349732557093953,
        "model_3_multimer_v3_pred_1": 0.8752049395790643,
        "model_3_multimer_v3_pred_2": 0.7486813092387016,
        "model_3_multimer_v3_pred_3": 0.7350421216271766,
        "model_3_multimer_v3_pred_4": 0.7476101295310762,
        "model_4_multimer_v3_pred_0": 0.7487331165790436,
        "model_4_multimer_v3_pred_1": 0.7096731811395498,
        "model_4_multimer_v3_pred_2": 0.8712294788566532,
        "model_4_multimer_v3_pred_3": 0.7201612800787653,
        "model_4_multimer_v3_pred_4": 0.7093862478577201,
        "model_5_multimer_v3_pred_0": 0.8695187236851084,
        "model_5_multimer_v3_pred_1": 0.8674953906230675,
        "model_5_multimer_v3_pred_2": 0.8786445312927754,
        "model_5_multimer_v3_pred_3": 0.8633541174606365,
        "model_5_multimer_v3_pred_4": 0.8701897597835261
    },
    "order": [
        "model_5_multimer_v3_pred_2",
        "model_3_multimer_v3_pred_1",
        "model_4_multimer_v3_pred_2",
        "model_5_multimer_v3_pred_4",
        "model_5_multimer_v3_pred_0",
        "model_5_multimer_v3_pred_1",
        "model_5_multimer_v3_pred_3",
        "model_1_multimer_v3_pred_3",
        "model_1_multimer_v3_pred_0",
        "model_1_multimer_v3_pred_4",
        "model_1_multimer_v3_pred_2",
        "model_4_multimer_v3_pred_0",
        "model_3_multimer_v3_pred_2",
        "model_3_multimer_v3_pred_4",
        "model_1_multimer_v3_pred_1",
        "model_2_multimer_v3_pred_1",
        "model_2_multimer_v3_pred_3",
        "model_3_multimer_v3_pred_3",
        "model_3_multimer_v3_pred_0",
        "model_2_multimer_v3_pred_4",
        "model_4_multimer_v3_pred_3",
        "model_4_multimer_v3_pred_1",
        "model_4_multimer_v3_pred_4",
        "model_2_multimer_v3_pred_0",
        "model_2_multimer_v3_pred_2"
    ]
}