seed,sample,ranking_score
4,0,0.7691798913528721
4,1,0.7629771527846367
4,2,0.7636692815104091
4,3,0.7572922860385327
4,4,0.7677928464815844
