{
    "features": 0.01920914649963379,
    "process_features_model_1_multimer_v3_pred_0": 3.814697265625e-06,
    "predict_and_compile_model_1_multimer_v3_pred_0": 183.4145987033844,
    "predict_benchmark_model_1_multimer_v3_pred_0": 98.78167343139648,
    "process_features_model_2_multimer_v3_pred_0": 1.8358230590820312e-05,
    "predict_and_compile_model_2_multimer_v3_pred_0": 123.02946352958679,
    "predict_benchmark_model_2_multimer_v3_pred_0": 37.20599102973938,
    "process_features_model_3_multimer_v3_pred_0": 1.7642974853515625e-05,
    "predict_and_compile_model_3_multimer_v3_pred_0": 169.68349027633667,
    "predict_benchmark_model_3_multimer_v3_pred_0": 86.72153830528259,
    "process_features_model_4_multimer_v3_pred_0": 1.7404556274414062e-05,
    "predict_and_compile_model_4_multimer_v3_pred_0": 127.21289730072021,
    "predict_benchmark_model_4_multimer_v3_pred_0": 41.87797951698303,
    "process_features_model_5_multimer_v3_pred_0": 3.147125244140625e-05,
    "predict_and_compile_model_5_multimer_v3_pred_0": 160.7421600818634,
    "predict_benchmark_model_5_multimer_v3_pred_0": 77.62958836555481
}