seed,sample,ranking_score
1,0,0.7365318571845811
1,1,0.7284140606878758
1,2,0.7408768743619913
1,3,0.7513899127333274
1,4,0.7331576255461961
