seed,sample,ranking_score
1,0,0.6531586709147615
1,1,0.6572551201264482
1,2,0.6455493272044842
1,3,0.598434920936712
1,4,0.650650031225797
