{
    "features": 0.02923750877380371,
    "process_features_model_1_multimer_v3_pred_0": 2.86102294921875e-06,
    "predict_and_compile_model_1_multimer_v3_pred_0": 114.19854259490967,
    "predict_benchmark_model_1_multimer_v3_pred_0": 35.87613558769226,
    "process_features_model_2_multimer_v3_pred_0": 2.1696090698242188e-05,
    "predict_and_compile_model_2_multimer_v3_pred_0": 134.16663193702698,
    "predict_benchmark_model_2_multimer_v3_pred_0": 53.58361315727234,
    "process_features_model_3_multimer_v3_pred_0": 2.6702880859375e-05,
    "predict_and_compile_model_3_multimer_v3_pred_0": 144.30755519866943,
    "predict_benchmark_model_3_multimer_v3_pred_0": 59.818135023117065,
    "process_features_model_4_multimer_v3_pred_0": 1.811981201171875e-05,
    "predict_and_compile_model_4_multimer_v3_pred_0": 207.71185946464539,
    "predict_benchmark_model_4_multimer_v3_pred_0": 122.31387519836426,
    "process_features_model_5_multimer_v3_pred_0": 3.695487976074219e-05,
    "predict_and_compile_model_5_multimer_v3_pred_0": 206.3989679813385,
    "predict_benchmark_model_5_multimer_v3_pred_0": 122.34853625297546
}