seed,sample,ranking_score
1,0,0.7105965311931851
1,1,0.7067336450936061
1,2,0.7252927468369944
1,3,0.7204379313979221
1,4,0.7034624449497614
