seed,sample,ranking_score
1,0,0.5553047579401045
1,1,0.5689489501723854
1,2,0.5654926412623339
1,3,0.5803962633939148
1,4,0.5689597816330794
