seed,sample,ranking_score
1,0,0.6148916823601572
1,1,0.6777944911386908
1,2,0.634569554736149
1,3,0.6283883830564605
1,4,0.5000034915248789
