seed,sample,ranking_score
1,0,0.32775613542725046
1,1,0.27420075096165897
1,2,0.3557056268730824
1,3,0.2889699766012368
1,4,0.3960603217424477
