seed,sample,ranking_score
1,0,0.8808874613932195
1,1,0.9018016425757183
1,2,0.8954776386946878
1,3,0.9062657083210011
1,4,0.8898209687187908
