{
    "features": 0.3629326820373535,
    "process_features_model_1_multimer_v3_pred_0": 4.76837158203125e-06,
    "predict_and_compile_model_1_multimer_v3_pred_0": 123.71429586410522,
    "predict_benchmark_model_1_multimer_v3_pred_0": 42.13949942588806,
    "process_features_model_2_multimer_v3_pred_0": 2.288818359375e-05,
    "predict_and_compile_model_2_multimer_v3_pred_0": 113.9710762500763,
    "predict_benchmark_model_2_multimer_v3_pred_0": 30.11613941192627,
    "process_features_model_3_multimer_v3_pred_0": 3.695487976074219e-05,
    "predict_and_compile_model_3_multimer_v3_pred_0": 126.22045302391052,
    "predict_benchmark_model_3_multimer_v3_pred_0": 36.110870122909546,
    "process_features_model_4_multimer_v3_pred_0": 2.8848648071289062e-05,
    "predict_and_compile_model_4_multimer_v3_pred_0": 117.88836336135864,
    "predict_benchmark_model_4_multimer_v3_pred_0": 29.13731026649475,
    "process_features_model_5_multimer_v3_pred_0": 2.765655517578125e-05,
    "predict_and_compile_model_5_multimer_v3_pred_0": 128.30194234848022,
    "predict_benchmark_model_5_multimer_v3_pred_0": 40.76120901107788
}