seed,sample,ranking_score
2,0,0.7143109501579357
2,1,0.7264820822165672
2,2,0.7350681669020893
2,3,0.7214051779111692
2,4,0.7254687656025643
