seed,sample,ranking_score
3,0,0.8078240546656756
3,1,0.7733101970901428
3,2,0.7731768786703791
3,3,0.752843683904299
3,4,0.7720217200987118
