seed,sample,ranking_score
3,0,0.8025940594802369
3,1,0.8185796780701486
3,2,0.7776325454759456
3,3,0.803633141341372
3,4,0.780798284193808
