seed,sample,ranking_score
1,0,0.6390716447419391
1,1,0.661105243859571
1,2,0.6526478894625749
1,3,0.6458313286770149
1,4,0.6443146656501594
