seed,sample,ranking_score
1,0,0.9008496145112063
1,1,0.9070805691998519
1,2,0.9049949571739067
1,3,0.9075778530837199
1,4,0.9164196679877515
