{
    "features": 0.01414179801940918,
    "process_features_model_1_multimer_v3_pred_0": 3.814697265625e-06,
    "predict_and_compile_model_1_multimer_v3_pred_0": 116.66367793083191,
    "predict_benchmark_model_1_multimer_v3_pred_0": 41.57420206069946,
    "process_features_model_2_multimer_v3_pred_0": 2.9087066650390625e-05,
    "predict_and_compile_model_2_multimer_v3_pred_0": 112.38903093338013,
    "predict_benchmark_model_2_multimer_v3_pred_0": 36.95226740837097,
    "process_features_model_3_multimer_v3_pred_0": 1.71661376953125e-05,
    "predict_and_compile_model_3_multimer_v3_pred_0": 105.72961521148682,
    "predict_benchmark_model_3_multimer_v3_pred_0": 27.7395076751709,
    "process_features_model_4_multimer_v3_pred_0": 2.6226043701171875e-05,
    "predict_and_compile_model_4_multimer_v3_pred_0": 105.4107449054718,
    "predict_benchmark_model_4_multimer_v3_pred_0": 27.234686851501465,
    "process_features_model_5_multimer_v3_pred_0": 2.3365020751953125e-05,
    "predict_and_compile_model_5_multimer_v3_pred_0": 97.69846081733704,
    "predict_benchmark_model_5_multimer_v3_pred_0": 22.787355422973633
}