seed,sample,ranking_score
1,0,0.5513748726930574
1,1,0.5588712208493056
1,2,0.5443579513111219
1,3,0.5540481297285672
1,4,0.5270369046932887
