{
    "features": 0.3070487976074219,
    "process_features_model_1_multimer_v3_pred_0": 5.245208740234375e-06,
    "predict_and_compile_model_1_multimer_v3_pred_0": 403.3834228515625,
    "predict_benchmark_model_1_multimer_v3_pred_0": 286.07555866241455,
    "process_features_model_2_multimer_v3_pred_0": 3.814697265625e-06,
    "predict_and_compile_model_2_multimer_v3_pred_0": 398.4078793525696,
    "predict_benchmark_model_2_multimer_v3_pred_0": 285.8919942378998,
    "process_features_model_3_multimer_v3_pred_0": 4.291534423828125e-06,
    "predict_and_compile_model_3_multimer_v3_pred_0": 400.31705951690674,
    "predict_benchmark_model_3_multimer_v3_pred_0": 285.974769115448,
    "process_features_model_4_multimer_v3_pred_0": 4.291534423828125e-06,
    "predict_and_compile_model_4_multimer_v3_pred_0": 397.2657322883606,
    "predict_benchmark_model_4_multimer_v3_pred_0": 277.61244654655457,
    "process_features_model_5_multimer_v3_pred_0": 4.5299530029296875e-06,
    "predict_and_compile_model_5_multimer_v3_pred_0": 393.686083316803,
    "predict_benchmark_model_5_multimer_v3_pred_0": 278.15425872802734
}