seed,sample,ranking_score
1,0,0.4041024678364669
1,1,0.43609576888155055
1,2,0.3999860310463897
1,3,0.4201009901954048
1,4,0.4276029397808545
