{
    "iptm+ptm": {
        "model_1_multimer_v3_pred_0": 0.5884443045417351,
        "model_1_multimer_v3_pred_1": 0.5877217958725984,
        "model_1_multimer_v3_pred_2": 0.5948087760910299,
        "model_1_multimer_v3_pred_3": 0.5880873576696846,
        "model_1_multimer_v3_pred_4": 0.5954299104111008,
        "model_2_multimer_v3_pred_0": 0.5449164347634696,
        "model_2_multimer_v3_pred_1": 0.5765980091528324,
        "model_2_multimer_v3_pred_2": 0.5492991149310861,
        "model_2_multimer_v3_pred_3": 0.5670222851057711,
        "model_2_multimer_v3_pred_4": 0.5734993215573083,
        "model_3_multimer_v3_pred_0": 0.56331837989253,
        "model_3_multimer_v3_pred_1": 0.5668992292299232,
        "model_3_multimer_v3_pred_2": 0.5658060319802553,
        "model_3_multimer_v3_pred_3": 0.5730203064309809,
        "model_3_multimer_v3_pred_4": 0.5665398046050383,
        "model_4_multimer_v3_pred_0": 0.5816960247924581,
        "model_4_multimer_v3_pred_1": 0.5718830206090522,
        "model_4_multimer_v3_pred_2": 0.5831892403533696,
        "model_4_multimer_v3_pred_3": 0.6271711323528371,
        "model_4_multimer_v3_pred_4": 0.5781692028560982,
        "model_5_multimer_v3_pred_0": 0.5531836232254914,
        "model_5_multimer_v3_pred_1": 0.5508837929709685,
        "model_5_multimer_v3_pred_2": 0.5523306836490407,
        "model_5_multimer_v3_pred_3": 0.5459766051365001,
        "model_5_multimer_v3_pred_4": 0.5503352579462328
    },
    "order": [
        "model_4_multimer_v3_pred_3",
        "model_1_multimer_v3_pred_4",
        "model_1_multimer_v3_pred_2",
        "model_1_multimer_v3_pred_0",
        "model_1_multimer_v3_pred_3",
        "model_1_multimer_v3_pred_1",
        "model_4_multimer_v3_pred_2",
        "model_4_multimer_v3_pred_0",
        "model_4_multimer_v3_pred_4",
        "model_2_multimer_v3_pred_1",
        "model_2_multimer_v3_pred_4",
        "model_3_multimer_v3_pred_3",
        "model_4_multimer_v3_pred_1",
        "model_2_multimer_v3_pred_3",
        "model_3_multimer_v3_pred_1",
        "model_3_multimer_v3_pred_4",
        "model_3_multimer_v3_pred_2",
        "model_3_multimer_v3_pred_0",
        "model_5_multimer_v3_pred_0",
        "model_5_multimer_v3_pred_2",
        "model_5_multimer_v3_pred_1",
        "model_5_multimer_v3_pred_4",
        "model_2_multimer_v3_pred_2",
        "model_5_multimer_v3_pred_3",
        "model_2_multimer_v3_pred_0"
    ]
}