{
    "features": 0.01096963882446289,
    "process_features_model_1_multimer_v3_pred_0": 4.0531158447265625e-06,
    "predict_and_compile_model_1_multimer_v3_pred_0": 631.2881858348846,
    "relax_model_1_multimer_v3_pred_0": 56.145222187042236,
    "process_features_model_1_multimer_v3_pred_1": 3.814697265625e-06,
    "predict_and_compile_model_1_multimer_v3_pred_1": 455.0374712944031,
    "relax_model_1_multimer_v3_pred_1": 55.48484969139099,
    "process_features_model_1_multimer_v3_pred_2": 3.0994415283203125e-06,
    "predict_and_compile_model_1_multimer_v3_pred_2": 455.4415354728699,
    "relax_model_1_multimer_v3_pred_2": 54.08988070487976,
    "process_features_model_1_multimer_v3_pred_3": 3.5762786865234375e-06,
    "predict_and_compile_model_1_multimer_v3_pred_3": 456.11044549942017,
    "relax_model_1_multimer_v3_pred_3": 32.49979591369629,
    "process_features_model_1_multimer_v3_pred_4": 3.814697265625e-06,
    "predict_and_compile_model_1_multimer_v3_pred_4": 456.5299105644226,
    "relax_model_1_multimer_v3_pred_4": 55.94403553009033,
    "process_features_model_2_multimer_v3_pred_0": 3.0994415283203125e-06,
    "predict_and_compile_model_2_multimer_v3_pred_0": 625.9986209869385,
    "relax_model_2_multimer_v3_pred_0": 55.17399191856384,
    "process_features_model_2_multimer_v3_pred_1": 3.814697265625e-06,
    "predict_and_compile_model_2_multimer_v3_pred_1": 456.61280608177185,
    "relax_model_2_multimer_v3_pred_1": 62.619120359420776,
    "process_features_model_2_multimer_v3_pred_2": 3.337860107421875e-06,
    "predict_and_compile_model_2_multimer_v3_pred_2": 455.98748660087585,
    "relax_model_2_multimer_v3_pred_2": 66.55319261550903,
    "process_features_model_2_multimer_v3_pred_3": 3.5762786865234375e-06,
    "predict_and_compile_model_2_multimer_v3_pred_3": 456.33553814888,
    "relax_model_2_multimer_v3_pred_3": 55.40719819068909,
    "process_features_model_2_multimer_v3_pred_4": 3.337860107421875e-06,
    "predict_and_compile_model_2_multimer_v3_pred_4": 455.53182768821716,
    "relax_model_2_multimer_v3_pred_4": 54.964492321014404,
    "process_features_model_3_multimer_v3_pred_0": 3.0994415283203125e-06,
    "predict_and_compile_model_3_multimer_v3_pred_0": 380.6876220703125,
    "relax_model_3_multimer_v3_pred_0": 53.96638798713684,
    "process_features_model_3_multimer_v3_pred_1": 4.0531158447265625e-06,
    "predict_and_compile_model_3_multimer_v3_pred_1": 282.3571557998657,
    "relax_model_3_multimer_v3_pred_1": 55.95310044288635,
    "process_features_model_3_multimer_v3_pred_2": 3.5762786865234375e-06,
    "predict_and_compile_model_3_multimer_v3_pred_2": 455.803409576416,
    "relax_model_3_multimer_v3_pred_2": 58.30972599983215,
    "process_features_model_3_multimer_v3_pred_3": 3.5762786865234375e-06,
    "predict_and_compile_model_3_multimer_v3_pred_3": 347.9053101539612,
    "relax_model_3_multimer_v3_pred_3": 94.20612263679504,
    "process_features_model_3_multimer_v3_pred_4": 2.6226043701171875e-06,
    "predict_and_compile_model_3_multimer_v3_pred_4": 455.83073329925537,
    "relax_model_3_multimer_v3_pred_4": 44.86355257034302,
    "process_features_model_4_multimer_v3_pred_0": 3.5762786865234375e-06,
    "predict_and_compile_model_4_multimer_v3_pred_0": 634.9119753837585,
    "relax_model_4_multimer_v3_pred_0": 125.81471943855286,
    "process_features_model_4_multimer_v3_pred_1": 2.6226043701171875e-06,
    "predict_and_compile_model_4_multimer_v3_pred_1": 450.7603464126587,
    "relax_model_4_multimer_v3_pred_1": 59.672322511672974,
    "process_features_model_4_multimer_v3_pred_2": 3.337860107421875e-06,
    "predict_and_compile_model_4_multimer_v3_pred_2": 451.9011435508728,
    "relax_model_4_multimer_v3_pred_2": 71.35459518432617,
    "process_features_model_4_multimer_v3_pred_3": 4.0531158447265625e-06,
    "predict_and_compile_model_4_multimer_v3_pred_3": 450.6475088596344,
    "relax_model_4_multimer_v3_pred_3": 64.28236031532288,
    "process_features_model_4_multimer_v3_pred_4": 2.86102294921875e-06,
    "predict_and_compile_model_4_multimer_v3_pred_4": 449.75486612319946,
    "relax_model_4_multimer_v3_pred_4": 58.14985418319702,
    "process_features_model_5_multimer_v3_pred_0": 3.337860107421875e-06,
    "predict_and_compile_model_5_multimer_v3_pred_0": 613.7291724681854,
    "relax_model_5_multimer_v3_pred_0": 48.23500466346741,
    "process_features_model_5_multimer_v3_pred_1": 4.0531158447265625e-06,
    "predict_and_compile_model_5_multimer_v3_pred_1": 450.3387415409088,
    "relax_model_5_multimer_v3_pred_1": 44.82768177986145,
    "process_features_model_5_multimer_v3_pred_2": 2.86102294921875e-06,
    "predict_and_compile_model_5_multimer_v3_pred_2": 449.53193712234497,
    "relax_model_5_multimer_v3_pred_2": 60.81797957420349,
    "process_features_model_5_multimer_v3_pred_3": 3.337860107421875e-06,
    "predict_and_compile_model_5_multimer_v3_pred_3": 450.12382197380066,
    "relax_model_5_multimer_v3_pred_3": 46.527714014053345,
    "process_features_model_5_multimer_v3_pred_4": 2.86102294921875e-06,
    "predict_and_compile_model_5_multimer_v3_pred_4": 450.4593040943146,
    "relax_model_5_multimer_v3_pred_4": 44.01206851005554
}