{
    "features": 0.014171361923217773,
    "process_features_model_1_multimer_v3_pred_0": 2.6226043701171875e-06,
    "predict_and_compile_model_1_multimer_v3_pred_0": 137.77578568458557,
    "predict_benchmark_model_1_multimer_v3_pred_0": 51.66656279563904,
    "process_features_model_2_multimer_v3_pred_0": 4.220008850097656e-05,
    "predict_and_compile_model_2_multimer_v3_pred_0": 201.05295491218567,
    "predict_benchmark_model_2_multimer_v3_pred_0": 115.43611550331116,
    "process_features_model_3_multimer_v3_pred_0": 2.5033950805664062e-05,
    "predict_and_compile_model_3_multimer_v3_pred_0": 205.87303709983826,
    "predict_benchmark_model_3_multimer_v3_pred_0": 121.24533152580261,
    "process_features_model_4_multimer_v3_pred_0": 1.6689300537109375e-05,
    "predict_and_compile_model_4_multimer_v3_pred_0": 169.1324303150177,
    "predict_benchmark_model_4_multimer_v3_pred_0": 84.59471154212952,
    "process_features_model_5_multimer_v3_pred_0": 4.0531158447265625e-05,
    "predict_and_compile_model_5_multimer_v3_pred_0": 204.14737558364868,
    "predict_benchmark_model_5_multimer_v3_pred_0": 118.46717190742493
}