seed,sample,ranking_score
1,0,0.7400254377872588
1,1,0.7589913887908142
1,2,0.7378199110538972
1,3,0.741479312775801
1,4,0.7556451786777176
