seed,sample,ranking_score
1,0,0.3651144516906563
1,1,0.31664929302938655
1,2,0.32051434176401417
1,3,0.37390009458844886
1,4,0.3121907789222634
