seed,sample,ranking_score
1,0,0.620953113895514
1,1,0.6081101006703138
1,2,0.6463465952641241
1,3,0.6366255108324409
1,4,0.5798329644813243
