seed,sample,ranking_score
3,0,0.8913660665178502
3,1,0.8551473278914021
3,2,0.84122442007456
3,3,0.8156727202072934
3,4,0.8389381584932334
