{
    "features": 0.03992652893066406,
    "process_features_model_1_multimer_v3_pred_0": 3.0994415283203125e-06,
    "predict_and_compile_model_1_multimer_v3_pred_0": 124.92809820175171,
    "predict_benchmark_model_1_multimer_v3_pred_0": 38.26654124259949,
    "process_features_model_2_multimer_v3_pred_0": 2.2172927856445312e-05,
    "predict_and_compile_model_2_multimer_v3_pred_0": 110.54547238349915,
    "predict_benchmark_model_2_multimer_v3_pred_0": 24.1491539478302,
    "process_features_model_3_multimer_v3_pred_0": 3.314018249511719e-05,
    "predict_and_compile_model_3_multimer_v3_pred_0": 160.12071585655212,
    "predict_benchmark_model_3_multimer_v3_pred_0": 71.58535051345825,
    "process_features_model_4_multimer_v3_pred_0": 3.4332275390625e-05,
    "predict_and_compile_model_4_multimer_v3_pred_0": 133.73397994041443,
    "predict_benchmark_model_4_multimer_v3_pred_0": 46.86430859565735,
    "process_features_model_5_multimer_v3_pred_0": 3.2901763916015625e-05,
    "predict_and_compile_model_5_multimer_v3_pred_0": 139.86099243164062,
    "predict_benchmark_model_5_multimer_v3_pred_0": 42.2416296005249
}