seed,sample,ranking_score
1,0,0.5827348085171635
1,1,0.592323840737671
1,2,0.57402229348532
1,3,0.5708818108382459
1,4,0.6197697860009027
