seed,sample,ranking_score
3,0,0.7416122888777775
3,1,0.7586129825945254
3,2,0.7409431723722971
3,3,0.7590928351351431
3,4,0.7260674252586163
