seed,sample,ranking_score
1,0,0.3884265878982841
1,1,0.38848820650083093
1,2,0.4043699170446833
1,3,0.4012430697983349
1,4,0.40229478913114436
