seed,sample,ranking_score
1,0,0.9767039638116726
1,1,0.9984456682609406
1,2,0.9977224875344539
1,3,0.9904517376899694
1,4,0.9914973959870571
