seed,sample,ranking_score
1,0,0.8026878720324662
1,1,0.7895807826095138
1,2,0.8409853620847176
1,3,0.8215658895199446
1,4,0.810706243731932
