seed,sample,ranking_score
1,0,0.3971816198690349
1,1,0.4055342078508201
1,2,0.3622660571975713
1,3,0.39777244879284124
1,4,0.36781625170089405
