seed,sample,ranking_score
4,0,0.8046522494507775
4,1,0.7976952339808585
4,2,0.8195560756077327
4,3,0.7835409197478954
4,4,0.7845790194782793
