seed,sample,ranking_score
1,0,0.8584888940817123
1,1,0.8487472546837969
1,2,0.844664575526939
1,3,0.8240221508900778
1,4,0.8452092960865862
