seed,sample,ranking_score
4,0,0.8828441196496215
4,1,0.8877954622194961
4,2,0.8749906652971677
4,3,0.8732932733137753
4,4,0.8741812459583183
