seed,sample,ranking_score
1,0,0.43634221364662135
1,1,0.4520523653535122
1,2,0.4664499156997584
1,3,0.44764587659414357
1,4,0.4482880393219948
