seed,sample,ranking_score
1,0,0.6729422289624504
1,1,0.6747385053913094
1,2,0.6671609916107081
1,3,0.6770336393634404
1,4,0.6721381704911138
