{
    "features": 0.017847537994384766,
    "process_features_model_1_multimer_v3_pred_0": 2.86102294921875e-06,
    "predict_and_compile_model_1_multimer_v3_pred_0": 146.96480131149292,
    "predict_benchmark_model_1_multimer_v3_pred_0": 68.62553334236145,
    "process_features_model_2_multimer_v3_pred_0": 2.0503997802734375e-05,
    "predict_and_compile_model_2_multimer_v3_pred_0": 105.2641327381134,
    "predict_benchmark_model_2_multimer_v3_pred_0": 24.613468408584595,
    "process_features_model_3_multimer_v3_pred_0": 2.1457672119140625e-05,
    "predict_and_compile_model_3_multimer_v3_pred_0": 113.2820656299591,
    "predict_benchmark_model_3_multimer_v3_pred_0": 29.51445508003235,
    "process_features_model_4_multimer_v3_pred_0": 1.9311904907226562e-05,
    "predict_and_compile_model_4_multimer_v3_pred_0": 112.00975203514099,
    "predict_benchmark_model_4_multimer_v3_pred_0": 28.982645511627197,
    "process_features_model_5_multimer_v3_pred_0": 1.8835067749023438e-05,
    "predict_and_compile_model_5_multimer_v3_pred_0": 145.0012059211731,
    "predict_benchmark_model_5_multimer_v3_pred_0": 62.51242113113403
}