{
    "features": 0.017470359802246094,
    "process_features_model_1_multimer_v3_pred_0": 3.337860107421875e-06,
    "predict_and_compile_model_1_multimer_v3_pred_0": 193.34893608093262,
    "predict_benchmark_model_1_multimer_v3_pred_0": 112.79650163650513,
    "process_features_model_2_multimer_v3_pred_0": 2.0742416381835938e-05,
    "predict_and_compile_model_2_multimer_v3_pred_0": 196.86417269706726,
    "predict_benchmark_model_2_multimer_v3_pred_0": 112.6503894329071,
    "process_features_model_3_multimer_v3_pred_0": 2.6702880859375e-05,
    "predict_and_compile_model_3_multimer_v3_pred_0": 196.57925271987915,
    "predict_benchmark_model_3_multimer_v3_pred_0": 112.43597221374512,
    "process_features_model_4_multimer_v3_pred_0": 2.3603439331054688e-05,
    "predict_and_compile_model_4_multimer_v3_pred_0": 193.76058435440063,
    "predict_benchmark_model_4_multimer_v3_pred_0": 109.3433825969696,
    "process_features_model_5_multimer_v3_pred_0": 2.1696090698242188e-05,
    "predict_and_compile_model_5_multimer_v3_pred_0": 193.30243492126465,
    "predict_benchmark_model_5_multimer_v3_pred_0": 108.98028469085693
}