{
    "features": 0.23424577713012695,
    "process_features_model_1_multimer_v3_pred_0": 4.291534423828125e-06,
    "predict_and_compile_model_1_multimer_v3_pred_0": 102.12411236763,
    "predict_benchmark_model_1_multimer_v3_pred_0": 25.11196732521057,
    "process_features_model_2_multimer_v3_pred_0": 1.1920928955078125e-05,
    "predict_and_compile_model_2_multimer_v3_pred_0": 126.18905138969421,
    "predict_benchmark_model_2_multimer_v3_pred_0": 50.047956466674805,
    "process_features_model_3_multimer_v3_pred_0": 2.4080276489257812e-05,
    "predict_and_compile_model_3_multimer_v3_pred_0": 182.42220664024353,
    "predict_benchmark_model_3_multimer_v3_pred_0": 105.03201270103455,
    "process_features_model_4_multimer_v3_pred_0": 9.775161743164062e-06,
    "predict_and_compile_model_4_multimer_v3_pred_0": 111.56423664093018,
    "predict_benchmark_model_4_multimer_v3_pred_0": 34.502211570739746,
    "process_features_model_5_multimer_v3_pred_0": 1.0967254638671875e-05,
    "predict_and_compile_model_5_multimer_v3_pred_0": 157.50472235679626,
    "predict_benchmark_model_5_multimer_v3_pred_0": 78.61236119270325
}