seed,sample,ranking_score
1,0,0.5490964829143321
1,1,0.5501134522673453
1,2,0.5771911930680528
1,3,0.5647012315749359
1,4,0.537152648369533
