seed,sample,ranking_score
1,0,0.6995635444161931
1,1,0.7142221894253369
1,2,0.7302637758770929
1,3,0.7058324365802124
1,4,0.701119414953963
