{
    "features": 0.007842302322387695,
    "process_features_model_1_multimer_v3_pred_0": 3.0994415283203125e-06,
    "predict_and_compile_model_1_multimer_v3_pred_0": 310.92287278175354,
    "relax_model_1_multimer_v3_pred_0": 30.466979265213013,
    "process_features_model_1_multimer_v3_pred_1": 1.8596649169921875e-05,
    "predict_and_compile_model_1_multimer_v3_pred_1": 76.52891325950623,
    "relax_model_1_multimer_v3_pred_1": 25.628466606140137,
    "process_features_model_1_multimer_v3_pred_2": 3.814697265625e-06,
    "predict_and_compile_model_1_multimer_v3_pred_2": 289.6317892074585,
    "relax_model_1_multimer_v3_pred_2": 25.148977041244507,
    "process_features_model_1_multimer_v3_pred_3": 4.0531158447265625e-06,
    "predict_and_compile_model_1_multimer_v3_pred_3": 198.53393387794495,
    "relax_model_1_multimer_v3_pred_3": 24.072463274002075,
    "process_features_model_1_multimer_v3_pred_4": 3.814697265625e-06,
    "predict_and_compile_model_1_multimer_v3_pred_4": 137.6335096359253,
    "relax_model_1_multimer_v3_pred_4": 23.697938203811646,
    "process_features_model_2_multimer_v3_pred_0": 3.814697265625e-06,
    "predict_and_compile_model_2_multimer_v3_pred_0": 249.91678524017334,
    "relax_model_2_multimer_v3_pred_0": 24.943096160888672,
    "process_features_model_2_multimer_v3_pred_1": 4.0531158447265625e-06,
    "predict_and_compile_model_2_multimer_v3_pred_1": 243.73035097122192,
    "relax_model_2_multimer_v3_pred_1": 39.82518672943115,
    "process_features_model_2_multimer_v3_pred_2": 3.5762786865234375e-06,
    "predict_and_compile_model_2_multimer_v3_pred_2": 122.34946417808533,
    "relax_model_2_multimer_v3_pred_2": 27.401803016662598,
    "process_features_model_2_multimer_v3_pred_3": 3.814697265625e-06,
    "predict_and_compile_model_2_multimer_v3_pred_3": 122.44369792938232,
    "relax_model_2_multimer_v3_pred_3": 24.218785762786865,
    "process_features_model_2_multimer_v3_pred_4": 3.814697265625e-06,
    "predict_and_compile_model_2_multimer_v3_pred_4": 244.3044126033783,
    "relax_model_2_multimer_v3_pred_4": 26.859610557556152,
    "process_features_model_3_multimer_v3_pred_0": 3.5762786865234375e-06,
    "predict_and_compile_model_3_multimer_v3_pred_0": 391.11710953712463,
    "relax_model_3_multimer_v3_pred_0": 24.42759108543396,
    "process_features_model_3_multimer_v3_pred_1": 3.814697265625e-06,
    "predict_and_compile_model_3_multimer_v3_pred_1": 213.44632506370544,
    "relax_model_3_multimer_v3_pred_1": 24.757519006729126,
    "process_features_model_3_multimer_v3_pred_2": 3.337860107421875e-06,
    "predict_and_compile_model_3_multimer_v3_pred_2": 152.8303999900818,
    "relax_model_3_multimer_v3_pred_2": 25.12834930419922,
    "process_features_model_3_multimer_v3_pred_3": 3.5762786865234375e-06,
    "predict_and_compile_model_3_multimer_v3_pred_3": 228.92632126808167,
    "relax_model_3_multimer_v3_pred_3": 25.13168978691101,
    "process_features_model_3_multimer_v3_pred_4": 3.814697265625e-06,
    "predict_and_compile_model_3_multimer_v3_pred_4": 137.38185906410217,
    "relax_model_3_multimer_v3_pred_4": 23.453102350234985,
    "process_features_model_4_multimer_v3_pred_0": 2.86102294921875e-06,
    "predict_and_compile_model_4_multimer_v3_pred_0": 335.85583567619324,
    "relax_model_4_multimer_v3_pred_0": 32.604109048843384,
    "process_features_model_4_multimer_v3_pred_1": 3.814697265625e-06,
    "predict_and_compile_model_4_multimer_v3_pred_1": 135.9742476940155,
    "relax_model_4_multimer_v3_pred_1": 33.09174966812134,
    "process_features_model_4_multimer_v3_pred_2": 3.5762786865234375e-06,
    "predict_and_compile_model_4_multimer_v3_pred_2": 105.79587912559509,
    "relax_model_4_multimer_v3_pred_2": 32.00227189064026,
    "process_features_model_4_multimer_v3_pred_3": 3.5762786865234375e-06,
    "predict_and_compile_model_4_multimer_v3_pred_3": 135.8809733390808,
    "relax_model_4_multimer_v3_pred_3": 27.81889009475708,
    "process_features_model_4_multimer_v3_pred_4": 3.337860107421875e-06,
    "predict_and_compile_model_4_multimer_v3_pred_4": 150.99063444137573,
    "relax_model_4_multimer_v3_pred_4": 33.156720876693726,
    "process_features_model_5_multimer_v3_pred_0": 3.5762786865234375e-06,
    "predict_and_compile_model_5_multimer_v3_pred_0": 476.34484004974365,
    "relax_model_5_multimer_v3_pred_0": 33.23576235771179,
    "process_features_model_5_multimer_v3_pred_1": 3.814697265625e-06,
    "predict_and_compile_model_5_multimer_v3_pred_1": 316.9322168827057,
    "relax_model_5_multimer_v3_pred_1": 33.43849301338196,
    "process_features_model_5_multimer_v3_pred_2": 3.5762786865234375e-06,
    "predict_and_compile_model_5_multimer_v3_pred_2": 180.85686707496643,
    "relax_model_5_multimer_v3_pred_2": 24.854475736618042,
    "process_features_model_5_multimer_v3_pred_3": 3.5762786865234375e-06,
    "predict_and_compile_model_5_multimer_v3_pred_3": 316.022745847702,
    "relax_model_5_multimer_v3_pred_3": 25.684972047805786,
    "process_features_model_5_multimer_v3_pred_4": 3.5762786865234375e-06,
    "predict_and_compile_model_5_multimer_v3_pred_4": 195.86508512496948,
    "relax_model_5_multimer_v3_pred_4": 24.483229875564575
}