seed,sample,ranking_score
1,0,0.8375353944551459
1,1,0.828599017717418
1,2,0.8345101181131982
1,3,0.8364901247396936
1,4,0.8386455179980985
