seed,sample,ranking_score
1,0,0.5994116373252502
1,1,0.5967288974920818
1,2,0.6156480593382561
1,3,0.5940516958023813
1,4,0.5883891450182763
