seed,sample,ranking_score
1,0,0.7336210595196129
1,1,0.7596879371097821
1,2,0.7185986401690501
1,3,0.7113248532212769
1,4,0.7402853393664908
