seed,sample,ranking_score
1,0,0.6307961435985593
1,1,0.6408758148817765
1,2,0.6225328815696611
1,3,0.6357638706418642
1,4,0.6523260936101477
