{
    "features": 0.0055997371673583984,
    "process_features_model_1_multimer_v3_pred_0": 3.814697265625e-06,
    "predict_and_compile_model_1_multimer_v3_pred_0": 259.50348925590515,
    "relax_model_1_multimer_v3_pred_0": 36.53954100608826,
    "process_features_model_1_multimer_v3_pred_1": 2.6226043701171875e-06,
    "predict_and_compile_model_1_multimer_v3_pred_1": 141.07841897010803,
    "relax_model_1_multimer_v3_pred_1": 34.956408739089966,
    "process_features_model_1_multimer_v3_pred_2": 2.86102294921875e-06,
    "predict_and_compile_model_1_multimer_v3_pred_2": 141.10029554367065,
    "relax_model_1_multimer_v3_pred_2": 35.972299098968506,
    "process_features_model_1_multimer_v3_pred_3": 2.6226043701171875e-06,
    "predict_and_compile_model_1_multimer_v3_pred_3": 141.46522641181946,
    "relax_model_1_multimer_v3_pred_3": 26.15071988105774,
    "process_features_model_1_multimer_v3_pred_4": 2.384185791015625e-06,
    "predict_and_compile_model_1_multimer_v3_pred_4": 141.24774622917175,
    "relax_model_1_multimer_v3_pred_4": 33.44126510620117,
    "process_features_model_2_multimer_v3_pred_0": 2.6226043701171875e-06,
    "predict_and_compile_model_2_multimer_v3_pred_0": 241.9155957698822,
    "relax_model_2_multimer_v3_pred_0": 27.92594599723816,
    "process_features_model_2_multimer_v3_pred_1": 3.337860107421875e-06,
    "predict_and_compile_model_2_multimer_v3_pred_1": 114.37204122543335,
    "relax_model_2_multimer_v3_pred_1": 19.64860987663269,
    "process_features_model_2_multimer_v3_pred_2": 2.86102294921875e-06,
    "predict_and_compile_model_2_multimer_v3_pred_2": 87.55323934555054,
    "relax_model_2_multimer_v3_pred_2": 19.4700129032135,
    "process_features_model_2_multimer_v3_pred_3": 2.384185791015625e-06,
    "predict_and_compile_model_2_multimer_v3_pred_3": 141.32277154922485,
    "relax_model_2_multimer_v3_pred_3": 26.750659942626953,
    "process_features_model_2_multimer_v3_pred_4": 2.6226043701171875e-06,
    "predict_and_compile_model_2_multimer_v3_pred_4": 80.80452084541321,
    "relax_model_2_multimer_v3_pred_4": 27.14154887199402,
    "process_features_model_3_multimer_v3_pred_0": 2.86102294921875e-06,
    "predict_and_compile_model_3_multimer_v3_pred_0": 237.9116349220276,
    "relax_model_3_multimer_v3_pred_0": 20.033967971801758,
    "process_features_model_3_multimer_v3_pred_1": 3.337860107421875e-06,
    "predict_and_compile_model_3_multimer_v3_pred_1": 141.37102890014648,
    "relax_model_3_multimer_v3_pred_1": 27.255566358566284,
    "process_features_model_3_multimer_v3_pred_2": 2.1457672119140625e-06,
    "predict_and_compile_model_3_multimer_v3_pred_2": 81.09995365142822,
    "relax_model_3_multimer_v3_pred_2": 34.541234731674194,
    "process_features_model_3_multimer_v3_pred_3": 2.6226043701171875e-06,
    "predict_and_compile_model_3_multimer_v3_pred_3": 134.62957000732422,
    "relax_model_3_multimer_v3_pred_3": 25.854820489883423,
    "process_features_model_3_multimer_v3_pred_4": 2.384185791015625e-06,
    "predict_and_compile_model_3_multimer_v3_pred_4": 40.70686149597168,
    "relax_model_3_multimer_v3_pred_4": 34.127291202545166,
    "process_features_model_4_multimer_v3_pred_0": 3.0994415283203125e-06,
    "predict_and_compile_model_4_multimer_v3_pred_0": 260.3731083869934,
    "relax_model_4_multimer_v3_pred_0": 20.904200315475464,
    "process_features_model_4_multimer_v3_pred_1": 3.0994415283203125e-06,
    "predict_and_compile_model_4_multimer_v3_pred_1": 138.60736727714539,
    "relax_model_4_multimer_v3_pred_1": 27.013550519943237,
    "process_features_model_4_multimer_v3_pred_2": 2.6226043701171875e-06,
    "predict_and_compile_model_4_multimer_v3_pred_2": 138.78742361068726,
    "relax_model_4_multimer_v3_pred_2": 27.33547282218933,
    "process_features_model_4_multimer_v3_pred_3": 2.86102294921875e-06,
    "predict_and_compile_model_4_multimer_v3_pred_3": 138.57832765579224,
    "relax_model_4_multimer_v3_pred_3": 25.78665518760681,
    "process_features_model_4_multimer_v3_pred_4": 2.86102294921875e-06,
    "predict_and_compile_model_4_multimer_v3_pred_4": 138.96039152145386,
    "relax_model_4_multimer_v3_pred_4": 33.795671701431274,
    "process_features_model_5_multimer_v3_pred_0": 2.384185791015625e-06,
    "predict_and_compile_model_5_multimer_v3_pred_0": 256.7550218105316,
    "relax_model_5_multimer_v3_pred_0": 20.03649353981018,
    "process_features_model_5_multimer_v3_pred_1": 3.337860107421875e-06,
    "predict_and_compile_model_5_multimer_v3_pred_1": 138.71082615852356,
    "relax_model_5_multimer_v3_pred_1": 19.81956171989441,
    "process_features_model_5_multimer_v3_pred_2": 2.6226043701171875e-06,
    "predict_and_compile_model_5_multimer_v3_pred_2": 105.78563809394836,
    "relax_model_5_multimer_v3_pred_2": 20.21659231185913,
    "process_features_model_5_multimer_v3_pred_3": 2.6226043701171875e-06,
    "predict_and_compile_model_5_multimer_v3_pred_3": 125.67838835716248,
    "relax_model_5_multimer_v3_pred_3": 20.789098978042603,
    "process_features_model_5_multimer_v3_pred_4": 2.384185791015625e-06,
    "predict_and_compile_model_5_multimer_v3_pred_4": 86.00990200042725,
    "relax_model_5_multimer_v3_pred_4": 21.106550455093384
}