seed,sample,ranking_score
1,0,0.8498233648692948
1,1,0.8557157553156167
1,2,0.8625609078849947
1,3,0.8508255419300601
1,4,0.8548370792226383
