seed,sample,ranking_score
1,0,0.6754916600751324
1,1,0.6698842885055649
1,2,0.6540643149510778
1,3,0.6958698688297
1,4,0.6873670825296776
