seed,sample,ranking_score
1,0,0.5895466405307704
1,1,0.5999140657881548
1,2,0.5495665709409493
1,3,0.5763772662315184
1,4,0.6107512160251408
