seed,sample,ranking_score
1,0,0.26375784233539934
1,1,0.2759021631901621
1,2,0.2758360080823496
1,3,0.25853474541921473
1,4,0.2832773878834537
