{
    "features": 0.04280233383178711,
    "process_features_model_1_multimer_v3_pred_0": 3.337860107421875e-06,
    "predict_and_compile_model_1_multimer_v3_pred_0": 125.32704830169678,
    "predict_benchmark_model_1_multimer_v3_pred_0": 47.662105560302734,
    "process_features_model_2_multimer_v3_pred_0": 1.5020370483398438e-05,
    "predict_and_compile_model_2_multimer_v3_pred_0": 106.12941908836365,
    "predict_benchmark_model_2_multimer_v3_pred_0": 28.54479217529297,
    "process_features_model_3_multimer_v3_pred_0": 1.5497207641601562e-05,
    "predict_and_compile_model_3_multimer_v3_pred_0": 168.50425267219543,
    "predict_benchmark_model_3_multimer_v3_pred_0": 89.93933606147766,
    "process_features_model_4_multimer_v3_pred_0": 1.1444091796875e-05,
    "predict_and_compile_model_4_multimer_v3_pred_0": 184.8947732448578,
    "predict_benchmark_model_4_multimer_v3_pred_0": 96.46010088920593,
    "process_features_model_5_multimer_v3_pred_0": 1.2636184692382812e-05,
    "predict_and_compile_model_5_multimer_v3_pred_0": 175.85350108146667,
    "predict_benchmark_model_5_multimer_v3_pred_0": 96.68708634376526
}