seed,sample,ranking_score
1,0,0.39666207131541853
1,1,0.4014894258477276
1,2,0.4091407359648321
1,3,0.37871731843730005
1,4,0.3919901927113899
