seed,sample,ranking_score
1,0,0.5984243126281051
1,1,0.7307247368902874
1,2,0.7182319682018972
1,3,0.7599863903367762
1,4,0.6110060059291385
