{
    "iptm+ptm": {
        "model_1_multimer_v3_pred_0": 0.47589983484896936,
        "model_1_multimer_v3_pred_1": 0.48112761906005475,
        "model_1_multimer_v3_pred_2": 0.47540376395062894,
        "model_1_multimer_v3_pred_3": 0.4801172803168351,
        "model_1_multimer_v3_pred_4": 0.47796007205748503,
        "model_2_multimer_v3_pred_0": 0.4700660302238721,
        "model_2_multimer_v3_pred_1": 0.46932206535225873,
        "model_2_multimer_v3_pred_2": 0.4683677091861367,
        "model_2_multimer_v3_pred_3": 0.4788578314909495,
        "model_2_multimer_v3_pred_4": 0.46991730215403804,
        "model_3_multimer_v3_pred_0": 0.49884664463620665,
        "model_3_multimer_v3_pred_1": 0.4720264105463068,
        "model_3_multimer_v3_pred_2": 0.48677922542083046,
        "model_3_multimer_v3_pred_3": 0.481014840755834,
        "model_3_multimer_v3_pred_4": 0.4790880373371842,
        "model_4_multimer_v3_pred_0": 0.5301367544100561,
        "model_4_multimer_v3_pred_1": 0.5106231710675819,
        "model_4_multimer_v3_pred_2": 0.5107770656109694,
        "model_4_multimer_v3_pred_3": 0.5046332750943268,
        "model_4_multimer_v3_pred_4": 0.5087799396065782,
        "model_5_multimer_v3_pred_0": 0.47231521811380084,
        "model_5_multimer_v3_pred_1": 0.4700101851796707,
        "model_5_multimer_v3_pred_2": 0.4825225292175767,
        "model_5_multimer_v3_pred_3": 0.47760739190938334,
        "model_5_multimer_v3_pred_4": 0.4850353625013065
    },
    "order": [
        "model_4_multimer_v3_pred_0",
        "model_4_multimer_v3_pred_2",
        "model_4_multimer_v3_pred_1",
        "model_4_multimer_v3_pred_4",
        "model_4_multimer_v3_pred_3",
        "model_3_multimer_v3_pred_0",
        "model_3_multimer_v3_pred_2",
        "model_5_multimer_v3_pred_4",
        "model_5_multimer_v3_pred_2",
        "model_1_multimer_v3_pred_1",
        "model_3_multimer_v3_pred_3",
        "model_1_multimer_v3_pred_3",
        "model_3_multimer_v3_pred_4",
        "model_2_multimer_v3_pred_3",
        "model_1_multimer_v3_pred_4",
        "model_5_multimer_v3_pred_3",
        "model_1_multimer_v3_pred_0",
        "model_1_multimer_v3_pred_2",
        "model_5_multimer_v3_pred_0",
        "model_3_multimer_v3_pred_1",
        "model_2_multimer_v3_pred_0",
        "model_5_multimer_v3_pred_1",
        "model_2_multimer_v3_pred_4",
        "model_2_multimer_v3_pred_1",
        "model_2_multimer_v3_pred_2"
    ]
}