seed,sample,ranking_score
4,0,0.8922618544159268
4,1,0.8916301008930969
4,2,0.8874949775317975
4,3,0.8921577022140355
4,4,0.8927301539033268
