seed,sample,ranking_score
1,0,0.5197664939813325
1,1,0.5265385427301078
1,2,0.5160178002054572
1,3,0.5164055435924311
1,4,0.5179591908230575
