seed,sample,ranking_score
1,0,0.5493809854818289
1,1,0.5458958873720913
1,2,0.5522196811174085
1,3,0.5386784729923834
1,4,0.5364735685586567
