seed,sample,ranking_score
2,0,0.8252514476141638
2,1,0.8235525756474885
2,2,0.8313989663865173
2,3,0.8217241549505175
2,4,0.8308549762189017
