seed,sample,ranking_score
1,0,0.6183097660146476
1,1,0.6399600842016316
1,2,0.6222034748383238
1,3,0.6296558677228575
1,4,0.6218146478969385
