{
    "features": 0.016789913177490234,
    "process_features_model_1_multimer_v3_pred_0": 4.0531158447265625e-06,
    "predict_and_compile_model_1_multimer_v3_pred_0": 139.0623652935028,
    "predict_benchmark_model_1_multimer_v3_pred_0": 54.89654207229614,
    "process_features_model_2_multimer_v3_pred_0": 2.8371810913085938e-05,
    "predict_and_compile_model_2_multimer_v3_pred_0": 109.05265283584595,
    "predict_benchmark_model_2_multimer_v3_pred_0": 22.96519684791565,
    "process_features_model_3_multimer_v3_pred_0": 1.5020370483398438e-05,
    "predict_and_compile_model_3_multimer_v3_pred_0": 172.39218020439148,
    "predict_benchmark_model_3_multimer_v3_pred_0": 86.73212623596191,
    "process_features_model_4_multimer_v3_pred_0": 2.6702880859375e-05,
    "predict_and_compile_model_4_multimer_v3_pred_0": 180.3567111492157,
    "predict_benchmark_model_4_multimer_v3_pred_0": 94.33589673042297,
    "process_features_model_5_multimer_v3_pred_0": 2.1219253540039062e-05,
    "predict_and_compile_model_5_multimer_v3_pred_0": 110.41575193405151,
    "predict_benchmark_model_5_multimer_v3_pred_0": 22.5149245262146
}