seed,sample,ranking_score
1,0,0.9703496038384078
1,1,0.9779657838163536
1,2,0.9702741032293567
1,3,0.972131590840327
1,4,0.9723472046270476
