{
    "features": 0.01603555679321289,
    "process_features_model_1_multimer_v3_pred_0": 4.0531158447265625e-06,
    "predict_and_compile_model_1_multimer_v3_pred_0": 265.40798902511597,
    "relax_model_1_multimer_v3_pred_0": 42.24844431877136,
    "process_features_model_1_multimer_v3_pred_1": 3.814697265625e-06,
    "predict_and_compile_model_1_multimer_v3_pred_1": 107.20465230941772,
    "relax_model_1_multimer_v3_pred_1": 30.61268138885498,
    "process_features_model_1_multimer_v3_pred_2": 4.0531158447265625e-06,
    "predict_and_compile_model_1_multimer_v3_pred_2": 125.0117838382721,
    "relax_model_1_multimer_v3_pred_2": 34.65150499343872,
    "process_features_model_1_multimer_v3_pred_3": 4.0531158447265625e-06,
    "predict_and_compile_model_1_multimer_v3_pred_3": 107.21834969520569,
    "relax_model_1_multimer_v3_pred_3": 35.88232088088989,
    "process_features_model_1_multimer_v3_pred_4": 4.291534423828125e-06,
    "predict_and_compile_model_1_multimer_v3_pred_4": 89.46118307113647,
    "relax_model_1_multimer_v3_pred_4": 31.653009176254272,
    "process_features_model_2_multimer_v3_pred_0": 3.5762786865234375e-06,
    "predict_and_compile_model_2_multimer_v3_pred_0": 236.55017733573914,
    "relax_model_2_multimer_v3_pred_0": 28.68736696243286,
    "process_features_model_2_multimer_v3_pred_1": 3.5762786865234375e-06,
    "predict_and_compile_model_2_multimer_v3_pred_1": 71.6696355342865,
    "relax_model_2_multimer_v3_pred_1": 29.690155267715454,
    "process_features_model_2_multimer_v3_pred_2": 3.5762786865234375e-06,
    "predict_and_compile_model_2_multimer_v3_pred_2": 71.88853216171265,
    "relax_model_2_multimer_v3_pred_2": 29.51979422569275,
    "process_features_model_2_multimer_v3_pred_3": 4.0531158447265625e-06,
    "predict_and_compile_model_2_multimer_v3_pred_3": 71.71678757667542,
    "relax_model_2_multimer_v3_pred_3": 30.847681045532227,
    "process_features_model_2_multimer_v3_pred_4": 1.9550323486328125e-05,
    "predict_and_compile_model_2_multimer_v3_pred_4": 71.66894006729126,
    "relax_model_2_multimer_v3_pred_4": 30.223469734191895,
    "process_features_model_3_multimer_v3_pred_0": 3.814697265625e-06,
    "predict_and_compile_model_3_multimer_v3_pred_0": 239.43668222427368,
    "relax_model_3_multimer_v3_pred_0": 30.14905595779419,
    "process_features_model_3_multimer_v3_pred_1": 3.5762786865234375e-06,
    "predict_and_compile_model_3_multimer_v3_pred_1": 71.73717331886292,
    "relax_model_3_multimer_v3_pred_1": 31.036032676696777,
    "process_features_model_3_multimer_v3_pred_2": 3.337860107421875e-06,
    "predict_and_compile_model_3_multimer_v3_pred_2": 89.40740251541138,
    "relax_model_3_multimer_v3_pred_2": 27.245911836624146,
    "process_features_model_3_multimer_v3_pred_3": 4.0531158447265625e-06,
    "predict_and_compile_model_3_multimer_v3_pred_3": 125.01768922805786,
    "relax_model_3_multimer_v3_pred_3": 28.795351028442383,
    "process_features_model_3_multimer_v3_pred_4": 4.0531158447265625e-06,
    "predict_and_compile_model_3_multimer_v3_pred_4": 89.2614951133728,
    "relax_model_3_multimer_v3_pred_4": 28.915787935256958,
    "process_features_model_4_multimer_v3_pred_0": 4.0531158447265625e-06,
    "predict_and_compile_model_4_multimer_v3_pred_0": 305.86112356185913,
    "relax_model_4_multimer_v3_pred_0": 30.808587074279785,
    "process_features_model_4_multimer_v3_pred_1": 4.291534423828125e-06,
    "predict_and_compile_model_4_multimer_v3_pred_1": 121.81098198890686,
    "relax_model_4_multimer_v3_pred_1": 28.595545053482056,
    "process_features_model_4_multimer_v3_pred_2": 4.5299530029296875e-06,
    "predict_and_compile_model_4_multimer_v3_pred_2": 87.09799933433533,
    "relax_model_4_multimer_v3_pred_2": 29.187239408493042,
    "process_features_model_4_multimer_v3_pred_3": 3.337860107421875e-06,
    "predict_and_compile_model_4_multimer_v3_pred_3": 87.24757552146912,
    "relax_model_4_multimer_v3_pred_3": 30.53967571258545,
    "process_features_model_4_multimer_v3_pred_4": 4.0531158447265625e-06,
    "predict_and_compile_model_4_multimer_v3_pred_4": 87.38392162322998,
    "relax_model_4_multimer_v3_pred_4": 29.87894868850708,
    "process_features_model_5_multimer_v3_pred_0": 3.814697265625e-06,
    "predict_and_compile_model_5_multimer_v3_pred_0": 294.8963074684143,
    "relax_model_5_multimer_v3_pred_0": 30.121146202087402,
    "process_features_model_5_multimer_v3_pred_1": 4.291534423828125e-06,
    "predict_and_compile_model_5_multimer_v3_pred_1": 87.20299482345581,
    "relax_model_5_multimer_v3_pred_1": 30.388397216796875,
    "process_features_model_5_multimer_v3_pred_2": 3.814697265625e-06,
    "predict_and_compile_model_5_multimer_v3_pred_2": 121.95894193649292,
    "relax_model_5_multimer_v3_pred_2": 30.673596620559692,
    "process_features_model_5_multimer_v3_pred_3": 4.0531158447265625e-06,
    "predict_and_compile_model_5_multimer_v3_pred_3": 87.26458549499512,
    "relax_model_5_multimer_v3_pred_3": 29.950162887573242,
    "process_features_model_5_multimer_v3_pred_4": 3.337860107421875e-06,
    "predict_and_compile_model_5_multimer_v3_pred_4": 87.18203854560852,
    "relax_model_5_multimer_v3_pred_4": 29.739516496658325
}