seed,sample,ranking_score
1,0,0.9485862176021167
1,1,0.9559400062127269
1,2,0.9463666275117326
1,3,0.9481038075961894
1,4,0.9489871113815586
