seed,sample,ranking_score
1,0,0.681431413311857
1,1,0.7257224241546514
1,2,0.7613832865469893
1,3,0.7517462399806605
1,4,0.7299729913834464
