seed,sample,ranking_score
1,0,0.5621227098212191
1,1,0.5723090475884748
1,2,0.5865314831514812
1,3,0.5753078070754929
1,4,0.5710993761486853
