seed,sample,ranking_score
4,0,1.0515213343250476
4,1,1.043075130781167
4,2,1.0644686663393315
4,3,1.0341023480904332
4,4,1.0439286577001214
