seed,sample,ranking_score
1,0,0.9518800311754236
1,1,0.9448385367907756
1,2,0.9663219739517416
1,3,0.9649641936883188
1,4,0.96604491103061
