{
    "features": 0.1574084758758545,
    "process_features_model_1_multimer_v3_pred_0": 5.0067901611328125e-06,
    "predict_and_compile_model_1_multimer_v3_pred_0": 546.2688589096069,
    "predict_benchmark_model_1_multimer_v3_pred_0": 425.9532916545868,
    "process_features_model_2_multimer_v3_pred_0": 3.5762786865234375e-06,
    "predict_and_compile_model_2_multimer_v3_pred_0": 540.3846995830536,
    "predict_benchmark_model_2_multimer_v3_pred_0": 426.316109418869,
    "process_features_model_3_multimer_v3_pred_0": 3.814697265625e-06,
    "predict_and_compile_model_3_multimer_v3_pred_0": 542.935215473175,
    "predict_benchmark_model_3_multimer_v3_pred_0": 425.9053843021393,
    "process_features_model_4_multimer_v3_pred_0": 3.5762786865234375e-06,
    "predict_and_compile_model_4_multimer_v3_pred_0": 535.9663484096527,
    "predict_benchmark_model_4_multimer_v3_pred_0": 414.7697446346283,
    "process_features_model_5_multimer_v3_pred_0": 3.814697265625e-06,
    "predict_and_compile_model_5_multimer_v3_pred_0": 532.4515159130096,
    "predict_benchmark_model_5_multimer_v3_pred_0": 414.7343416213989
}