seed,sample,ranking_score
1,0,0.7696107458206443
1,1,0.7553743755670747
1,2,0.7566185663442605
1,3,0.7622455597166347
1,4,0.7685372899448197
