seed,sample,ranking_score
1,0,0.5151347038180741
1,1,0.5204154767209228
1,2,0.4995997401942647
1,3,0.5203764858419349
1,4,0.538492221479524
