seed,sample,ranking_score
1,0,0.6938269783787123
1,1,0.6865147422532953
1,2,0.6791925006589545
1,3,0.6964777928104358
1,4,0.6931340757409205
