{
    "features": 0.007034778594970703,
    "process_features_model_1_multimer_v3_pred_0": 3.5762786865234375e-06,
    "predict_and_compile_model_1_multimer_v3_pred_0": 299.1251492500305,
    "relax_model_1_multimer_v3_pred_0": 44.78696060180664,
    "process_features_model_1_multimer_v3_pred_1": 3.337860107421875e-06,
    "predict_and_compile_model_1_multimer_v3_pred_1": 188.68491339683533,
    "relax_model_1_multimer_v3_pred_1": 48.0120849609375,
    "process_features_model_1_multimer_v3_pred_2": 3.0994415283203125e-06,
    "predict_and_compile_model_1_multimer_v3_pred_2": 188.70905756950378,
    "relax_model_1_multimer_v3_pred_2": 145.46408367156982,
    "process_features_model_1_multimer_v3_pred_3": 2.6226043701171875e-06,
    "predict_and_compile_model_1_multimer_v3_pred_3": 188.8882975578308,
    "relax_model_1_multimer_v3_pred_3": 42.27738356590271,
    "process_features_model_1_multimer_v3_pred_4": 3.0994415283203125e-06,
    "predict_and_compile_model_1_multimer_v3_pred_4": 188.87922596931458,
    "relax_model_1_multimer_v3_pred_4": 47.03099751472473,
    "process_features_model_2_multimer_v3_pred_0": 2.86102294921875e-06,
    "predict_and_compile_model_2_multimer_v3_pred_0": 297.1878590583801,
    "relax_model_2_multimer_v3_pred_0": 44.748881578445435,
    "process_features_model_2_multimer_v3_pred_1": 2.86102294921875e-06,
    "predict_and_compile_model_2_multimer_v3_pred_1": 188.86337566375732,
    "relax_model_2_multimer_v3_pred_1": 45.64897060394287,
    "process_features_model_2_multimer_v3_pred_2": 2.6226043701171875e-06,
    "predict_and_compile_model_2_multimer_v3_pred_2": 90.42930483818054,
    "relax_model_2_multimer_v3_pred_2": 43.20938229560852,
    "process_features_model_2_multimer_v3_pred_3": 2.86102294921875e-06,
    "predict_and_compile_model_2_multimer_v3_pred_3": 189.3151638507843,
    "relax_model_2_multimer_v3_pred_3": 49.677847385406494,
    "process_features_model_2_multimer_v3_pred_4": 2.86102294921875e-06,
    "predict_and_compile_model_2_multimer_v3_pred_4": 188.7451090812683,
    "relax_model_2_multimer_v3_pred_4": 49.06131148338318,
    "process_features_model_3_multimer_v3_pred_0": 3.337860107421875e-06,
    "predict_and_compile_model_3_multimer_v3_pred_0": 209.25242161750793,
    "relax_model_3_multimer_v3_pred_0": 50.0075364112854,
    "process_features_model_3_multimer_v3_pred_1": 3.337860107421875e-06,
    "predict_and_compile_model_3_multimer_v3_pred_1": 135.06400322914124,
    "relax_model_3_multimer_v3_pred_1": 43.16178107261658,
    "process_features_model_3_multimer_v3_pred_2": 3.0994415283203125e-06,
    "predict_and_compile_model_3_multimer_v3_pred_2": 179.87678790092468,
    "relax_model_3_multimer_v3_pred_2": 42.525858640670776,
    "process_features_model_3_multimer_v3_pred_3": 3.0994415283203125e-06,
    "predict_and_compile_model_3_multimer_v3_pred_3": 189.08218550682068,
    "relax_model_3_multimer_v3_pred_3": 45.277000188827515,
    "process_features_model_3_multimer_v3_pred_4": 3.337860107421875e-06,
    "predict_and_compile_model_3_multimer_v3_pred_4": 189.04086327552795,
    "relax_model_3_multimer_v3_pred_4": 42.1615047454834,
    "process_features_model_4_multimer_v3_pred_0": 3.0994415283203125e-06,
    "predict_and_compile_model_4_multimer_v3_pred_0": 299.7780728340149,
    "relax_model_4_multimer_v3_pred_0": 42.602129220962524,
    "process_features_model_4_multimer_v3_pred_1": 2.86102294921875e-06,
    "predict_and_compile_model_4_multimer_v3_pred_1": 186.08619117736816,
    "relax_model_4_multimer_v3_pred_1": 46.09157037734985,
    "process_features_model_4_multimer_v3_pred_2": 3.814697265625e-06,
    "predict_and_compile_model_4_multimer_v3_pred_2": 185.96355628967285,
    "relax_model_4_multimer_v3_pred_2": 43.032012939453125,
    "process_features_model_4_multimer_v3_pred_3": 3.0994415283203125e-06,
    "predict_and_compile_model_4_multimer_v3_pred_3": 185.99237704277039,
    "relax_model_4_multimer_v3_pred_3": 41.68170380592346,
    "process_features_model_4_multimer_v3_pred_4": 2.6226043701171875e-06,
    "predict_and_compile_model_4_multimer_v3_pred_4": 185.97628235816956,
    "relax_model_4_multimer_v3_pred_4": 42.52082705497742,
    "process_features_model_5_multimer_v3_pred_0": 2.6226043701171875e-06,
    "predict_and_compile_model_5_multimer_v3_pred_0": 297.0696473121643,
    "relax_model_5_multimer_v3_pred_0": 36.23739671707153,
    "process_features_model_5_multimer_v3_pred_1": 2.86102294921875e-06,
    "predict_and_compile_model_5_multimer_v3_pred_1": 186.17101383209229,
    "relax_model_5_multimer_v3_pred_1": 35.13292670249939,
    "process_features_model_5_multimer_v3_pred_2": 3.0994415283203125e-06,
    "predict_and_compile_model_5_multimer_v3_pred_2": 186.235121011734,
    "relax_model_5_multimer_v3_pred_2": 44.85498237609863,
    "process_features_model_5_multimer_v3_pred_3": 2.86102294921875e-06,
    "predict_and_compile_model_5_multimer_v3_pred_3": 186.17086124420166,
    "relax_model_5_multimer_v3_pred_3": 25.2185697555542,
    "process_features_model_5_multimer_v3_pred_4": 4.5299530029296875e-06,
    "predict_and_compile_model_5_multimer_v3_pred_4": 185.98468565940857,
    "relax_model_5_multimer_v3_pred_4": 24.606300115585327
}