seed,sample,ranking_score
1,0,0.47141374473567754
1,1,0.4357747269517247
1,2,0.43162372256123144
1,3,0.4623087567632696
1,4,0.46494798192335374
