seed,sample,ranking_score
1,0,0.5954479799664494
1,1,0.6036554171814852
1,2,0.5814969892433631
1,3,0.6295985556650721
1,4,0.6220604851270041
