seed,sample,ranking_score
1,0,0.47869618542767306
1,1,0.4927135796089611
1,2,0.5231896215661336
1,3,0.4398676821838795
1,4,0.4896482997706347
