seed,sample,ranking_score
1,0,0.553478904085701
1,1,0.5485788917658357
1,2,0.5457641029369377
1,3,0.5546903689122689
1,4,0.5496134620218688
