{
    "features": 0.00662994384765625,
    "process_features_model_1_multimer_v3_pred_0": 3.337860107421875e-06,
    "predict_and_compile_model_1_multimer_v3_pred_0": 258.00648522377014,
    "relax_model_1_multimer_v3_pred_0": 23.29798126220703,
    "process_features_model_1_multimer_v3_pred_1": 3.337860107421875e-06,
    "predict_and_compile_model_1_multimer_v3_pred_1": 139.6092324256897,
    "relax_model_1_multimer_v3_pred_1": 20.99953818321228,
    "process_features_model_1_multimer_v3_pred_2": 3.337860107421875e-06,
    "predict_and_compile_model_1_multimer_v3_pred_2": 139.88670468330383,
    "relax_model_1_multimer_v3_pred_2": 29.035903215408325,
    "process_features_model_1_multimer_v3_pred_3": 2.86102294921875e-06,
    "predict_and_compile_model_1_multimer_v3_pred_3": 139.6627049446106,
    "relax_model_1_multimer_v3_pred_3": 21.333225965499878,
    "process_features_model_1_multimer_v3_pred_4": 3.337860107421875e-06,
    "predict_and_compile_model_1_multimer_v3_pred_4": 139.78790545463562,
    "relax_model_1_multimer_v3_pred_4": 20.735490798950195,
    "process_features_model_2_multimer_v3_pred_0": 2.86102294921875e-06,
    "predict_and_compile_model_2_multimer_v3_pred_0": 252.12637948989868,
    "relax_model_2_multimer_v3_pred_0": 36.78503942489624,
    "process_features_model_2_multimer_v3_pred_1": 2.6226043701171875e-06,
    "predict_and_compile_model_2_multimer_v3_pred_1": 73.59864258766174,
    "relax_model_2_multimer_v3_pred_1": 38.474568605422974,
    "process_features_model_2_multimer_v3_pred_2": 3.0994415283203125e-06,
    "predict_and_compile_model_2_multimer_v3_pred_2": 66.79691100120544,
    "relax_model_2_multimer_v3_pred_2": 36.01068377494812,
    "process_features_model_2_multimer_v3_pred_3": 3.337860107421875e-06,
    "predict_and_compile_model_2_multimer_v3_pred_3": 46.893786668777466,
    "relax_model_2_multimer_v3_pred_3": 36.332231760025024,
    "process_features_model_2_multimer_v3_pred_4": 3.5762786865234375e-06,
    "predict_and_compile_model_2_multimer_v3_pred_4": 80.10601854324341,
    "relax_model_2_multimer_v3_pred_4": 36.396620750427246,
    "process_features_model_3_multimer_v3_pred_0": 3.337860107421875e-06,
    "predict_and_compile_model_3_multimer_v3_pred_0": 217.02254605293274,
    "relax_model_3_multimer_v3_pred_0": 35.94005823135376,
    "process_features_model_3_multimer_v3_pred_1": 3.0994415283203125e-06,
    "predict_and_compile_model_3_multimer_v3_pred_1": 60.13951802253723,
    "relax_model_3_multimer_v3_pred_1": 36.55557203292847,
    "process_features_model_3_multimer_v3_pred_2": 3.5762786865234375e-06,
    "predict_and_compile_model_3_multimer_v3_pred_2": 73.36538672447205,
    "relax_model_3_multimer_v3_pred_2": 28.59148144721985,
    "process_features_model_3_multimer_v3_pred_3": 2.86102294921875e-06,
    "predict_and_compile_model_3_multimer_v3_pred_3": 46.94685339927673,
    "relax_model_3_multimer_v3_pred_3": 36.33099579811096,
    "process_features_model_3_multimer_v3_pred_4": 2.86102294921875e-06,
    "predict_and_compile_model_3_multimer_v3_pred_4": 60.27853083610535,
    "relax_model_3_multimer_v3_pred_4": 36.5360164642334,
    "process_features_model_4_multimer_v3_pred_0": 3.0994415283203125e-06,
    "predict_and_compile_model_4_multimer_v3_pred_0": 247.45429873466492,
    "relax_model_4_multimer_v3_pred_0": 35.84241032600403,
    "process_features_model_4_multimer_v3_pred_1": 3.0994415283203125e-06,
    "predict_and_compile_model_4_multimer_v3_pred_1": 136.92765712738037,
    "relax_model_4_multimer_v3_pred_1": 29.610790252685547,
    "process_features_model_4_multimer_v3_pred_2": 2.86102294921875e-06,
    "predict_and_compile_model_4_multimer_v3_pred_2": 136.81070828437805,
    "relax_model_4_multimer_v3_pred_2": 21.070995330810547,
    "process_features_model_4_multimer_v3_pred_3": 3.0994415283203125e-06,
    "predict_and_compile_model_4_multimer_v3_pred_3": 104.43284010887146,
    "relax_model_4_multimer_v3_pred_3": 36.820284843444824,
    "process_features_model_4_multimer_v3_pred_4": 3.337860107421875e-06,
    "predict_and_compile_model_4_multimer_v3_pred_4": 137.08664989471436,
    "relax_model_4_multimer_v3_pred_4": 37.919432163238525,
    "process_features_model_5_multimer_v3_pred_0": 3.337860107421875e-06,
    "predict_and_compile_model_5_multimer_v3_pred_0": 245.20954990386963,
    "relax_model_5_multimer_v3_pred_0": 20.86495852470398,
    "process_features_model_5_multimer_v3_pred_1": 2.86102294921875e-06,
    "predict_and_compile_model_5_multimer_v3_pred_1": 130.5448796749115,
    "relax_model_5_multimer_v3_pred_1": 21.117048978805542,
    "process_features_model_5_multimer_v3_pred_2": 2.86102294921875e-06,
    "predict_and_compile_model_5_multimer_v3_pred_2": 136.95890069007874,
    "relax_model_5_multimer_v3_pred_2": 36.68196725845337,
    "process_features_model_5_multimer_v3_pred_3": 2.6226043701171875e-06,
    "predict_and_compile_model_5_multimer_v3_pred_3": 137.14241480827332,
    "relax_model_5_multimer_v3_pred_3": 27.79744839668274,
    "process_features_model_5_multimer_v3_pred_4": 2.86102294921875e-06,
    "predict_and_compile_model_5_multimer_v3_pred_4": 137.20254588127136,
    "relax_model_5_multimer_v3_pred_4": 20.53912043571472
}