seed,sample,ranking_score
1,0,0.7271398664566106
1,1,0.7101562646139794
1,2,0.6977026776483721
1,3,0.7228166589773224
1,4,0.725662024878507
