seed,sample,ranking_score
1,0,0.5653200703789353
1,1,0.684668233167321
1,2,0.6616994080184928
1,3,0.5872307128228346
1,4,0.6692300554591408
