seed,sample,ranking_score
1,0,0.6675555141376524
1,1,0.7084020942080371
1,2,0.7268996976576945
1,3,0.7151491436202025
1,4,0.7363698316314015
