seed,sample,ranking_score
3,0,0.8216165717537818
3,1,0.7787566866983575
3,2,0.7574970128711023
3,3,0.7718979391496184
3,4,0.7747018699021995
