seed,sample,ranking_score
1,0,0.6543769758158272
1,1,0.6520238806003151
1,2,0.6346819112508189
1,3,0.6476824645966073
1,4,0.6713048952330133
