seed,sample,ranking_score
1,0,0.6339973306095165
1,1,0.6675398983600533
1,2,0.5976402657995559
1,3,0.6661005993915581
1,4,0.6095894910509019
