seed,sample,ranking_score
1,0,0.4455236971801035
1,1,0.4614912170542634
1,2,0.43144875998769716
1,3,0.43351824933498295
1,4,0.48302873430286286
