seed,sample,ranking_score
1,0,0.6526669777672556
1,1,0.6899329952396132
1,2,0.6827889683506951
1,3,0.6795843501852039
1,4,0.6852828508152307
