seed,sample,ranking_score
1,0,0.7290218216822186
1,1,0.7308172086607377
1,2,0.7500604909882134
1,3,0.7494423538350201
1,4,0.742025449035002
