seed,sample,ranking_score
1,0,0.49240525895266435
1,1,0.47453075052669125
1,2,0.48108036818123623
1,3,0.4943379898492801
1,4,0.47791896781716237
