seed,sample,ranking_score
1,0,0.4366090041327907
1,1,0.43171909426649535
1,2,0.42241686801287254
1,3,0.4318289367351702
1,4,0.4428807164085659
