seed,sample,ranking_score
5,0,0.7283452768205793
5,1,0.7496278146521894
5,2,0.7405238404352299
5,3,0.7045360585394254
5,4,0.7510651872526551
