seed,sample,ranking_score
1,0,0.9236308120630314
1,1,0.9282506326366456
1,2,0.9315819705480822
1,3,0.9312939822267191
1,4,0.9274116326207453
