seed,sample,ranking_score
1,0,0.49097056237203507
1,1,0.47766431323190156
1,2,0.5050249391909929
1,3,0.4717277854320875
1,4,0.5065481638330968
