seed,sample,ranking_score
1,0,1.0148862511673769
1,1,1.0227663384363426
1,2,1.0138885179884949
1,3,1.0205306072521694
1,4,1.018611988492908
