seed,sample,ranking_score
1,0,0.4682991562890594
1,1,0.47916501890006824
1,2,0.4639059002798128
1,3,0.48595549409803973
1,4,0.495130576518075
