seed,sample,ranking_score
1,0,0.9275690236972676
1,1,0.9302987366640212
1,2,0.9419268719331503
1,3,0.9370462814506259
1,4,0.9400766543393926
