seed,sample,ranking_score
1,0,0.3089448634826254
1,1,0.2741774933374914
1,2,0.27358446324131597
1,3,0.259186522776898
1,4,0.27689038397110716
