seed,sample,ranking_score
1,0,0.7749766599712983
1,1,0.7762922245889111
1,2,0.778420444441891
1,3,0.7829141622302492
1,4,0.7770099650531169
