seed,sample,ranking_score
1,0,0.5173086979332605
1,1,0.6006970848127123
1,2,0.5976025235744891
1,3,0.6101016817414262
1,4,0.5067962053745727
