{
    "features": 0.010799646377563477,
    "process_features_model_1_multimer_v3_pred_0": 2.86102294921875e-06,
    "predict_and_compile_model_1_multimer_v3_pred_0": 545.9913074970245,
    "relax_model_1_multimer_v3_pred_0": 55.99851965904236,
    "process_features_model_1_multimer_v3_pred_1": 3.814697265625e-06,
    "predict_and_compile_model_1_multimer_v3_pred_1": 364.8144636154175,
    "relax_model_1_multimer_v3_pred_1": 53.17841958999634,
    "process_features_model_1_multimer_v3_pred_2": 4.0531158447265625e-06,
    "predict_and_compile_model_1_multimer_v3_pred_2": 364.9908239841461,
    "relax_model_1_multimer_v3_pred_2": 57.470834732055664,
    "process_features_model_1_multimer_v3_pred_3": 4.0531158447265625e-06,
    "predict_and_compile_model_1_multimer_v3_pred_3": 364.11628103256226,
    "relax_model_1_multimer_v3_pred_3": 52.48879289627075,
    "process_features_model_1_multimer_v3_pred_4": 4.291534423828125e-06,
    "predict_and_compile_model_1_multimer_v3_pred_4": 190.96800351142883,
    "relax_model_1_multimer_v3_pred_4": 53.50527787208557,
    "process_features_model_2_multimer_v3_pred_0": 3.814697265625e-06,
    "predict_and_compile_model_2_multimer_v3_pred_0": 379.14346051216125,
    "relax_model_2_multimer_v3_pred_0": 54.44795894622803,
    "process_features_model_2_multimer_v3_pred_1": 3.814697265625e-06,
    "predict_and_compile_model_2_multimer_v3_pred_1": 364.8489189147949,
    "relax_model_2_multimer_v3_pred_1": 54.17823791503906,
    "process_features_model_2_multimer_v3_pred_2": 4.291534423828125e-06,
    "predict_and_compile_model_2_multimer_v3_pred_2": 365.21502017974854,
    "relax_model_2_multimer_v3_pred_2": 51.77865791320801,
    "process_features_model_2_multimer_v3_pred_3": 4.0531158447265625e-06,
    "predict_and_compile_model_2_multimer_v3_pred_3": 242.91271901130676,
    "relax_model_2_multimer_v3_pred_3": 51.29021883010864,
    "process_features_model_2_multimer_v3_pred_4": 3.5762786865234375e-06,
    "predict_and_compile_model_2_multimer_v3_pred_4": 260.7440218925476,
    "relax_model_2_multimer_v3_pred_4": 54.01388645172119,
    "process_features_model_3_multimer_v3_pred_0": 3.5762786865234375e-06,
    "predict_and_compile_model_3_multimer_v3_pred_0": 381.1989018917084,
    "relax_model_3_multimer_v3_pred_0": 50.78482627868652,
    "process_features_model_3_multimer_v3_pred_1": 3.337860107421875e-06,
    "predict_and_compile_model_3_multimer_v3_pred_1": 208.42180490493774,
    "relax_model_3_multimer_v3_pred_1": 51.02324724197388,
    "process_features_model_3_multimer_v3_pred_2": 4.0531158447265625e-06,
    "predict_and_compile_model_3_multimer_v3_pred_2": 174.19411373138428,
    "relax_model_3_multimer_v3_pred_2": 53.61672592163086,
    "process_features_model_3_multimer_v3_pred_3": 3.5762786865234375e-06,
    "predict_and_compile_model_3_multimer_v3_pred_3": 104.6075975894928,
    "relax_model_3_multimer_v3_pred_3": 52.7067985534668,
    "process_features_model_3_multimer_v3_pred_4": 3.814697265625e-06,
    "predict_and_compile_model_3_multimer_v3_pred_4": 365.0400400161743,
    "relax_model_3_multimer_v3_pred_4": 51.75258708000183,
    "process_features_model_4_multimer_v3_pred_0": 3.814697265625e-06,
    "predict_and_compile_model_4_multimer_v3_pred_0": 537.7958245277405,
    "relax_model_4_multimer_v3_pred_0": 51.744526624679565,
    "process_features_model_4_multimer_v3_pred_1": 3.814697265625e-06,
    "predict_and_compile_model_4_multimer_v3_pred_1": 357.8335840702057,
    "relax_model_4_multimer_v3_pred_1": 51.937785387039185,
    "process_features_model_4_multimer_v3_pred_2": 4.0531158447265625e-06,
    "predict_and_compile_model_4_multimer_v3_pred_2": 357.68099308013916,
    "relax_model_4_multimer_v3_pred_2": 50.913198947906494,
    "process_features_model_4_multimer_v3_pred_3": 4.0531158447265625e-06,
    "predict_and_compile_model_4_multimer_v3_pred_3": 358.23193621635437,
    "relax_model_4_multimer_v3_pred_3": 30.315518617630005,
    "process_features_model_4_multimer_v3_pred_4": 3.5762786865234375e-06,
    "predict_and_compile_model_4_multimer_v3_pred_4": 358.4342303276062,
    "relax_model_4_multimer_v3_pred_4": 40.674163579940796,
    "process_features_model_5_multimer_v3_pred_0": 3.814697265625e-06,
    "predict_and_compile_model_5_multimer_v3_pred_0": 534.7221143245697,
    "relax_model_5_multimer_v3_pred_0": 31.65576696395874,
    "process_features_model_5_multimer_v3_pred_1": 5.0067901611328125e-06,
    "predict_and_compile_model_5_multimer_v3_pred_1": 358.9941427707672,
    "relax_model_5_multimer_v3_pred_1": 46.02010178565979,
    "process_features_model_5_multimer_v3_pred_2": 4.0531158447265625e-06,
    "predict_and_compile_model_5_multimer_v3_pred_2": 359.2414450645447,
    "relax_model_5_multimer_v3_pred_2": 30.07523536682129,
    "process_features_model_5_multimer_v3_pred_3": 3.814697265625e-06,
    "predict_and_compile_model_5_multimer_v3_pred_3": 358.51961755752563,
    "relax_model_5_multimer_v3_pred_3": 30.78504729270935,
    "process_features_model_5_multimer_v3_pred_4": 4.291534423828125e-06,
    "predict_and_compile_model_5_multimer_v3_pred_4": 358.8053398132324,
    "relax_model_5_multimer_v3_pred_4": 31.139976024627686
}