seed,sample,ranking_score
1,0,0.38129496980918903
1,1,0.40198388012075353
1,2,0.3537770866977977
1,3,0.35288069383462184
1,4,0.39478781504417465
