seed,sample,ranking_score
1,0,0.6369941149247379
1,1,0.5974103153742317
1,2,0.5783067309629517
1,3,0.6009383043305525
1,4,0.6295814847359038
