seed,sample,ranking_score
1,0,0.5559886204469338
1,1,0.5708352898022542
1,2,0.5415228409970396
1,3,0.5567543401132086
1,4,0.5787366661977665
