seed,sample,ranking_score
5,0,0.9169043373371794
5,1,0.914396715894527
5,2,0.9098223114366786
5,3,0.9090271776113162
5,4,0.9081316953825527
