{
    "features": 0.018175840377807617,
    "process_features_model_1_multimer_v3_pred_0": 3.5762786865234375e-06,
    "predict_and_compile_model_1_multimer_v3_pred_0": 132.17900705337524,
    "predict_benchmark_model_1_multimer_v3_pred_0": 50.30924987792969,
    "process_features_model_2_multimer_v3_pred_0": 3.0040740966796875e-05,
    "predict_and_compile_model_2_multimer_v3_pred_0": 112.43391561508179,
    "predict_benchmark_model_2_multimer_v3_pred_0": 27.99381947517395,
    "process_features_model_3_multimer_v3_pred_0": 8.106231689453125e-06,
    "predict_and_compile_model_3_multimer_v3_pred_0": 120.48785257339478,
    "predict_benchmark_model_3_multimer_v3_pred_0": 33.52766537666321,
    "process_features_model_4_multimer_v3_pred_0": 1.1444091796875e-05,
    "predict_and_compile_model_4_multimer_v3_pred_0": 124.59639978408813,
    "predict_benchmark_model_4_multimer_v3_pred_0": 38.58651256561279,
    "process_features_model_5_multimer_v3_pred_0": 2.09808349609375e-05,
    "predict_and_compile_model_5_multimer_v3_pred_0": 118.66021466255188,
    "predict_benchmark_model_5_multimer_v3_pred_0": 32.88146924972534
}