seed,sample,ranking_score
3,0,0.736092749121148
3,1,0.7464983029105678
3,2,0.7467871815647831
3,3,0.7356450332361207
3,4,0.7525497140419104
