seed,sample,ranking_score
1,0,0.9391431039080683
1,1,0.9413630699657006
1,2,0.9504951158491991
1,3,0.9493202289567435
1,4,0.940480496754354
