seed,sample,ranking_score
1,0,0.6949236751915159
1,1,0.7106560730313293
1,2,0.7610353391790907
1,3,0.6971654377139733
1,4,0.713923662260584
