seed,sample,ranking_score
1,0,0.6908888641213679
1,1,0.7912526850483705
1,2,0.6808156312766932
1,3,0.7909456806828561
1,4,0.7597664326810462
