{
    "iptm+ptm": {
        "model_1_multimer_v3_pred_0": 0.7107735068990614,
        "model_1_multimer_v3_pred_1": 0.7102045495940601,
        "model_1_multimer_v3_pred_2": 0.8599256866225656,
        "model_1_multimer_v3_pred_3": 0.7094777715182516,
        "model_1_multimer_v3_pred_4": 0.7941259250883296,
        "model_2_multimer_v3_pred_0": 0.7159477917857006,
        "model_2_multimer_v3_pred_1": 0.7213939179885039,
        "model_2_multimer_v3_pred_2": 0.8601123588811617,
        "model_2_multimer_v3_pred_3": 0.7241383917921412,
        "model_2_multimer_v3_pred_4": 0.7265848369244338,
        "model_3_multimer_v3_pred_0": 0.8769166254735224,
        "model_3_multimer_v3_pred_1": 0.7312207000144286,
        "model_3_multimer_v3_pred_2": 0.716188816033768,
        "model_3_multimer_v3_pred_3": 0.7000009224305994,
        "model_3_multimer_v3_pred_4": 0.7281848709874181,
        "model_4_multimer_v3_pred_0": 0.8729612746357995,
        "model_4_multimer_v3_pred_1": 0.8762966664204055,
        "model_4_multimer_v3_pred_2": 0.898409748404984,
        "model_4_multimer_v3_pred_3": 0.8452492645038192,
        "model_4_multimer_v3_pred_4": 0.8846930627363556,
        "model_5_multimer_v3_pred_0": 0.7296393596765933,
        "model_5_multimer_v3_pred_1": 0.7363581532113875,
        "model_5_multimer_v3_pred_2": 0.7429145017647296,
        "model_5_multimer_v3_pred_3": 0.7352158542877243,
        "model_5_multimer_v3_pred_4": 0.7403438637061043
    },
    "order": [
        "model_4_multimer_v3_pred_2",
        "model_4_multimer_v3_pred_4",
        "model_3_multimer_v3_pred_0",
        "model_4_multimer_v3_pred_1",
        "model_4_multimer_v3_pred_0",
        "model_2_multimer_v3_pred_2",
        "model_1_multimer_v3_pred_2",
        "model_4_multimer_v3_pred_3",
        "model_1_multimer_v3_pred_4",
        "model_5_multimer_v3_pred_2",
        "model_5_multimer_v3_pred_4",
        "model_5_multimer_v3_pred_1",
        "model_5_multimer_v3_pred_3",
        "model_3_multimer_v3_pred_1",
        "model_5_multimer_v3_pred_0",
        "model_3_multimer_v3_pred_4",
        "model_2_multimer_v3_pred_4",
        "model_2_multimer_v3_pred_3",
        "model_2_multimer_v3_pred_1",
        "model_3_multimer_v3_pred_2",
        "model_2_multimer_v3_pred_0",
        "model_1_multimer_v3_pred_0",
        "model_1_multimer_v3_pred_1",
        "model_1_multimer_v3_pred_3",
        "model_3_multimer_v3_pred_3"
    ]
}