seed,sample,ranking_score
1,0,0.7452097533111983
1,1,0.745259868452363
1,2,0.7519212971084983
1,3,0.7401781813126671
1,4,0.7327589271794276
