{
    "features": 0.1629345417022705,
    "process_features_model_1_multimer_v3_pred_0": 5.7220458984375e-06,
    "predict_and_compile_model_1_multimer_v3_pred_0": 721.9425513744354,
    "predict_benchmark_model_1_multimer_v3_pred_0": 551.9855432510376,
    "process_features_model_2_multimer_v3_pred_0": 4.291534423828125e-06,
    "predict_and_compile_model_2_multimer_v3_pred_0": 708.9206964969635,
    "predict_benchmark_model_2_multimer_v3_pred_0": 550.8524150848389,
    "process_features_model_3_multimer_v3_pred_0": 5.245208740234375e-06,
    "predict_and_compile_model_3_multimer_v3_pred_0": 710.8887939453125,
    "predict_benchmark_model_3_multimer_v3_pred_0": 552.251626253128,
    "process_features_model_4_multimer_v3_pred_0": 4.291534423828125e-06,
    "predict_and_compile_model_4_multimer_v3_pred_0": 700.6835446357727,
    "predict_benchmark_model_4_multimer_v3_pred_0": 537.856498003006,
    "process_features_model_5_multimer_v3_pred_0": 4.76837158203125e-06,
    "predict_and_compile_model_5_multimer_v3_pred_0": 684.5589270591736,
    "predict_benchmark_model_5_multimer_v3_pred_0": 536.2009143829346
}