seed,sample,ranking_score
1,0,0.7027641175714154
1,1,0.7249589722558311
1,2,0.7038237406560076
1,3,0.6800589904076078
1,4,0.6832743638253203
