seed,sample,ranking_score
1,0,0.6515551717252133
1,1,0.6632843502796378
1,2,0.653516153569594
1,3,0.6449790470099522
1,4,0.656009420238499
