seed,sample,ranking_score
1,0,0.6995039985602456
1,1,0.6781420305084428
1,2,0.6881619286744091
1,3,0.6294975388594695
1,4,0.6780512689825811
