seed,sample,ranking_score
1,0,0.605178655644199
1,1,0.6558002044372174
1,2,0.6125279905120056
1,3,0.629124287971732
1,4,0.5893127521234605
