seed,sample,ranking_score
1,0,0.5632487958183559
1,1,0.5546596608581433
1,2,0.5604604483838496
1,3,0.6088929074776511
1,4,0.5665141425724575
