seed,sample,ranking_score
1,0,0.689368281442736
1,1,0.7105144571568427
1,2,0.6803349516775091
1,3,0.7060877547399818
1,4,0.7213959721992527
