{
    "features": 0.35062122344970703,
    "process_features_model_1_multimer_v3_pred_0": 5.9604644775390625e-06,
    "predict_and_compile_model_1_multimer_v3_pred_0": 389.00074648857117,
    "predict_benchmark_model_1_multimer_v3_pred_0": 273.6405727863312,
    "process_features_model_2_multimer_v3_pred_0": 3.5762786865234375e-06,
    "predict_and_compile_model_2_multimer_v3_pred_0": 382.9002468585968,
    "predict_benchmark_model_2_multimer_v3_pred_0": 273.74318265914917,
    "process_features_model_3_multimer_v3_pred_0": 4.5299530029296875e-06,
    "predict_and_compile_model_3_multimer_v3_pred_0": 383.86316180229187,
    "predict_benchmark_model_3_multimer_v3_pred_0": 274.1064577102661,
    "process_features_model_4_multimer_v3_pred_0": 3.814697265625e-06,
    "predict_and_compile_model_4_multimer_v3_pred_0": 381.5657513141632,
    "predict_benchmark_model_4_multimer_v3_pred_0": 265.98951411247253,
    "process_features_model_5_multimer_v3_pred_0": 5.0067901611328125e-06,
    "predict_and_compile_model_5_multimer_v3_pred_0": 380.4451422691345,
    "predict_benchmark_model_5_multimer_v3_pred_0": 265.954393863678
}