seed,sample,ranking_score
1,0,0.5636321439307577
1,1,0.5280226947876656
1,2,0.5475458252162743
1,3,0.6058295548255386
1,4,0.5673657005988793
