seed,sample,ranking_score
1,0,0.7298284225598722
1,1,0.7167763280340103
1,2,0.7243437343617934
1,3,0.7314616020887128
1,4,0.7361744750406215
