seed,sample,ranking_score
1,0,0.549758308199767
1,1,0.555485443134143
1,2,0.5436303399706705
1,3,0.5436866752901703
1,4,0.5286510229635316
