{
    "features": 0.13227128982543945,
    "process_features_model_1_multimer_v3_pred_0": 3.337860107421875e-06,
    "predict_and_compile_model_1_multimer_v3_pred_0": 118.73364400863647,
    "predict_benchmark_model_1_multimer_v3_pred_0": 42.1029953956604,
    "process_features_model_2_multimer_v3_pred_0": 1.3113021850585938e-05,
    "predict_and_compile_model_2_multimer_v3_pred_0": 115.7870078086853,
    "predict_benchmark_model_2_multimer_v3_pred_0": 37.369770765304565,
    "process_features_model_3_multimer_v3_pred_0": 3.7670135498046875e-05,
    "predict_and_compile_model_3_multimer_v3_pred_0": 113.93491435050964,
    "predict_benchmark_model_3_multimer_v3_pred_0": 37.44681262969971,
    "process_features_model_4_multimer_v3_pred_0": 1.52587890625e-05,
    "predict_and_compile_model_4_multimer_v3_pred_0": 116.5638542175293,
    "predict_benchmark_model_4_multimer_v3_pred_0": 36.716801166534424,
    "process_features_model_5_multimer_v3_pred_0": 1.5020370483398438e-05,
    "predict_and_compile_model_5_multimer_v3_pred_0": 111.03563070297241,
    "predict_benchmark_model_5_multimer_v3_pred_0": 32.29136657714844
}