{
    "features": 0.15431451797485352,
    "process_features_model_1_multimer_v3_pred_0": 5.9604644775390625e-06,
    "predict_and_compile_model_1_multimer_v3_pred_0": 219.23140263557434,
    "predict_benchmark_model_1_multimer_v3_pred_0": 133.6628930568695,
    "process_features_model_2_multimer_v3_pred_0": 1.1920928955078125e-05,
    "predict_and_compile_model_2_multimer_v3_pred_0": 218.63724207878113,
    "predict_benchmark_model_2_multimer_v3_pred_0": 133.93656826019287,
    "process_features_model_3_multimer_v3_pred_0": 1.3589859008789062e-05,
    "predict_and_compile_model_3_multimer_v3_pred_0": 221.20449662208557,
    "predict_benchmark_model_3_multimer_v3_pred_0": 133.63202381134033,
    "process_features_model_4_multimer_v3_pred_0": 1.3828277587890625e-05,
    "predict_and_compile_model_4_multimer_v3_pred_0": 218.4135012626648,
    "predict_benchmark_model_4_multimer_v3_pred_0": 130.47504305839539,
    "process_features_model_5_multimer_v3_pred_0": 3.170967102050781e-05,
    "predict_and_compile_model_5_multimer_v3_pred_0": 200.65812969207764,
    "predict_benchmark_model_5_multimer_v3_pred_0": 111.89921832084656
}