seed,sample,ranking_score
4,0,0.4060008334089774
4,1,0.3865990387776546
4,2,0.4162955527049663
4,3,0.38621840918391753
4,4,0.3849400641859229
