seed,sample,ranking_score
1,0,0.6398261266819805
1,1,0.6449729181938307
1,2,0.6287383021675486
1,3,0.5940065992933755
1,4,0.6274514750479109
