seed,sample,ranking_score
1,0,0.6742747175023348
1,1,0.6632956017467135
1,2,0.6264233145669816
1,3,0.6558233307893077
1,4,0.6541108975155085
