seed,sample,ranking_score
1,0,0.5112947210129202
1,1,0.67603831769173
1,2,0.6931612159244566
1,3,0.7065920300116757
1,4,0.6896292638024653
