seed,sample,ranking_score
1,0,0.6677393800333492
1,1,0.6898982545455123
1,2,0.6710728661084617
1,3,0.6721742098837583
1,4,0.6630150577971898
