seed,sample,ranking_score
1,0,0.8164541053945849
1,1,0.8188973278358107
1,2,0.8155151316726982
1,3,0.7988798710713488
1,4,0.8148224471971166
