seed,sample,ranking_score
1,0,0.4840124044677484
1,1,0.46713007309535504
1,2,0.4272044100956164
1,3,0.4741686089587032
1,4,0.4546914776730834
