seed,sample,ranking_score
1,0,0.4978562436670476
1,1,0.5173424695039572
1,2,0.5276672263955415
1,3,0.4681304380451251
1,4,0.5087258591128283
