{
    "features": 0.43517446517944336,
    "process_features_model_1_multimer_v3_pred_0": 4.76837158203125e-06,
    "predict_and_compile_model_1_multimer_v3_pred_0": 961.4760921001434,
    "predict_benchmark_model_1_multimer_v3_pred_0": 843.633572101593,
    "process_features_model_2_multimer_v3_pred_0": 4.5299530029296875e-06,
    "predict_and_compile_model_2_multimer_v3_pred_0": 950.4573731422424,
    "predict_benchmark_model_2_multimer_v3_pred_0": 843.7494053840637,
    "process_features_model_3_multimer_v3_pred_0": 3.814697265625e-06,
    "predict_and_compile_model_3_multimer_v3_pred_0": 952.167022228241,
    "predict_benchmark_model_3_multimer_v3_pred_0": 843.7416203022003,
    "process_features_model_4_multimer_v3_pred_0": 4.5299530029296875e-06,
    "predict_and_compile_model_4_multimer_v3_pred_0": 938.0156760215759,
    "predict_benchmark_model_4_multimer_v3_pred_0": 824.3564975261688,
    "process_features_model_5_multimer_v3_pred_0": 4.0531158447265625e-06,
    "predict_and_compile_model_5_multimer_v3_pred_0": 935.7598190307617,
    "predict_benchmark_model_5_multimer_v3_pred_0": 824.7558779716492
}