{
    "features": 0.03336286544799805,
    "process_features_model_1_multimer_v3_pred_0": 3.5762786865234375e-06,
    "predict_and_compile_model_1_multimer_v3_pred_0": 843.1890382766724,
    "predict_benchmark_model_1_multimer_v3_pred_0": 758.174143075943,
    "process_features_model_2_multimer_v3_pred_0": 2.47955322265625e-05,
    "predict_and_compile_model_2_multimer_v3_pred_0": 843.6701424121857,
    "predict_benchmark_model_2_multimer_v3_pred_0": 758.4574139118195,
    "process_features_model_3_multimer_v3_pred_0": 1.7404556274414062e-05,
    "predict_and_compile_model_3_multimer_v3_pred_0": 842.6278667449951,
    "predict_benchmark_model_3_multimer_v3_pred_0": 758.4225656986237,
    "process_features_model_4_multimer_v3_pred_0": 2.5510787963867188e-05,
    "predict_and_compile_model_4_multimer_v3_pred_0": 816.1884109973907,
    "predict_benchmark_model_4_multimer_v3_pred_0": 738.675131559372,
    "process_features_model_5_multimer_v3_pred_0": 2.9802322387695312e-05,
    "predict_and_compile_model_5_multimer_v3_pred_0": 813.3047182559967,
    "predict_benchmark_model_5_multimer_v3_pred_0": 738.6477553844452
}