{
    "features": 0.01748347282409668,
    "process_features_model_1_multimer_v3_pred_0": 3.814697265625e-06,
    "predict_and_compile_model_1_multimer_v3_pred_0": 108.04749608039856,
    "predict_benchmark_model_1_multimer_v3_pred_0": 25.41893196105957,
    "process_features_model_2_multimer_v3_pred_0": 2.8371810913085938e-05,
    "predict_and_compile_model_2_multimer_v3_pred_0": 164.6570529937744,
    "predict_benchmark_model_2_multimer_v3_pred_0": 80.52919626235962,
    "process_features_model_3_multimer_v3_pred_0": 1.7642974853515625e-05,
    "predict_and_compile_model_3_multimer_v3_pred_0": 194.3624289035797,
    "predict_benchmark_model_3_multimer_v3_pred_0": 106.32318258285522,
    "process_features_model_4_multimer_v3_pred_0": 2.8133392333984375e-05,
    "predict_and_compile_model_4_multimer_v3_pred_0": 121.36126613616943,
    "predict_benchmark_model_4_multimer_v3_pred_0": 29.939929008483887,
    "process_features_model_5_multimer_v3_pred_0": 3.24249267578125e-05,
    "predict_and_compile_model_5_multimer_v3_pred_0": 198.73020315170288,
    "predict_benchmark_model_5_multimer_v3_pred_0": 104.05622959136963
}