seed,sample,ranking_score
5,0,0.6229652167295381
5,1,0.6070982769431742
5,2,0.6277465695718742
5,3,0.6492393833997931
5,4,0.653162596420282
