seed,sample,ranking_score
1,0,0.6821167977232464
1,1,0.7191588804695657
1,2,0.7344130314930822
1,3,0.7243513807457665
1,4,0.7179212608397051
