seed,sample,ranking_score
1,0,0.6431504948952057
1,1,0.6312953858805307
1,2,0.6347413976033158
1,3,0.6134112713477364
1,4,0.6489777978080383
