seed,sample,ranking_score
1,0,0.5858967981740427
1,1,0.5955028290658494
1,2,0.5947118287776703
1,3,0.5801393135728339
1,4,0.593058068918585
