seed,sample,ranking_score
1,0,0.7979643503037274
1,1,0.7955374452765346
1,2,0.8153908717645435
1,3,0.8440212335578725
1,4,0.7887356027725011
