{
    "features": 0.007017374038696289,
    "process_features_model_1_multimer_v3_pred_0": 3.814697265625e-06,
    "predict_and_compile_model_1_multimer_v3_pred_0": 153.1293911933899,
    "relax_model_1_multimer_v3_pred_0": 29.724863529205322,
    "process_features_model_1_multimer_v3_pred_1": 2.384185791015625e-06,
    "predict_and_compile_model_1_multimer_v3_pred_1": 49.17691206932068,
    "relax_model_1_multimer_v3_pred_1": 28.18888759613037,
    "process_features_model_1_multimer_v3_pred_2": 3.337860107421875e-06,
    "predict_and_compile_model_1_multimer_v3_pred_2": 89.49056005477905,
    "relax_model_1_multimer_v3_pred_2": 28.469951391220093,
    "process_features_model_1_multimer_v3_pred_3": 2.86102294921875e-06,
    "predict_and_compile_model_1_multimer_v3_pred_3": 49.18010473251343,
    "relax_model_1_multimer_v3_pred_3": 52.74283266067505,
    "process_features_model_1_multimer_v3_pred_4": 2.86102294921875e-06,
    "predict_and_compile_model_1_multimer_v3_pred_4": 57.27550506591797,
    "relax_model_1_multimer_v3_pred_4": 27.55684804916382,
    "process_features_model_2_multimer_v3_pred_0": 2.384185791015625e-06,
    "predict_and_compile_model_2_multimer_v3_pred_0": 158.15852665901184,
    "relax_model_2_multimer_v3_pred_0": 30.758070468902588,
    "process_features_model_2_multimer_v3_pred_1": 3.0994415283203125e-06,
    "predict_and_compile_model_2_multimer_v3_pred_1": 57.29473924636841,
    "relax_model_2_multimer_v3_pred_1": 27.985764503479004,
    "process_features_model_2_multimer_v3_pred_2": 2.86102294921875e-06,
    "predict_and_compile_model_2_multimer_v3_pred_2": 57.42923927307129,
    "relax_model_2_multimer_v3_pred_2": 26.820252418518066,
    "process_features_model_2_multimer_v3_pred_3": 2.86102294921875e-06,
    "predict_and_compile_model_2_multimer_v3_pred_3": 97.77267694473267,
    "relax_model_2_multimer_v3_pred_3": 28.06685161590576,
    "process_features_model_2_multimer_v3_pred_4": 3.0994415283203125e-06,
    "predict_and_compile_model_2_multimer_v3_pred_4": 49.219916582107544,
    "relax_model_2_multimer_v3_pred_4": 27.70913600921631,
    "process_features_model_3_multimer_v3_pred_0": 3.0994415283203125e-06,
    "predict_and_compile_model_3_multimer_v3_pred_0": 176.11565709114075,
    "relax_model_3_multimer_v3_pred_0": 32.64215445518494,
    "process_features_model_3_multimer_v3_pred_1": 2.384185791015625e-06,
    "predict_and_compile_model_3_multimer_v3_pred_1": 49.32844877243042,
    "relax_model_3_multimer_v3_pred_1": 28.756945848464966,
    "process_features_model_3_multimer_v3_pred_2": 2.86102294921875e-06,
    "predict_and_compile_model_3_multimer_v3_pred_2": 81.52817702293396,
    "relax_model_3_multimer_v3_pred_2": 50.570770263671875,
    "process_features_model_3_multimer_v3_pred_3": 3.0994415283203125e-06,
    "predict_and_compile_model_3_multimer_v3_pred_3": 57.312111377716064,
    "relax_model_3_multimer_v3_pred_3": 39.90674543380737,
    "process_features_model_3_multimer_v3_pred_4": 2.6226043701171875e-06,
    "predict_and_compile_model_3_multimer_v3_pred_4": 113.78144025802612,
    "relax_model_3_multimer_v3_pred_4": 27.61386489868164,
    "process_features_model_4_multimer_v3_pred_0": 3.0994415283203125e-06,
    "predict_and_compile_model_4_multimer_v3_pred_0": 200.71289610862732,
    "relax_model_4_multimer_v3_pred_0": 28.966484546661377,
    "process_features_model_4_multimer_v3_pred_1": 2.6226043701171875e-06,
    "predict_and_compile_model_4_multimer_v3_pred_1": 136.8747365474701,
    "relax_model_4_multimer_v3_pred_1": 42.833125591278076,
    "process_features_model_4_multimer_v3_pred_2": 3.0994415283203125e-06,
    "predict_and_compile_model_4_multimer_v3_pred_2": 96.0707700252533,
    "relax_model_4_multimer_v3_pred_2": 27.43602466583252,
    "process_features_model_4_multimer_v3_pred_3": 3.0994415283203125e-06,
    "predict_and_compile_model_4_multimer_v3_pred_3": 40.8765823841095,
    "relax_model_4_multimer_v3_pred_3": 56.95061898231506,
    "process_features_model_4_multimer_v3_pred_4": 2.86102294921875e-06,
    "predict_and_compile_model_4_multimer_v3_pred_4": 96.40092778205872,
    "relax_model_4_multimer_v3_pred_4": 53.41098070144653,
    "process_features_model_5_multimer_v3_pred_0": 2.86102294921875e-06,
    "predict_and_compile_model_5_multimer_v3_pred_0": 261.2297332286835,
    "relax_model_5_multimer_v3_pred_0": 28.85151982307434,
    "process_features_model_5_multimer_v3_pred_1": 2.384185791015625e-06,
    "predict_and_compile_model_5_multimer_v3_pred_1": 136.70255374908447,
    "relax_model_5_multimer_v3_pred_1": 28.773578643798828,
    "process_features_model_5_multimer_v3_pred_2": 2.6226043701171875e-06,
    "predict_and_compile_model_5_multimer_v3_pred_2": 104.8934280872345,
    "relax_model_5_multimer_v3_pred_2": 31.331894874572754,
    "process_features_model_5_multimer_v3_pred_3": 2.86102294921875e-06,
    "predict_and_compile_model_5_multimer_v3_pred_3": 88.51793217658997,
    "relax_model_5_multimer_v3_pred_3": 39.45520639419556,
    "process_features_model_5_multimer_v3_pred_4": 3.0994415283203125e-06,
    "predict_and_compile_model_5_multimer_v3_pred_4": 48.46572732925415,
    "relax_model_5_multimer_v3_pred_4": 31.434922456741333
}