seed,sample,ranking_score
1,0,0.9490466388920786
1,1,0.9398400985340043
1,2,0.940186325756591
1,3,0.9464181643912012
1,4,0.936417548717066
