seed,sample,ranking_score
1,0,0.7125516044658013
1,1,0.7081322109528736
1,2,0.7299232944079852
1,3,0.7101867938983049
1,4,0.7136442091858208
