{
    "features": 0.0049285888671875,
    "process_features_model_1_multimer_v3_pred_0": 3.814697265625e-06,
    "predict_and_compile_model_1_multimer_v3_pred_0": 139.88627696037292,
    "relax_model_1_multimer_v3_pred_0": 17.855018854141235,
    "process_features_model_1_multimer_v3_pred_1": 3.337860107421875e-06,
    "predict_and_compile_model_1_multimer_v3_pred_1": 21.348499059677124,
    "relax_model_1_multimer_v3_pred_1": 17.901509761810303,
    "process_features_model_1_multimer_v3_pred_2": 2.86102294921875e-06,
    "predict_and_compile_model_1_multimer_v3_pred_2": 25.591204404830933,
    "relax_model_1_multimer_v3_pred_2": 13.822665452957153,
    "process_features_model_1_multimer_v3_pred_3": 2.86102294921875e-06,
    "predict_and_compile_model_1_multimer_v3_pred_3": 21.357075214385986,
    "relax_model_1_multimer_v3_pred_3": 13.425310850143433,
    "process_features_model_1_multimer_v3_pred_4": 2.86102294921875e-06,
    "predict_and_compile_model_1_multimer_v3_pred_4": 21.328993320465088,
    "relax_model_1_multimer_v3_pred_4": 15.210839748382568,
    "process_features_model_2_multimer_v3_pred_0": 2.6226043701171875e-06,
    "predict_and_compile_model_2_multimer_v3_pred_0": 137.37545466423035,
    "relax_model_2_multimer_v3_pred_0": 16.09285020828247,
    "process_features_model_2_multimer_v3_pred_1": 3.0994415283203125e-06,
    "predict_and_compile_model_2_multimer_v3_pred_1": 21.348989486694336,
    "relax_model_2_multimer_v3_pred_1": 14.290048360824585,
    "process_features_model_2_multimer_v3_pred_2": 3.0994415283203125e-06,
    "predict_and_compile_model_2_multimer_v3_pred_2": 21.747663497924805,
    "relax_model_2_multimer_v3_pred_2": 14.024620056152344,
    "process_features_model_2_multimer_v3_pred_3": 3.0994415283203125e-06,
    "predict_and_compile_model_2_multimer_v3_pred_3": 21.42625331878662,
    "relax_model_2_multimer_v3_pred_3": 14.016806364059448,
    "process_features_model_2_multimer_v3_pred_4": 3.337860107421875e-06,
    "predict_and_compile_model_2_multimer_v3_pred_4": 21.342507362365723,
    "relax_model_2_multimer_v3_pred_4": 13.75339651107788,
    "process_features_model_3_multimer_v3_pred_0": 3.337860107421875e-06,
    "predict_and_compile_model_3_multimer_v3_pred_0": 141.99401807785034,
    "relax_model_3_multimer_v3_pred_0": 13.9604012966156,
    "process_features_model_3_multimer_v3_pred_1": 3.5762786865234375e-06,
    "predict_and_compile_model_3_multimer_v3_pred_1": 21.360777616500854,
    "relax_model_3_multimer_v3_pred_1": 14.405307531356812,
    "process_features_model_3_multimer_v3_pred_2": 3.0994415283203125e-06,
    "predict_and_compile_model_3_multimer_v3_pred_2": 21.333999395370483,
    "relax_model_3_multimer_v3_pred_2": 14.295056581497192,
    "process_features_model_3_multimer_v3_pred_3": 3.0994415283203125e-06,
    "predict_and_compile_model_3_multimer_v3_pred_3": 21.330952882766724,
    "relax_model_3_multimer_v3_pred_3": 14.057242631912231,
    "process_features_model_3_multimer_v3_pred_4": 3.0994415283203125e-06,
    "predict_and_compile_model_3_multimer_v3_pred_4": 25.5526020526886,
    "relax_model_3_multimer_v3_pred_4": 14.095974922180176,
    "process_features_model_4_multimer_v3_pred_0": 2.86102294921875e-06,
    "predict_and_compile_model_4_multimer_v3_pred_0": 146.5809199810028,
    "relax_model_4_multimer_v3_pred_0": 14.573092937469482,
    "process_features_model_4_multimer_v3_pred_1": 2.6226043701171875e-06,
    "predict_and_compile_model_4_multimer_v3_pred_1": 25.226542472839355,
    "relax_model_4_multimer_v3_pred_1": 17.92970061302185,
    "process_features_model_4_multimer_v3_pred_2": 3.0994415283203125e-06,
    "predict_and_compile_model_4_multimer_v3_pred_2": 20.976998567581177,
    "relax_model_4_multimer_v3_pred_2": 13.930537700653076,
    "process_features_model_4_multimer_v3_pred_3": 2.86102294921875e-06,
    "predict_and_compile_model_4_multimer_v3_pred_3": 20.991386890411377,
    "relax_model_4_multimer_v3_pred_3": 15.933021783828735,
    "process_features_model_4_multimer_v3_pred_4": 3.0994415283203125e-06,
    "predict_and_compile_model_4_multimer_v3_pred_4": 29.850797653198242,
    "relax_model_4_multimer_v3_pred_4": 14.778784990310669,
    "process_features_model_5_multimer_v3_pred_0": 3.0994415283203125e-06,
    "predict_and_compile_model_5_multimer_v3_pred_0": 151.9322612285614,
    "relax_model_5_multimer_v3_pred_0": 14.932573080062866,
    "process_features_model_5_multimer_v3_pred_1": 2.86102294921875e-06,
    "predict_and_compile_model_5_multimer_v3_pred_1": 20.970659017562866,
    "relax_model_5_multimer_v3_pred_1": 14.441594362258911,
    "process_features_model_5_multimer_v3_pred_2": 2.86102294921875e-06,
    "predict_and_compile_model_5_multimer_v3_pred_2": 25.059463262557983,
    "relax_model_5_multimer_v3_pred_2": 14.613138437271118,
    "process_features_model_5_multimer_v3_pred_3": 3.0994415283203125e-06,
    "predict_and_compile_model_5_multimer_v3_pred_3": 33.36234927177429,
    "relax_model_5_multimer_v3_pred_3": 14.99954104423523,
    "process_features_model_5_multimer_v3_pred_4": 2.6226043701171875e-06,
    "predict_and_compile_model_5_multimer_v3_pred_4": 20.965544939041138,
    "relax_model_5_multimer_v3_pred_4": 14.09972620010376
}