seed,sample,ranking_score
4,0,0.7759823302147584
4,1,0.8019167264089205
4,2,0.8039056524723972
4,3,0.7824236765820853
4,4,0.7816275265728085
