seed,sample,ranking_score
1,0,0.49111261619331575
1,1,0.7617577029000284
1,2,0.7848476084082405
1,3,0.7746011019933852
1,4,0.7488913421006532
