{
    "features": 0.10538792610168457,
    "process_features_model_1_multimer_v3_pred_0": 3.0994415283203125e-06,
    "predict_and_compile_model_1_multimer_v3_pred_0": 116.40180897712708,
    "predict_benchmark_model_1_multimer_v3_pred_0": 30.036356210708618,
    "process_features_model_2_multimer_v3_pred_0": 1.7881393432617188e-05,
    "predict_and_compile_model_2_multimer_v3_pred_0": 119.34737348556519,
    "predict_benchmark_model_2_multimer_v3_pred_0": 34.95409631729126,
    "process_features_model_3_multimer_v3_pred_0": 9.775161743164062e-06,
    "predict_and_compile_model_3_multimer_v3_pred_0": 148.91069054603577,
    "predict_benchmark_model_3_multimer_v3_pred_0": 64.74565410614014,
    "process_features_model_4_multimer_v3_pred_0": 2.4318695068359375e-05,
    "predict_and_compile_model_4_multimer_v3_pred_0": 119.33246421813965,
    "predict_benchmark_model_4_multimer_v3_pred_0": 34.172773599624634,
    "process_features_model_5_multimer_v3_pred_0": 7.3909759521484375e-06,
    "predict_and_compile_model_5_multimer_v3_pred_0": 142.32210230827332,
    "predict_benchmark_model_5_multimer_v3_pred_0": 58.73150157928467
}