seed,sample,ranking_score
1,0,0.8508311340613506
1,1,0.855247207097264
1,2,0.8466077835315173
1,3,0.8578673902575682
1,4,0.8643068455461497
