seed,sample,ranking_score
1,0,0.704437725272914
1,1,0.7445352323010568
1,2,0.713508505562416
1,3,0.739527047367748
1,4,0.7602478998445773
