seed,sample,ranking_score
3,0,0.7860845054306101
3,1,0.7845851646720904
3,2,0.7863116903032479
3,3,0.7731941063476603
3,4,0.7816832451695539
