seed,sample,ranking_score
1,0,0.8009681100888957
1,1,0.8108851789359135
1,2,0.7681960093033696
1,3,0.7879204255527441
1,4,0.7987673686557211
