seed,sample,ranking_score
1,0,0.7647171778002974
1,1,0.7691724376994242
1,2,0.7540921369369283
1,3,0.7408457317675777
1,4,0.77694596530434
