{
    "features": 0.013493061065673828,
    "process_features_model_1_multimer_v3_pred_0": 2.384185791015625e-06,
    "predict_and_compile_model_1_multimer_v3_pred_0": 195.68471789360046,
    "predict_benchmark_model_1_multimer_v3_pred_0": 109.17312836647034,
    "process_features_model_2_multimer_v3_pred_0": 5.245208740234375e-06,
    "predict_and_compile_model_2_multimer_v3_pred_0": 136.60913801193237,
    "predict_benchmark_model_2_multimer_v3_pred_0": 46.79014778137207,
    "process_features_model_3_multimer_v3_pred_0": 1.5020370483398438e-05,
    "predict_and_compile_model_3_multimer_v3_pred_0": 204.3855836391449,
    "predict_benchmark_model_3_multimer_v3_pred_0": 109.29250502586365,
    "process_features_model_4_multimer_v3_pred_0": 1.9788742065429688e-05,
    "predict_and_compile_model_4_multimer_v3_pred_0": 143.7552788257599,
    "predict_benchmark_model_4_multimer_v3_pred_0": 55.992746353149414,
    "process_features_model_5_multimer_v3_pred_0": 1.8835067749023438e-05,
    "predict_and_compile_model_5_multimer_v3_pred_0": 194.98568534851074,
    "predict_benchmark_model_5_multimer_v3_pred_0": 106.99705529212952
}