seed,sample,ranking_score
1,0,0.5572807045272563
1,1,0.5326926659163371
1,2,0.5484211331985118
1,3,0.5578378791173311
1,4,0.5728369141957933
