seed,sample,ranking_score
1,0,0.5433983615444773
1,1,0.5587905890321073
1,2,0.6080091409573722
1,3,0.5508780310360568
1,4,0.5750454025264948
