seed,sample,ranking_score
2,0,0.7919637130359214
2,1,0.7554703895862951
2,2,0.7707154455690495
2,3,0.7890576712187926
2,4,0.7766414253857722
