seed,sample,ranking_score
1,0,0.6471868101340658
1,1,0.6554695396428312
1,2,0.6531178138751643
1,3,0.6447230319271314
1,4,0.6765666333150379
