{
    "features": 0.08773660659790039,
    "process_features_model_1_multimer_v3_pred_0": 3.337860107421875e-06,
    "predict_and_compile_model_1_multimer_v3_pred_0": 124.35022926330566,
    "predict_benchmark_model_1_multimer_v3_pred_0": 42.94317674636841,
    "process_features_model_2_multimer_v3_pred_0": 3.1948089599609375e-05,
    "predict_and_compile_model_2_multimer_v3_pred_0": 109.74732518196106,
    "predict_benchmark_model_2_multimer_v3_pred_0": 26.913203716278076,
    "process_features_model_3_multimer_v3_pred_0": 1.049041748046875e-05,
    "predict_and_compile_model_3_multimer_v3_pred_0": 121.86281824111938,
    "predict_benchmark_model_3_multimer_v3_pred_0": 37.635862827301025,
    "process_features_model_4_multimer_v3_pred_0": 2.2411346435546875e-05,
    "predict_and_compile_model_4_multimer_v3_pred_0": 112.23825860023499,
    "predict_benchmark_model_4_multimer_v3_pred_0": 26.20708203315735,
    "process_features_model_5_multimer_v3_pred_0": 1.3113021850585938e-05,
    "predict_and_compile_model_5_multimer_v3_pred_0": 127.71506881713867,
    "predict_benchmark_model_5_multimer_v3_pred_0": 41.76186680793762
}