seed,sample,ranking_score
1,0,0.41237735185153923
1,1,0.40428560143248604
1,2,0.40835291417317887
1,3,0.41067170139500236
1,4,0.4041052765491556
