{
    "features": 0.06598830223083496,
    "process_features_model_1_multimer_v3_pred_0": 3.5762786865234375e-06,
    "predict_and_compile_model_1_multimer_v3_pred_0": 344.91833758354187,
    "predict_benchmark_model_1_multimer_v3_pred_0": 262.0810887813568,
    "process_features_model_2_multimer_v3_pred_0": 2.5510787963867188e-05,
    "predict_and_compile_model_2_multimer_v3_pred_0": 339.940580368042,
    "predict_benchmark_model_2_multimer_v3_pred_0": 261.55888271331787,
    "process_features_model_3_multimer_v3_pred_0": 2.384185791015625e-05,
    "predict_and_compile_model_3_multimer_v3_pred_0": 339.158650636673,
    "predict_benchmark_model_3_multimer_v3_pred_0": 261.58486461639404,
    "process_features_model_4_multimer_v3_pred_0": 2.4557113647460938e-05,
    "predict_and_compile_model_4_multimer_v3_pred_0": 331.4400050640106,
    "predict_benchmark_model_4_multimer_v3_pred_0": 253.71693992614746,
    "process_features_model_5_multimer_v3_pred_0": 3.123283386230469e-05,
    "predict_and_compile_model_5_multimer_v3_pred_0": 328.9144515991211,
    "predict_benchmark_model_5_multimer_v3_pred_0": 253.73144793510437
}