seed,sample,ranking_score
3,0,1.0445358099573863
3,1,1.04450298423547
3,2,1.0346263400941251
3,3,1.0471754297697338
3,4,1.0581950394388537
