seed,sample,ranking_score
2,0,0.8543274270988075
2,1,0.8636005733032658
2,2,0.8271004901180778
2,3,0.8611935191997183
2,4,0.8831898965575543
