seed,sample,ranking_score
1,0,0.7176071088592552
1,1,0.7403075136750008
1,2,0.7350034687696576
1,3,0.7146657360819916
1,4,0.7144368668797004
