seed,sample,ranking_score
1,0,0.8573432656337079
1,1,0.8485138981758075
1,2,0.8675631288069395
1,3,0.8647031402563133
1,4,0.8503334120196087
