seed,sample,ranking_score
1,0,0.5364936788662711
1,1,0.5407623353951482
1,2,0.5034722056961926
1,3,0.5424565829246812
1,4,0.503047786345705
