{
    "features": 0.127699613571167,
    "process_features_model_1_multimer_v3_pred_0": 5.245208740234375e-06,
    "predict_and_compile_model_1_multimer_v3_pred_0": 1453.8911361694336,
    "predict_benchmark_model_1_multimer_v3_pred_0": 1319.7767515182495,
    "process_features_model_2_multimer_v3_pred_0": 5.0067901611328125e-06,
    "predict_and_compile_model_2_multimer_v3_pred_0": 1437.648120880127,
    "predict_benchmark_model_2_multimer_v3_pred_0": 1319.37460231781,
    "process_features_model_3_multimer_v3_pred_0": 2.7179718017578125e-05,
    "predict_and_compile_model_3_multimer_v3_pred_0": 1441.0985887050629,
    "predict_benchmark_model_3_multimer_v3_pred_0": 1311.3643872737885,
    "process_features_model_4_multimer_v3_pred_0": 2.9087066650390625e-05,
    "predict_and_compile_model_4_multimer_v3_pred_0": 1419.3564991950989,
    "predict_benchmark_model_4_multimer_v3_pred_0": 1279.73930311203,
    "process_features_model_5_multimer_v3_pred_0": 4.76837158203125e-06,
    "predict_and_compile_model_5_multimer_v3_pred_0": 1399.5678055286407,
    "predict_benchmark_model_5_multimer_v3_pred_0": 1286.905321598053
}