seed,sample,ranking_score
1,0,0.6770745572048166
1,1,0.6802452656331427
1,2,0.6749258824671225
1,3,0.6500078313376956
1,4,0.6656880504070408
