seed,sample,ranking_score
1,0,0.5907870184349596
1,1,0.6163691462577948
1,2,0.6065678981108769
1,3,0.6008057684589976
1,4,0.5931955048514614
