seed,sample,ranking_score
1,0,0.6809127687279046
1,1,0.6894641357038469
1,2,0.6825203631640379
1,3,0.6778660765238136
1,4,0.6845663441416929
