seed,sample,ranking_score
1,0,0.6516765493685852
1,1,0.638255549736203
1,2,0.6464616433555055
1,3,0.6400382460655529
1,4,0.6481122686284693
