seed,sample,ranking_score
2,0,0.6648957251051817
2,1,0.6670122265454695
2,2,0.6737873534716873
2,3,0.6701389444297671
2,4,0.6618497257673613
