{
    "features": 0.08075141906738281,
    "process_features_model_1_multimer_v3_pred_0": 5.0067901611328125e-06,
    "predict_and_compile_model_1_multimer_v3_pred_0": 131.59665393829346,
    "predict_benchmark_model_1_multimer_v3_pred_0": 50.50468301773071,
    "process_features_model_2_multimer_v3_pred_0": 2.3126602172851562e-05,
    "predict_and_compile_model_2_multimer_v3_pred_0": 192.47380352020264,
    "predict_benchmark_model_2_multimer_v3_pred_0": 106.10289144515991,
    "process_features_model_3_multimer_v3_pred_0": 2.7179718017578125e-05,
    "predict_and_compile_model_3_multimer_v3_pred_0": 158.28252744674683,
    "predict_benchmark_model_3_multimer_v3_pred_0": 70.61191129684448,
    "process_features_model_4_multimer_v3_pred_0": 4.887580871582031e-05,
    "predict_and_compile_model_4_multimer_v3_pred_0": 140.95323252677917,
    "predict_benchmark_model_4_multimer_v3_pred_0": 54.50175070762634,
    "process_features_model_5_multimer_v3_pred_0": 2.0265579223632812e-05,
    "predict_and_compile_model_5_multimer_v3_pred_0": 188.29469394683838,
    "predict_benchmark_model_5_multimer_v3_pred_0": 103.70030355453491
}