seed,sample,ranking_score
1,0,0.9691821540321474
1,1,0.9683849416844886
1,2,0.965832482138787
1,3,0.966179768267231
1,4,0.9645383349098919
