seed,sample,ranking_score
1,0,0.6349117604262746
1,1,0.6292280476590247
1,2,0.6375735626726062
1,3,0.6322180578153035
1,4,0.6384246420758728
