seed,sample,ranking_score
1,0,0.41637822203034736
1,1,0.42952112617552585
1,2,0.40764212896932417
1,3,0.4224163183780407
1,4,0.4204983810712766
