seed,sample,ranking_score
2,0,0.6521975537165583
2,1,0.646457303246
2,2,0.6695448839593718
2,3,0.6759321522910443
2,4,0.6487707927707643
