{
    "features": 0.024188518524169922,
    "process_features_model_1_multimer_v3_pred_0": 5.0067901611328125e-06,
    "predict_and_compile_model_1_multimer_v3_pred_0": 127.91331243515015,
    "predict_benchmark_model_1_multimer_v3_pred_0": 52.35903334617615,
    "process_features_model_2_multimer_v3_pred_0": 1.1444091796875e-05,
    "predict_and_compile_model_2_multimer_v3_pred_0": 122.80022978782654,
    "predict_benchmark_model_2_multimer_v3_pred_0": 46.023324728012085,
    "process_features_model_3_multimer_v3_pred_0": 2.3603439331054688e-05,
    "predict_and_compile_model_3_multimer_v3_pred_0": 132.92592883110046,
    "predict_benchmark_model_3_multimer_v3_pred_0": 52.5760555267334,
    "process_features_model_4_multimer_v3_pred_0": 1.1205673217773438e-05,
    "predict_and_compile_model_4_multimer_v3_pred_0": 123.06582880020142,
    "predict_benchmark_model_4_multimer_v3_pred_0": 38.303136110305786,
    "process_features_model_5_multimer_v3_pred_0": 1.52587890625e-05,
    "predict_and_compile_model_5_multimer_v3_pred_0": 114.20106029510498,
    "predict_benchmark_model_5_multimer_v3_pred_0": 32.026426792144775
}