seed,sample,ranking_score
1,0,0.8087564123296943
1,1,0.8303386302197081
1,2,0.8155078518506536
1,3,0.8268555234607065
1,4,0.8412683450764854
