seed,sample,ranking_score
1,0,0.4476375154991411
1,1,0.47548339896099234
1,2,0.46477185768954316
1,3,0.4323074074072175
1,4,0.44206631397400964
