seed,sample,ranking_score
1,0,0.5452846842459673
1,1,0.5428360801422157
1,2,0.5304979029294645
1,3,0.5220181620148241
1,4,0.5545613927277817
