seed,sample,ranking_score
1,0,0.5277383433790126
1,1,0.5362375902511165
1,2,0.5201391851596775
1,3,0.5707747229533112
1,4,0.505196214270905
