seed,sample,ranking_score
1,0,0.7544353342168777
1,1,0.7454317018601256
1,2,0.7551416799531838
1,3,0.7630310641416324
1,4,0.7555536922324043
