{
    "features": 0.09734678268432617,
    "process_features_model_1_multimer_v3_pred_0": 2.86102294921875e-06,
    "predict_and_compile_model_1_multimer_v3_pred_0": 195.29642248153687,
    "predict_benchmark_model_1_multimer_v3_pred_0": 115.99308347702026,
    "process_features_model_2_multimer_v3_pred_0": 1.9073486328125e-05,
    "predict_and_compile_model_2_multimer_v3_pred_0": 143.2061846256256,
    "predict_benchmark_model_2_multimer_v3_pred_0": 60.390512228012085,
    "process_features_model_3_multimer_v3_pred_0": 3.218650817871094e-05,
    "predict_and_compile_model_3_multimer_v3_pred_0": 135.11050367355347,
    "predict_benchmark_model_3_multimer_v3_pred_0": 49.70106649398804,
    "process_features_model_4_multimer_v3_pred_0": 3.266334533691406e-05,
    "predict_and_compile_model_4_multimer_v3_pred_0": 122.3766360282898,
    "predict_benchmark_model_4_multimer_v3_pred_0": 37.83719730377197,
    "process_features_model_5_multimer_v3_pred_0": 1.5020370483398438e-05,
    "predict_and_compile_model_5_multimer_v3_pred_0": 199.19621229171753,
    "predict_benchmark_model_5_multimer_v3_pred_0": 113.82272219657898
}