seed,sample,ranking_score
1,0,0.9273317563927158
1,1,0.9364705186737055
1,2,0.9278413243661665
1,3,0.9361068677500674
1,4,0.9368929828853771
