seed,sample,ranking_score
1,0,0.9391532271247237
1,1,0.9502110003432024
1,2,0.9414331982919331
1,3,0.9418917048920626
1,4,0.9401149608078893
