seed,sample,ranking_score
1,0,0.6988194730042427
1,1,0.6772024514995293
1,2,0.7048357103148903
1,3,0.6662626828646205
1,4,0.674394757323238
