seed,sample,ranking_score
2,0,0.9424271591499461
2,1,0.9407261108596181
2,2,0.9352110630786854
2,3,0.9540111389105386
2,4,0.944420277925147
