{
    "features": 0.16904163360595703,
    "process_features_model_1_multimer_v3_pred_0": 5.7220458984375e-06,
    "predict_and_compile_model_1_multimer_v3_pred_0": 1237.6110889911652,
    "predict_benchmark_model_1_multimer_v3_pred_0": 1064.7861766815186,
    "process_features_model_2_multimer_v3_pred_0": 4.5299530029296875e-06,
    "predict_and_compile_model_2_multimer_v3_pred_0": 1202.135448217392,
    "predict_benchmark_model_2_multimer_v3_pred_0": 1065.2533705234528,
    "process_features_model_3_multimer_v3_pred_0": 2.9325485229492188e-05,
    "predict_and_compile_model_3_multimer_v3_pred_0": 1207.393562078476,
    "predict_benchmark_model_3_multimer_v3_pred_0": 1066.3253736495972,
    "process_features_model_4_multimer_v3_pred_0": 4.291534423828125e-06,
    "predict_and_compile_model_4_multimer_v3_pred_0": 1194.1846404075623,
    "predict_benchmark_model_4_multimer_v3_pred_0": 1036.8210923671722,
    "process_features_model_5_multimer_v3_pred_0": 1.0728836059570312e-05,
    "predict_and_compile_model_5_multimer_v3_pred_0": 1184.846078634262,
    "predict_benchmark_model_5_multimer_v3_pred_0": 1043.3163866996765
}