seed,sample,ranking_score
1,0,0.36141235244352643
1,1,0.41444843300156975
1,2,0.4118859382936359
1,3,0.4009742281161051
1,4,0.398600888878767
