seed,sample,ranking_score
5,0,0.5317700314226135
5,1,0.6281948582708442
5,2,0.6345606974596376
5,3,0.6415617900305093
5,4,0.6164312347882229
