seed,sample,ranking_score
1,0,0.9250553521761338
1,1,0.9379770906133628
1,2,0.9346557460890864
1,3,0.9276955385707324
1,4,0.9282137206109595
