{
    "features": 0.02949976921081543,
    "process_features_model_1_multimer_v3_pred_0": 2.6226043701171875e-06,
    "predict_and_compile_model_1_multimer_v3_pred_0": 184.91055512428284,
    "predict_benchmark_model_1_multimer_v3_pred_0": 108.14422106742859,
    "process_features_model_2_multimer_v3_pred_0": 2.7894973754882812e-05,
    "predict_and_compile_model_2_multimer_v3_pred_0": 187.79520916938782,
    "predict_benchmark_model_2_multimer_v3_pred_0": 107.91797685623169,
    "process_features_model_3_multimer_v3_pred_0": 1.52587890625e-05,
    "predict_and_compile_model_3_multimer_v3_pred_0": 185.52303194999695,
    "predict_benchmark_model_3_multimer_v3_pred_0": 108.08049392700195,
    "process_features_model_4_multimer_v3_pred_0": 1.621246337890625e-05,
    "predict_and_compile_model_4_multimer_v3_pred_0": 183.9506380558014,
    "predict_benchmark_model_4_multimer_v3_pred_0": 104.71299290657043,
    "process_features_model_5_multimer_v3_pred_0": 1.1920928955078125e-05,
    "predict_and_compile_model_5_multimer_v3_pred_0": 183.2200219631195,
    "predict_benchmark_model_5_multimer_v3_pred_0": 104.66790556907654
}