{
    "features": 0.01872730255126953,
    "process_features_model_1_multimer_v3_pred_0": 2.6226043701171875e-06,
    "predict_and_compile_model_1_multimer_v3_pred_0": 136.16115736961365,
    "predict_benchmark_model_1_multimer_v3_pred_0": 59.898590326309204,
    "process_features_model_2_multimer_v3_pred_0": 2.9802322387695312e-05,
    "predict_and_compile_model_2_multimer_v3_pred_0": 176.66480207443237,
    "predict_benchmark_model_2_multimer_v3_pred_0": 96.80817413330078,
    "process_features_model_3_multimer_v3_pred_0": 2.2172927856445312e-05,
    "predict_and_compile_model_3_multimer_v3_pred_0": 113.1177761554718,
    "predict_benchmark_model_3_multimer_v3_pred_0": 36.99819302558899,
    "process_features_model_4_multimer_v3_pred_0": 2.288818359375e-05,
    "predict_and_compile_model_4_multimer_v3_pred_0": 109.33530688285828,
    "predict_benchmark_model_4_multimer_v3_pred_0": 31.669722318649292,
    "process_features_model_5_multimer_v3_pred_0": 2.09808349609375e-05,
    "predict_and_compile_model_5_multimer_v3_pred_0": 135.56131267547607,
    "predict_benchmark_model_5_multimer_v3_pred_0": 54.08817744255066
}