seed,sample,ranking_score
1,0,0.5513282084462364
1,1,0.5721573078179861
1,2,0.5647215136489375
1,3,0.5569336211576835
1,4,0.5948407443233984
