seed,sample,ranking_score
1,0,0.8903796394726493
1,1,0.8724112598302665
1,2,0.8873282757498344
1,3,0.8885042939165806
1,4,0.8814759750710623
