{
    "features": 0.006512165069580078,
    "process_features_model_1_multimer_v3_pred_0": 3.5762786865234375e-06,
    "predict_and_compile_model_1_multimer_v3_pred_0": 143.28140234947205,
    "relax_model_1_multimer_v3_pred_0": 22.85873508453369,
    "process_features_model_1_multimer_v3_pred_1": 1.9073486328125e-06,
    "predict_and_compile_model_1_multimer_v3_pred_1": 26.14437222480774,
    "relax_model_1_multimer_v3_pred_1": 21.5545334815979,
    "process_features_model_1_multimer_v3_pred_2": 2.384185791015625e-06,
    "predict_and_compile_model_1_multimer_v3_pred_2": 26.090123653411865,
    "relax_model_1_multimer_v3_pred_2": 19.555947303771973,
    "process_features_model_1_multimer_v3_pred_3": 2.384185791015625e-06,
    "predict_and_compile_model_1_multimer_v3_pred_3": 26.419912576675415,
    "relax_model_1_multimer_v3_pred_3": 20.91095781326294,
    "process_features_model_1_multimer_v3_pred_4": 3.0994415283203125e-06,
    "predict_and_compile_model_1_multimer_v3_pred_4": 26.077876329421997,
    "relax_model_1_multimer_v3_pred_4": 19.69069766998291,
    "process_features_model_2_multimer_v3_pred_0": 2.384185791015625e-06,
    "predict_and_compile_model_2_multimer_v3_pred_0": 139.97226428985596,
    "relax_model_2_multimer_v3_pred_0": 20.011229753494263,
    "process_features_model_2_multimer_v3_pred_1": 3.337860107421875e-06,
    "predict_and_compile_model_2_multimer_v3_pred_1": 26.05430769920349,
    "relax_model_2_multimer_v3_pred_1": 19.54492998123169,
    "process_features_model_2_multimer_v3_pred_2": 2.1457672119140625e-06,
    "predict_and_compile_model_2_multimer_v3_pred_2": 26.11370849609375,
    "relax_model_2_multimer_v3_pred_2": 19.761552572250366,
    "process_features_model_2_multimer_v3_pred_3": 2.384185791015625e-06,
    "predict_and_compile_model_2_multimer_v3_pred_3": 27.44838571548462,
    "relax_model_2_multimer_v3_pred_3": 19.325977563858032,
    "process_features_model_2_multimer_v3_pred_4": 3.0994415283203125e-06,
    "predict_and_compile_model_2_multimer_v3_pred_4": 26.123955726623535,
    "relax_model_2_multimer_v3_pred_4": 20.250975847244263,
    "process_features_model_3_multimer_v3_pred_0": 2.6226043701171875e-06,
    "predict_and_compile_model_3_multimer_v3_pred_0": 141.92041420936584,
    "relax_model_3_multimer_v3_pred_0": 19.847651481628418,
    "process_features_model_3_multimer_v3_pred_1": 2.384185791015625e-06,
    "predict_and_compile_model_3_multimer_v3_pred_1": 26.073612451553345,
    "relax_model_3_multimer_v3_pred_1": 20.733431100845337,
    "process_features_model_3_multimer_v3_pred_2": 2.6226043701171875e-06,
    "predict_and_compile_model_3_multimer_v3_pred_2": 26.08610773086548,
    "relax_model_3_multimer_v3_pred_2": 19.783681869506836,
    "process_features_model_3_multimer_v3_pred_3": 2.86102294921875e-06,
    "predict_and_compile_model_3_multimer_v3_pred_3": 26.075884580612183,
    "relax_model_3_multimer_v3_pred_3": 20.142350912094116,
    "process_features_model_3_multimer_v3_pred_4": 2.86102294921875e-06,
    "predict_and_compile_model_3_multimer_v3_pred_4": 26.04298424720764,
    "relax_model_3_multimer_v3_pred_4": 19.294426202774048,
    "process_features_model_4_multimer_v3_pred_0": 2.86102294921875e-06,
    "predict_and_compile_model_4_multimer_v3_pred_0": 145.96086168289185,
    "relax_model_4_multimer_v3_pred_0": 20.59522318840027,
    "process_features_model_4_multimer_v3_pred_1": 3.5762786865234375e-06,
    "predict_and_compile_model_4_multimer_v3_pred_1": 25.26609778404236,
    "relax_model_4_multimer_v3_pred_1": 20.5348482131958,
    "process_features_model_4_multimer_v3_pred_2": 3.0994415283203125e-06,
    "predict_and_compile_model_4_multimer_v3_pred_2": 37.65437173843384,
    "relax_model_4_multimer_v3_pred_2": 19.545523643493652,
    "process_features_model_4_multimer_v3_pred_3": 3.0994415283203125e-06,
    "predict_and_compile_model_4_multimer_v3_pred_3": 37.615668296813965,
    "relax_model_4_multimer_v3_pred_3": 19.415497303009033,
    "process_features_model_4_multimer_v3_pred_4": 2.384185791015625e-06,
    "predict_and_compile_model_4_multimer_v3_pred_4": 25.227433443069458,
    "relax_model_4_multimer_v3_pred_4": 20.793250560760498,
    "process_features_model_5_multimer_v3_pred_0": 2.384185791015625e-06,
    "predict_and_compile_model_5_multimer_v3_pred_0": 154.97983646392822,
    "relax_model_5_multimer_v3_pred_0": 20.492303609848022,
    "process_features_model_5_multimer_v3_pred_1": 2.384185791015625e-06,
    "predict_and_compile_model_5_multimer_v3_pred_1": 27.269176244735718,
    "relax_model_5_multimer_v3_pred_1": 20.140496492385864,
    "process_features_model_5_multimer_v3_pred_2": 2.86102294921875e-06,
    "predict_and_compile_model_5_multimer_v3_pred_2": 25.20383858680725,
    "relax_model_5_multimer_v3_pred_2": 20.18612313270569,
    "process_features_model_5_multimer_v3_pred_3": 2.6226043701171875e-06,
    "predict_and_compile_model_5_multimer_v3_pred_3": 25.214510679244995,
    "relax_model_5_multimer_v3_pred_3": 21.007368803024292,
    "process_features_model_5_multimer_v3_pred_4": 2.1457672119140625e-06,
    "predict_and_compile_model_5_multimer_v3_pred_4": 25.20755171775818,
    "relax_model_5_multimer_v3_pred_4": 20.4697744846344
}