seed,sample,ranking_score
1,0,0.8140448661520778
1,1,0.8081451972354601
1,2,0.7943848522898224
1,3,0.8054047185870803
1,4,0.77717628149644
