seed,sample,ranking_score
1,0,0.8591465276172099
1,1,0.8573471751774006
1,2,0.8571334932275128
1,3,0.8689948952547683
1,4,0.8636063361369639
