seed,sample,ranking_score
1,0,0.6578732724968303
1,1,0.6404877660634373
1,2,0.6582975919296159
1,3,0.6722388013569843
1,4,0.6473283648262568
