seed,sample,ranking_score
4,0,0.857039551276737
4,1,0.8410137591558002
4,2,0.8647444200268317
4,3,0.8425341883946904
4,4,0.8434708330210167
