{
    "features": 0.006094932556152344,
    "process_features_model_1_multimer_v3_pred_0": 4.0531158447265625e-06,
    "predict_and_compile_model_1_multimer_v3_pred_0": 134.1167585849762,
    "relax_model_1_multimer_v3_pred_0": 46.6552951335907,
    "process_features_model_1_multimer_v3_pred_1": 2.86102294921875e-06,
    "predict_and_compile_model_1_multimer_v3_pred_1": 21.536397695541382,
    "relax_model_1_multimer_v3_pred_1": 14.563422203063965,
    "process_features_model_1_multimer_v3_pred_2": 4.5299530029296875e-06,
    "predict_and_compile_model_1_multimer_v3_pred_2": 50.896533250808716,
    "relax_model_1_multimer_v3_pred_2": 69.34557914733887,
    "process_features_model_1_multimer_v3_pred_3": 3.5762786865234375e-06,
    "predict_and_compile_model_1_multimer_v3_pred_3": 36.74102187156677,
    "relax_model_1_multimer_v3_pred_3": 14.231206893920898,
    "process_features_model_1_multimer_v3_pred_4": 2.86102294921875e-06,
    "predict_and_compile_model_1_multimer_v3_pred_4": 22.626611471176147,
    "relax_model_1_multimer_v3_pred_4": 78.13200545310974,
    "process_features_model_2_multimer_v3_pred_0": 3.337860107421875e-06,
    "predict_and_compile_model_2_multimer_v3_pred_0": 141.00578498840332,
    "relax_model_2_multimer_v3_pred_0": 26.45513606071472,
    "process_features_model_2_multimer_v3_pred_1": 3.5762786865234375e-06,
    "predict_and_compile_model_2_multimer_v3_pred_1": 17.287371397018433,
    "relax_model_2_multimer_v3_pred_1": 14.288776159286499,
    "process_features_model_2_multimer_v3_pred_2": 3.0994415283203125e-06,
    "predict_and_compile_model_2_multimer_v3_pred_2": 17.29413628578186,
    "relax_model_2_multimer_v3_pred_2": 23.691227197647095,
    "process_features_model_2_multimer_v3_pred_3": 2.86102294921875e-06,
    "predict_and_compile_model_2_multimer_v3_pred_3": 21.54330015182495,
    "relax_model_2_multimer_v3_pred_3": 29.8036687374115,
    "process_features_model_2_multimer_v3_pred_4": 1.3828277587890625e-05,
    "predict_and_compile_model_2_multimer_v3_pred_4": 21.523335933685303,
    "relax_model_2_multimer_v3_pred_4": 15.476717948913574,
    "process_features_model_3_multimer_v3_pred_0": 3.814697265625e-06,
    "predict_and_compile_model_3_multimer_v3_pred_0": 132.75164890289307,
    "relax_model_3_multimer_v3_pred_0": 14.512585401535034,
    "process_features_model_3_multimer_v3_pred_1": 3.0994415283203125e-06,
    "predict_and_compile_model_3_multimer_v3_pred_1": 26.74710774421692,
    "relax_model_3_multimer_v3_pred_1": 15.250854253768921,
    "process_features_model_3_multimer_v3_pred_2": 3.5762786865234375e-06,
    "predict_and_compile_model_3_multimer_v3_pred_2": 21.548898696899414,
    "relax_model_3_multimer_v3_pred_2": 38.24427556991577,
    "process_features_model_3_multimer_v3_pred_3": 2.6226043701171875e-06,
    "predict_and_compile_model_3_multimer_v3_pred_3": 26.338582277297974,
    "relax_model_3_multimer_v3_pred_3": 58.82358384132385,
    "process_features_model_3_multimer_v3_pred_4": 2.86102294921875e-06,
    "predict_and_compile_model_3_multimer_v3_pred_4": 30.047897338867188,
    "relax_model_3_multimer_v3_pred_4": 14.682591676712036,
    "process_features_model_4_multimer_v3_pred_0": 3.337860107421875e-06,
    "predict_and_compile_model_4_multimer_v3_pred_0": 141.49477458000183,
    "relax_model_4_multimer_v3_pred_0": 47.52435541152954,
    "process_features_model_4_multimer_v3_pred_1": 2.6226043701171875e-06,
    "predict_and_compile_model_4_multimer_v3_pred_1": 16.881139039993286,
    "relax_model_4_multimer_v3_pred_1": 14.397545576095581,
    "process_features_model_4_multimer_v3_pred_2": 2.384185791015625e-06,
    "predict_and_compile_model_4_multimer_v3_pred_2": 16.888152599334717,
    "relax_model_4_multimer_v3_pred_2": 15.044774055480957,
    "process_features_model_4_multimer_v3_pred_3": 3.0994415283203125e-06,
    "predict_and_compile_model_4_multimer_v3_pred_3": 50.059226751327515,
    "relax_model_4_multimer_v3_pred_3": 14.92089295387268,
    "process_features_model_4_multimer_v3_pred_4": 3.0994415283203125e-06,
    "predict_and_compile_model_4_multimer_v3_pred_4": 16.910467624664307,
    "relax_model_4_multimer_v3_pred_4": 14.014328241348267,
    "process_features_model_5_multimer_v3_pred_0": 3.337860107421875e-06,
    "predict_and_compile_model_5_multimer_v3_pred_0": 141.8429913520813,
    "relax_model_5_multimer_v3_pred_0": 23.135708808898926,
    "process_features_model_5_multimer_v3_pred_1": 3.337860107421875e-06,
    "predict_and_compile_model_5_multimer_v3_pred_1": 21.059820652008057,
    "relax_model_5_multimer_v3_pred_1": 14.775554418563843,
    "process_features_model_5_multimer_v3_pred_2": 2.86102294921875e-06,
    "predict_and_compile_model_5_multimer_v3_pred_2": 25.226362943649292,
    "relax_model_5_multimer_v3_pred_2": 14.351358890533447,
    "process_features_model_5_multimer_v3_pred_3": 2.86102294921875e-06,
    "predict_and_compile_model_5_multimer_v3_pred_3": 16.900941610336304,
    "relax_model_5_multimer_v3_pred_3": 33.748698234558105,
    "process_features_model_5_multimer_v3_pred_4": 3.0994415283203125e-06,
    "predict_and_compile_model_5_multimer_v3_pred_4": 16.94106388092041,
    "relax_model_5_multimer_v3_pred_4": 18.58118748664856
}