seed,sample,ranking_score
1,0,0.6322338279668004
1,1,0.634975486835206
1,2,0.6336405576936227
1,3,0.6132517464180568
1,4,0.6404620930651528
