seed,sample,ranking_score
1,0,0.9563798933795432
1,1,0.9557503054494144
1,2,0.9676904766231004
1,3,0.9572709455200256
1,4,0.9524044805982299
