seed,sample,ranking_score
1,0,0.5345068317472956
1,1,0.5287862913576088
1,2,0.5113953011761977
1,3,0.5207064260041397
1,4,0.5386647608220616
