seed,sample,ranking_score
1,0,0.9158878822193567
1,1,0.9139605762242334
1,2,0.9092730027537699
1,3,0.9145030921178923
1,4,0.9062171833116524
