seed,sample,ranking_score
1,0,0.6459161060946148
1,1,0.6363123225289945
1,2,0.6293886796635256
1,3,0.6523809319143204
1,4,0.6272910761343247
