{
    "features": 0.15640044212341309,
    "process_features_model_1_multimer_v3_pred_0": 4.291534423828125e-06,
    "predict_and_compile_model_1_multimer_v3_pred_0": 316.22285294532776,
    "predict_benchmark_model_1_multimer_v3_pred_0": 196.03534507751465,
    "process_features_model_2_multimer_v3_pred_0": 4.5299530029296875e-06,
    "predict_and_compile_model_2_multimer_v3_pred_0": 310.4501483440399,
    "predict_benchmark_model_2_multimer_v3_pred_0": 195.78894233703613,
    "process_features_model_3_multimer_v3_pred_0": 3.5762786865234375e-06,
    "predict_and_compile_model_3_multimer_v3_pred_0": 314.26744079589844,
    "predict_benchmark_model_3_multimer_v3_pred_0": 195.70188879966736,
    "process_features_model_4_multimer_v3_pred_0": 3.814697265625e-06,
    "predict_and_compile_model_4_multimer_v3_pred_0": 312.534987449646,
    "predict_benchmark_model_4_multimer_v3_pred_0": 190.27309846878052,
    "process_features_model_5_multimer_v3_pred_0": 3.814697265625e-06,
    "predict_and_compile_model_5_multimer_v3_pred_0": 309.906911611557,
    "predict_benchmark_model_5_multimer_v3_pred_0": 190.2195703983307
}