{
    "features": 0.15566205978393555,
    "process_features_model_1_multimer_v3_pred_0": 4.5299530029296875e-06,
    "predict_and_compile_model_1_multimer_v3_pred_0": 268.6875202655792,
    "predict_benchmark_model_1_multimer_v3_pred_0": 149.98486757278442,
    "process_features_model_2_multimer_v3_pred_0": 2.86102294921875e-06,
    "predict_and_compile_model_2_multimer_v3_pred_0": 265.15031814575195,
    "predict_benchmark_model_2_multimer_v3_pred_0": 149.88695645332336,
    "process_features_model_3_multimer_v3_pred_0": 3.814697265625e-06,
    "predict_and_compile_model_3_multimer_v3_pred_0": 267.3719916343689,
    "predict_benchmark_model_3_multimer_v3_pred_0": 149.691561460495,
    "process_features_model_4_multimer_v3_pred_0": 3.5762786865234375e-06,
    "predict_and_compile_model_4_multimer_v3_pred_0": 265.8025505542755,
    "predict_benchmark_model_4_multimer_v3_pred_0": 146.11267590522766,
    "process_features_model_5_multimer_v3_pred_0": 3.5762786865234375e-06,
    "predict_and_compile_model_5_multimer_v3_pred_0": 262.1001784801483,
    "predict_benchmark_model_5_multimer_v3_pred_0": 146.13232350349426
}