Setup,Tournament time (s),Baseline time (s),Statistic,p-value
1:2,527.315,699.928,1842.0,3.9856e-07
1:4,632.847,1127.6,597.0,2.97659e-16
1:8,904.716,2012.8,155.0,1.75176e-20
1:10,1102.98,2470.14,136.0,1.12187e-20
