Setup,Tournament time (s),Baseline time (s),Statistic,p-value
1:2,4619.38,5671.08,2618.0,0.00172117
1:10,10438.8,19861.1,479.0,2.4852e-17
1:4,5692.62,9075.28,1281.0,9.89173e-11
1:8,8438.86,16166.8,628.0,5.63462e-16
