{
    "features": 0.0047855377197265625,
    "process_features_model_1_multimer_v3_pred_0": 3.5762786865234375e-06,
    "predict_and_compile_model_1_multimer_v3_pred_0": 137.16032099723816,
    "relax_model_1_multimer_v3_pred_0": 16.32776665687561,
    "process_features_model_1_multimer_v3_pred_1": 2.86102294921875e-06,
    "predict_and_compile_model_1_multimer_v3_pred_1": 21.15093493461609,
    "relax_model_1_multimer_v3_pred_1": 13.889869689941406,
    "process_features_model_1_multimer_v3_pred_2": 2.384185791015625e-06,
    "predict_and_compile_model_1_multimer_v3_pred_2": 25.284465312957764,
    "relax_model_1_multimer_v3_pred_2": 19.391210794448853,
    "process_features_model_1_multimer_v3_pred_3": 2.86102294921875e-06,
    "predict_and_compile_model_1_multimer_v3_pred_3": 25.656837940216064,
    "relax_model_1_multimer_v3_pred_3": 14.470019340515137,
    "process_features_model_1_multimer_v3_pred_4": 3.0994415283203125e-06,
    "predict_and_compile_model_1_multimer_v3_pred_4": 21.663337230682373,
    "relax_model_1_multimer_v3_pred_4": 13.283650636672974,
    "process_features_model_2_multimer_v3_pred_0": 4.0531158447265625e-06,
    "predict_and_compile_model_2_multimer_v3_pred_0": 138.66317176818848,
    "relax_model_2_multimer_v3_pred_0": 29.586914539337158,
    "process_features_model_2_multimer_v3_pred_1": 2.6226043701171875e-06,
    "predict_and_compile_model_2_multimer_v3_pred_1": 21.09193706512451,
    "relax_model_2_multimer_v3_pred_1": 18.854580640792847,
    "process_features_model_2_multimer_v3_pred_2": 2.6226043701171875e-06,
    "predict_and_compile_model_2_multimer_v3_pred_2": 33.645323038101196,
    "relax_model_2_multimer_v3_pred_2": 20.322956085205078,
    "process_features_model_2_multimer_v3_pred_3": 2.6226043701171875e-06,
    "predict_and_compile_model_2_multimer_v3_pred_3": 21.162010192871094,
    "relax_model_2_multimer_v3_pred_3": 14.60966181755066,
    "process_features_model_2_multimer_v3_pred_4": 2.6226043701171875e-06,
    "predict_and_compile_model_2_multimer_v3_pred_4": 29.937366485595703,
    "relax_model_2_multimer_v3_pred_4": 16.56822109222412,
    "process_features_model_3_multimer_v3_pred_0": 3.0994415283203125e-06,
    "predict_and_compile_model_3_multimer_v3_pred_0": 140.44419479370117,
    "relax_model_3_multimer_v3_pred_0": 25.63144850730896,
    "process_features_model_3_multimer_v3_pred_1": 2.86102294921875e-06,
    "predict_and_compile_model_3_multimer_v3_pred_1": 21.105714559555054,
    "relax_model_3_multimer_v3_pred_1": 16.790356636047363,
    "process_features_model_3_multimer_v3_pred_2": 2.86102294921875e-06,
    "predict_and_compile_model_3_multimer_v3_pred_2": 25.305264711380005,
    "relax_model_3_multimer_v3_pred_2": 14.265244007110596,
    "process_features_model_3_multimer_v3_pred_3": 3.337860107421875e-06,
    "predict_and_compile_model_3_multimer_v3_pred_3": 21.079347610473633,
    "relax_model_3_multimer_v3_pred_3": 14.402825832366943,
    "process_features_model_3_multimer_v3_pred_4": 3.0994415283203125e-06,
    "predict_and_compile_model_3_multimer_v3_pred_4": 29.488531827926636,
    "relax_model_3_multimer_v3_pred_4": 16.4255268573761,
    "process_features_model_4_multimer_v3_pred_0": 2.86102294921875e-06,
    "predict_and_compile_model_4_multimer_v3_pred_0": 140.25312900543213,
    "relax_model_4_multimer_v3_pred_0": 13.543608665466309,
    "process_features_model_4_multimer_v3_pred_1": 2.86102294921875e-06,
    "predict_and_compile_model_4_multimer_v3_pred_1": 53.43902778625488,
    "relax_model_4_multimer_v3_pred_1": 14.948334455490112,
    "process_features_model_4_multimer_v3_pred_2": 2.384185791015625e-06,
    "predict_and_compile_model_4_multimer_v3_pred_2": 32.991647481918335,
    "relax_model_4_multimer_v3_pred_2": 13.916329860687256,
    "process_features_model_4_multimer_v3_pred_3": 2.6226043701171875e-06,
    "predict_and_compile_model_4_multimer_v3_pred_3": 24.769530296325684,
    "relax_model_4_multimer_v3_pred_3": 14.943483352661133,
    "process_features_model_4_multimer_v3_pred_4": 2.384185791015625e-06,
    "predict_and_compile_model_4_multimer_v3_pred_4": 20.694762229919434,
    "relax_model_4_multimer_v3_pred_4": 21.797240495681763,
    "process_features_model_5_multimer_v3_pred_0": 2.86102294921875e-06,
    "predict_and_compile_model_5_multimer_v3_pred_0": 140.04161667823792,
    "relax_model_5_multimer_v3_pred_0": 14.387488842010498,
    "process_features_model_5_multimer_v3_pred_1": 3.0994415283203125e-06,
    "predict_and_compile_model_5_multimer_v3_pred_1": 33.35924053192139,
    "relax_model_5_multimer_v3_pred_1": 14.161801099777222,
    "process_features_model_5_multimer_v3_pred_2": 3.337860107421875e-06,
    "predict_and_compile_model_5_multimer_v3_pred_2": 24.83265995979309,
    "relax_model_5_multimer_v3_pred_2": 14.366350889205933,
    "process_features_model_5_multimer_v3_pred_3": 2.86102294921875e-06,
    "predict_and_compile_model_5_multimer_v3_pred_3": 24.807803630828857,
    "relax_model_5_multimer_v3_pred_3": 25.043402433395386,
    "process_features_model_5_multimer_v3_pred_4": 2.384185791015625e-06,
    "predict_and_compile_model_5_multimer_v3_pred_4": 28.926223754882812,
    "relax_model_5_multimer_v3_pred_4": 14.566030979156494
}