seed,sample,ranking_score
1,0,0.43130645686312924
1,1,0.3922148008703967
1,2,0.42689258316216266
1,3,0.46347713884548813
1,4,0.4472850274999637
