seed,sample,ranking_score
1,0,0.6000962404212064
1,1,0.5721661553223416
1,2,0.6083009327793705
1,3,0.5880651510138303
1,4,0.5764948805737499
