seed,sample,ranking_score
1,0,0.42322410970709423
1,1,0.43183308504330975
1,2,0.428955966467248
1,3,0.43283664369313946
1,4,0.4433215959468163
