seed,sample,ranking_score
1,0,0.4437066182738921
1,1,0.48089599052804577
1,2,0.40948669466501864
1,3,0.44703669516621397
1,4,0.4662336718434887
