seed,sample,ranking_score
4,0,0.7704931361322918
4,1,0.7685543930877644
4,2,0.7598726795549295
4,3,0.7806739621258939
4,4,0.7824847800276862
