seed,sample,ranking_score
1,0,0.870272920115242
1,1,0.8718710414597921
1,2,0.8707362091012376
1,3,0.8389079526232837
1,4,0.8710575838027743
