seed,sample,ranking_score
1,0,0.4419415048631611
1,1,0.4471912612997994
1,2,0.40869596126921254
1,3,0.45040819903504614
1,4,0.4602995321415555
