seed,sample,ranking_score
1,0,0.7439648891155274
1,1,0.70945630043392
1,2,0.7370130126708838
1,3,0.731064225687767
1,4,0.733537617568646
