seed,sample,ranking_score
1,0,0.4068098526226607
1,1,0.4214667534439942
1,2,0.42588112043810566
1,3,0.4205383761081429
1,4,0.41645687636553147
