seed,sample,ranking_score
1,0,0.3887305619084378
1,1,0.36466806539028884
1,2,0.3934481721902221
1,3,0.38067373897676704
1,4,0.39334723966930785
