seed,sample,ranking_score
1,0,0.5041800013270004
1,1,0.5082175759575542
1,2,0.4809598119147452
1,3,0.5144454158174464
1,4,0.5190756178703901
