seed,sample,ranking_score
1,0,0.6049057647510812
1,1,0.6537683940678487
1,2,0.5965585678335678
1,3,0.5919099947067399
1,4,0.6100841635371081
