{
    "features": 0.2774522304534912,
    "process_features_model_1_multimer_v3_pred_0": 5.245208740234375e-06,
    "predict_and_compile_model_1_multimer_v3_pred_0": 955.3402011394501,
    "predict_benchmark_model_1_multimer_v3_pred_0": 832.6338860988617,
    "process_features_model_2_multimer_v3_pred_0": 4.0531158447265625e-06,
    "predict_and_compile_model_2_multimer_v3_pred_0": 946.8768074512482,
    "predict_benchmark_model_2_multimer_v3_pred_0": 832.6142330169678,
    "process_features_model_3_multimer_v3_pred_0": 4.0531158447265625e-06,
    "predict_and_compile_model_3_multimer_v3_pred_0": 947.2843356132507,
    "predict_benchmark_model_3_multimer_v3_pred_0": 832.0302474498749,
    "process_features_model_4_multimer_v3_pred_0": 3.5762786865234375e-06,
    "predict_and_compile_model_4_multimer_v3_pred_0": 930.0421676635742,
    "predict_benchmark_model_4_multimer_v3_pred_0": 811.4033386707306,
    "process_features_model_5_multimer_v3_pred_0": 3.337860107421875e-06,
    "predict_and_compile_model_5_multimer_v3_pred_0": 919.0526735782623,
    "predict_benchmark_model_5_multimer_v3_pred_0": 811.0871784687042
}