seed,sample,ranking_score
1,0,0.7077714294483505
1,1,0.6795808734741953
1,2,0.6872570026073079
1,3,0.663761850507522
1,4,0.7094586919972306
