seed,sample,ranking_score
1,0,0.5113343229254416
1,1,0.5093587858595434
1,2,0.5076693730938259
1,3,0.47495789333635824
1,4,0.4991235309959146
