seed,sample,ranking_score
5,0,0.756581339894993
5,1,0.7552781432747395
5,2,0.7645603040139504
5,3,0.7536933953028537
5,4,0.758114833940524
