seed,sample,ranking_score
2,0,0.8126264621135361
2,1,0.8092901965540583
2,2,0.8145053618817916
2,3,0.8226626960632567
2,4,0.8058227554484149
