seed,sample,ranking_score
5,0,0.819465460627186
5,1,0.8182029810354
5,2,0.8123332141765539
5,3,0.8184383505269385
5,4,0.8110876905968428
