seed,sample,ranking_score
1,0,0.4601519888311479
1,1,0.4620442781804296
1,2,0.4631246344543365
1,3,0.4545907755262033
1,4,0.4430562290599262
