seed,sample,ranking_score
1,0,0.9156156159959534
1,1,0.9089223927895282
1,2,0.9206660335747879
1,3,0.9021914695741309
1,4,0.923880148784056
