{
    "features": 0.019290447235107422,
    "process_features_model_1_multimer_v3_pred_0": 4.76837158203125e-06,
    "predict_and_compile_model_1_multimer_v3_pred_0": 236.1711151599884,
    "predict_benchmark_model_1_multimer_v3_pred_0": 153.2179868221283,
    "process_features_model_2_multimer_v3_pred_0": 2.765655517578125e-05,
    "predict_and_compile_model_2_multimer_v3_pred_0": 236.513738155365,
    "predict_benchmark_model_2_multimer_v3_pred_0": 153.00340676307678,
    "process_features_model_3_multimer_v3_pred_0": 2.4080276489257812e-05,
    "predict_and_compile_model_3_multimer_v3_pred_0": 239.51547408103943,
    "predict_benchmark_model_3_multimer_v3_pred_0": 153.02543997764587,
    "process_features_model_4_multimer_v3_pred_0": 2.09808349609375e-05,
    "predict_and_compile_model_4_multimer_v3_pred_0": 234.98210668563843,
    "predict_benchmark_model_4_multimer_v3_pred_0": 150.21654295921326,
    "process_features_model_5_multimer_v3_pred_0": 1.9788742065429688e-05,
    "predict_and_compile_model_5_multimer_v3_pred_0": 237.68959307670593,
    "predict_benchmark_model_5_multimer_v3_pred_0": 150.08303689956665
}