{
    "features": 0.006403923034667969,
    "process_features_model_1_multimer_v3_pred_0": 3.5762786865234375e-06,
    "predict_and_compile_model_1_multimer_v3_pred_0": 166.78377103805542,
    "relax_model_1_multimer_v3_pred_0": 21.208732843399048,
    "process_features_model_1_multimer_v3_pred_1": 3.0994415283203125e-06,
    "predict_and_compile_model_1_multimer_v3_pred_1": 48.38911032676697,
    "relax_model_1_multimer_v3_pred_1": 19.12097477912903,
    "process_features_model_1_multimer_v3_pred_2": 2.86102294921875e-06,
    "predict_and_compile_model_1_multimer_v3_pred_2": 41.54007697105408,
    "relax_model_1_multimer_v3_pred_2": 18.724905729293823,
    "process_features_model_1_multimer_v3_pred_3": 2.86102294921875e-06,
    "predict_and_compile_model_1_multimer_v3_pred_3": 55.18162536621094,
    "relax_model_1_multimer_v3_pred_3": 18.73161029815674,
    "process_features_model_1_multimer_v3_pred_4": 3.337860107421875e-06,
    "predict_and_compile_model_1_multimer_v3_pred_4": 35.06448221206665,
    "relax_model_1_multimer_v3_pred_4": 18.818002223968506,
    "process_features_model_2_multimer_v3_pred_0": 4.5299530029296875e-06,
    "predict_and_compile_model_2_multimer_v3_pred_0": 177.16782188415527,
    "relax_model_2_multimer_v3_pred_0": 24.741871118545532,
    "process_features_model_2_multimer_v3_pred_1": 3.337860107421875e-06,
    "predict_and_compile_model_2_multimer_v3_pred_1": 62.130520820617676,
    "relax_model_2_multimer_v3_pred_1": 18.48429226875305,
    "process_features_model_2_multimer_v3_pred_2": 3.5762786865234375e-06,
    "predict_and_compile_model_2_multimer_v3_pred_2": 82.43728232383728,
    "relax_model_2_multimer_v3_pred_2": 25.172673225402832,
    "process_features_model_2_multimer_v3_pred_3": 3.0994415283203125e-06,
    "predict_and_compile_model_2_multimer_v3_pred_3": 82.46302247047424,
    "relax_model_2_multimer_v3_pred_3": 23.61124587059021,
    "process_features_model_2_multimer_v3_pred_4": 3.337860107421875e-06,
    "predict_and_compile_model_2_multimer_v3_pred_4": 137.19393301010132,
    "relax_model_2_multimer_v3_pred_4": 19.365273475646973,
    "process_features_model_3_multimer_v3_pred_0": 3.0994415283203125e-06,
    "predict_and_compile_model_3_multimer_v3_pred_0": 261.438184261322,
    "relax_model_3_multimer_v3_pred_0": 28.07622504234314,
    "process_features_model_3_multimer_v3_pred_1": 3.5762786865234375e-06,
    "predict_and_compile_model_3_multimer_v3_pred_1": 62.00348114967346,
    "relax_model_3_multimer_v3_pred_1": 18.542986631393433,
    "process_features_model_3_multimer_v3_pred_2": 2.6226043701171875e-06,
    "predict_and_compile_model_3_multimer_v3_pred_2": 143.73814153671265,
    "relax_model_3_multimer_v3_pred_2": 19.17209482192993,
    "process_features_model_3_multimer_v3_pred_3": 2.86102294921875e-06,
    "predict_and_compile_model_3_multimer_v3_pred_3": 82.58883285522461,
    "relax_model_3_multimer_v3_pred_3": 18.209501028060913,
    "process_features_model_3_multimer_v3_pred_4": 3.337860107421875e-06,
    "predict_and_compile_model_3_multimer_v3_pred_4": 55.11180257797241,
    "relax_model_3_multimer_v3_pred_4": 32.41539144515991,
    "process_features_model_4_multimer_v3_pred_0": 2.86102294921875e-06,
    "predict_and_compile_model_4_multimer_v3_pred_0": 155.46868515014648,
    "relax_model_4_multimer_v3_pred_0": 19.763819694519043,
    "process_features_model_4_multimer_v3_pred_1": 3.0994415283203125e-06,
    "predict_and_compile_model_4_multimer_v3_pred_1": 47.565635681152344,
    "relax_model_4_multimer_v3_pred_1": 19.685515642166138,
    "process_features_model_4_multimer_v3_pred_2": 3.337860107421875e-06,
    "predict_and_compile_model_4_multimer_v3_pred_2": 87.99703693389893,
    "relax_model_4_multimer_v3_pred_2": 21.518905878067017,
    "process_features_model_4_multimer_v3_pred_3": 3.5762786865234375e-06,
    "predict_and_compile_model_4_multimer_v3_pred_3": 81.16639566421509,
    "relax_model_4_multimer_v3_pred_3": 23.657508373260498,
    "process_features_model_4_multimer_v3_pred_4": 3.337860107421875e-06,
    "predict_and_compile_model_4_multimer_v3_pred_4": 101.39142966270447,
    "relax_model_4_multimer_v3_pred_4": 18.712093114852905,
    "process_features_model_5_multimer_v3_pred_0": 3.337860107421875e-06,
    "predict_and_compile_model_5_multimer_v3_pred_0": 258.4843006134033,
    "relax_model_5_multimer_v3_pred_0": 19.35042142868042,
    "process_features_model_5_multimer_v3_pred_1": 3.337860107421875e-06,
    "predict_and_compile_model_5_multimer_v3_pred_1": 141.55124711990356,
    "relax_model_5_multimer_v3_pred_1": 25.216052532196045,
    "process_features_model_5_multimer_v3_pred_2": 3.337860107421875e-06,
    "predict_and_compile_model_5_multimer_v3_pred_2": 141.5405933856964,
    "relax_model_5_multimer_v3_pred_2": 18.842459201812744,
    "process_features_model_5_multimer_v3_pred_3": 3.0994415283203125e-06,
    "predict_and_compile_model_5_multimer_v3_pred_3": 141.5160505771637,
    "relax_model_5_multimer_v3_pred_3": 19.134405851364136,
    "process_features_model_5_multimer_v3_pred_4": 3.337860107421875e-06,
    "predict_and_compile_model_5_multimer_v3_pred_4": 141.63698148727417,
    "relax_model_5_multimer_v3_pred_4": 20.745336532592773
}