seed,sample,ranking_score
1,0,0.8598258586665479
1,1,0.8587647091288744
1,2,0.8520053440036948
1,3,0.8413107738320895
1,4,0.8535659925052219
