{
    "features": 0.030184507369995117,
    "process_features_model_1_multimer_v3_pred_0": 2.6226043701171875e-06,
    "predict_and_compile_model_1_multimer_v3_pred_0": 325.3987891674042,
    "predict_benchmark_model_1_multimer_v3_pred_0": 244.66366314888,
    "process_features_model_2_multimer_v3_pred_0": 1.9550323486328125e-05,
    "predict_and_compile_model_2_multimer_v3_pred_0": 325.1969349384308,
    "predict_benchmark_model_2_multimer_v3_pred_0": 244.69148898124695,
    "process_features_model_3_multimer_v3_pred_0": 6.461143493652344e-05,
    "predict_and_compile_model_3_multimer_v3_pred_0": 333.41327595710754,
    "predict_benchmark_model_3_multimer_v3_pred_0": 244.9638090133667,
    "process_features_model_4_multimer_v3_pred_0": 3.528594970703125e-05,
    "predict_and_compile_model_4_multimer_v3_pred_0": 315.24958515167236,
    "predict_benchmark_model_4_multimer_v3_pred_0": 237.4215054512024,
    "process_features_model_5_multimer_v3_pred_0": 1.8358230590820312e-05,
    "predict_and_compile_model_5_multimer_v3_pred_0": 313.732058763504,
    "predict_benchmark_model_5_multimer_v3_pred_0": 237.13822102546692
}