seed,sample,ranking_score
1,0,0.44650731084771134
1,1,0.4935477092456832
1,2,0.4992496364898038
1,3,0.4984010460750018
1,4,0.48240841458776407
