{
    "features": 0.02997303009033203,
    "process_features_model_1_multimer_v3_pred_0": 4.0531158447265625e-06,
    "predict_and_compile_model_1_multimer_v3_pred_0": 187.7584991455078,
    "predict_benchmark_model_1_multimer_v3_pred_0": 110.97042346000671,
    "process_features_model_2_multimer_v3_pred_0": 2.2411346435546875e-05,
    "predict_and_compile_model_2_multimer_v3_pred_0": 180.95364832878113,
    "predict_benchmark_model_2_multimer_v3_pred_0": 104.48936605453491,
    "process_features_model_3_multimer_v3_pred_0": 2.4318695068359375e-05,
    "predict_and_compile_model_3_multimer_v3_pred_0": 176.82663750648499,
    "predict_benchmark_model_3_multimer_v3_pred_0": 97.93741011619568,
    "process_features_model_4_multimer_v3_pred_0": 2.7418136596679688e-05,
    "predict_and_compile_model_4_multimer_v3_pred_0": 129.58468794822693,
    "predict_benchmark_model_4_multimer_v3_pred_0": 51.22490978240967,
    "process_features_model_5_multimer_v3_pred_0": 2.0265579223632812e-05,
    "predict_and_compile_model_5_multimer_v3_pred_0": 212.2256462574005,
    "predict_benchmark_model_5_multimer_v3_pred_0": 134.1985740661621
}