seed,sample,ranking_score
1,0,0.7468057356724391
1,1,0.7538017097301248
1,2,0.7925009623486381
1,3,0.8199851758561008
1,4,0.8058514410681141
