seed,sample,ranking_score
1,0,0.9437353378964549
1,1,0.9228317466407517
1,2,0.9483176011521155
1,3,0.9367287502867347
1,4,0.9317263122296895
