seed,sample,ranking_score
1,0,0.9636209205822153
1,1,0.9579920859816943
1,2,0.9587196805834325
1,3,0.9635023493861705
1,4,0.9585128089317836
