seed,sample,ranking_score
1,0,0.6684900161589538
1,1,0.5896746517891469
1,2,0.6312688478177008
1,3,0.6555324793278383
1,4,0.6385417720843503
