seed,sample,ranking_score
1,0,0.5817570080476895
1,1,0.5746197442444573
1,2,0.6042593746888331
1,3,0.6003949569206208
1,4,0.5648266172410276
