seed,sample,ranking_score
4,0,0.854288571465926
4,1,0.8431752944360362
4,2,0.8529442609475393
4,3,0.8495352590565101
4,4,0.8517742100748468
