seed,sample,ranking_score
1,0,0.4701500939245129
1,1,0.48624614622792506
1,2,0.48348937263615466
1,3,0.48330500082456185
1,4,0.4949961972591517
