seed,sample,ranking_score
1,0,0.3966296523777919
1,1,0.39604281204687797
1,2,0.4115108257635833
1,3,0.350156760695479
1,4,0.3504050200671839
