seed,sample,ranking_score
1,0,0.4340182077582756
1,1,0.4276843700749308
1,2,0.42652470139484316
1,3,0.3885414264027389
1,4,0.40330435725024305
