seed,sample,ranking_score
1,0,0.3402877954464664
1,1,0.33037945243941946
1,2,0.361910674606137
1,3,0.36488762356749976
1,4,0.38825087343636255
