seed,sample,ranking_score
1,0,0.9520647751679402
1,1,0.9376916598178353
1,2,0.9469948960767267
1,3,0.9464082966140343
1,4,0.9568373553384094
