seed,sample,ranking_score
1,0,0.6604390426824376
1,1,0.6685728250692063
1,2,0.6721776491115348
1,3,0.6695642481856133
1,4,0.6699131273816503
