seed,sample,ranking_score
1,0,0.626895208264932
1,1,0.6459399991453468
1,2,0.6413296661223853
1,3,0.6330979975892075
1,4,0.6580224728480735
