seed,sample,ranking_score
1,0,0.6341784064564764
1,1,0.6389803073365155
1,2,0.6301446982429816
1,3,0.6376418084493651
1,4,0.656681424480393
