{
    "features": 0.006191730499267578,
    "process_features_model_1_multimer_v3_pred_0": 4.5299530029296875e-06,
    "predict_and_compile_model_1_multimer_v3_pred_0": 301.67010521888733,
    "relax_model_1_multimer_v3_pred_0": 45.04382681846619,
    "process_features_model_1_multimer_v3_pred_1": 2.86102294921875e-06,
    "predict_and_compile_model_1_multimer_v3_pred_1": 188.57233142852783,
    "relax_model_1_multimer_v3_pred_1": 48.98266792297363,
    "process_features_model_1_multimer_v3_pred_2": 2.384185791015625e-06,
    "predict_and_compile_model_1_multimer_v3_pred_2": 188.46624875068665,
    "relax_model_1_multimer_v3_pred_2": 191.54016757011414,
    "process_features_model_1_multimer_v3_pred_3": 2.86102294921875e-06,
    "predict_and_compile_model_1_multimer_v3_pred_3": 188.42007875442505,
    "relax_model_1_multimer_v3_pred_3": 41.88326716423035,
    "process_features_model_1_multimer_v3_pred_4": 3.0994415283203125e-06,
    "predict_and_compile_model_1_multimer_v3_pred_4": 188.43086338043213,
    "relax_model_1_multimer_v3_pred_4": 50.806626081466675,
    "process_features_model_2_multimer_v3_pred_0": 3.0994415283203125e-06,
    "predict_and_compile_model_2_multimer_v3_pred_0": 297.5385785102844,
    "relax_model_2_multimer_v3_pred_0": 44.07667255401611,
    "process_features_model_2_multimer_v3_pred_1": 3.0994415283203125e-06,
    "predict_and_compile_model_2_multimer_v3_pred_1": 188.68054962158203,
    "relax_model_2_multimer_v3_pred_1": 44.32534670829773,
    "process_features_model_2_multimer_v3_pred_2": 3.814697265625e-06,
    "predict_and_compile_model_2_multimer_v3_pred_2": 90.20137596130371,
    "relax_model_2_multimer_v3_pred_2": 42.98044729232788,
    "process_features_model_2_multimer_v3_pred_3": 3.337860107421875e-06,
    "predict_and_compile_model_2_multimer_v3_pred_3": 188.6152081489563,
    "relax_model_2_multimer_v3_pred_3": 52.42469620704651,
    "process_features_model_2_multimer_v3_pred_4": 2.86102294921875e-06,
    "predict_and_compile_model_2_multimer_v3_pred_4": 188.60775995254517,
    "relax_model_2_multimer_v3_pred_4": 49.59116458892822,
    "process_features_model_3_multimer_v3_pred_0": 3.337860107421875e-06,
    "predict_and_compile_model_3_multimer_v3_pred_0": 208.1776032447815,
    "relax_model_3_multimer_v3_pred_0": 51.82784986495972,
    "process_features_model_3_multimer_v3_pred_1": 3.814697265625e-06,
    "predict_and_compile_model_3_multimer_v3_pred_1": 134.7894744873047,
    "relax_model_3_multimer_v3_pred_1": 42.86523151397705,
    "process_features_model_3_multimer_v3_pred_2": 2.86102294921875e-06,
    "predict_and_compile_model_3_multimer_v3_pred_2": 179.48657941818237,
    "relax_model_3_multimer_v3_pred_2": 44.055530309677124,
    "process_features_model_3_multimer_v3_pred_3": 3.814697265625e-06,
    "predict_and_compile_model_3_multimer_v3_pred_3": 188.64568853378296,
    "relax_model_3_multimer_v3_pred_3": 44.021536350250244,
    "process_features_model_3_multimer_v3_pred_4": 3.0994415283203125e-06,
    "predict_and_compile_model_3_multimer_v3_pred_4": 188.34112167358398,
    "relax_model_3_multimer_v3_pred_4": 42.569504499435425,
    "process_features_model_4_multimer_v3_pred_0": 3.337860107421875e-06,
    "predict_and_compile_model_4_multimer_v3_pred_0": 300.0493757724762,
    "relax_model_4_multimer_v3_pred_0": 42.469029664993286,
    "process_features_model_4_multimer_v3_pred_1": 3.0994415283203125e-06,
    "predict_and_compile_model_4_multimer_v3_pred_1": 185.6039798259735,
    "relax_model_4_multimer_v3_pred_1": 45.86457681655884,
    "process_features_model_4_multimer_v3_pred_2": 3.337860107421875e-06,
    "predict_and_compile_model_4_multimer_v3_pred_2": 185.51237535476685,
    "relax_model_4_multimer_v3_pred_2": 43.73163104057312,
    "process_features_model_4_multimer_v3_pred_3": 3.5762786865234375e-06,
    "predict_and_compile_model_4_multimer_v3_pred_3": 185.7190065383911,
    "relax_model_4_multimer_v3_pred_3": 42.722527503967285,
    "process_features_model_4_multimer_v3_pred_4": 3.5762786865234375e-06,
    "predict_and_compile_model_4_multimer_v3_pred_4": 185.55257654190063,
    "relax_model_4_multimer_v3_pred_4": 41.83432602882385,
    "process_features_model_5_multimer_v3_pred_0": 3.337860107421875e-06,
    "predict_and_compile_model_5_multimer_v3_pred_0": 297.55559158325195,
    "relax_model_5_multimer_v3_pred_0": 35.77819228172302,
    "process_features_model_5_multimer_v3_pred_1": 3.0994415283203125e-06,
    "predict_and_compile_model_5_multimer_v3_pred_1": 185.99438977241516,
    "relax_model_5_multimer_v3_pred_1": 34.92443108558655,
    "process_features_model_5_multimer_v3_pred_2": 3.0994415283203125e-06,
    "predict_and_compile_model_5_multimer_v3_pred_2": 186.00237250328064,
    "relax_model_5_multimer_v3_pred_2": 45.23016095161438,
    "process_features_model_5_multimer_v3_pred_3": 3.0994415283203125e-06,
    "predict_and_compile_model_5_multimer_v3_pred_3": 185.9723300933838,
    "relax_model_5_multimer_v3_pred_3": 25.14864158630371,
    "process_features_model_5_multimer_v3_pred_4": 3.0994415283203125e-06,
    "predict_and_compile_model_5_multimer_v3_pred_4": 185.82404017448425,
    "relax_model_5_multimer_v3_pred_4": 24.254508018493652
}