{
    "features": 0.41652917861938477,
    "process_features_model_1_multimer_v3_pred_0": 5.9604644775390625e-06,
    "predict_and_compile_model_1_multimer_v3_pred_0": 1794.1445622444153,
    "predict_benchmark_model_1_multimer_v3_pred_0": 1651.8482251167297,
    "process_features_model_2_multimer_v3_pred_0": 4.291534423828125e-06,
    "predict_and_compile_model_2_multimer_v3_pred_0": 1753.9999606609344,
    "predict_benchmark_model_2_multimer_v3_pred_0": 1650.4438717365265,
    "process_features_model_3_multimer_v3_pred_0": 2.6702880859375e-05,
    "predict_and_compile_model_3_multimer_v3_pred_0": 1757.5530705451965,
    "predict_benchmark_model_3_multimer_v3_pred_0": 1651.633702993393,
    "process_features_model_4_multimer_v3_pred_0": 1.049041748046875e-05,
    "predict_and_compile_model_4_multimer_v3_pred_0": 1725.7126333713531,
    "predict_benchmark_model_4_multimer_v3_pred_0": 1613.9455468654633,
    "process_features_model_5_multimer_v3_pred_0": 9.5367431640625e-06,
    "predict_and_compile_model_5_multimer_v3_pred_0": 1725.4897797107697,
    "predict_benchmark_model_5_multimer_v3_pred_0": 1613.5897541046143
}