seed,sample,ranking_score
1,0,0.8543253416083992
1,1,0.8390744693869984
1,2,0.8534363931516563
1,3,0.8574574742744137
1,4,0.833332329850883
