{
    "features": 0.21121644973754883,
    "process_features_model_1_multimer_v3_pred_0": 5.0067901611328125e-06,
    "predict_and_compile_model_1_multimer_v3_pred_0": 389.90583539009094,
    "predict_benchmark_model_1_multimer_v3_pred_0": 272.3985426425934,
    "process_features_model_2_multimer_v3_pred_0": 4.291534423828125e-06,
    "predict_and_compile_model_2_multimer_v3_pred_0": 385.5061538219452,
    "predict_benchmark_model_2_multimer_v3_pred_0": 272.5860650539398,
    "process_features_model_3_multimer_v3_pred_0": 4.0531158447265625e-06,
    "predict_and_compile_model_3_multimer_v3_pred_0": 387.00487780570984,
    "predict_benchmark_model_3_multimer_v3_pred_0": 272.25855445861816,
    "process_features_model_4_multimer_v3_pred_0": 3.814697265625e-06,
    "predict_and_compile_model_4_multimer_v3_pred_0": 384.5857925415039,
    "predict_benchmark_model_4_multimer_v3_pred_0": 264.96014642715454,
    "process_features_model_5_multimer_v3_pred_0": 4.0531158447265625e-06,
    "predict_and_compile_model_5_multimer_v3_pred_0": 382.8464341163635,
    "predict_benchmark_model_5_multimer_v3_pred_0": 264.81809520721436
}