seed,sample,ranking_score
1,0,0.9817171196720897
1,1,0.9793718597806891
1,2,0.988966351289271
1,3,0.9855762889499659
1,4,0.9811414570938153
