seed,sample,ranking_score
1,0,0.4567893733403796
1,1,0.44518902885479933
1,2,0.4585804590591065
1,3,0.4472385851625723
1,4,0.42877678913528083
