seed,sample,ranking_score
5,0,0.5413444535843347
5,1,0.55226991748034
5,2,0.5356284993132282
5,3,0.5591710343560651
5,4,0.5840450393211054
