seed,sample,ranking_score
1,0,0.4711690751566989
1,1,0.5086201237546384
1,2,0.5091789033090046
1,3,0.5111168845587011
1,4,0.4842075429020857
