seed,sample,ranking_score
1,0,0.7031563841308712
1,1,0.6820392025291488
1,2,0.6755300677563194
1,3,0.6858212182311583
1,4,0.7014458914044266
