seed,sample,ranking_score
1,0,0.6174942477481973
1,1,0.6420693869028643
1,2,0.5461339810233703
1,3,0.6453690735177702
1,4,0.6649465032901681
