seed,sample,ranking_score
1,0,0.788522429140688
1,1,0.8350594516417071
1,2,0.8005752538518509
1,3,0.7928450713201851
1,4,0.8428306480251732
