seed,sample,ranking_score
1,0,0.7064596904035781
1,1,0.7005311138498141
1,2,0.7038898916744503
1,3,0.7049937800284392
1,4,0.7068240166220765
