seed,sample,ranking_score
1,0,0.8299665556000441
1,1,0.840568472333044
1,2,0.8333262384878788
1,3,0.8353864892830389
1,4,0.842481384048759
