{
    "features": 0.2455129623413086,
    "process_features_model_1_multimer_v3_pred_0": 4.291534423828125e-06,
    "predict_and_compile_model_1_multimer_v3_pred_0": 658.629251241684,
    "predict_benchmark_model_1_multimer_v3_pred_0": 545.6066014766693,
    "process_features_model_2_multimer_v3_pred_0": 3.5762786865234375e-06,
    "predict_and_compile_model_2_multimer_v3_pred_0": 655.1462070941925,
    "predict_benchmark_model_2_multimer_v3_pred_0": 545.4036695957184,
    "process_features_model_3_multimer_v3_pred_0": 3.337860107421875e-06,
    "predict_and_compile_model_3_multimer_v3_pred_0": 653.7309443950653,
    "predict_benchmark_model_3_multimer_v3_pred_0": 545.6783685684204,
    "process_features_model_4_multimer_v3_pred_0": 3.5762786865234375e-06,
    "predict_and_compile_model_4_multimer_v3_pred_0": 645.0012412071228,
    "predict_benchmark_model_4_multimer_v3_pred_0": 531.6864945888519,
    "process_features_model_5_multimer_v3_pred_0": 4.291534423828125e-06,
    "predict_and_compile_model_5_multimer_v3_pred_0": 647.4631152153015,
    "predict_benchmark_model_5_multimer_v3_pred_0": 531.1526482105255
}