seed,sample,ranking_score
1,0,0.5786740477435242
1,1,0.5579991919521158
1,2,0.6369205297657926
1,3,0.6251298445767952
1,4,0.6100741511018141
