{
    "features": 0.10155963897705078,
    "process_features_model_1_multimer_v3_pred_0": 4.291534423828125e-06,
    "predict_and_compile_model_1_multimer_v3_pred_0": 427.7063789367676,
    "predict_benchmark_model_1_multimer_v3_pred_0": 306.7737281322479,
    "process_features_model_2_multimer_v3_pred_0": 3.814697265625e-06,
    "predict_and_compile_model_2_multimer_v3_pred_0": 420.4836392402649,
    "predict_benchmark_model_2_multimer_v3_pred_0": 307.3580822944641,
    "process_features_model_3_multimer_v3_pred_0": 3.814697265625e-06,
    "predict_and_compile_model_3_multimer_v3_pred_0": 422.9057512283325,
    "predict_benchmark_model_3_multimer_v3_pred_0": 306.8878891468048,
    "process_features_model_4_multimer_v3_pred_0": 4.291534423828125e-06,
    "predict_and_compile_model_4_multimer_v3_pred_0": 416.5116353034973,
    "predict_benchmark_model_4_multimer_v3_pred_0": 298.84138107299805,
    "process_features_model_5_multimer_v3_pred_0": 4.291534423828125e-06,
    "predict_and_compile_model_5_multimer_v3_pred_0": 413.2709355354309,
    "predict_benchmark_model_5_multimer_v3_pred_0": 298.9828772544861
}