seed,sample,ranking_score
1,0,0.6411779157105948
1,1,0.654428515862803
1,2,0.6210090504115612
1,3,0.6506631429338571
1,4,0.6460079590297376
