seed,sample,ranking_score
1,0,0.6330006219044984
1,1,0.6177838004942657
1,2,0.6421756941224793
1,3,0.6362943031778854
1,4,0.6248264954836041
