seed,sample,ranking_score
5,0,0.9217276226153801
5,1,0.9100715006988512
5,2,0.9102772826335834
5,3,0.9220082495271397
5,4,0.9033031765145032
