seed,sample,ranking_score
1,0,0.6160422618101558
1,1,0.6260769157967575
1,2,0.6470870123817882
1,3,0.5937330876431459
1,4,0.7182685679261567
