seed,sample,ranking_score
1,0,0.3654686433844234
1,1,0.4736073785979868
1,2,0.45998855035661645
1,3,0.4571281882125822
1,4,0.46735374363917737
