seed,sample,ranking_score
1,0,0.6910899173778772
1,1,0.697535642393148
1,2,0.6416105300903628
1,3,0.631633950603371
1,4,0.6542306941147831
