{
    "features": 0.038976430892944336,
    "process_features_model_1_multimer_v3_pred_0": 2.6226043701171875e-06,
    "predict_and_compile_model_1_multimer_v3_pred_0": 120.21168828010559,
    "predict_benchmark_model_1_multimer_v3_pred_0": 36.9635591506958,
    "process_features_model_2_multimer_v3_pred_0": 1.430511474609375e-05,
    "predict_and_compile_model_2_multimer_v3_pred_0": 110.6496160030365,
    "predict_benchmark_model_2_multimer_v3_pred_0": 27.778631925582886,
    "process_features_model_3_multimer_v3_pred_0": 1.9311904907226562e-05,
    "predict_and_compile_model_3_multimer_v3_pred_0": 180.39813804626465,
    "predict_benchmark_model_3_multimer_v3_pred_0": 96.3797516822815,
    "process_features_model_4_multimer_v3_pred_0": 2.0742416381835938e-05,
    "predict_and_compile_model_4_multimer_v3_pred_0": 138.54651188850403,
    "predict_benchmark_model_4_multimer_v3_pred_0": 54.110883712768555,
    "process_features_model_5_multimer_v3_pred_0": 3.4332275390625e-05,
    "predict_and_compile_model_5_multimer_v3_pred_0": 182.92721939086914,
    "predict_benchmark_model_5_multimer_v3_pred_0": 94.42202496528625
}