seed,sample,ranking_score
1,0,0.8884130241533135
1,1,0.8854426676863754
1,2,0.8978961404280938
1,3,0.8975409673185896
1,4,0.8921636665185815
