{
    "features": 0.05669212341308594,
    "process_features_model_1_multimer_v3_pred_0": 2.6226043701171875e-06,
    "predict_and_compile_model_1_multimer_v3_pred_0": 212.56733107566833,
    "predict_benchmark_model_1_multimer_v3_pred_0": 125.80576372146606,
    "process_features_model_2_multimer_v3_pred_0": 2.5272369384765625e-05,
    "predict_and_compile_model_2_multimer_v3_pred_0": 133.40481686592102,
    "predict_benchmark_model_2_multimer_v3_pred_0": 47.90191912651062,
    "process_features_model_3_multimer_v3_pred_0": 2.5033950805664062e-05,
    "predict_and_compile_model_3_multimer_v3_pred_0": 211.62242102622986,
    "predict_benchmark_model_3_multimer_v3_pred_0": 125.85635781288147,
    "process_features_model_4_multimer_v3_pred_0": 1.7881393432617188e-05,
    "predict_and_compile_model_4_multimer_v3_pred_0": 131.1660087108612,
    "predict_benchmark_model_4_multimer_v3_pred_0": 46.88883948326111,
    "process_features_model_5_multimer_v3_pred_0": 1.8358230590820312e-05,
    "predict_and_compile_model_5_multimer_v3_pred_0": 205.7884705066681,
    "predict_benchmark_model_5_multimer_v3_pred_0": 123.25929951667786
}