{
    "features": 0.01217198371887207,
    "process_features_model_1_multimer_v3_pred_0": 3.337860107421875e-06,
    "predict_and_compile_model_1_multimer_v3_pred_0": 629.1161861419678,
    "relax_model_1_multimer_v3_pred_0": 59.13849687576294,
    "process_features_model_1_multimer_v3_pred_1": 5.245208740234375e-06,
    "predict_and_compile_model_1_multimer_v3_pred_1": 291.2100121974945,
    "relax_model_1_multimer_v3_pred_1": 53.4078311920166,
    "process_features_model_1_multimer_v3_pred_2": 2.6226043701171875e-06,
    "predict_and_compile_model_1_multimer_v3_pred_2": 507.8323390483856,
    "relax_model_1_multimer_v3_pred_2": 52.56645941734314,
    "process_features_model_1_multimer_v3_pred_3": 3.0994415283203125e-06,
    "predict_and_compile_model_1_multimer_v3_pred_3": 508.1088092327118,
    "relax_model_1_multimer_v3_pred_3": 53.56575536727905,
    "process_features_model_1_multimer_v3_pred_4": 2.6226043701171875e-06,
    "predict_and_compile_model_1_multimer_v3_pred_4": 507.60701036453247,
    "relax_model_1_multimer_v3_pred_4": 56.12214970588684,
    "process_features_model_2_multimer_v3_pred_0": 3.0994415283203125e-06,
    "predict_and_compile_model_2_multimer_v3_pred_0": 478.3490843772888,
    "relax_model_2_multimer_v3_pred_0": 56.99734830856323,
    "process_features_model_2_multimer_v3_pred_1": 2.86102294921875e-06,
    "predict_and_compile_model_2_multimer_v3_pred_1": 411.4100306034088,
    "relax_model_2_multimer_v3_pred_1": 59.68777298927307,
    "process_features_model_2_multimer_v3_pred_2": 3.337860107421875e-06,
    "predict_and_compile_model_2_multimer_v3_pred_2": 508.1381447315216,
    "relax_model_2_multimer_v3_pred_2": 55.22657346725464,
    "process_features_model_2_multimer_v3_pred_3": 3.337860107421875e-06,
    "predict_and_compile_model_2_multimer_v3_pred_3": 507.82923126220703,
    "relax_model_2_multimer_v3_pred_3": 71.68804812431335,
    "process_features_model_2_multimer_v3_pred_4": 3.0994415283203125e-06,
    "predict_and_compile_model_2_multimer_v3_pred_4": 508.8541171550751,
    "relax_model_2_multimer_v3_pred_4": 59.66098666191101,
    "process_features_model_3_multimer_v3_pred_0": 3.0994415283203125e-06,
    "predict_and_compile_model_3_multimer_v3_pred_0": 452.27492785453796,
    "relax_model_3_multimer_v3_pred_0": 54.60987663269043,
    "process_features_model_3_multimer_v3_pred_1": 2.86102294921875e-06,
    "predict_and_compile_model_3_multimer_v3_pred_1": 338.93369913101196,
    "relax_model_3_multimer_v3_pred_1": 67.8242781162262,
    "process_features_model_3_multimer_v3_pred_2": 3.0994415283203125e-06,
    "predict_and_compile_model_3_multimer_v3_pred_2": 414.45932126045227,
    "relax_model_3_multimer_v3_pred_2": 53.998067140579224,
    "process_features_model_3_multimer_v3_pred_3": 3.814697265625e-06,
    "predict_and_compile_model_3_multimer_v3_pred_3": 315.63090348243713,
    "relax_model_3_multimer_v3_pred_3": 53.785255670547485,
    "process_features_model_3_multimer_v3_pred_4": 2.6226043701171875e-06,
    "predict_and_compile_model_3_multimer_v3_pred_4": 194.7138192653656,
    "relax_model_3_multimer_v3_pred_4": 54.023276567459106,
    "process_features_model_4_multimer_v3_pred_0": 3.337860107421875e-06,
    "predict_and_compile_model_4_multimer_v3_pred_0": 614.5785129070282,
    "relax_model_4_multimer_v3_pred_0": 56.905221700668335,
    "process_features_model_4_multimer_v3_pred_1": 3.337860107421875e-06,
    "predict_and_compile_model_4_multimer_v3_pred_1": 501.6322560310364,
    "relax_model_4_multimer_v3_pred_1": 57.16703796386719,
    "process_features_model_4_multimer_v3_pred_2": 2.86102294921875e-06,
    "predict_and_compile_model_4_multimer_v3_pred_2": 501.9631769657135,
    "relax_model_4_multimer_v3_pred_2": 55.26693606376648,
    "process_features_model_4_multimer_v3_pred_3": 3.0994415283203125e-06,
    "predict_and_compile_model_4_multimer_v3_pred_3": 501.56396293640137,
    "relax_model_4_multimer_v3_pred_3": 58.82221555709839,
    "process_features_model_4_multimer_v3_pred_4": 2.86102294921875e-06,
    "predict_and_compile_model_4_multimer_v3_pred_4": 501.7011134624481,
    "relax_model_4_multimer_v3_pred_4": 55.03366684913635,
    "process_features_model_5_multimer_v3_pred_0": 2.6226043701171875e-06,
    "predict_and_compile_model_5_multimer_v3_pred_0": 444.5085611343384,
    "relax_model_5_multimer_v3_pred_0": 56.227455615997314,
    "process_features_model_5_multimer_v3_pred_1": 3.0994415283203125e-06,
    "predict_and_compile_model_5_multimer_v3_pred_1": 287.2234251499176,
    "relax_model_5_multimer_v3_pred_1": 53.8285870552063,
    "process_features_model_5_multimer_v3_pred_2": 2.86102294921875e-06,
    "predict_and_compile_model_5_multimer_v3_pred_2": 311.35534930229187,
    "relax_model_5_multimer_v3_pred_2": 51.71261191368103,
    "process_features_model_5_multimer_v3_pred_3": 3.337860107421875e-06,
    "predict_and_compile_model_5_multimer_v3_pred_3": 263.68672013282776,
    "relax_model_5_multimer_v3_pred_3": 57.02804183959961,
    "process_features_model_5_multimer_v3_pred_4": 2.6226043701171875e-06,
    "predict_and_compile_model_5_multimer_v3_pred_4": 358.56666350364685,
    "relax_model_5_multimer_v3_pred_4": 53.90363025665283
}