seed,sample,ranking_score
4,0,0.9288412163964819
4,1,0.9284372310642203
4,2,0.9371018643809933
4,3,0.9333326789004649
4,4,0.9397611333251258
