seed,sample,ranking_score
1,0,0.7540290031683822
1,1,0.770408154374936
1,2,0.7657386464921313
1,3,0.7815754376300252
1,4,0.7400886781280451
