seed,sample,ranking_score
1,0,0.7156665681200672
1,1,0.7247667358550235
1,2,0.7311246672017685
1,3,0.7009761377136027
1,4,0.72606121377985
