seed,sample,ranking_score
1,0,0.6528205535981603
1,1,0.6685136650482294
1,2,0.6458497287442095
1,3,0.6175203541962373
1,4,0.5069288361368621
