seed,sample,ranking_score
1,0,0.701405265992854
1,1,0.6990192704999844
1,2,0.7208550191370843
1,3,0.6863758168633387
1,4,0.6955683892487676
