seed,sample,ranking_score
1,0,0.9859881578329298
1,1,0.9894951560957657
1,2,0.9858293920413722
1,3,0.9848264790046277
1,4,0.9878098508004506
