seed,sample,ranking_score
1,0,0.9384571709410778
1,1,0.9381694414588542
1,2,0.9566246540437092
1,3,0.9540544550243135
1,4,0.9466141588436722
