seed,sample,ranking_score
4,0,0.8829043654419676
4,1,0.8663260331562345
4,2,0.8797315654513287
4,3,0.8825113679576313
4,4,0.8571462678083228
