{
    "features": 0.9137752056121826,
    "process_features_model_1_multimer_v3_pred_0": 4.76837158203125e-06,
    "predict_and_compile_model_1_multimer_v3_pred_0": 173.6615390777588,
    "predict_benchmark_model_1_multimer_v3_pred_0": 91.2824695110321,
    "process_features_model_2_multimer_v3_pred_0": 1.1682510375976562e-05,
    "predict_and_compile_model_2_multimer_v3_pred_0": 123.23375415802002,
    "predict_benchmark_model_2_multimer_v3_pred_0": 39.98341655731201,
    "process_features_model_3_multimer_v3_pred_0": 7.62939453125e-06,
    "predict_and_compile_model_3_multimer_v3_pred_0": 205.14820456504822,
    "predict_benchmark_model_3_multimer_v3_pred_0": 120.27072858810425,
    "process_features_model_4_multimer_v3_pred_0": 1.1444091796875e-05,
    "predict_and_compile_model_4_multimer_v3_pred_0": 203.4564242362976,
    "predict_benchmark_model_4_multimer_v3_pred_0": 117.59424996376038,
    "process_features_model_5_multimer_v3_pred_0": 5.0067901611328125e-06,
    "predict_and_compile_model_5_multimer_v3_pred_0": 177.6469476222992,
    "predict_benchmark_model_5_multimer_v3_pred_0": 90.03533172607422
}