seed,sample,ranking_score
1,0,0.44383426549230476
1,1,0.4046988494471497
1,2,0.3855178964155517
1,3,0.4551029470281475
1,4,0.4470683856163856
