{
    "features": 0.021606922149658203,
    "process_features_model_1_multimer_v3_pred_0": 4.5299530029296875e-06,
    "predict_and_compile_model_1_multimer_v3_pred_0": 169.77469110488892,
    "predict_benchmark_model_1_multimer_v3_pred_0": 91.31736993789673,
    "process_features_model_2_multimer_v3_pred_0": 4.76837158203125e-06,
    "predict_and_compile_model_2_multimer_v3_pred_0": 291.84920382499695,
    "predict_benchmark_model_2_multimer_v3_pred_0": 212.32780289649963,
    "process_features_model_3_multimer_v3_pred_0": 1.6689300537109375e-05,
    "predict_and_compile_model_3_multimer_v3_pred_0": 198.45558190345764,
    "predict_benchmark_model_3_multimer_v3_pred_0": 121.54402756690979,
    "process_features_model_4_multimer_v3_pred_0": 2.9087066650390625e-05,
    "predict_and_compile_model_4_multimer_v3_pred_0": 285.08635687828064,
    "predict_benchmark_model_4_multimer_v3_pred_0": 206.1465814113617,
    "process_features_model_5_multimer_v3_pred_0": 1.9550323486328125e-05,
    "predict_and_compile_model_5_multimer_v3_pred_0": 283.1091639995575,
    "predict_benchmark_model_5_multimer_v3_pred_0": 205.92014288902283
}