seed,sample,ranking_score
1,0,0.6137861288477077
1,1,0.5858595215702582
1,2,0.6036727002187059
1,3,0.5947472229961652
1,4,0.6149494974902922
