seed,sample,ranking_score
4,0,0.809973571623347
4,1,0.806787111123372
4,2,0.8109160549910904
4,3,0.8099543441514099
4,4,0.8095379906363395
