{
    "features": 0.0954737663269043,
    "process_features_model_1_multimer_v3_pred_0": 2.384185791015625e-06,
    "predict_and_compile_model_1_multimer_v3_pred_0": 215.7507402896881,
    "predict_benchmark_model_1_multimer_v3_pred_0": 129.46897673606873,
    "process_features_model_2_multimer_v3_pred_0": 2.8848648071289062e-05,
    "predict_and_compile_model_2_multimer_v3_pred_0": 176.82660508155823,
    "predict_benchmark_model_2_multimer_v3_pred_0": 92.182443857193,
    "process_features_model_3_multimer_v3_pred_0": 1.621246337890625e-05,
    "predict_and_compile_model_3_multimer_v3_pred_0": 212.91024541854858,
    "predict_benchmark_model_3_multimer_v3_pred_0": 129.1546459197998,
    "process_features_model_4_multimer_v3_pred_0": 1.6450881958007812e-05,
    "predict_and_compile_model_4_multimer_v3_pred_0": 211.63012647628784,
    "predict_benchmark_model_4_multimer_v3_pred_0": 125.46852564811707,
    "process_features_model_5_multimer_v3_pred_0": 1.1205673217773438e-05,
    "predict_and_compile_model_5_multimer_v3_pred_0": 210.41369581222534,
    "predict_benchmark_model_5_multimer_v3_pred_0": 125.27834606170654
}