seed,sample,ranking_score
1,0,0.3413148383588498
1,1,0.31404140431094907
1,2,0.34477406436977076
1,3,0.33383902111047337
1,4,0.3309346765711391
