seed,sample,ranking_score
1,0,0.5731460999014261
1,1,0.5809448964342311
1,2,0.5925716766201186
1,3,0.5909870292296313
1,4,0.5869078584111762
