seed,sample,ranking_score
1,0,0.8849043190491984
1,1,0.8912887972238562
1,2,0.8882719846434459
1,3,0.9076792169371821
1,4,0.8894612932738607
