seed,sample,ranking_score
4,0,0.8856871150950433
4,1,0.8837555317243927
4,2,0.8875006608938248
4,3,0.8849335625116619
4,4,0.8748349916445808
