seed,sample,ranking_score
1,0,0.5826737561223411
1,1,0.5383153494837992
1,2,0.5487822837601679
1,3,0.5611453744982513
1,4,0.5649275445591169
