seed,sample,ranking_score
1,0,0.5617586597660458
1,1,0.5407439616270721
1,2,0.5482349090480387
1,3,0.5529401496193651
1,4,0.5408127365891042
