{
    "features": 0.00652766227722168,
    "process_features_model_1_multimer_v3_pred_0": 3.337860107421875e-06,
    "predict_and_compile_model_1_multimer_v3_pred_0": 305.44266986846924,
    "relax_model_1_multimer_v3_pred_0": 31.263550996780396,
    "process_features_model_1_multimer_v3_pred_1": 2.6226043701171875e-06,
    "predict_and_compile_model_1_multimer_v3_pred_1": 187.13090062141418,
    "relax_model_1_multimer_v3_pred_1": 29.440577030181885,
    "process_features_model_1_multimer_v3_pred_2": 2.384185791015625e-06,
    "predict_and_compile_model_1_multimer_v3_pred_2": 186.96204471588135,
    "relax_model_1_multimer_v3_pred_2": 30.111950159072876,
    "process_features_model_1_multimer_v3_pred_3": 3.337860107421875e-06,
    "predict_and_compile_model_1_multimer_v3_pred_3": 187.07768869400024,
    "relax_model_1_multimer_v3_pred_3": 29.083029985427856,
    "process_features_model_1_multimer_v3_pred_4": 3.0994415283203125e-06,
    "predict_and_compile_model_1_multimer_v3_pred_4": 186.98055720329285,
    "relax_model_1_multimer_v3_pred_4": 29.671489238739014,
    "process_features_model_2_multimer_v3_pred_0": 3.0994415283203125e-06,
    "predict_and_compile_model_2_multimer_v3_pred_0": 301.3100233078003,
    "relax_model_2_multimer_v3_pred_0": 40.030685901641846,
    "process_features_model_2_multimer_v3_pred_1": 2.86102294921875e-06,
    "predict_and_compile_model_2_multimer_v3_pred_1": 186.7887909412384,
    "relax_model_2_multimer_v3_pred_1": 40.92228055000305,
    "process_features_model_2_multimer_v3_pred_2": 3.0994415283203125e-06,
    "predict_and_compile_model_2_multimer_v3_pred_2": 186.80710768699646,
    "relax_model_2_multimer_v3_pred_2": 41.80174899101257,
    "process_features_model_2_multimer_v3_pred_3": 3.337860107421875e-06,
    "predict_and_compile_model_2_multimer_v3_pred_3": 187.88552236557007,
    "relax_model_2_multimer_v3_pred_3": 40.525266885757446,
    "process_features_model_2_multimer_v3_pred_4": 3.0994415283203125e-06,
    "predict_and_compile_model_2_multimer_v3_pred_4": 187.43612837791443,
    "relax_model_2_multimer_v3_pred_4": 53.31757307052612,
    "process_features_model_3_multimer_v3_pred_0": 2.86102294921875e-06,
    "predict_and_compile_model_3_multimer_v3_pred_0": 223.1711699962616,
    "relax_model_3_multimer_v3_pred_0": 52.81241536140442,
    "process_features_model_3_multimer_v3_pred_1": 2.86102294921875e-06,
    "predict_and_compile_model_3_multimer_v3_pred_1": 187.664244890213,
    "relax_model_3_multimer_v3_pred_1": 53.22674822807312,
    "process_features_model_3_multimer_v3_pred_2": 3.0994415283203125e-06,
    "predict_and_compile_model_3_multimer_v3_pred_2": 116.41106534004211,
    "relax_model_3_multimer_v3_pred_2": 51.56938695907593,
    "process_features_model_3_multimer_v3_pred_3": 2.86102294921875e-06,
    "predict_and_compile_model_3_multimer_v3_pred_3": 186.82924127578735,
    "relax_model_3_multimer_v3_pred_3": 28.59958028793335,
    "process_features_model_3_multimer_v3_pred_4": 2.86102294921875e-06,
    "predict_and_compile_model_3_multimer_v3_pred_4": 186.8456392288208,
    "relax_model_3_multimer_v3_pred_4": 41.38789987564087,
    "process_features_model_4_multimer_v3_pred_0": 3.0994415283203125e-06,
    "predict_and_compile_model_4_multimer_v3_pred_0": 304.357479095459,
    "relax_model_4_multimer_v3_pred_0": 29.21567726135254,
    "process_features_model_4_multimer_v3_pred_1": 3.0994415283203125e-06,
    "predict_and_compile_model_4_multimer_v3_pred_1": 182.84105134010315,
    "relax_model_4_multimer_v3_pred_1": 34.51393270492554,
    "process_features_model_4_multimer_v3_pred_2": 3.337860107421875e-06,
    "predict_and_compile_model_4_multimer_v3_pred_2": 183.00951170921326,
    "relax_model_4_multimer_v3_pred_2": 52.50026893615723,
    "process_features_model_4_multimer_v3_pred_3": 2.6226043701171875e-06,
    "predict_and_compile_model_4_multimer_v3_pred_3": 182.8563675880432,
    "relax_model_4_multimer_v3_pred_3": 40.72455835342407,
    "process_features_model_4_multimer_v3_pred_4": 3.0994415283203125e-06,
    "predict_and_compile_model_4_multimer_v3_pred_4": 183.85695481300354,
    "relax_model_4_multimer_v3_pred_4": 28.736457109451294,
    "process_features_model_5_multimer_v3_pred_0": 3.0994415283203125e-06,
    "predict_and_compile_model_5_multimer_v3_pred_0": 301.2476689815521,
    "relax_model_5_multimer_v3_pred_0": 52.419193744659424,
    "process_features_model_5_multimer_v3_pred_1": 3.5762786865234375e-06,
    "predict_and_compile_model_5_multimer_v3_pred_1": 113.95655035972595,
    "relax_model_5_multimer_v3_pred_1": 40.04585814476013,
    "process_features_model_5_multimer_v3_pred_2": 3.0994415283203125e-06,
    "predict_and_compile_model_5_multimer_v3_pred_2": 182.68854880332947,
    "relax_model_5_multimer_v3_pred_2": 29.31203866004944,
    "process_features_model_5_multimer_v3_pred_3": 3.0994415283203125e-06,
    "predict_and_compile_model_5_multimer_v3_pred_3": 78.58003807067871,
    "relax_model_5_multimer_v3_pred_3": 51.76597857475281,
    "process_features_model_5_multimer_v3_pred_4": 2.86102294921875e-06,
    "predict_and_compile_model_5_multimer_v3_pred_4": 183.16224265098572,
    "relax_model_5_multimer_v3_pred_4": 41.783767223358154
}