{
    "features": 0.016449689865112305,
    "process_features_model_1_multimer_v3_pred_0": 2.1457672119140625e-06,
    "predict_and_compile_model_1_multimer_v3_pred_0": 191.89983868598938,
    "predict_benchmark_model_1_multimer_v3_pred_0": 102.79913973808289,
    "process_features_model_2_multimer_v3_pred_0": 3.3855438232421875e-05,
    "predict_and_compile_model_2_multimer_v3_pred_0": 129.4695861339569,
    "predict_benchmark_model_2_multimer_v3_pred_0": 41.25421071052551,
    "process_features_model_3_multimer_v3_pred_0": 1.3828277587890625e-05,
    "predict_and_compile_model_3_multimer_v3_pred_0": 196.64299273490906,
    "predict_benchmark_model_3_multimer_v3_pred_0": 107.80388927459717,
    "process_features_model_4_multimer_v3_pred_0": 2.002716064453125e-05,
    "predict_and_compile_model_4_multimer_v3_pred_0": 192.53936767578125,
    "predict_benchmark_model_4_multimer_v3_pred_0": 104.22154021263123,
    "process_features_model_5_multimer_v3_pred_0": 1.9073486328125e-05,
    "predict_and_compile_model_5_multimer_v3_pred_0": 189.09523224830627,
    "predict_benchmark_model_5_multimer_v3_pred_0": 104.48834085464478
}