seed,sample,ranking_score
1,0,0.6252342018863059
1,1,0.6275843653996639
1,2,0.6242206892161422
1,3,0.6169954160566888
1,4,0.6338507191206499
