{
    "features": 0.006819248199462891,
    "process_features_model_1_multimer_v3_pred_0": 3.814697265625e-06,
    "predict_and_compile_model_1_multimer_v3_pred_0": 259.5291323661804,
    "relax_model_1_multimer_v3_pred_0": 22.419644832611084,
    "process_features_model_1_multimer_v3_pred_1": 2.6226043701171875e-06,
    "predict_and_compile_model_1_multimer_v3_pred_1": 149.81545996665955,
    "relax_model_1_multimer_v3_pred_1": 105.92316555976868,
    "process_features_model_1_multimer_v3_pred_2": 3.337860107421875e-06,
    "predict_and_compile_model_1_multimer_v3_pred_2": 181.13234210014343,
    "relax_model_1_multimer_v3_pred_2": 29.087519884109497,
    "process_features_model_1_multimer_v3_pred_3": 2.86102294921875e-06,
    "predict_and_compile_model_1_multimer_v3_pred_3": 140.75050044059753,
    "relax_model_1_multimer_v3_pred_3": 20.962151050567627,
    "process_features_model_1_multimer_v3_pred_4": 3.0994415283203125e-06,
    "predict_and_compile_model_1_multimer_v3_pred_4": 140.75208139419556,
    "relax_model_1_multimer_v3_pred_4": 22.155705213546753,
    "process_features_model_2_multimer_v3_pred_0": 3.0994415283203125e-06,
    "predict_and_compile_model_2_multimer_v3_pred_0": 256.97522354125977,
    "relax_model_2_multimer_v3_pred_0": 38.61901497840881,
    "process_features_model_2_multimer_v3_pred_1": 3.0994415283203125e-06,
    "predict_and_compile_model_2_multimer_v3_pred_1": 82.62813329696655,
    "relax_model_2_multimer_v3_pred_1": 72.72903513908386,
    "process_features_model_2_multimer_v3_pred_2": 3.0994415283203125e-06,
    "predict_and_compile_model_2_multimer_v3_pred_2": 67.18704175949097,
    "relax_model_2_multimer_v3_pred_2": 55.453819274902344,
    "process_features_model_2_multimer_v3_pred_3": 3.337860107421875e-06,
    "predict_and_compile_model_2_multimer_v3_pred_3": 47.16680121421814,
    "relax_model_2_multimer_v3_pred_3": 36.1993989944458,
    "process_features_model_2_multimer_v3_pred_4": 2.6226043701171875e-06,
    "predict_and_compile_model_2_multimer_v3_pred_4": 109.57971215248108,
    "relax_model_2_multimer_v3_pred_4": 77.98429679870605,
    "process_features_model_3_multimer_v3_pred_0": 3.0994415283203125e-06,
    "predict_and_compile_model_3_multimer_v3_pred_0": 225.2029287815094,
    "relax_model_3_multimer_v3_pred_0": 36.04891872406006,
    "process_features_model_3_multimer_v3_pred_1": 2.86102294921875e-06,
    "predict_and_compile_model_3_multimer_v3_pred_1": 60.54580760002136,
    "relax_model_3_multimer_v3_pred_1": 37.7633798122406,
    "process_features_model_3_multimer_v3_pred_2": 2.86102294921875e-06,
    "predict_and_compile_model_3_multimer_v3_pred_2": 73.93634033203125,
    "relax_model_3_multimer_v3_pred_2": 46.64316463470459,
    "process_features_model_3_multimer_v3_pred_3": 3.337860107421875e-06,
    "predict_and_compile_model_3_multimer_v3_pred_3": 47.27100992202759,
    "relax_model_3_multimer_v3_pred_3": 54.446205139160156,
    "process_features_model_3_multimer_v3_pred_4": 3.0994415283203125e-06,
    "predict_and_compile_model_3_multimer_v3_pred_4": 60.590468645095825,
    "relax_model_3_multimer_v3_pred_4": 36.56392955780029,
    "process_features_model_4_multimer_v3_pred_0": 3.0994415283203125e-06,
    "predict_and_compile_model_4_multimer_v3_pred_0": 259.44069242477417,
    "relax_model_4_multimer_v3_pred_0": 52.46523833274841,
    "process_features_model_4_multimer_v3_pred_1": 3.814697265625e-06,
    "predict_and_compile_model_4_multimer_v3_pred_1": 138.09171104431152,
    "relax_model_4_multimer_v3_pred_1": 44.569982051849365,
    "process_features_model_4_multimer_v3_pred_2": 2.86102294921875e-06,
    "predict_and_compile_model_4_multimer_v3_pred_2": 137.88695907592773,
    "relax_model_4_multimer_v3_pred_2": 21.244317293167114,
    "process_features_model_4_multimer_v3_pred_3": 2.6226043701171875e-06,
    "predict_and_compile_model_4_multimer_v3_pred_3": 105.21277284622192,
    "relax_model_4_multimer_v3_pred_3": 40.107285261154175,
    "process_features_model_4_multimer_v3_pred_4": 3.0994415283203125e-06,
    "predict_and_compile_model_4_multimer_v3_pred_4": 168.71619296073914,
    "relax_model_4_multimer_v3_pred_4": 110.08759617805481,
    "process_features_model_5_multimer_v3_pred_0": 3.337860107421875e-06,
    "predict_and_compile_model_5_multimer_v3_pred_0": 256.4817793369293,
    "relax_model_5_multimer_v3_pred_0": 21.327777862548828,
    "process_features_model_5_multimer_v3_pred_1": 3.0994415283203125e-06,
    "predict_and_compile_model_5_multimer_v3_pred_1": 131.56953144073486,
    "relax_model_5_multimer_v3_pred_1": 57.3297438621521,
    "process_features_model_5_multimer_v3_pred_2": 3.814697265625e-06,
    "predict_and_compile_model_5_multimer_v3_pred_2": 138.10803842544556,
    "relax_model_5_multimer_v3_pred_2": 63.67750930786133,
    "process_features_model_5_multimer_v3_pred_3": 3.5762786865234375e-06,
    "predict_and_compile_model_5_multimer_v3_pred_3": 138.22734665870667,
    "relax_model_5_multimer_v3_pred_3": 58.96984910964966,
    "process_features_model_5_multimer_v3_pred_4": 7.152557373046875e-06,
    "predict_and_compile_model_5_multimer_v3_pred_4": 148.58348941802979,
    "relax_model_5_multimer_v3_pred_4": 20.08603048324585
}