seed,sample,ranking_score
1,0,0.5598002124887407
1,1,0.5417337305402636
1,2,0.5434771760961256
1,3,0.5493580074541465
1,4,0.5259674976285604
