seed,sample,ranking_score
1,0,0.6788539254080379
1,1,0.7392763927330676
1,2,0.7433386619704097
1,3,0.7156462561453591
1,4,0.7061557324205571
