{
    "features": 0.2358553409576416,
    "process_features_model_1_multimer_v3_pred_0": 5.245208740234375e-06,
    "predict_and_compile_model_1_multimer_v3_pred_0": 790.1918046474457,
    "predict_benchmark_model_1_multimer_v3_pred_0": 663.1340987682343,
    "process_features_model_2_multimer_v3_pred_0": 3.5762786865234375e-06,
    "predict_and_compile_model_2_multimer_v3_pred_0": 777.4906470775604,
    "predict_benchmark_model_2_multimer_v3_pred_0": 663.2877824306488,
    "process_features_model_3_multimer_v3_pred_0": 4.291534423828125e-06,
    "predict_and_compile_model_3_multimer_v3_pred_0": 780.6196961402893,
    "predict_benchmark_model_3_multimer_v3_pred_0": 663.1939511299133,
    "process_features_model_4_multimer_v3_pred_0": 3.814697265625e-06,
    "predict_and_compile_model_4_multimer_v3_pred_0": 767.8381314277649,
    "predict_benchmark_model_4_multimer_v3_pred_0": 646.9549219608307,
    "process_features_model_5_multimer_v3_pred_0": 4.0531158447265625e-06,
    "predict_and_compile_model_5_multimer_v3_pred_0": 764.0358221530914,
    "predict_benchmark_model_5_multimer_v3_pred_0": 647.0161798000336
}