seed,sample,ranking_score
1,0,0.35255514082161726
1,1,0.34705653739038533
1,2,0.3432168579609799
1,3,0.3721039373344668
1,4,0.3631782475356279
