seed,sample,ranking_score
1,0,0.49296675350806085
1,1,0.48972881034482546
1,2,0.5104750435458233
1,3,0.4626642980392648
1,4,0.47089873487377054
