seed,sample,ranking_score
1,0,0.8045609728699221
1,1,0.7645772035731621
1,2,0.7680756991772962
1,3,0.7840691285575702
1,4,0.7787680800202907
