seed,sample,ranking_score
1,0,0.6829942143370122
1,1,0.6947308554983224
1,2,0.7274513230406601
1,3,0.6733132619226025
1,4,0.6690292522839152
