{
    "features": 0.005608320236206055,
    "process_features_model_1_multimer_v3_pred_0": 3.5762786865234375e-06,
    "predict_and_compile_model_1_multimer_v3_pred_0": 182.14848041534424,
    "relax_model_1_multimer_v3_pred_0": 22.57025718688965,
    "process_features_model_1_multimer_v3_pred_1": 3.0994415283203125e-06,
    "predict_and_compile_model_1_multimer_v3_pred_1": 100.90232372283936,
    "relax_model_1_multimer_v3_pred_1": 28.456658840179443,
    "process_features_model_1_multimer_v3_pred_2": 2.6226043701171875e-06,
    "predict_and_compile_model_1_multimer_v3_pred_2": 31.909014463424683,
    "relax_model_1_multimer_v3_pred_2": 19.389150857925415,
    "process_features_model_1_multimer_v3_pred_3": 3.337860107421875e-06,
    "predict_and_compile_model_1_multimer_v3_pred_3": 113.5843448638916,
    "relax_model_1_multimer_v3_pred_3": 34.65474581718445,
    "process_features_model_1_multimer_v3_pred_4": 2.86102294921875e-06,
    "predict_and_compile_model_1_multimer_v3_pred_4": 57.40960931777954,
    "relax_model_1_multimer_v3_pred_4": 19.150850296020508,
    "process_features_model_2_multimer_v3_pred_0": 2.86102294921875e-06,
    "predict_and_compile_model_2_multimer_v3_pred_0": 167.3428077697754,
    "relax_model_2_multimer_v3_pred_0": 20.108208417892456,
    "process_features_model_2_multimer_v3_pred_1": 2.86102294921875e-06,
    "predict_and_compile_model_2_multimer_v3_pred_1": 50.755789279937744,
    "relax_model_2_multimer_v3_pred_1": 19.755938053131104,
    "process_features_model_2_multimer_v3_pred_2": 3.0994415283203125e-06,
    "predict_and_compile_model_2_multimer_v3_pred_2": 56.98590159416199,
    "relax_model_2_multimer_v3_pred_2": 19.309587001800537,
    "process_features_model_2_multimer_v3_pred_3": 2.86102294921875e-06,
    "predict_and_compile_model_2_multimer_v3_pred_3": 56.84146332740784,
    "relax_model_2_multimer_v3_pred_3": 19.79706859588623,
    "process_features_model_2_multimer_v3_pred_4": 3.337860107421875e-06,
    "predict_and_compile_model_2_multimer_v3_pred_4": 38.27292728424072,
    "relax_model_2_multimer_v3_pred_4": 33.5999698638916,
    "process_features_model_3_multimer_v3_pred_0": 2.6226043701171875e-06,
    "predict_and_compile_model_3_multimer_v3_pred_0": 188.38082933425903,
    "relax_model_3_multimer_v3_pred_0": 20.317890882492065,
    "process_features_model_3_multimer_v3_pred_1": 2.6226043701171875e-06,
    "predict_and_compile_model_3_multimer_v3_pred_1": 63.40478181838989,
    "relax_model_3_multimer_v3_pred_1": 19.849093437194824,
    "process_features_model_3_multimer_v3_pred_2": 2.86102294921875e-06,
    "predict_and_compile_model_3_multimer_v3_pred_2": 88.5273826122284,
    "relax_model_3_multimer_v3_pred_2": 35.18399119377136,
    "process_features_model_3_multimer_v3_pred_3": 2.86102294921875e-06,
    "predict_and_compile_model_3_multimer_v3_pred_3": 57.01767683029175,
    "relax_model_3_multimer_v3_pred_3": 20.2050142288208,
    "process_features_model_3_multimer_v3_pred_4": 2.86102294921875e-06,
    "predict_and_compile_model_3_multimer_v3_pred_4": 57.0195152759552,
    "relax_model_3_multimer_v3_pred_4": 26.803651809692383,
    "process_features_model_4_multimer_v3_pred_0": 2.6226043701171875e-06,
    "predict_and_compile_model_4_multimer_v3_pred_0": 171.32325434684753,
    "relax_model_4_multimer_v3_pred_0": 20.07841420173645,
    "process_features_model_4_multimer_v3_pred_1": 3.337860107421875e-06,
    "predict_and_compile_model_4_multimer_v3_pred_1": 43.438825845718384,
    "relax_model_4_multimer_v3_pred_1": 20.595722675323486,
    "process_features_model_4_multimer_v3_pred_2": 3.337860107421875e-06,
    "predict_and_compile_model_4_multimer_v3_pred_2": 43.47516965866089,
    "relax_model_4_multimer_v3_pred_2": 20.25240468978882,
    "process_features_model_4_multimer_v3_pred_3": 3.337860107421875e-06,
    "predict_and_compile_model_4_multimer_v3_pred_3": 104.97473430633545,
    "relax_model_4_multimer_v3_pred_3": 26.904518365859985,
    "process_features_model_4_multimer_v3_pred_4": 2.86102294921875e-06,
    "predict_and_compile_model_4_multimer_v3_pred_4": 129.1877954006195,
    "relax_model_4_multimer_v3_pred_4": 27.697408199310303,
    "process_features_model_5_multimer_v3_pred_0": 4.291534423828125e-06,
    "predict_and_compile_model_5_multimer_v3_pred_0": 248.61441683769226,
    "relax_model_5_multimer_v3_pred_0": 21.106865406036377,
    "process_features_model_5_multimer_v3_pred_1": 3.0994415283203125e-06,
    "predict_and_compile_model_5_multimer_v3_pred_1": 129.4504861831665,
    "relax_model_5_multimer_v3_pred_1": 19.446183681488037,
    "process_features_model_5_multimer_v3_pred_2": 3.814697265625e-06,
    "predict_and_compile_model_5_multimer_v3_pred_2": 129.63172578811646,
    "relax_model_5_multimer_v3_pred_2": 34.340216875076294,
    "process_features_model_5_multimer_v3_pred_3": 3.337860107421875e-06,
    "predict_and_compile_model_5_multimer_v3_pred_3": 116.88837027549744,
    "relax_model_5_multimer_v3_pred_3": 20.715073823928833,
    "process_features_model_5_multimer_v3_pred_4": 3.0994415283203125e-06,
    "predict_and_compile_model_5_multimer_v3_pred_4": 129.1471061706543,
    "relax_model_5_multimer_v3_pred_4": 28.208176851272583
}