seed,sample,ranking_score
1,0,0.7622931252384658
1,1,0.7831975616330931
1,2,0.7943196759005005
1,3,0.8214894080198019
1,4,0.7401016622954666
