seed,sample,ranking_score
1,0,0.9952853578206451
1,1,0.9900553610557407
1,2,0.9983960728859579
1,3,1.0016806362429382
1,4,0.997013692884997
