seed,sample,ranking_score
1,0,0.5195429817916962
1,1,0.5121969488763123
1,2,0.5341477381863866
1,3,0.5254524693249524
1,4,0.5210668112957697
