seed,sample,ranking_score
1,0,0.7460823147315998
1,1,0.71315517463306
1,2,0.7156096289366284
1,3,0.7312735737283823
1,4,0.7590076942762676
