seed,sample,ranking_score
1,0,0.5137603113488934
1,1,0.5340888594369497
1,2,0.5097069110098198
1,3,0.5069629868250823
1,4,0.4446488194722522
