seed,sample,ranking_score
4,0,0.6352530132664881
4,1,0.6258010779842075
4,2,0.6586955023651057
4,3,0.6375379608557186
4,4,0.63772448729384
