seed,sample,ranking_score
1,0,0.24209154892411214
1,1,0.2662967458634865
1,2,0.29128086107745693
1,3,0.2258141718332064
1,4,0.22643021352044784
