seed,sample,ranking_score
1,0,0.5077970057910308
1,1,0.4833742057594994
1,2,0.44682458939058123
1,3,0.5153617362225119
1,4,0.4895249981895792
