seed,sample,ranking_score
1,0,0.7391252339147958
1,1,0.7463649299106764
1,2,0.7435798609114775
1,3,0.7367342775320647
1,4,0.7239140483222515
