seed,sample,ranking_score
1,0,0.9775252496365602
1,1,0.9765120433284298
1,2,0.9692758719040713
1,3,0.9611599885826599
1,4,0.9775025836241451
