seed,sample,ranking_score
3,0,0.8734413275912838
3,1,0.8752156705586464
3,2,0.8697576586817783
3,3,0.8680019358973765
3,4,0.870174638674179
