seed,sample,ranking_score
1,0,0.8845080328847247
1,1,0.8965455048264429
1,2,0.8839855322455207
1,3,0.8926700226437929
1,4,0.8815343004674822
