seed,sample,ranking_score
1,0,0.6442272453065021
1,1,0.6476054760101173
1,2,0.6590248358178488
1,3,0.6593356215144965
1,4,0.6710767220572064
