{
    "features": 0.013488292694091797,
    "process_features_model_1_multimer_v3_pred_0": 3.814697265625e-06,
    "predict_and_compile_model_1_multimer_v3_pred_0": 838.3801906108856,
    "relax_model_1_multimer_v3_pred_0": 44.73938226699829,
    "process_features_model_1_multimer_v3_pred_1": 4.291534423828125e-06,
    "predict_and_compile_model_1_multimer_v3_pred_1": 659.3677542209625,
    "relax_model_1_multimer_v3_pred_1": 41.53951048851013,
    "process_features_model_1_multimer_v3_pred_2": 3.5762786865234375e-06,
    "predict_and_compile_model_1_multimer_v3_pred_2": 440.925092458725,
    "relax_model_1_multimer_v3_pred_2": 44.7572557926178,
    "process_features_model_1_multimer_v3_pred_3": 5.0067901611328125e-06,
    "predict_and_compile_model_1_multimer_v3_pred_3": 439.9361193180084,
    "relax_model_1_multimer_v3_pred_3": 43.18318963050842,
    "process_features_model_1_multimer_v3_pred_4": 3.5762786865234375e-06,
    "predict_and_compile_model_1_multimer_v3_pred_4": 660.141829252243,
    "relax_model_1_multimer_v3_pred_4": 41.94572591781616,
    "process_features_model_2_multimer_v3_pred_0": 4.0531158447265625e-06,
    "predict_and_compile_model_2_multimer_v3_pred_0": 618.7196779251099,
    "relax_model_2_multimer_v3_pred_0": 45.63969087600708,
    "process_features_model_2_multimer_v3_pred_1": 4.291534423828125e-06,
    "predict_and_compile_model_2_multimer_v3_pred_1": 377.0258629322052,
    "relax_model_2_multimer_v3_pred_1": 47.80493664741516,
    "process_features_model_2_multimer_v3_pred_2": 4.0531158447265625e-06,
    "predict_and_compile_model_2_multimer_v3_pred_2": 408.15289306640625,
    "relax_model_2_multimer_v3_pred_2": 61.91630840301514,
    "process_features_model_2_multimer_v3_pred_3": 4.5299530029296875e-06,
    "predict_and_compile_model_2_multimer_v3_pred_3": 439.87638330459595,
    "relax_model_2_multimer_v3_pred_3": 71.71557998657227,
    "process_features_model_2_multimer_v3_pred_4": 3.814697265625e-06,
    "predict_and_compile_model_2_multimer_v3_pred_4": 471.32779693603516,
    "relax_model_2_multimer_v3_pred_4": 42.010761976242065,
    "process_features_model_3_multimer_v3_pred_0": 3.814697265625e-06,
    "predict_and_compile_model_3_multimer_v3_pred_0": 634.5058059692383,
    "relax_model_3_multimer_v3_pred_0": 45.99077653884888,
    "process_features_model_3_multimer_v3_pred_1": 3.814697265625e-06,
    "predict_and_compile_model_3_multimer_v3_pred_1": 312.97294211387634,
    "relax_model_3_multimer_v3_pred_1": 42.09033274650574,
    "process_features_model_3_multimer_v3_pred_2": 4.0531158447265625e-06,
    "predict_and_compile_model_3_multimer_v3_pred_2": 659.2414364814758,
    "relax_model_3_multimer_v3_pred_2": 71.09552216529846,
    "process_features_model_3_multimer_v3_pred_3": 4.0531158447265625e-06,
    "predict_and_compile_model_3_multimer_v3_pred_3": 313.79150438308716,
    "relax_model_3_multimer_v3_pred_3": 42.24432706832886,
    "process_features_model_3_multimer_v3_pred_4": 3.5762786865234375e-06,
    "predict_and_compile_model_3_multimer_v3_pred_4": 407.68154096603394,
    "relax_model_3_multimer_v3_pred_4": 41.98178553581238,
    "process_features_model_4_multimer_v3_pred_0": 4.291534423828125e-06,
    "predict_and_compile_model_4_multimer_v3_pred_0": 814.2651991844177,
    "relax_model_4_multimer_v3_pred_0": 55.622684478759766,
    "process_features_model_4_multimer_v3_pred_1": 4.0531158447265625e-06,
    "predict_and_compile_model_4_multimer_v3_pred_1": 648.1047441959381,
    "relax_model_4_multimer_v3_pred_1": 61.222235918045044,
    "process_features_model_4_multimer_v3_pred_2": 4.0531158447265625e-06,
    "predict_and_compile_model_4_multimer_v3_pred_2": 652.0182447433472,
    "relax_model_4_multimer_v3_pred_2": 417.50799202919006,
    "process_features_model_4_multimer_v3_pred_3": 3.5762786865234375e-06,
    "predict_and_compile_model_4_multimer_v3_pred_3": 651.4239628314972,
    "relax_model_4_multimer_v3_pred_3": 59.23372554779053,
    "process_features_model_4_multimer_v3_pred_4": 3.5762786865234375e-06,
    "predict_and_compile_model_4_multimer_v3_pred_4": 650.7833788394928,
    "relax_model_4_multimer_v3_pred_4": 73.12441420555115,
    "process_features_model_5_multimer_v3_pred_0": 3.337860107421875e-06,
    "predict_and_compile_model_5_multimer_v3_pred_0": 809.2651493549347,
    "relax_model_5_multimer_v3_pred_0": 43.34817862510681,
    "process_features_model_5_multimer_v3_pred_1": 3.5762786865234375e-06,
    "predict_and_compile_model_5_multimer_v3_pred_1": 651.3841972351074,
    "relax_model_5_multimer_v3_pred_1": 39.55457401275635,
    "process_features_model_5_multimer_v3_pred_2": 3.5762786865234375e-06,
    "predict_and_compile_model_5_multimer_v3_pred_2": 651.794501543045,
    "relax_model_5_multimer_v3_pred_2": 41.166086196899414,
    "process_features_model_5_multimer_v3_pred_3": 3.814697265625e-06,
    "predict_and_compile_model_5_multimer_v3_pred_3": 651.1948623657227,
    "relax_model_5_multimer_v3_pred_3": 43.14631390571594,
    "process_features_model_5_multimer_v3_pred_4": 3.5762786865234375e-06,
    "predict_and_compile_model_5_multimer_v3_pred_4": 526.9548499584198,
    "relax_model_5_multimer_v3_pred_4": 42.50473475456238
}