seed,sample,ranking_score
5,0,0.6411062554729984
5,1,0.6434031079400027
5,2,0.6380810183993548
5,3,0.6371685161694627
5,4,0.6503715829634105
