seed,sample,ranking_score
4,0,0.9334087546525411
4,1,0.9322830674985644
4,2,0.9358445402754089
4,3,0.9349868263395826
4,4,0.9363811735850592
