seed,sample,ranking_score
1,0,0.29453335339586084
1,1,0.3553185406425733
1,2,0.373409364373459
1,3,0.3524031622256626
1,4,0.33071726649640587
