seed,sample,ranking_score
1,0,0.6896087330853835
1,1,0.6797093795158989
1,2,0.676854877074068
1,3,0.6737101127816045
1,4,0.6667636818902226
