seed,sample,ranking_score
1,0,0.43317868033853546
1,1,0.4347214789413508
1,2,0.41836834747331914
1,3,0.42567618751864544
1,4,0.4259777492070512
